solid OpenSCAD_Model
  facet normal 0.321493 -0.946912 0
    outer loop
      vertex 87.0353 0.136292 0
      vertex 87.5307 0.304489 42.4
      vertex 87.0353 0.136292 42.4
    endloop
  endfacet
  facet normal 0.321493 -0.946912 0
    outer loop
      vertex 87.5307 0.304489 42.4
      vertex 87.0353 0.136292 0
      vertex 87.5307 0.304489 0
    endloop
  endfacet
  facet normal -0.194951 0.980813 0
    outer loop
      vertex 3.47789 175.966 0
      vertex 2.96472 175.864 42.4
      vertex 3.47789 175.966 42.4
    endloop
  endfacet
  facet normal -0.194951 0.980813 0
    outer loop
      vertex 2.96472 175.864 42.4
      vertex 3.47789 175.966 0
      vertex 2.96472 175.864 0
    endloop
  endfacet
  facet normal 0.195062 -0.980791 0
    outer loop
      vertex 86.5221 0.0342255 0
      vertex 87.0353 0.136292 42.4
      vertex 86.5221 0.0342255 42.4
    endloop
  endfacet
  facet normal 0.195062 -0.980791 0
    outer loop
      vertex 87.0353 0.136292 42.4
      vertex 86.5221 0.0342255 0
      vertex 87.0353 0.136292 0
    endloop
  endfacet
  facet normal 0.947028 0.32115 0
    outer loop
      vertex 89.8637 173.035 42.4
      vertex 89.6955 173.531 0
      vertex 89.6955 173.531 42.4
    endloop
  endfacet
  facet normal 0.947028 0.32115 0
    outer loop
      vertex 89.6955 173.531 0
      vertex 89.8637 173.035 42.4
      vertex 89.8637 173.035 0
    endloop
  endfacet
  facet normal -0.997857 0.0654256 0
    outer loop
      vertex 0 172 0
      vertex 0.0342255 172.522 42.4
      vertex 0.0342255 172.522 0
    endloop
  endfacet
  facet normal -0.997857 0.0654256 0
    outer loop
      vertex 0.0342255 172.522 42.4
      vertex 0 172 0
      vertex 0 172 42.4
    endloop
  endfacet
  facet normal 0 0 1
    outer loop
      vertex 0 4 42.4
      vertex 2.39999 4 42.4
      vertex 2.39999 142 42.4
    endloop
  endfacet
  facet normal 0 -0 1
    outer loop
      vertex 0.0342255 3.47789 42.4
      vertex 2.39999 4 42.4
      vertex 0 4 42.4
    endloop
  endfacet
  facet normal 0 0 1
    outer loop
      vertex 2.39999 4 42.4
      vertex 1.56496 0.826584 42.4
      vertex 2 0.535904 42.4
    endloop
  endfacet
  facet normal 0 0 1
    outer loop
      vertex 2.39999 4 42.4
      vertex 1.17157 1.17157 42.4
      vertex 1.56496 0.826584 42.4
    endloop
  endfacet
  facet normal 0 0 1
    outer loop
      vertex 2.39999 4 42.4
      vertex 0.826584 1.56496 42.4
      vertex 1.17157 1.17157 42.4
    endloop
  endfacet
  facet normal 0 0 1
    outer loop
      vertex 2.39999 4 42.4
      vertex 0.535904 2 42.4
      vertex 0.826584 1.56496 42.4
    endloop
  endfacet
  facet normal 0 0 1
    outer loop
      vertex 2.39999 4 42.4
      vertex 0.304489 2.46927 42.4
      vertex 0.535904 2 42.4
    endloop
  endfacet
  facet normal 0 0 1
    outer loop
      vertex 2.39999 4 42.4
      vertex 0.136292 2.96472 42.4
      vertex 0.304489 2.46927 42.4
    endloop
  endfacet
  facet normal 0 0 1
    outer loop
      vertex 0 4 42.4
      vertex 2.39999 142 42.4
      vertex 0 142 42.4
    endloop
  endfacet
  facet normal 0 0 1
    outer loop
      vertex 2.39999 4 42.4
      vertex 0.0342255 3.47789 42.4
      vertex 0.136292 2.96472 42.4
    endloop
  endfacet
  facet normal 0 0 1
    outer loop
      vertex 87.6 4 42.4
      vertex 90 4 42.4
      vertex 90 142 42.4
    endloop
  endfacet
  facet normal 0 0 1
    outer loop
      vertex 90 4 42.4
      vertex 87.6 4 42.4
      vertex 89.9658 3.47789 42.4
    endloop
  endfacet
  facet normal -0 0 1
    outer loop
      vertex 87.5863 3.79115 42.4
      vertex 89.9658 3.47789 42.4
      vertex 87.6 4 42.4
    endloop
  endfacet
  facet normal 0 0 1
    outer loop
      vertex 89.9658 3.47789 42.4
      vertex 87.5863 3.79115 42.4
      vertex 89.8637 2.96472 42.4
    endloop
  endfacet
  facet normal -0 0 1
    outer loop
      vertex 87.5455 3.58589 42.4
      vertex 89.8637 2.96472 42.4
      vertex 87.5863 3.79115 42.4
    endloop
  endfacet
  facet normal 0 0 1
    outer loop
      vertex 89.8637 2.96472 42.4
      vertex 87.5455 3.58589 42.4
      vertex 89.6955 2.46927 42.4
    endloop
  endfacet
  facet normal -0 0 1
    outer loop
      vertex 87.4782 3.38771 42.4
      vertex 89.6955 2.46927 42.4
      vertex 87.5455 3.58589 42.4
    endloop
  endfacet
  facet normal 0 0 1
    outer loop
      vertex 89.6955 2.46927 42.4
      vertex 87.4782 3.38771 42.4
      vertex 89.4641 2 42.4
    endloop
  endfacet
  facet normal 0 0 1
    outer loop
      vertex 87.6 4 42.4
      vertex 90 142 42.4
      vertex 87.6 142 42.4
    endloop
  endfacet
  facet normal -0 0 1
    outer loop
      vertex 87.3856 3.2 42.4
      vertex 89.4641 2 42.4
      vertex 87.4782 3.38771 42.4
    endloop
  endfacet
  facet normal 0 0 1
    outer loop
      vertex 89.4641 2 42.4
      vertex 87.3856 3.2 42.4
      vertex 89.1734 1.56496 42.4
    endloop
  endfacet
  facet normal -0 0 1
    outer loop
      vertex 87.2694 3.02599 42.4
      vertex 89.1734 1.56496 42.4
      vertex 87.3856 3.2 42.4
    endloop
  endfacet
  facet normal 0 0 1
    outer loop
      vertex 89.1734 1.56496 42.4
      vertex 87.2694 3.02599 42.4
      vertex 88.8284 1.17157 42.4
    endloop
  endfacet
  facet normal -0 0 1
    outer loop
      vertex 87.1314 2.86862 42.4
      vertex 88.8284 1.17157 42.4
      vertex 87.2694 3.02599 42.4
    endloop
  endfacet
  facet normal 0 0 1
    outer loop
      vertex 88.8284 1.17157 42.4
      vertex 87.1314 2.86862 42.4
      vertex 88.435 0.826584 42.4
    endloop
  endfacet
  facet normal -0 0 1
    outer loop
      vertex 86.974 2.73064 42.4
      vertex 88.435 0.826584 42.4
      vertex 87.1314 2.86862 42.4
    endloop
  endfacet
  facet normal 0 0 1
    outer loop
      vertex 88.435 0.826584 42.4
      vertex 86.974 2.73064 42.4
      vertex 88 0.535904 42.4
    endloop
  endfacet
  facet normal -0 0 1
    outer loop
      vertex 86.8 2.61436 42.4
      vertex 88 0.535904 42.4
      vertex 86.974 2.73064 42.4
    endloop
  endfacet
  facet normal 0 0 1
    outer loop
      vertex 88 0.535904 42.4
      vertex 86.8 2.61436 42.4
      vertex 87.5307 0.304489 42.4
    endloop
  endfacet
  facet normal -0 0 1
    outer loop
      vertex 86.6123 2.52179 42.4
      vertex 87.5307 0.304489 42.4
      vertex 86.8 2.61436 42.4
    endloop
  endfacet
  facet normal 0 0 1
    outer loop
      vertex 87.5307 0.304489 42.4
      vertex 86.6123 2.52179 42.4
      vertex 87.0353 0.136292 42.4
    endloop
  endfacet
  facet normal -0 0 1
    outer loop
      vertex 86.4141 2.45451 42.4
      vertex 87.0353 0.136292 42.4
      vertex 86.6123 2.52179 42.4
    endloop
  endfacet
  facet normal 0 0 1
    outer loop
      vertex 87.0353 0.136292 42.4
      vertex 86.4141 2.45451 42.4
      vertex 86.5221 0.0342255 42.4
    endloop
  endfacet
  facet normal -0 0 1
    outer loop
      vertex 86.2088 2.41368 42.4
      vertex 86.5221 0.0342255 42.4
      vertex 86.4141 2.45451 42.4
    endloop
  endfacet
  facet normal -0 0 1
    outer loop
      vertex 86 2.39999 42.4
      vertex 86.5221 0.0342255 42.4
      vertex 86.2088 2.41368 42.4
    endloop
  endfacet
  facet normal 0 0 1
    outer loop
      vertex 86 2.39999 42.4
      vertex 86 0 42.4
      vertex 86.5221 0.0342255 42.4
    endloop
  endfacet
  facet normal -0 0 1
    outer loop
      vertex 4 2.39999 42.4
      vertex 86 0 42.4
      vertex 86 2.39999 42.4
    endloop
  endfacet
  facet normal 0 0 1
    outer loop
      vertex 4 2.39999 42.4
      vertex 4 0 42.4
      vertex 86 0 42.4
    endloop
  endfacet
  facet normal 0 0 1
    outer loop
      vertex 3.79115 2.41368 42.4
      vertex 4 0 42.4
      vertex 4 2.39999 42.4
    endloop
  endfacet
  facet normal 0 0 1
    outer loop
      vertex 3.47789 0.0342255 42.4
      vertex 3.79115 2.41368 42.4
      vertex 3.58589 2.45451 42.4
    endloop
  endfacet
  facet normal 0 0 1
    outer loop
      vertex 3.79115 2.41368 42.4
      vertex 3.47789 0.0342255 42.4
      vertex 4 0 42.4
    endloop
  endfacet
  facet normal 0 0 1
    outer loop
      vertex 2.96472 0.136292 42.4
      vertex 3.58589 2.45451 42.4
      vertex 3.38771 2.52179 42.4
    endloop
  endfacet
  facet normal 0 0 1
    outer loop
      vertex 2.46927 0.304489 42.4
      vertex 3.38771 2.52179 42.4
      vertex 3.2 2.61436 42.4
    endloop
  endfacet
  facet normal 0 0 1
    outer loop
      vertex 2 0.535904 42.4
      vertex 3.2 2.61436 42.4
      vertex 3.02599 2.73064 42.4
    endloop
  endfacet
  facet normal 0 0 1
    outer loop
      vertex 3.58589 2.45451 42.4
      vertex 2.96472 0.136292 42.4
      vertex 3.47789 0.0342255 42.4
    endloop
  endfacet
  facet normal 0 0 1
    outer loop
      vertex 2 0.535904 42.4
      vertex 3.02599 2.73064 42.4
      vertex 2.86862 2.86862 42.4
    endloop
  endfacet
  facet normal 0 0 1
    outer loop
      vertex 2 0.535904 42.4
      vertex 2.86862 2.86862 42.4
      vertex 2.73064 3.02599 42.4
    endloop
  endfacet
  facet normal 0 0 1
    outer loop
      vertex 2 0.535904 42.4
      vertex 2.73064 3.02599 42.4
      vertex 2.61436 3.2 42.4
    endloop
  endfacet
  facet normal 0 0 1
    outer loop
      vertex 2 0.535904 42.4
      vertex 2.61436 3.2 42.4
      vertex 2.52179 3.38771 42.4
    endloop
  endfacet
  facet normal 0 0 1
    outer loop
      vertex 3.38771 2.52179 42.4
      vertex 2.46927 0.304489 42.4
      vertex 2.96472 0.136292 42.4
    endloop
  endfacet
  facet normal 0 0 1
    outer loop
      vertex 2 0.535904 42.4
      vertex 2.52179 3.38771 42.4
      vertex 2.45451 3.58589 42.4
    endloop
  endfacet
  facet normal 0 0 1
    outer loop
      vertex 2 0.535904 42.4
      vertex 2.45451 3.58589 42.4
      vertex 2.41368 3.79115 42.4
    endloop
  endfacet
  facet normal 0 0 1
    outer loop
      vertex 2 0.535904 42.4
      vertex 2.41368 3.79115 42.4
      vertex 2.39999 4 42.4
    endloop
  endfacet
  facet normal 0 0 1
    outer loop
      vertex 3.2 2.61436 42.4
      vertex 2 0.535904 42.4
      vertex 2.46927 0.304489 42.4
    endloop
  endfacet
  facet normal 0 0 1
    outer loop
      vertex 89.9658 172.522 42.4
      vertex 87.5863 172.209 42.4
      vertex 87.6 172 42.4
    endloop
  endfacet
  facet normal 0 0 1
    outer loop
      vertex 88.435 175.173 42.4
      vertex 87.5455 172.414 42.4
      vertex 87.5863 172.209 42.4
    endloop
  endfacet
  facet normal 0 0 1
    outer loop
      vertex 86.8 173.386 42.4
      vertex 88 175.464 42.4
      vertex 87.5307 175.696 42.4
    endloop
  endfacet
  facet normal 0 0 1
    outer loop
      vertex 88.435 175.173 42.4
      vertex 87.4782 172.612 42.4
      vertex 87.5455 172.414 42.4
    endloop
  endfacet
  facet normal 0 0 1
    outer loop
      vertex 88.435 175.173 42.4
      vertex 87.3856 172.8 42.4
      vertex 87.4782 172.612 42.4
    endloop
  endfacet
  facet normal 0 0 1
    outer loop
      vertex 88.435 175.173 42.4
      vertex 87.2694 172.974 42.4
      vertex 87.3856 172.8 42.4
    endloop
  endfacet
  facet normal 0 0 1
    outer loop
      vertex 88.435 175.173 42.4
      vertex 87.1314 173.131 42.4
      vertex 87.2694 172.974 42.4
    endloop
  endfacet
  facet normal 0 0 1
    outer loop
      vertex 86.6123 173.478 42.4
      vertex 87.5307 175.696 42.4
      vertex 87.0353 175.864 42.4
    endloop
  endfacet
  facet normal 0 0 1
    outer loop
      vertex 88.435 175.173 42.4
      vertex 86.974 173.269 42.4
      vertex 87.1314 173.131 42.4
    endloop
  endfacet
  facet normal 0 0 1
    outer loop
      vertex 88 175.464 42.4
      vertex 86.8 173.386 42.4
      vertex 86.974 173.269 42.4
    endloop
  endfacet
  facet normal 0 0 1
    outer loop
      vertex 87.5307 175.696 42.4
      vertex 86.6123 173.478 42.4
      vertex 86.8 173.386 42.4
    endloop
  endfacet
  facet normal 0 0 1
    outer loop
      vertex 86.4141 173.545 42.4
      vertex 87.0353 175.864 42.4
      vertex 86.5221 175.966 42.4
    endloop
  endfacet
  facet normal 0 0 1
    outer loop
      vertex 87.0353 175.864 42.4
      vertex 86.4141 173.545 42.4
      vertex 86.6123 173.478 42.4
    endloop
  endfacet
  facet normal 0 0 1
    outer loop
      vertex 86.5221 175.966 42.4
      vertex 86.2088 173.586 42.4
      vertex 86.4141 173.545 42.4
    endloop
  endfacet
  facet normal 0 0 1
    outer loop
      vertex 86 176 42.4
      vertex 86.2088 173.586 42.4
      vertex 86.5221 175.966 42.4
    endloop
  endfacet
  facet normal 0 0 1
    outer loop
      vertex 86 176 42.4
      vertex 86 173.6 42.4
      vertex 86.2088 173.586 42.4
    endloop
  endfacet
  facet normal -0 0 1
    outer loop
      vertex 4 176 42.4
      vertex 86 173.6 42.4
      vertex 86 176 42.4
    endloop
  endfacet
  facet normal 0 0 1
    outer loop
      vertex 4 176 42.4
      vertex 4 173.6 42.4
      vertex 86 173.6 42.4
    endloop
  endfacet
  facet normal 0 0 1
    outer loop
      vertex 4 176 42.4
      vertex 3.79115 173.586 42.4
      vertex 4 173.6 42.4
    endloop
  endfacet
  facet normal -0 0 1
    outer loop
      vertex 3.47789 175.966 42.4
      vertex 3.79115 173.586 42.4
      vertex 4 176 42.4
    endloop
  endfacet
  facet normal 0 0 1
    outer loop
      vertex 3.79115 173.586 42.4
      vertex 3.47789 175.966 42.4
      vertex 3.58589 173.545 42.4
    endloop
  endfacet
  facet normal -0 0 1
    outer loop
      vertex 2.96472 175.864 42.4
      vertex 3.58589 173.545 42.4
      vertex 3.47789 175.966 42.4
    endloop
  endfacet
  facet normal 0 0 1
    outer loop
      vertex 3.58589 173.545 42.4
      vertex 2.96472 175.864 42.4
      vertex 3.38771 173.478 42.4
    endloop
  endfacet
  facet normal -0 0 1
    outer loop
      vertex 2.46927 175.696 42.4
      vertex 3.38771 173.478 42.4
      vertex 2.96472 175.864 42.4
    endloop
  endfacet
  facet normal 0 0 1
    outer loop
      vertex 3.38771 173.478 42.4
      vertex 2.46927 175.696 42.4
      vertex 3.2 173.386 42.4
    endloop
  endfacet
  facet normal -0 0 1
    outer loop
      vertex 2 175.464 42.4
      vertex 3.2 173.386 42.4
      vertex 2.46927 175.696 42.4
    endloop
  endfacet
  facet normal 0 0 1
    outer loop
      vertex 3.2 173.386 42.4
      vertex 2 175.464 42.4
      vertex 3.02599 173.269 42.4
    endloop
  endfacet
  facet normal -0 0 1
    outer loop
      vertex 1.56496 175.173 42.4
      vertex 3.02599 173.269 42.4
      vertex 2 175.464 42.4
    endloop
  endfacet
  facet normal 0 0 1
    outer loop
      vertex 3.02599 173.269 42.4
      vertex 1.56496 175.173 42.4
      vertex 2.86862 173.131 42.4
    endloop
  endfacet
  facet normal -0 0 1
    outer loop
      vertex 1.17157 174.828 42.4
      vertex 2.86862 173.131 42.4
      vertex 1.56496 175.173 42.4
    endloop
  endfacet
  facet normal 0 0 1
    outer loop
      vertex 2.86862 173.131 42.4
      vertex 1.17157 174.828 42.4
      vertex 2.73064 172.974 42.4
    endloop
  endfacet
  facet normal -0 0 1
    outer loop
      vertex 0.826584 174.435 42.4
      vertex 2.73064 172.974 42.4
      vertex 1.17157 174.828 42.4
    endloop
  endfacet
  facet normal 0 0 1
    outer loop
      vertex 2.73064 172.974 42.4
      vertex 0.826584 174.435 42.4
      vertex 2.61436 172.8 42.4
    endloop
  endfacet
  facet normal -0 0 1
    outer loop
      vertex 0.535904 174 42.4
      vertex 2.61436 172.8 42.4
      vertex 0.826584 174.435 42.4
    endloop
  endfacet
  facet normal 0 0 1
    outer loop
      vertex 2.61436 172.8 42.4
      vertex 0.535904 174 42.4
      vertex 2.52179 172.612 42.4
    endloop
  endfacet
  facet normal -0 0 1
    outer loop
      vertex 0.304489 173.531 42.4
      vertex 2.52179 172.612 42.4
      vertex 0.535904 174 42.4
    endloop
  endfacet
  facet normal 0 0 1
    outer loop
      vertex 2.52179 172.612 42.4
      vertex 0.304489 173.531 42.4
      vertex 2.45451 172.414 42.4
    endloop
  endfacet
  facet normal -0 0 1
    outer loop
      vertex 0.136292 173.035 42.4
      vertex 2.45451 172.414 42.4
      vertex 0.304489 173.531 42.4
    endloop
  endfacet
  facet normal 0 0 1
    outer loop
      vertex 2.45451 172.414 42.4
      vertex 0.136292 173.035 42.4
      vertex 2.41368 172.209 42.4
    endloop
  endfacet
  facet normal -0 0 1
    outer loop
      vertex 0.0342255 172.522 42.4
      vertex 2.41368 172.209 42.4
      vertex 0.136292 173.035 42.4
    endloop
  endfacet
  facet normal 0 0 1
    outer loop
      vertex 2.41368 172.209 42.4
      vertex 0.0342255 172.522 42.4
      vertex 2.39999 172 42.4
    endloop
  endfacet
  facet normal 0 0 1
    outer loop
      vertex 2.39999 172 42.4
      vertex 0.0342255 172.522 42.4
      vertex 0 172 42.4
    endloop
  endfacet
  facet normal 0 0 1
    outer loop
      vertex 2.39999 172 42.4
      vertex 0 172 42.4
      vertex 2.39999 148 42.4
    endloop
  endfacet
  facet normal 0 0 1
    outer loop
      vertex 2.39999 148 42.4
      vertex 0 172 42.4
      vertex 0 148 42.4
    endloop
  endfacet
  facet normal 0 0 1
    outer loop
      vertex 87.6 172 42.4
      vertex 90 172 42.4
      vertex 89.9658 172.522 42.4
    endloop
  endfacet
  facet normal 0 0 1
    outer loop
      vertex 87.5863 172.209 42.4
      vertex 89.9658 172.522 42.4
      vertex 89.8637 173.035 42.4
    endloop
  endfacet
  facet normal 0 0 1
    outer loop
      vertex 87.5863 172.209 42.4
      vertex 89.8637 173.035 42.4
      vertex 89.6955 173.531 42.4
    endloop
  endfacet
  facet normal 0 0 1
    outer loop
      vertex 87.5863 172.209 42.4
      vertex 89.6955 173.531 42.4
      vertex 89.4641 174 42.4
    endloop
  endfacet
  facet normal 0 0 1
    outer loop
      vertex 87.5863 172.209 42.4
      vertex 89.4641 174 42.4
      vertex 89.1734 174.435 42.4
    endloop
  endfacet
  facet normal 0 0 1
    outer loop
      vertex 87.5863 172.209 42.4
      vertex 89.1734 174.435 42.4
      vertex 88.8284 174.828 42.4
    endloop
  endfacet
  facet normal 0 0 1
    outer loop
      vertex 87.5863 172.209 42.4
      vertex 88.8284 174.828 42.4
      vertex 88.435 175.173 42.4
    endloop
  endfacet
  facet normal 0 0 1
    outer loop
      vertex 86.974 173.269 42.4
      vertex 88.435 175.173 42.4
      vertex 88 175.464 42.4
    endloop
  endfacet
  facet normal 0 0 1
    outer loop
      vertex 90 172 42.4
      vertex 87.6 172 42.4
      vertex 90 148 42.4
    endloop
  endfacet
  facet normal 0 0 1
    outer loop
      vertex 90 148 42.4
      vertex 87.6 172 42.4
      vertex 87.6 148 42.4
    endloop
  endfacet
  facet normal -1 0 0
    outer loop
      vertex 0 147.121 38.2787
      vertex 0 172 42.4
      vertex 0 172 0
    endloop
  endfacet
  facet normal -1 0 0
    outer loop
      vertex 0 172 42.4
      vertex 0 147.974 40.0084
      vertex 0 148 40.4
    endloop
  endfacet
  facet normal -1 0 0
    outer loop
      vertex 0 172 42.4
      vertex 0 147.898 39.6235
      vertex 0 147.974 40.0084
    endloop
  endfacet
  facet normal -1 0 0
    outer loop
      vertex 0 172 42.4
      vertex 0 147.772 39.2519
      vertex 0 147.898 39.6235
    endloop
  endfacet
  facet normal -1 0 0
    outer loop
      vertex 0 172 42.4
      vertex 0 147.598 38.9
      vertex 0 147.772 39.2519
    endloop
  endfacet
  facet normal -1 0 0
    outer loop
      vertex 0 172 42.4
      vertex 0 147.38 38.5737
      vertex 0 147.598 38.9
    endloop
  endfacet
  facet normal -1 0 0
    outer loop
      vertex 0 172 42.4
      vertex 0 147.121 38.2787
      vertex 0 147.38 38.5737
    endloop
  endfacet
  facet normal -1 0 0
    outer loop
      vertex 0 172 0
      vertex 0 146.826 38.0199
      vertex 0 147.121 38.2787
    endloop
  endfacet
  facet normal -1 0 0
    outer loop
      vertex 0 172 0
      vertex 0 146.5 37.8019
      vertex 0 146.826 38.0199
    endloop
  endfacet
  facet normal -1 0 0
    outer loop
      vertex 0 172 0
      vertex 0 146.148 37.6284
      vertex 0 146.5 37.8019
    endloop
  endfacet
  facet normal -1 0 0
    outer loop
      vertex 0 172 0
      vertex 0 145.776 37.5022
      vertex 0 146.148 37.6284
    endloop
  endfacet
  facet normal -1 0 0
    outer loop
      vertex 0 172 0
      vertex 0 145.392 37.4257
      vertex 0 145.776 37.5022
    endloop
  endfacet
  facet normal -1 0 0
    outer loop
      vertex 0 172 0
      vertex 0 145 37.4
      vertex 0 145.392 37.4257
    endloop
  endfacet
  facet normal -1 0 0
    outer loop
      vertex 0 172 0
      vertex 0 144.608 37.4257
      vertex 0 145 37.4
    endloop
  endfacet
  facet normal -1 0 0
    outer loop
      vertex 0 172 0
      vertex 0 144.224 37.5022
      vertex 0 144.608 37.4257
    endloop
  endfacet
  facet normal -1 0 0
    outer loop
      vertex 0 172 0
      vertex 0 143.852 37.6284
      vertex 0 144.224 37.5022
    endloop
  endfacet
  facet normal -1 0 0
    outer loop
      vertex 0 172 0
      vertex 0 143.5 37.8019
      vertex 0 143.852 37.6284
    endloop
  endfacet
  facet normal -1 0 0
    outer loop
      vertex 0 172 0
      vertex 0 143.174 38.0199
      vertex 0 143.5 37.8019
    endloop
  endfacet
  facet normal -1 0 0
    outer loop
      vertex 0 4 0
      vertex 0 143.174 38.0199
      vertex 0 172 0
    endloop
  endfacet
  facet normal -1 -0 0
    outer loop
      vertex 0 143.174 38.0199
      vertex 0 4 0
      vertex 0 142.879 38.2787
    endloop
  endfacet
  facet normal -1 -0 0
    outer loop
      vertex 0 142.879 38.2787
      vertex 0 4 0
      vertex 0 142.62 38.5737
    endloop
  endfacet
  facet normal -1 0 0
    outer loop
      vertex 0 4 0
      vertex 0 142.402 38.9
      vertex 0 142.62 38.5737
    endloop
  endfacet
  facet normal -1 0 0
    outer loop
      vertex 0 4 0
      vertex 0 142.228 39.2519
      vertex 0 142.402 38.9
    endloop
  endfacet
  facet normal -1 0 0
    outer loop
      vertex 0 4 0
      vertex 0 142.102 39.6235
      vertex 0 142.228 39.2519
    endloop
  endfacet
  facet normal -1 0 0
    outer loop
      vertex 0 4 42.4
      vertex 0 142.102 39.6235
      vertex 0 4 0
    endloop
  endfacet
  facet normal -1 0 0
    outer loop
      vertex 0 142.102 39.6235
      vertex 0 4 42.4
      vertex 0 142.026 40.0084
    endloop
  endfacet
  facet normal -1 0 0
    outer loop
      vertex 0 142.026 40.0084
      vertex 0 4 42.4
      vertex 0 142 40.4
    endloop
  endfacet
  facet normal -1 0 0
    outer loop
      vertex 0 142 40.4
      vertex 0 4 42.4
      vertex 0 142 42.4
    endloop
  endfacet
  facet normal -1 -0 0
    outer loop
      vertex 0 172 42.4
      vertex 0 148 40.4
      vertex 0 148 42.4
    endloop
  endfacet
  facet normal 0 -1 0
    outer loop
      vertex 41.67 0 5.9
      vertex 57.53 0 19.9
      vertex 41.67 0 19.9
    endloop
  endfacet
  facet normal 0 -1 -0
    outer loop
      vertex 57.53 0 19.9
      vertex 41.67 0 5.9
      vertex 57.53 0 5.9
    endloop
  endfacet
  facet normal 0 -1 0
    outer loop
      vertex 41.67 0 19.9
      vertex 4 0 42.4
      vertex 25.67 0 19.9
    endloop
  endfacet
  facet normal 0 -1 0
    outer loop
      vertex 4 0 0
      vertex 25.67 0 19.9
      vertex 4 0 42.4
    endloop
  endfacet
  facet normal 0 -1 0
    outer loop
      vertex 4 0 0
      vertex 41.67 0 5.9
      vertex 25.67 0 5.9
    endloop
  endfacet
  facet normal 0 -1 0
    outer loop
      vertex 86 0 0
      vertex 41.67 0 5.9
      vertex 4 0 0
    endloop
  endfacet
  facet normal 0 -1 0
    outer loop
      vertex 41.67 0 5.9
      vertex 86 0 0
      vertex 57.53 0 5.9
    endloop
  endfacet
  facet normal 0 -1 -0
    outer loop
      vertex 25.67 0 19.9
      vertex 4 0 0
      vertex 25.67 0 5.9
    endloop
  endfacet
  facet normal 0 -1 0
    outer loop
      vertex 4 0 42.4
      vertex 41.67 0 19.9
      vertex 86 0 42.4
    endloop
  endfacet
  facet normal 0 -1 0
    outer loop
      vertex 57.53 0 19.9
      vertex 86 0 42.4
      vertex 41.67 0 19.9
    endloop
  endfacet
  facet normal 0 -1 0
    outer loop
      vertex 69.53 0 19.9
      vertex 86 0 42.4
      vertex 57.53 0 19.9
    endloop
  endfacet
  facet normal 0 -1 0
    outer loop
      vertex 86 0 0
      vertex 69.53 0 19.9
      vertex 69.53 0 5.9
    endloop
  endfacet
  facet normal 0 -1 0
    outer loop
      vertex 69.53 0 19.9
      vertex 86 0 0
      vertex 86 0 42.4
    endloop
  endfacet
  facet normal 0 -1 0
    outer loop
      vertex 57.53 0 5.9
      vertex 86 0 0
      vertex 69.53 0 5.9
    endloop
  endfacet
  facet normal 0.064984 0.997886 -0
    outer loop
      vertex 86.5221 175.966 0
      vertex 86 176 42.4
      vertex 86.5221 175.966 42.4
    endloop
  endfacet
  facet normal 0.064984 0.997886 0
    outer loop
      vertex 86 176 42.4
      vertex 86.5221 175.966 0
      vertex 86 176 0
    endloop
  endfacet
  facet normal 0 1 -0
    outer loop
      vertex 86 176 0
      vertex 4 176 42.4
      vertex 86 176 42.4
    endloop
  endfacet
  facet normal 0 1 0
    outer loop
      vertex 4 176 42.4
      vertex 86 176 0
      vertex 4 176 0
    endloop
  endfacet
  facet normal 1 0 0
    outer loop
      vertex 90 142 42.4
      vertex 90 4 42.4
      vertex 90 142 40.4
    endloop
  endfacet
  facet normal 1 0 0
    outer loop
      vertex 90 148 40.4
      vertex 90 172 42.4
      vertex 90 148 42.4
    endloop
  endfacet
  facet normal 1 0 0
    outer loop
      vertex 90 147.974 40.0084
      vertex 90 172 42.4
      vertex 90 148 40.4
    endloop
  endfacet
  facet normal 1 0 0
    outer loop
      vertex 90 147.898 39.6235
      vertex 90 172 42.4
      vertex 90 147.974 40.0084
    endloop
  endfacet
  facet normal 1 0 0
    outer loop
      vertex 90 147.772 39.2519
      vertex 90 172 42.4
      vertex 90 147.898 39.6235
    endloop
  endfacet
  facet normal 1 0 0
    outer loop
      vertex 90 147.598 38.9
      vertex 90 172 42.4
      vertex 90 147.772 39.2519
    endloop
  endfacet
  facet normal 1 0 0
    outer loop
      vertex 90 147.38 38.5737
      vertex 90 172 42.4
      vertex 90 147.598 38.9
    endloop
  endfacet
  facet normal 1 0 0
    outer loop
      vertex 90 147.121 38.2787
      vertex 90 172 42.4
      vertex 90 147.38 38.5737
    endloop
  endfacet
  facet normal 1 0 0
    outer loop
      vertex 90 172 42.4
      vertex 90 147.121 38.2787
      vertex 90 172 0
    endloop
  endfacet
  facet normal 1 -0 0
    outer loop
      vertex 90 146.826 38.0199
      vertex 90 172 0
      vertex 90 147.121 38.2787
    endloop
  endfacet
  facet normal 1 -0 0
    outer loop
      vertex 90 146.5 37.8019
      vertex 90 172 0
      vertex 90 146.826 38.0199
    endloop
  endfacet
  facet normal 1 -0 0
    outer loop
      vertex 90 146.148 37.6284
      vertex 90 172 0
      vertex 90 146.5 37.8019
    endloop
  endfacet
  facet normal 1 -0 0
    outer loop
      vertex 90 145.776 37.5022
      vertex 90 172 0
      vertex 90 146.148 37.6284
    endloop
  endfacet
  facet normal 1 -0 0
    outer loop
      vertex 90 145.392 37.4257
      vertex 90 172 0
      vertex 90 145.776 37.5022
    endloop
  endfacet
  facet normal 1 -0 0
    outer loop
      vertex 90 145 37.4
      vertex 90 172 0
      vertex 90 145.392 37.4257
    endloop
  endfacet
  facet normal 1 0 0
    outer loop
      vertex 90 144.608 37.4257
      vertex 90 172 0
      vertex 90 145 37.4
    endloop
  endfacet
  facet normal 1 0 0
    outer loop
      vertex 90 144.224 37.5022
      vertex 90 172 0
      vertex 90 144.608 37.4257
    endloop
  endfacet
  facet normal 1 0 0
    outer loop
      vertex 90 143.852 37.6284
      vertex 90 172 0
      vertex 90 144.224 37.5022
    endloop
  endfacet
  facet normal 1 0 0
    outer loop
      vertex 90 143.5 37.8019
      vertex 90 172 0
      vertex 90 143.852 37.6284
    endloop
  endfacet
  facet normal 1 0 0
    outer loop
      vertex 90 143.174 38.0199
      vertex 90 172 0
      vertex 90 143.5 37.8019
    endloop
  endfacet
  facet normal 1 0 0
    outer loop
      vertex 90 4 0
      vertex 90 143.174 38.0199
      vertex 90 142.879 38.2787
    endloop
  endfacet
  facet normal 1 0 0
    outer loop
      vertex 90 4 0
      vertex 90 142.879 38.2787
      vertex 90 142.62 38.5737
    endloop
  endfacet
  facet normal 1 0 0
    outer loop
      vertex 90 4 42.4
      vertex 90 142.026 40.0084
      vertex 90 142 40.4
    endloop
  endfacet
  facet normal 1 0 0
    outer loop
      vertex 90 4 42.4
      vertex 90 142.102 39.6235
      vertex 90 142.026 40.0084
    endloop
  endfacet
  facet normal 1 0 0
    outer loop
      vertex 90 4 0
      vertex 90 142.102 39.6235
      vertex 90 4 42.4
    endloop
  endfacet
  facet normal 1 0 0
    outer loop
      vertex 90 142.102 39.6235
      vertex 90 4 0
      vertex 90 142.228 39.2519
    endloop
  endfacet
  facet normal 1 0 0
    outer loop
      vertex 90 142.228 39.2519
      vertex 90 4 0
      vertex 90 142.402 38.9
    endloop
  endfacet
  facet normal 1 0 0
    outer loop
      vertex 90 142.402 38.9
      vertex 90 4 0
      vertex 90 142.62 38.5737
    endloop
  endfacet
  facet normal 1 0 0
    outer loop
      vertex 90 143.174 38.0199
      vertex 90 4 0
      vertex 90 172 0
    endloop
  endfacet
  facet normal -0.751523 0.659707 0
    outer loop
      vertex 0.826584 174.435 0
      vertex 1.17157 174.828 42.4
      vertex 1.17157 174.828 0
    endloop
  endfacet
  facet normal -0.751523 0.659707 0
    outer loop
      vertex 1.17157 174.828 42.4
      vertex 0.826584 174.435 0
      vertex 0.826584 174.435 42.4
    endloop
  endfacet
  facet normal 0 0 -1
    outer loop
      vertex 86 176 0
      vertex 47.082 161.726 0
      vertex 47.1 162 0
    endloop
  endfacet
  facet normal 0 0 -1
    outer loop
      vertex 47.8284 147.828 0
      vertex 47.0284 161.456 0
      vertex 47.082 161.726 0
    endloop
  endfacet
  facet normal 0 0 -1
    outer loop
      vertex 46.4849 160.515 0
      vertex 47.435 148.173 0
      vertex 47 148.464 0
    endloop
  endfacet
  facet normal 0 0 -1
    outer loop
      vertex 47.8284 147.828 0
      vertex 46.9401 161.196 0
      vertex 47.0284 161.456 0
    endloop
  endfacet
  facet normal 0 0 -1
    outer loop
      vertex 47.8284 147.828 0
      vertex 46.8187 160.95 0
      vertex 46.9401 161.196 0
    endloop
  endfacet
  facet normal 0 0 -1
    outer loop
      vertex 47.8284 147.828 0
      vertex 46.666 160.722 0
      vertex 46.8187 160.95 0
    endloop
  endfacet
  facet normal 0 0 -1
    outer loop
      vertex 46.05 160.181 0
      vertex 47 148.464 0
      vertex 46.5307 148.696 0
    endloop
  endfacet
  facet normal 0 0 -1
    outer loop
      vertex 47.435 148.173 0
      vertex 46.4849 160.515 0
      vertex 46.666 160.722 0
    endloop
  endfacet
  facet normal 0 0 -1
    outer loop
      vertex 47 148.464 0
      vertex 46.2784 160.334 0
      vertex 46.4849 160.515 0
    endloop
  endfacet
  facet normal 0 0 -1
    outer loop
      vertex 47 148.464 0
      vertex 46.05 160.181 0
      vertex 46.2784 160.334 0
    endloop
  endfacet
  facet normal 0 0 -1
    outer loop
      vertex 45.8036 160.06 0
      vertex 46.5307 148.696 0
      vertex 46.0353 148.864 0
    endloop
  endfacet
  facet normal 0 0 -1
    outer loop
      vertex 46.5307 148.696 0
      vertex 45.8036 160.06 0
      vertex 46.05 160.181 0
    endloop
  endfacet
  facet normal 0 0 -1
    outer loop
      vertex 46.0353 148.864 0
      vertex 45.5435 159.972 0
      vertex 45.8036 160.06 0
    endloop
  endfacet
  facet normal 0 0 -1
    outer loop
      vertex 45.5221 148.966 0
      vertex 45.5435 159.972 0
      vertex 46.0353 148.864 0
    endloop
  endfacet
  facet normal 0 0 -1
    outer loop
      vertex 45.5221 148.966 0
      vertex 45.2741 159.918 0
      vertex 45.5435 159.972 0
    endloop
  endfacet
  facet normal 0 0 -1
    outer loop
      vertex 45 149 0
      vertex 45.2741 159.918 0
      vertex 45.5221 148.966 0
    endloop
  endfacet
  facet normal 0 0 -1
    outer loop
      vertex 45 149 0
      vertex 45 159.9 0
      vertex 45.2741 159.918 0
    endloop
  endfacet
  facet normal 0 0 -1
    outer loop
      vertex 45 149 0
      vertex 44.7259 159.918 0
      vertex 45 159.9 0
    endloop
  endfacet
  facet normal 0 0 -1
    outer loop
      vertex 44.4779 148.966 0
      vertex 44.7259 159.918 0
      vertex 45 149 0
    endloop
  endfacet
  facet normal 0 0 -1
    outer loop
      vertex 44.4779 148.966 0
      vertex 44.4565 159.972 0
      vertex 44.7259 159.918 0
    endloop
  endfacet
  facet normal 0 0 -1
    outer loop
      vertex 43.9647 148.864 0
      vertex 44.4565 159.972 0
      vertex 44.4779 148.966 0
    endloop
  endfacet
  facet normal -0 0 -1
    outer loop
      vertex 44.4565 159.972 0
      vertex 43.9647 148.864 0
      vertex 44.1964 160.06 0
    endloop
  endfacet
  facet normal 0 0 -1
    outer loop
      vertex 43.4693 148.696 0
      vertex 44.1964 160.06 0
      vertex 43.9647 148.864 0
    endloop
  endfacet
  facet normal -0 0 -1
    outer loop
      vertex 44.1964 160.06 0
      vertex 43.4693 148.696 0
      vertex 43.95 160.181 0
    endloop
  endfacet
  facet normal 0 0 -1
    outer loop
      vertex 43 148.464 0
      vertex 43.95 160.181 0
      vertex 43.4693 148.696 0
    endloop
  endfacet
  facet normal -0 0 -1
    outer loop
      vertex 43.95 160.181 0
      vertex 43 148.464 0
      vertex 43.7216 160.334 0
    endloop
  endfacet
  facet normal -0 0 -1
    outer loop
      vertex 43.7216 160.334 0
      vertex 43 148.464 0
      vertex 43.5151 160.515 0
    endloop
  endfacet
  facet normal 0 0 -1
    outer loop
      vertex 42.565 148.173 0
      vertex 43.5151 160.515 0
      vertex 43 148.464 0
    endloop
  endfacet
  facet normal -0 0 -1
    outer loop
      vertex 43.5151 160.515 0
      vertex 42.565 148.173 0
      vertex 43.334 160.722 0
    endloop
  endfacet
  facet normal 0 0 -1
    outer loop
      vertex 42.1716 147.828 0
      vertex 43.334 160.722 0
      vertex 42.565 148.173 0
    endloop
  endfacet
  facet normal -0 0 -1
    outer loop
      vertex 43.334 160.722 0
      vertex 42.1716 147.828 0
      vertex 43.1813 160.95 0
    endloop
  endfacet
  facet normal 0 0 -1
    outer loop
      vertex 41.8266 147.435 0
      vertex 43.1813 160.95 0
      vertex 42.1716 147.828 0
    endloop
  endfacet
  facet normal -0 0 -1
    outer loop
      vertex 43.1813 160.95 0
      vertex 41.8266 147.435 0
      vertex 43.0599 161.196 0
    endloop
  endfacet
  facet normal 0 0 -1
    outer loop
      vertex 41.5359 147 0
      vertex 43.0599 161.196 0
      vertex 41.8266 147.435 0
    endloop
  endfacet
  facet normal 0 0 -1
    outer loop
      vertex 86 0 0
      vertex 90 4 0
      vertex 89.9658 3.47789 0
    endloop
  endfacet
  facet normal 0 0 -1
    outer loop
      vertex 90 4 0
      vertex 47.1 84.58 0
      vertex 90 172 0
    endloop
  endfacet
  facet normal 0 0 -1
    outer loop
      vertex 86 0 0
      vertex 89.9658 3.47789 0
      vertex 89.8637 2.96472 0
    endloop
  endfacet
  facet normal 0 0 -1
    outer loop
      vertex 47.082 84.8541 0
      vertex 90 172 0
      vertex 47.1 84.58 0
    endloop
  endfacet
  facet normal 0 0 -1
    outer loop
      vertex 86 0 0
      vertex 89.8637 2.96472 0
      vertex 89.6955 2.46927 0
    endloop
  endfacet
  facet normal 0 0 -1
    outer loop
      vertex 47.0284 85.1235 0
      vertex 90 172 0
      vertex 47.082 84.8541 0
    endloop
  endfacet
  facet normal 0 0 -1
    outer loop
      vertex 86 0 0
      vertex 89.6955 2.46927 0
      vertex 89.4641 2 0
    endloop
  endfacet
  facet normal 0 0 -1
    outer loop
      vertex 46.9401 85.3836 0
      vertex 90 172 0
      vertex 47.0284 85.1235 0
    endloop
  endfacet
  facet normal 0 0 -1
    outer loop
      vertex 86 0 0
      vertex 89.4641 2 0
      vertex 89.1734 1.56496 0
    endloop
  endfacet
  facet normal 0 0 -1
    outer loop
      vertex 46.8187 85.63 0
      vertex 90 172 0
      vertex 46.9401 85.3836 0
    endloop
  endfacet
  facet normal 0 0 -1
    outer loop
      vertex 86 0 0
      vertex 89.1734 1.56496 0
      vertex 88.8284 1.17157 0
    endloop
  endfacet
  facet normal 0 -0 -1
    outer loop
      vertex 48.6955 143.469 0
      vertex 90 172 0
      vertex 48.4641 143 0
    endloop
  endfacet
  facet normal 0 0 -1
    outer loop
      vertex 86 0 0
      vertex 88.8284 1.17157 0
      vertex 88.435 0.826584 0
    endloop
  endfacet
  facet normal 0 -0 -1
    outer loop
      vertex 48.8637 143.965 0
      vertex 90 172 0
      vertex 48.6955 143.469 0
    endloop
  endfacet
  facet normal 0 0 -1
    outer loop
      vertex 86 0 0
      vertex 88.435 0.826584 0
      vertex 88 0.535904 0
    endloop
  endfacet
  facet normal 0 -0 -1
    outer loop
      vertex 48.9658 144.478 0
      vertex 90 172 0
      vertex 48.8637 143.965 0
    endloop
  endfacet
  facet normal 0 0 -1
    outer loop
      vertex 86 0 0
      vertex 88 0.535904 0
      vertex 87.5307 0.304489 0
    endloop
  endfacet
  facet normal 0 -0 -1
    outer loop
      vertex 49 145 0
      vertex 90 172 0
      vertex 48.9658 144.478 0
    endloop
  endfacet
  facet normal 0 0 -1
    outer loop
      vertex 86 0 0
      vertex 87.5307 0.304489 0
      vertex 87.0353 0.136292 0
    endloop
  endfacet
  facet normal 0 0 -1
    outer loop
      vertex 48.9658 145.522 0
      vertex 90 172 0
      vertex 49 145 0
    endloop
  endfacet
  facet normal 0 0 -1
    outer loop
      vertex 86 0 0
      vertex 87.0353 0.136292 0
      vertex 86.5221 0.0342255 0
    endloop
  endfacet
  facet normal 0 0 -1
    outer loop
      vertex 48.8637 146.035 0
      vertex 90 172 0
      vertex 48.9658 145.522 0
    endloop
  endfacet
  facet normal -0 0 -1
    outer loop
      vertex 90 4 0
      vertex 86 0 0
      vertex 45.5435 82.5516 0
    endloop
  endfacet
  facet normal 0 0 -1
    outer loop
      vertex 48.6955 146.531 0
      vertex 90 172 0
      vertex 48.8637 146.035 0
    endloop
  endfacet
  facet normal 0 0 -1
    outer loop
      vertex 47.082 161.726 0
      vertex 90 172 0
      vertex 48.6955 146.531 0
    endloop
  endfacet
  facet normal 0 0 -1
    outer loop
      vertex 87.5307 175.696 0
      vertex 86 176 0
      vertex 87.0353 175.864 0
    endloop
  endfacet
  facet normal 0 0 -1
    outer loop
      vertex 87.0353 175.864 0
      vertex 86 176 0
      vertex 86.5221 175.966 0
    endloop
  endfacet
  facet normal 0 0 -1
    outer loop
      vertex 89.8637 173.035 0
      vertex 86 176 0
      vertex 89.6955 173.531 0
    endloop
  endfacet
  facet normal 0 0 -1
    outer loop
      vertex 89.4641 174 0
      vertex 86 176 0
      vertex 89.1734 174.435 0
    endloop
  endfacet
  facet normal 0 0 -1
    outer loop
      vertex 88 175.464 0
      vertex 86 176 0
      vertex 87.5307 175.696 0
    endloop
  endfacet
  facet normal 0 0 -1
    outer loop
      vertex 89.1734 174.435 0
      vertex 86 176 0
      vertex 88.8284 174.828 0
    endloop
  endfacet
  facet normal 0 0 -1
    outer loop
      vertex 88.435 175.173 0
      vertex 86 176 0
      vertex 88 175.464 0
    endloop
  endfacet
  facet normal 0 0 -1
    outer loop
      vertex 89.9658 172.522 0
      vertex 86 176 0
      vertex 89.8637 173.035 0
    endloop
  endfacet
  facet normal 0 0 -1
    outer loop
      vertex 90 4 0
      vertex 47.082 84.3059 0
      vertex 47.1 84.58 0
    endloop
  endfacet
  facet normal 0 0 -1
    outer loop
      vertex 90 4 0
      vertex 47.0284 84.0365 0
      vertex 47.082 84.3059 0
    endloop
  endfacet
  facet normal 0 0 -1
    outer loop
      vertex 90 4 0
      vertex 46.9401 83.7764 0
      vertex 47.0284 84.0365 0
    endloop
  endfacet
  facet normal 0 0 -1
    outer loop
      vertex 90 4 0
      vertex 46.8187 83.53 0
      vertex 46.9401 83.7764 0
    endloop
  endfacet
  facet normal 0 0 -1
    outer loop
      vertex 90 4 0
      vertex 46.666 83.3016 0
      vertex 46.8187 83.53 0
    endloop
  endfacet
  facet normal 0 0 -1
    outer loop
      vertex 90 4 0
      vertex 46.4849 83.0951 0
      vertex 46.666 83.3016 0
    endloop
  endfacet
  facet normal 0 0 -1
    outer loop
      vertex 90 4 0
      vertex 46.2784 82.914 0
      vertex 46.4849 83.0951 0
    endloop
  endfacet
  facet normal 0 0 -1
    outer loop
      vertex 90 4 0
      vertex 46.05 82.7613 0
      vertex 46.2784 82.914 0
    endloop
  endfacet
  facet normal 0 0 -1
    outer loop
      vertex 90 4 0
      vertex 45.8036 82.6399 0
      vertex 46.05 82.7613 0
    endloop
  endfacet
  facet normal 0 0 -1
    outer loop
      vertex 90 4 0
      vertex 45.5435 82.5516 0
      vertex 45.8036 82.6399 0
    endloop
  endfacet
  facet normal 0 0 -1
    outer loop
      vertex 86 0 0
      vertex 45.2741 82.498 0
      vertex 45.5435 82.5516 0
    endloop
  endfacet
  facet normal 0 0 -1
    outer loop
      vertex 86 0 0
      vertex 45 82.48 0
      vertex 45.2741 82.498 0
    endloop
  endfacet
  facet normal 0 0 -1
    outer loop
      vertex 4 0 0
      vertex 45 82.48 0
      vertex 86 0 0
    endloop
  endfacet
  facet normal -0 0 -1
    outer loop
      vertex 45 82.48 0
      vertex 4 0 0
      vertex 44.7259 82.498 0
    endloop
  endfacet
  facet normal -0 0 -1
    outer loop
      vertex 44.7259 82.498 0
      vertex 4 0 0
      vertex 44.4565 82.5516 0
    endloop
  endfacet
  facet normal 0 0 -1
    outer loop
      vertex 0 4 0
      vertex 44.4565 82.5516 0
      vertex 4 0 0
    endloop
  endfacet
  facet normal -0 0 -1
    outer loop
      vertex 44.4565 82.5516 0
      vertex 0 4 0
      vertex 44.1964 82.6399 0
    endloop
  endfacet
  facet normal -0 0 -1
    outer loop
      vertex 44.1964 82.6399 0
      vertex 0 4 0
      vertex 43.95 82.7613 0
    endloop
  endfacet
  facet normal -0 0 -1
    outer loop
      vertex 43.95 82.7613 0
      vertex 0 4 0
      vertex 43.7216 82.914 0
    endloop
  endfacet
  facet normal -0 0 -1
    outer loop
      vertex 43.7216 82.914 0
      vertex 0 4 0
      vertex 43.5151 83.0951 0
    endloop
  endfacet
  facet normal 0 0 -1
    outer loop
      vertex 43.5151 86.0649 0
      vertex 42.1716 142.172 0
      vertex 42.565 141.827 0
    endloop
  endfacet
  facet normal 0 0 -1
    outer loop
      vertex 42.918 84.8541 0
      vertex 41.8266 142.565 0
      vertex 42.1716 142.172 0
    endloop
  endfacet
  facet normal 0 0 -1
    outer loop
      vertex 42.918 84.8541 0
      vertex 41.5359 143 0
      vertex 41.8266 142.565 0
    endloop
  endfacet
  facet normal 0 0 -1
    outer loop
      vertex 42.918 84.8541 0
      vertex 0 172 0
      vertex 41.5359 143 0
    endloop
  endfacet
  facet normal 0 0 -1
    outer loop
      vertex 41.5359 143 0
      vertex 0 172 0
      vertex 41.3045 143.469 0
    endloop
  endfacet
  facet normal 0 0 -1
    outer loop
      vertex 41.3045 143.469 0
      vertex 0 172 0
      vertex 41.1363 143.965 0
    endloop
  endfacet
  facet normal 0 0 -1
    outer loop
      vertex 41.1363 143.965 0
      vertex 0 172 0
      vertex 41.0342 144.478 0
    endloop
  endfacet
  facet normal -0 0 -1
    outer loop
      vertex 42.918 84.3059 0
      vertex 0 4 0
      vertex 42.9 84.58 0
    endloop
  endfacet
  facet normal -0 0 -1
    outer loop
      vertex 42.9716 84.0365 0
      vertex 0 4 0
      vertex 42.918 84.3059 0
    endloop
  endfacet
  facet normal -0 0 -1
    outer loop
      vertex 43.0599 83.7764 0
      vertex 0 4 0
      vertex 42.9716 84.0365 0
    endloop
  endfacet
  facet normal -0 0 -1
    outer loop
      vertex 43.1813 83.53 0
      vertex 0 4 0
      vertex 43.0599 83.7764 0
    endloop
  endfacet
  facet normal -0 0 -1
    outer loop
      vertex 43.334 83.3016 0
      vertex 0 4 0
      vertex 43.1813 83.53 0
    endloop
  endfacet
  facet normal -0 0 -1
    outer loop
      vertex 43.5151 83.0951 0
      vertex 0 4 0
      vertex 43.334 83.3016 0
    endloop
  endfacet
  facet normal 0 0 -1
    outer loop
      vertex 88.8284 174.828 0
      vertex 86 176 0
      vertex 88.435 175.173 0
    endloop
  endfacet
  facet normal 0 0 -1
    outer loop
      vertex 89.6955 173.531 0
      vertex 86 176 0
      vertex 89.4641 174 0
    endloop
  endfacet
  facet normal 0 0 -1
    outer loop
      vertex 90 172 0
      vertex 86 176 0
      vertex 89.9658 172.522 0
    endloop
  endfacet
  facet normal 0 0 -1
    outer loop
      vertex 47.082 161.726 0
      vertex 48.6955 146.531 0
      vertex 48.4641 147 0
    endloop
  endfacet
  facet normal 0 0 -1
    outer loop
      vertex 47.082 161.726 0
      vertex 48.4641 147 0
      vertex 48.1734 147.435 0
    endloop
  endfacet
  facet normal 0 0 -1
    outer loop
      vertex 47.082 161.726 0
      vertex 48.1734 147.435 0
      vertex 47.8284 147.828 0
    endloop
  endfacet
  facet normal 0 0 -1
    outer loop
      vertex 46.666 160.722 0
      vertex 47.8284 147.828 0
      vertex 47.435 148.173 0
    endloop
  endfacet
  facet normal -0 0 -1
    outer loop
      vertex 90 172 0
      vertex 47.082 161.726 0
      vertex 86 176 0
    endloop
  endfacet
  facet normal 0 0 -1
    outer loop
      vertex 47.082 162.274 0
      vertex 86 176 0
      vertex 47.1 162 0
    endloop
  endfacet
  facet normal 0 0 -1
    outer loop
      vertex 47.0284 162.544 0
      vertex 86 176 0
      vertex 47.082 162.274 0
    endloop
  endfacet
  facet normal 0 0 -1
    outer loop
      vertex 46.9401 162.804 0
      vertex 86 176 0
      vertex 47.0284 162.544 0
    endloop
  endfacet
  facet normal 0 0 -1
    outer loop
      vertex 46.8187 163.05 0
      vertex 86 176 0
      vertex 46.9401 162.804 0
    endloop
  endfacet
  facet normal 0 0 -1
    outer loop
      vertex 46.666 163.278 0
      vertex 86 176 0
      vertex 46.8187 163.05 0
    endloop
  endfacet
  facet normal 0 0 -1
    outer loop
      vertex 46.4849 163.485 0
      vertex 86 176 0
      vertex 46.666 163.278 0
    endloop
  endfacet
  facet normal 0 0 -1
    outer loop
      vertex 46.2784 163.666 0
      vertex 86 176 0
      vertex 46.4849 163.485 0
    endloop
  endfacet
  facet normal 0 0 -1
    outer loop
      vertex 46.05 163.819 0
      vertex 86 176 0
      vertex 46.2784 163.666 0
    endloop
  endfacet
  facet normal 0 0 -1
    outer loop
      vertex 45.8036 163.94 0
      vertex 86 176 0
      vertex 46.05 163.819 0
    endloop
  endfacet
  facet normal 0 0 -1
    outer loop
      vertex 45.5435 164.028 0
      vertex 86 176 0
      vertex 45.8036 163.94 0
    endloop
  endfacet
  facet normal 0 0 -1
    outer loop
      vertex 45.2741 164.082 0
      vertex 86 176 0
      vertex 45.5435 164.028 0
    endloop
  endfacet
  facet normal 0 0 -1
    outer loop
      vertex 45 164.1 0
      vertex 86 176 0
      vertex 45.2741 164.082 0
    endloop
  endfacet
  facet normal 0 0 -1
    outer loop
      vertex 4 176 0
      vertex 45 164.1 0
      vertex 44.7259 164.082 0
    endloop
  endfacet
  facet normal 0 0 -1
    outer loop
      vertex 4 176 0
      vertex 44.7259 164.082 0
      vertex 44.4565 164.028 0
    endloop
  endfacet
  facet normal -0 0 -1
    outer loop
      vertex 43.0599 161.196 0
      vertex 41.5359 147 0
      vertex 42.9716 161.456 0
    endloop
  endfacet
  facet normal 0 0 -1
    outer loop
      vertex 41.3045 146.531 0
      vertex 42.9716 161.456 0
      vertex 41.5359 147 0
    endloop
  endfacet
  facet normal -0 0 -1
    outer loop
      vertex 42.9716 161.456 0
      vertex 41.3045 146.531 0
      vertex 42.918 161.726 0
    endloop
  endfacet
  facet normal 0 0 -1
    outer loop
      vertex 0 172 0
      vertex 42.918 161.726 0
      vertex 41.3045 146.531 0
    endloop
  endfacet
  facet normal 0 -0 -1
    outer loop
      vertex 4 176 0
      vertex 42.918 161.726 0
      vertex 0 172 0
    endloop
  endfacet
  facet normal 0 0 -1
    outer loop
      vertex 0 172 0
      vertex 41.3045 146.531 0
      vertex 41.1363 146.035 0
    endloop
  endfacet
  facet normal 0 0 -1
    outer loop
      vertex 0 172 0
      vertex 41.1363 146.035 0
      vertex 41.0342 145.522 0
    endloop
  endfacet
  facet normal 0 0 -1
    outer loop
      vertex 0 172 0
      vertex 42.9 84.58 0
      vertex 0 4 0
    endloop
  endfacet
  facet normal 0 0 -1
    outer loop
      vertex 41.0342 144.478 0
      vertex 0 172 0
      vertex 41 145 0
    endloop
  endfacet
  facet normal 0 0 -1
    outer loop
      vertex 41 145 0
      vertex 0 172 0
      vertex 41.0342 145.522 0
    endloop
  endfacet
  facet normal 0 0 -1
    outer loop
      vertex 45 164.1 0
      vertex 4 176 0
      vertex 86 176 0
    endloop
  endfacet
  facet normal 0 0 -1
    outer loop
      vertex 44.1964 163.94 0
      vertex 4 176 0
      vertex 44.4565 164.028 0
    endloop
  endfacet
  facet normal 0 0 -1
    outer loop
      vertex 43.95 163.819 0
      vertex 4 176 0
      vertex 44.1964 163.94 0
    endloop
  endfacet
  facet normal 0 0 -1
    outer loop
      vertex 43.7216 163.666 0
      vertex 4 176 0
      vertex 43.95 163.819 0
    endloop
  endfacet
  facet normal 0 0 -1
    outer loop
      vertex 43.5151 163.485 0
      vertex 4 176 0
      vertex 43.7216 163.666 0
    endloop
  endfacet
  facet normal 0 0 -1
    outer loop
      vertex 43.334 163.278 0
      vertex 4 176 0
      vertex 43.5151 163.485 0
    endloop
  endfacet
  facet normal 0 0 -1
    outer loop
      vertex 43.1813 163.05 0
      vertex 4 176 0
      vertex 43.334 163.278 0
    endloop
  endfacet
  facet normal 0 0 -1
    outer loop
      vertex 43.0599 162.804 0
      vertex 4 176 0
      vertex 43.1813 163.05 0
    endloop
  endfacet
  facet normal 0 0 -1
    outer loop
      vertex 42.9716 162.544 0
      vertex 4 176 0
      vertex 43.0599 162.804 0
    endloop
  endfacet
  facet normal 0 0 -1
    outer loop
      vertex 42.918 161.726 0
      vertex 4 176 0
      vertex 42.9 162 0
    endloop
  endfacet
  facet normal 0 0 -1
    outer loop
      vertex 0 4 0
      vertex 4 0 0
      vertex 3.47789 0.0342255 0
    endloop
  endfacet
  facet normal 0 0 -1
    outer loop
      vertex 42.9 162 0
      vertex 4 176 0
      vertex 42.918 162.274 0
    endloop
  endfacet
  facet normal 0 0 -1
    outer loop
      vertex 0 4 0
      vertex 3.47789 0.0342255 0
      vertex 2.96472 0.136292 0
    endloop
  endfacet
  facet normal 0 0 -1
    outer loop
      vertex 42.918 162.274 0
      vertex 4 176 0
      vertex 42.9716 162.544 0
    endloop
  endfacet
  facet normal 0 0 -1
    outer loop
      vertex 0 4 0
      vertex 2.96472 0.136292 0
      vertex 2.46927 0.304489 0
    endloop
  endfacet
  facet normal 0 0 -1
    outer loop
      vertex 4 176 0
      vertex 0 172 0
      vertex 3.47789 175.966 0
    endloop
  endfacet
  facet normal 0 0 -1
    outer loop
      vertex 0 4 0
      vertex 2.46927 0.304489 0
      vertex 2 0.535904 0
    endloop
  endfacet
  facet normal 0 0 -1
    outer loop
      vertex 3.47789 175.966 0
      vertex 0 172 0
      vertex 2.96472 175.864 0
    endloop
  endfacet
  facet normal 0 0 -1
    outer loop
      vertex 0 4 0
      vertex 2 0.535904 0
      vertex 1.56496 0.826584 0
    endloop
  endfacet
  facet normal 0 0 -1
    outer loop
      vertex 2.96472 175.864 0
      vertex 0 172 0
      vertex 2.46927 175.696 0
    endloop
  endfacet
  facet normal 0 0 -1
    outer loop
      vertex 0 4 0
      vertex 1.56496 0.826584 0
      vertex 1.17157 1.17157 0
    endloop
  endfacet
  facet normal 0 0 -1
    outer loop
      vertex 2.46927 175.696 0
      vertex 0 172 0
      vertex 2 175.464 0
    endloop
  endfacet
  facet normal 0 0 -1
    outer loop
      vertex 0 4 0
      vertex 1.17157 1.17157 0
      vertex 0.826584 1.56496 0
    endloop
  endfacet
  facet normal 0 0 -1
    outer loop
      vertex 2 175.464 0
      vertex 0 172 0
      vertex 1.56496 175.173 0
    endloop
  endfacet
  facet normal 0 0 -1
    outer loop
      vertex 0 4 0
      vertex 0.826584 1.56496 0
      vertex 0.535904 2 0
    endloop
  endfacet
  facet normal 0 0 -1
    outer loop
      vertex 1.56496 175.173 0
      vertex 0 172 0
      vertex 1.17157 174.828 0
    endloop
  endfacet
  facet normal 0 0 -1
    outer loop
      vertex 0 4 0
      vertex 0.535904 2 0
      vertex 0.304489 2.46927 0
    endloop
  endfacet
  facet normal 0 0 -1
    outer loop
      vertex 1.17157 174.828 0
      vertex 0 172 0
      vertex 0.826584 174.435 0
    endloop
  endfacet
  facet normal 0 0 -1
    outer loop
      vertex 0 4 0
      vertex 0.304489 2.46927 0
      vertex 0.136292 2.96472 0
    endloop
  endfacet
  facet normal 0 0 -1
    outer loop
      vertex 0.826584 174.435 0
      vertex 0 172 0
      vertex 0.535904 174 0
    endloop
  endfacet
  facet normal 0 0 -1
    outer loop
      vertex 0 4 0
      vertex 0.136292 2.96472 0
      vertex 0.0342255 3.47789 0
    endloop
  endfacet
  facet normal 0 0 -1
    outer loop
      vertex 0.535904 174 0
      vertex 0 172 0
      vertex 0.304489 173.531 0
    endloop
  endfacet
  facet normal 0 0 -1
    outer loop
      vertex 0.304489 173.531 0
      vertex 0 172 0
      vertex 0.136292 173.035 0
    endloop
  endfacet
  facet normal 0 0 -1
    outer loop
      vertex 0.136292 173.035 0
      vertex 0 172 0
      vertex 0.0342255 172.522 0
    endloop
  endfacet
  facet normal 0 0 -1
    outer loop
      vertex 90 172 0
      vertex 46.8187 85.63 0
      vertex 48.4641 143 0
    endloop
  endfacet
  facet normal 0 0 -1
    outer loop
      vertex 48.4641 143 0
      vertex 46.8187 85.63 0
      vertex 48.1734 142.565 0
    endloop
  endfacet
  facet normal 0 0 -1
    outer loop
      vertex 46.666 85.8584 0
      vertex 48.1734 142.565 0
      vertex 46.8187 85.63 0
    endloop
  endfacet
  facet normal 0 0 -1
    outer loop
      vertex 48.1734 142.565 0
      vertex 46.666 85.8584 0
      vertex 47.8284 142.172 0
    endloop
  endfacet
  facet normal 0 0 -1
    outer loop
      vertex 46.4849 86.0649 0
      vertex 47.8284 142.172 0
      vertex 46.666 85.8584 0
    endloop
  endfacet
  facet normal 0 0 -1
    outer loop
      vertex 47.8284 142.172 0
      vertex 46.4849 86.0649 0
      vertex 47.435 141.827 0
    endloop
  endfacet
  facet normal 0 0 -1
    outer loop
      vertex 46.2784 86.246 0
      vertex 47.435 141.827 0
      vertex 46.4849 86.0649 0
    endloop
  endfacet
  facet normal 0 0 -1
    outer loop
      vertex 47.435 141.827 0
      vertex 46.2784 86.246 0
      vertex 47 141.536 0
    endloop
  endfacet
  facet normal 0 0 -1
    outer loop
      vertex 46.05 86.3987 0
      vertex 47 141.536 0
      vertex 46.2784 86.246 0
    endloop
  endfacet
  facet normal 0 0 -1
    outer loop
      vertex 47 141.536 0
      vertex 46.05 86.3987 0
      vertex 46.5307 141.304 0
    endloop
  endfacet
  facet normal 0 0 -1
    outer loop
      vertex 45.8036 86.5201 0
      vertex 46.5307 141.304 0
      vertex 46.05 86.3987 0
    endloop
  endfacet
  facet normal 0 0 -1
    outer loop
      vertex 46.5307 141.304 0
      vertex 45.8036 86.5201 0
      vertex 46.0353 141.136 0
    endloop
  endfacet
  facet normal 0 0 -1
    outer loop
      vertex 45.5435 86.6084 0
      vertex 46.0353 141.136 0
      vertex 45.8036 86.5201 0
    endloop
  endfacet
  facet normal 0 0 -1
    outer loop
      vertex 45.5435 86.6084 0
      vertex 45.5221 141.034 0
      vertex 46.0353 141.136 0
    endloop
  endfacet
  facet normal 0 0 -1
    outer loop
      vertex 45.2741 86.662 0
      vertex 45.5221 141.034 0
      vertex 45.5435 86.6084 0
    endloop
  endfacet
  facet normal 0 0 -1
    outer loop
      vertex 45 86.68 0
      vertex 45.5221 141.034 0
      vertex 45.2741 86.662 0
    endloop
  endfacet
  facet normal 0 0 -1
    outer loop
      vertex 45 86.68 0
      vertex 45 141 0
      vertex 45.5221 141.034 0
    endloop
  endfacet
  facet normal 0 0 -1
    outer loop
      vertex 44.7259 86.662 0
      vertex 45 141 0
      vertex 45 86.68 0
    endloop
  endfacet
  facet normal 0 0 -1
    outer loop
      vertex 44.7259 86.662 0
      vertex 44.4779 141.034 0
      vertex 45 141 0
    endloop
  endfacet
  facet normal 0 0 -1
    outer loop
      vertex 44.4565 86.6084 0
      vertex 44.4779 141.034 0
      vertex 44.7259 86.662 0
    endloop
  endfacet
  facet normal 0 0 -1
    outer loop
      vertex 43.9647 141.136 0
      vertex 44.4565 86.6084 0
      vertex 44.1964 86.5201 0
    endloop
  endfacet
  facet normal 0 0 -1
    outer loop
      vertex 44.4565 86.6084 0
      vertex 43.9647 141.136 0
      vertex 44.4779 141.034 0
    endloop
  endfacet
  facet normal 0 0 -1
    outer loop
      vertex 43.4693 141.304 0
      vertex 44.1964 86.5201 0
      vertex 43.95 86.3987 0
    endloop
  endfacet
  facet normal 0 0 -1
    outer loop
      vertex 43 141.536 0
      vertex 43.95 86.3987 0
      vertex 43.7216 86.246 0
    endloop
  endfacet
  facet normal 0 0 -1
    outer loop
      vertex 42.565 141.827 0
      vertex 43.7216 86.246 0
      vertex 43.5151 86.0649 0
    endloop
  endfacet
  facet normal 0 0 -1
    outer loop
      vertex 44.1964 86.5201 0
      vertex 43.4693 141.304 0
      vertex 43.9647 141.136 0
    endloop
  endfacet
  facet normal 0 0 -1
    outer loop
      vertex 42.1716 142.172 0
      vertex 43.5151 86.0649 0
      vertex 43.334 85.8584 0
    endloop
  endfacet
  facet normal 0 0 -1
    outer loop
      vertex 42.1716 142.172 0
      vertex 43.334 85.8584 0
      vertex 43.1813 85.63 0
    endloop
  endfacet
  facet normal 0 0 -1
    outer loop
      vertex 42.1716 142.172 0
      vertex 43.1813 85.63 0
      vertex 43.0599 85.3836 0
    endloop
  endfacet
  facet normal 0 0 -1
    outer loop
      vertex 43.95 86.3987 0
      vertex 43 141.536 0
      vertex 43.4693 141.304 0
    endloop
  endfacet
  facet normal 0 0 -1
    outer loop
      vertex 42.1716 142.172 0
      vertex 43.0599 85.3836 0
      vertex 42.9716 85.1235 0
    endloop
  endfacet
  facet normal 0 0 -1
    outer loop
      vertex 42.1716 142.172 0
      vertex 42.9716 85.1235 0
      vertex 42.918 84.8541 0
    endloop
  endfacet
  facet normal 0 0 -1
    outer loop
      vertex 0 172 0
      vertex 42.918 84.8541 0
      vertex 42.9 84.58 0
    endloop
  endfacet
  facet normal 0 0 -1
    outer loop
      vertex 43.7216 86.246 0
      vertex 42.565 141.827 0
      vertex 43 141.536 0
    endloop
  endfacet
  facet normal 0.0654131 -0.997858 0
    outer loop
      vertex 86 0 0
      vertex 86.5221 0.0342255 42.4
      vertex 86 0 42.4
    endloop
  endfacet
  facet normal 0.0654131 -0.997858 0
    outer loop
      vertex 86.5221 0.0342255 42.4
      vertex 86 0 0
      vertex 86.5221 0.0342255 0
    endloop
  endfacet
  facet normal 0.659343 0.751842 -0
    outer loop
      vertex 88.8284 174.828 0
      vertex 88.435 175.173 42.4
      vertex 88.8284 174.828 42.4
    endloop
  endfacet
  facet normal 0.659343 0.751842 0
    outer loop
      vertex 88.435 175.173 42.4
      vertex 88.8284 174.828 0
      vertex 88.435 175.173 0
    endloop
  endfacet
  facet normal -0.0649827 0.997886 0
    outer loop
      vertex 4 176 0
      vertex 3.47789 175.966 42.4
      vertex 4 176 42.4
    endloop
  endfacet
  facet normal -0.0649827 0.997886 0
    outer loop
      vertex 3.47789 175.966 42.4
      vertex 4 176 0
      vertex 3.47789 175.966 0
    endloop
  endfacet
  facet normal -0.555987 0.831191 0
    outer loop
      vertex 2 175.464 0
      vertex 1.56496 175.173 42.4
      vertex 2 175.464 42.4
    endloop
  endfacet
  facet normal -0.555987 0.831191 0
    outer loop
      vertex 1.56496 175.173 42.4
      vertex 2 175.464 0
      vertex 1.56496 175.173 0
    endloop
  endfacet
  facet normal -0.659353 0.751834 0
    outer loop
      vertex 1.56496 175.173 0
      vertex 1.17157 174.828 42.4
      vertex 1.56496 175.173 42.4
    endloop
  endfacet
  facet normal -0.659353 0.751834 0
    outer loop
      vertex 1.17157 174.828 42.4
      vertex 1.56496 175.173 0
      vertex 1.17157 174.828 0
    endloop
  endfacet
  facet normal -0.94703 0.321144 0
    outer loop
      vertex 0.136292 173.035 0
      vertex 0.304489 173.531 42.4
      vertex 0.304489 173.531 0
    endloop
  endfacet
  facet normal -0.94703 0.321144 0
    outer loop
      vertex 0.304489 173.531 42.4
      vertex 0.136292 173.035 0
      vertex 0.136292 173.035 42.4
    endloop
  endfacet
  facet normal -0.980776 0.195135 0
    outer loop
      vertex 0.0342255 172.522 0
      vertex 0.136292 173.035 42.4
      vertex 0.136292 173.035 0
    endloop
  endfacet
  facet normal -0.980776 0.195135 0
    outer loop
      vertex 0.136292 173.035 42.4
      vertex 0.0342255 172.522 0
      vertex 0.0342255 172.522 42.4
    endloop
  endfacet
  facet normal -0.83145 0.5556 0
    outer loop
      vertex 0.535904 174 0
      vertex 0.826584 174.435 42.4
      vertex 0.826584 174.435 0
    endloop
  endfacet
  facet normal -0.83145 0.5556 0
    outer loop
      vertex 0.826584 174.435 42.4
      vertex 0.535904 174 0
      vertex 0.535904 174 42.4
    endloop
  endfacet
  facet normal -0.997858 -0.0654119 0
    outer loop
      vertex 0.0342255 3.47789 0
      vertex 0 4 42.4
      vertex 0 4 0
    endloop
  endfacet
  facet normal -0.997858 -0.0654119 0
    outer loop
      vertex 0 4 42.4
      vertex 0.0342255 3.47789 0
      vertex 0.0342255 3.47789 42.4
    endloop
  endfacet
  facet normal -0.946922 -0.321464 0
    outer loop
      vertex 0.304489 2.46927 0
      vertex 0.136292 2.96472 42.4
      vertex 0.136292 2.96472 0
    endloop
  endfacet
  facet normal -0.946922 -0.321464 0
    outer loop
      vertex 0.136292 2.96472 42.4
      vertex 0.304489 2.46927 0
      vertex 0.304489 2.46927 42.4
    endloop
  endfacet
  facet normal -0.896875 -0.442284 0
    outer loop
      vertex 0.535904 2 0
      vertex 0.304489 2.46927 42.4
      vertex 0.304489 2.46927 0
    endloop
  endfacet
  facet normal -0.896875 -0.442284 0
    outer loop
      vertex 0.304489 2.46927 42.4
      vertex 0.535904 2 0
      vertex 0.535904 2 42.4
    endloop
  endfacet
  facet normal -0.751847 -0.659337 0
    outer loop
      vertex 1.17157 1.17157 0
      vertex 0.826584 1.56496 42.4
      vertex 0.826584 1.56496 0
    endloop
  endfacet
  facet normal -0.751847 -0.659337 0
    outer loop
      vertex 0.826584 1.56496 42.4
      vertex 1.17157 1.17157 0
      vertex 1.17157 1.17157 42.4
    endloop
  endfacet
  facet normal -0.195073 -0.980789 0
    outer loop
      vertex 2.96472 0.136292 0
      vertex 3.47789 0.0342255 42.4
      vertex 2.96472 0.136292 42.4
    endloop
  endfacet
  facet normal -0.195073 -0.980789 -0
    outer loop
      vertex 3.47789 0.0342255 42.4
      vertex 2.96472 0.136292 0
      vertex 3.47789 0.0342255 0
    endloop
  endfacet
  facet normal -0.555564 -0.831474 0
    outer loop
      vertex 1.56496 0.826584 0
      vertex 2 0.535904 42.4
      vertex 1.56496 0.826584 42.4
    endloop
  endfacet
  facet normal -0.555564 -0.831474 -0
    outer loop
      vertex 2 0.535904 42.4
      vertex 1.56496 0.826584 0
      vertex 2 0.535904 0
    endloop
  endfacet
  facet normal 0.831432 0.555626 0
    outer loop
      vertex 89.4641 174 42.4
      vertex 89.1734 174.435 0
      vertex 89.1734 174.435 42.4
    endloop
  endfacet
  facet normal 0.831432 0.555626 0
    outer loop
      vertex 89.1734 174.435 0
      vertex 89.4641 174 42.4
      vertex 89.4641 174 0
    endloop
  endfacet
  facet normal 0.896786 0.442465 0
    outer loop
      vertex 89.6955 173.531 42.4
      vertex 89.4641 174 0
      vertex 89.4641 174 42.4
    endloop
  endfacet
  facet normal 0.896786 0.442465 0
    outer loop
      vertex 89.4641 174 0
      vertex 89.6955 173.531 42.4
      vertex 89.6955 173.531 0
    endloop
  endfacet
  facet normal 0.75151 0.659722 0
    outer loop
      vertex 89.1734 174.435 42.4
      vertex 88.8284 174.828 0
      vertex 88.8284 174.828 42.4
    endloop
  endfacet
  facet normal 0.75151 0.659722 0
    outer loop
      vertex 88.8284 174.828 0
      vertex 89.1734 174.435 42.4
      vertex 89.1734 174.435 0
    endloop
  endfacet
  facet normal 0.321156 0.947026 -0
    outer loop
      vertex 87.5307 175.696 0
      vertex 87.0353 175.864 42.4
      vertex 87.5307 175.696 42.4
    endloop
  endfacet
  facet normal 0.321156 0.947026 0
    outer loop
      vertex 87.0353 175.864 42.4
      vertex 87.5307 175.696 0
      vertex 87.0353 175.864 0
    endloop
  endfacet
  facet normal 0.19494 0.980815 -0
    outer loop
      vertex 87.0353 175.864 0
      vertex 86.5221 175.966 42.4
      vertex 87.0353 175.864 42.4
    endloop
  endfacet
  facet normal 0.19494 0.980815 0
    outer loop
      vertex 86.5221 175.966 42.4
      vertex 87.0353 175.864 0
      vertex 86.5221 175.966 0
    endloop
  endfacet
  facet normal 0.556022 0.831167 -0
    outer loop
      vertex 88.435 175.173 0
      vertex 88 175.464 42.4
      vertex 88.435 175.173 42.4
    endloop
  endfacet
  facet normal 0.556022 0.831167 0
    outer loop
      vertex 88 175.464 42.4
      vertex 88.435 175.173 0
      vertex 88 175.464 0
    endloop
  endfacet
  facet normal 0.997861 0.0653771 0
    outer loop
      vertex 90 172 42.4
      vertex 89.9658 172.522 0
      vertex 89.9658 172.522 42.4
    endloop
  endfacet
  facet normal 0.997861 0.0653771 0
    outer loop
      vertex 89.9658 172.522 0
      vertex 90 172 42.4
      vertex 90 172 0
    endloop
  endfacet
  facet normal 0.980764 0.195197 0
    outer loop
      vertex 89.9658 172.522 42.4
      vertex 89.8637 173.035 0
      vertex 89.8637 173.035 42.4
    endloop
  endfacet
  facet normal 0.980764 0.195197 0
    outer loop
      vertex 89.8637 173.035 0
      vertex 89.9658 172.522 42.4
      vertex 89.9658 172.522 0
    endloop
  endfacet
  facet normal 0.94692 -0.321469 0
    outer loop
      vertex 89.6955 2.46927 42.4
      vertex 89.8637 2.96472 0
      vertex 89.8637 2.96472 42.4
    endloop
  endfacet
  facet normal 0.94692 -0.321469 0
    outer loop
      vertex 89.8637 2.96472 0
      vertex 89.6955 2.46927 42.4
      vertex 89.6955 2.46927 0
    endloop
  endfacet
  facet normal 0.831456 -0.555591 0
    outer loop
      vertex 89.1734 1.56496 42.4
      vertex 89.4641 2 0
      vertex 89.4641 2 42.4
    endloop
  endfacet
  facet normal 0.831456 -0.555591 0
    outer loop
      vertex 89.4641 2 0
      vertex 89.1734 1.56496 42.4
      vertex 89.1734 1.56496 0
    endloop
  endfacet
  facet normal 0.980776 -0.195135 0
    outer loop
      vertex 89.8637 2.96472 42.4
      vertex 89.9658 3.47789 0
      vertex 89.9658 3.47789 42.4
    endloop
  endfacet
  facet normal 0.980776 -0.195135 0
    outer loop
      vertex 89.9658 3.47789 0
      vertex 89.8637 2.96472 42.4
      vertex 89.8637 2.96472 0
    endloop
  endfacet
  facet normal 0.659328 -0.751855 0
    outer loop
      vertex 88.435 0.826584 0
      vertex 88.8284 1.17157 42.4
      vertex 88.435 0.826584 42.4
    endloop
  endfacet
  facet normal 0.659328 -0.751855 0
    outer loop
      vertex 88.8284 1.17157 42.4
      vertex 88.435 0.826584 0
      vertex 88.8284 1.17157 0
    endloop
  endfacet
  facet normal 0.442261 -0.896886 0
    outer loop
      vertex 87.5307 0.304489 0
      vertex 88 0.535904 42.4
      vertex 87.5307 0.304489 42.4
    endloop
  endfacet
  facet normal 0.442261 -0.896886 0
    outer loop
      vertex 88 0.535904 42.4
      vertex 87.5307 0.304489 0
      vertex 88 0.535904 0
    endloop
  endfacet
  facet normal -0.443182 0.896432 0
    outer loop
      vertex 2.46927 175.696 0
      vertex 2 175.464 42.4
      vertex 2.46927 175.696 42.4
    endloop
  endfacet
  facet normal -0.443182 0.896432 0
    outer loop
      vertex 2 175.464 42.4
      vertex 2.46927 175.696 0
      vertex 2 175.464 0
    endloop
  endfacet
  facet normal -0.321126 0.947036 0
    outer loop
      vertex 2.96472 175.864 0
      vertex 2.46927 175.696 42.4
      vertex 2.96472 175.864 42.4
    endloop
  endfacet
  facet normal -0.321126 0.947036 0
    outer loop
      vertex 2.46927 175.696 42.4
      vertex 2.96472 175.864 0
      vertex 2.46927 175.696 0
    endloop
  endfacet
  facet normal -0.896774 0.442488 0
    outer loop
      vertex 0.304489 173.531 0
      vertex 0.535904 174 42.4
      vertex 0.535904 174 0
    endloop
  endfacet
  facet normal -0.896774 0.442488 0
    outer loop
      vertex 0.535904 174 42.4
      vertex 0.304489 173.531 0
      vertex 0.304489 173.531 42.4
    endloop
  endfacet
  facet normal -0.980789 -0.195073 0
    outer loop
      vertex 0.136292 2.96472 0
      vertex 0.0342255 3.47789 42.4
      vertex 0.0342255 3.47789 0
    endloop
  endfacet
  facet normal -0.980789 -0.195073 0
    outer loop
      vertex 0.0342255 3.47789 42.4
      vertex 0.136292 2.96472 0
      vertex 0.136292 2.96472 42.4
    endloop
  endfacet
  facet normal -0.831474 -0.555564 0
    outer loop
      vertex 0.826584 1.56496 0
      vertex 0.535904 2 42.4
      vertex 0.535904 2 0
    endloop
  endfacet
  facet normal -0.831474 -0.555564 0
    outer loop
      vertex 0.535904 2 42.4
      vertex 0.826584 1.56496 0
      vertex 0.826584 1.56496 42.4
    endloop
  endfacet
  facet normal -0.659337 -0.751847 0
    outer loop
      vertex 1.17157 1.17157 0
      vertex 1.56496 0.826584 42.4
      vertex 1.17157 1.17157 42.4
    endloop
  endfacet
  facet normal -0.659337 -0.751847 -0
    outer loop
      vertex 1.56496 0.826584 42.4
      vertex 1.17157 1.17157 0
      vertex 1.56496 0.826584 0
    endloop
  endfacet
  facet normal -0.0654119 -0.997858 0
    outer loop
      vertex 3.47789 0.0342255 0
      vertex 4 0 42.4
      vertex 3.47789 0.0342255 42.4
    endloop
  endfacet
  facet normal -0.0654119 -0.997858 -0
    outer loop
      vertex 4 0 42.4
      vertex 3.47789 0.0342255 0
      vertex 4 0 0
    endloop
  endfacet
  facet normal -0.442284 -0.896875 0
    outer loop
      vertex 2 0.535904 0
      vertex 2.46927 0.304489 42.4
      vertex 2 0.535904 42.4
    endloop
  endfacet
  facet normal -0.442284 -0.896875 -0
    outer loop
      vertex 2.46927 0.304489 42.4
      vertex 2 0.535904 0
      vertex 2.46927 0.304489 0
    endloop
  endfacet
  facet normal 0.443159 0.896443 -0
    outer loop
      vertex 88 175.464 0
      vertex 87.5307 175.696 42.4
      vertex 88 175.464 42.4
    endloop
  endfacet
  facet normal 0.443159 0.896443 0
    outer loop
      vertex 87.5307 175.696 42.4
      vertex 88 175.464 0
      vertex 87.5307 175.696 0
    endloop
  endfacet
  facet normal 0.896887 -0.44226 0
    outer loop
      vertex 89.4641 2 42.4
      vertex 89.6955 2.46927 0
      vertex 89.6955 2.46927 42.4
    endloop
  endfacet
  facet normal 0.896887 -0.44226 0
    outer loop
      vertex 89.6955 2.46927 0
      vertex 89.4641 2 42.4
      vertex 89.4641 2 0
    endloop
  endfacet
  facet normal 0.997862 -0.0653634 0
    outer loop
      vertex 89.9658 3.47789 42.4
      vertex 90 4 0
      vertex 90 4 42.4
    endloop
  endfacet
  facet normal 0.997862 -0.0653634 0
    outer loop
      vertex 90 4 0
      vertex 89.9658 3.47789 42.4
      vertex 89.9658 3.47789 0
    endloop
  endfacet
  facet normal 0.751834 -0.659353 0
    outer loop
      vertex 88.8284 1.17157 42.4
      vertex 89.1734 1.56496 0
      vertex 89.1734 1.56496 42.4
    endloop
  endfacet
  facet normal 0.751834 -0.659353 0
    outer loop
      vertex 89.1734 1.56496 0
      vertex 88.8284 1.17157 42.4
      vertex 88.8284 1.17157 0
    endloop
  endfacet
  facet normal 0.5556 -0.83145 0
    outer loop
      vertex 88 0.535904 0
      vertex 88.435 0.826584 42.4
      vertex 88 0.535904 42.4
    endloop
  endfacet
  facet normal 0.5556 -0.83145 0
    outer loop
      vertex 88.435 0.826584 42.4
      vertex 88 0.535904 0
      vertex 88.435 0.826584 0
    endloop
  endfacet
  facet normal -0.321464 -0.946922 0
    outer loop
      vertex 2.46927 0.304489 0
      vertex 2.96472 0.136292 42.4
      vertex 2.46927 0.304489 42.4
    endloop
  endfacet
  facet normal -0.321464 -0.946922 -0
    outer loop
      vertex 2.96472 0.136292 42.4
      vertex 2.46927 0.304489 0
      vertex 2.96472 0.136292 0
    endloop
  endfacet
  facet normal -0.0654247 0.997858 0
    outer loop
      vertex 86.2088 2.41368 2.4
      vertex 86 2.39999 42.4
      vertex 86.2088 2.41368 42.4
    endloop
  endfacet
  facet normal -0.0654247 0.997858 0
    outer loop
      vertex 86 2.39999 42.4
      vertex 86.2088 2.41368 2.4
      vertex 86 2.39999 2.4
    endloop
  endfacet
  facet normal -0.195059 0.980791 0
    outer loop
      vertex 86.4141 2.45451 2.4
      vertex 86.2088 2.41368 42.4
      vertex 86.4141 2.45451 42.4
    endloop
  endfacet
  facet normal -0.195059 0.980791 0
    outer loop
      vertex 86.2088 2.41368 42.4
      vertex 86.4141 2.45451 2.4
      vertex 86.2088 2.41368 2.4
    endloop
  endfacet
  facet normal 0.0668837 -0.997761 0
    outer loop
      vertex 3.79115 173.586 2.4
      vertex 4 173.6 42.4
      vertex 3.79115 173.586 42.4
    endloop
  endfacet
  facet normal 0.0668837 -0.997761 0
    outer loop
      vertex 4 173.6 42.4
      vertex 3.79115 173.586 2.4
      vertex 4 173.6 2.4
    endloop
  endfacet
  facet normal -0.0668996 -0.99776 0
    outer loop
      vertex 86 173.6 2.4
      vertex 86.2088 173.586 42.4
      vertex 86 173.6 42.4
    endloop
  endfacet
  facet normal -0.0668996 -0.99776 -0
    outer loop
      vertex 86.2088 173.586 42.4
      vertex 86 173.6 2.4
      vertex 86.2088 173.586 2.4
    endloop
  endfacet
  facet normal 0.659319 -0.751863 0
    outer loop
      vertex 2.86862 173.131 2.4
      vertex 3.02599 173.269 42.4
      vertex 2.86862 173.131 42.4
    endloop
  endfacet
  facet normal 0.659319 -0.751863 0
    outer loop
      vertex 3.02599 173.269 42.4
      vertex 2.86862 173.131 2.4
      vertex 3.02599 173.269 2.4
    endloop
  endfacet
  facet normal 0.831447 0.555604 0
    outer loop
      vertex 2.73064 3.02599 42.4
      vertex 2.61436 3.2 2.4
      vertex 2.61436 3.2 42.4
    endloop
  endfacet
  facet normal 0.831447 0.555604 0
    outer loop
      vertex 2.61436 3.2 2.4
      vertex 2.73064 3.02599 42.4
      vertex 2.73064 3.02599 2.4
    endloop
  endfacet
  facet normal 0 1 -0
    outer loop
      vertex 57.53 2.39999 5.9
      vertex 41.67 2.39999 19.9
      vertex 57.53 2.39999 19.9
    endloop
  endfacet
  facet normal 0 1 0
    outer loop
      vertex 41.67 2.39999 19.9
      vertex 57.53 2.39999 5.9
      vertex 41.67 2.39999 5.9
    endloop
  endfacet
  facet normal 0 1 0
    outer loop
      vertex 57.53 2.39999 19.9
      vertex 86 2.39999 42.4
      vertex 69.53 2.39999 19.9
    endloop
  endfacet
  facet normal 0 1 -0
    outer loop
      vertex 86 2.39999 2.4
      vertex 69.53 2.39999 19.9
      vertex 86 2.39999 42.4
    endloop
  endfacet
  facet normal 0 1 0
    outer loop
      vertex 86 2.39999 2.4
      vertex 57.53 2.39999 5.9
      vertex 69.53 2.39999 5.9
    endloop
  endfacet
  facet normal 0 1 0
    outer loop
      vertex 57.53 2.39999 5.9
      vertex 86 2.39999 2.4
      vertex 41.67 2.39999 5.9
    endloop
  endfacet
  facet normal 0 1 0
    outer loop
      vertex 4 2.39999 2.4
      vertex 41.67 2.39999 5.9
      vertex 86 2.39999 2.4
    endloop
  endfacet
  facet normal 0 1 0
    outer loop
      vertex 69.53 2.39999 19.9
      vertex 86 2.39999 2.4
      vertex 69.53 2.39999 5.9
    endloop
  endfacet
  facet normal 0 1 0
    outer loop
      vertex 41.67 2.39999 19.9
      vertex 86 2.39999 42.4
      vertex 57.53 2.39999 19.9
    endloop
  endfacet
  facet normal 0 1 0
    outer loop
      vertex 86 2.39999 42.4
      vertex 41.67 2.39999 19.9
      vertex 4 2.39999 42.4
    endloop
  endfacet
  facet normal 0 1 -0
    outer loop
      vertex 25.67 2.39999 19.9
      vertex 4 2.39999 42.4
      vertex 41.67 2.39999 19.9
    endloop
  endfacet
  facet normal 0 1 0
    outer loop
      vertex 4 2.39999 2.4
      vertex 25.67 2.39999 19.9
      vertex 25.67 2.39999 5.9
    endloop
  endfacet
  facet normal 0 1 0
    outer loop
      vertex 25.67 2.39999 19.9
      vertex 4 2.39999 2.4
      vertex 4 2.39999 42.4
    endloop
  endfacet
  facet normal 0 1 0
    outer loop
      vertex 41.67 2.39999 5.9
      vertex 4 2.39999 2.4
      vertex 25.67 2.39999 5.9
    endloop
  endfacet
  facet normal 0 -1 0
    outer loop
      vertex 4 173.6 2.4
      vertex 86 173.6 42.4
      vertex 4 173.6 42.4
    endloop
  endfacet
  facet normal 0 -1 -0
    outer loop
      vertex 86 173.6 42.4
      vertex 4 173.6 2.4
      vertex 86 173.6 2.4
    endloop
  endfacet
  facet normal 0.89687 0.442295 0
    outer loop
      vertex 2.61436 3.2 42.4
      vertex 2.52179 3.38771 2.4
      vertex 2.52179 3.38771 42.4
    endloop
  endfacet
  facet normal 0.89687 0.442295 0
    outer loop
      vertex 2.52179 3.38771 2.4
      vertex 2.61436 3.2 42.4
      vertex 2.61436 3.2 2.4
    endloop
  endfacet
  facet normal 1 0 0
    outer loop
      vertex 2.39999 142 42.4
      vertex 2.39999 4 42.4
      vertex 2.39999 142 40.4
    endloop
  endfacet
  facet normal 1 0 0
    outer loop
      vertex 2.39999 148 40.4
      vertex 2.39999 172 42.4
      vertex 2.39999 148 42.4
    endloop
  endfacet
  facet normal 1 0 0
    outer loop
      vertex 2.39999 147.974 40.0084
      vertex 2.39999 172 42.4
      vertex 2.39999 148 40.4
    endloop
  endfacet
  facet normal 1 0 0
    outer loop
      vertex 2.39999 147.898 39.6235
      vertex 2.39999 172 42.4
      vertex 2.39999 147.974 40.0084
    endloop
  endfacet
  facet normal 1 0 0
    outer loop
      vertex 2.39999 147.772 39.2519
      vertex 2.39999 172 42.4
      vertex 2.39999 147.898 39.6235
    endloop
  endfacet
  facet normal 1 0 0
    outer loop
      vertex 2.39999 147.598 38.9
      vertex 2.39999 172 42.4
      vertex 2.39999 147.772 39.2519
    endloop
  endfacet
  facet normal 1 0 0
    outer loop
      vertex 2.39999 147.38 38.5737
      vertex 2.39999 172 42.4
      vertex 2.39999 147.598 38.9
    endloop
  endfacet
  facet normal 1 0 0
    outer loop
      vertex 2.39999 147.121 38.2787
      vertex 2.39999 172 42.4
      vertex 2.39999 147.38 38.5737
    endloop
  endfacet
  facet normal 1 0 0
    outer loop
      vertex 2.39999 172 42.4
      vertex 2.39999 147.121 38.2787
      vertex 2.39999 172 2.4
    endloop
  endfacet
  facet normal 1 -0 0
    outer loop
      vertex 2.39999 146.826 38.0199
      vertex 2.39999 172 2.4
      vertex 2.39999 147.121 38.2787
    endloop
  endfacet
  facet normal 1 -0 0
    outer loop
      vertex 2.39999 146.5 37.8019
      vertex 2.39999 172 2.4
      vertex 2.39999 146.826 38.0199
    endloop
  endfacet
  facet normal 1 -0 0
    outer loop
      vertex 2.39999 146.148 37.6284
      vertex 2.39999 172 2.4
      vertex 2.39999 146.5 37.8019
    endloop
  endfacet
  facet normal 1 -0 0
    outer loop
      vertex 2.39999 145.776 37.5022
      vertex 2.39999 172 2.4
      vertex 2.39999 146.148 37.6284
    endloop
  endfacet
  facet normal 1 -0 0
    outer loop
      vertex 2.39999 145.392 37.4257
      vertex 2.39999 172 2.4
      vertex 2.39999 145.776 37.5022
    endloop
  endfacet
  facet normal 1 -0 0
    outer loop
      vertex 2.39999 145 37.4
      vertex 2.39999 172 2.4
      vertex 2.39999 145.392 37.4257
    endloop
  endfacet
  facet normal 1 0 0
    outer loop
      vertex 2.39999 144.608 37.4257
      vertex 2.39999 172 2.4
      vertex 2.39999 145 37.4
    endloop
  endfacet
  facet normal 1 0 0
    outer loop
      vertex 2.39999 144.224 37.5022
      vertex 2.39999 172 2.4
      vertex 2.39999 144.608 37.4257
    endloop
  endfacet
  facet normal 1 0 0
    outer loop
      vertex 2.39999 143.852 37.6284
      vertex 2.39999 172 2.4
      vertex 2.39999 144.224 37.5022
    endloop
  endfacet
  facet normal 1 0 0
    outer loop
      vertex 2.39999 143.5 37.8019
      vertex 2.39999 172 2.4
      vertex 2.39999 143.852 37.6284
    endloop
  endfacet
  facet normal 1 0 0
    outer loop
      vertex 2.39999 143.174 38.0199
      vertex 2.39999 172 2.4
      vertex 2.39999 143.5 37.8019
    endloop
  endfacet
  facet normal 1 0 0
    outer loop
      vertex 2.39999 4 2.4
      vertex 2.39999 143.174 38.0199
      vertex 2.39999 142.879 38.2787
    endloop
  endfacet
  facet normal 1 0 0
    outer loop
      vertex 2.39999 4 2.4
      vertex 2.39999 142.879 38.2787
      vertex 2.39999 142.62 38.5737
    endloop
  endfacet
  facet normal 1 0 0
    outer loop
      vertex 2.39999 4 42.4
      vertex 2.39999 142.026 40.0084
      vertex 2.39999 142 40.4
    endloop
  endfacet
  facet normal 1 0 0
    outer loop
      vertex 2.39999 4 42.4
      vertex 2.39999 142.102 39.6235
      vertex 2.39999 142.026 40.0084
    endloop
  endfacet
  facet normal 1 0 0
    outer loop
      vertex 2.39999 4 2.4
      vertex 2.39999 142.102 39.6235
      vertex 2.39999 4 42.4
    endloop
  endfacet
  facet normal 1 0 0
    outer loop
      vertex 2.39999 142.102 39.6235
      vertex 2.39999 4 2.4
      vertex 2.39999 142.228 39.2519
    endloop
  endfacet
  facet normal 1 0 0
    outer loop
      vertex 2.39999 142.228 39.2519
      vertex 2.39999 4 2.4
      vertex 2.39999 142.402 38.9
    endloop
  endfacet
  facet normal 1 0 0
    outer loop
      vertex 2.39999 142.402 38.9
      vertex 2.39999 4 2.4
      vertex 2.39999 142.62 38.5737
    endloop
  endfacet
  facet normal 1 0 0
    outer loop
      vertex 2.39999 143.174 38.0199
      vertex 2.39999 4 2.4
      vertex 2.39999 172 2.4
    endloop
  endfacet
  facet normal 0.442295 0.89687 -0
    outer loop
      vertex 3.38771 2.52179 2.4
      vertex 3.2 2.61436 42.4
      vertex 3.38771 2.52179 42.4
    endloop
  endfacet
  facet normal 0.442295 0.89687 0
    outer loop
      vertex 3.2 2.61436 42.4
      vertex 3.38771 2.52179 2.4
      vertex 3.2 2.61436 2.4
    endloop
  endfacet
  facet normal -1 0 0
    outer loop
      vertex 87.6 147.121 38.2787
      vertex 87.6 172 42.4
      vertex 87.6 172 2.4
    endloop
  endfacet
  facet normal -1 0 0
    outer loop
      vertex 87.6 172 42.4
      vertex 87.6 147.974 40.0084
      vertex 87.6 148 40.4
    endloop
  endfacet
  facet normal -1 0 0
    outer loop
      vertex 87.6 172 42.4
      vertex 87.6 147.898 39.6235
      vertex 87.6 147.974 40.0084
    endloop
  endfacet
  facet normal -1 0 0
    outer loop
      vertex 87.6 172 42.4
      vertex 87.6 147.772 39.2519
      vertex 87.6 147.898 39.6235
    endloop
  endfacet
  facet normal -1 0 0
    outer loop
      vertex 87.6 172 42.4
      vertex 87.6 147.598 38.9
      vertex 87.6 147.772 39.2519
    endloop
  endfacet
  facet normal -1 0 0
    outer loop
      vertex 87.6 172 42.4
      vertex 87.6 147.38 38.5737
      vertex 87.6 147.598 38.9
    endloop
  endfacet
  facet normal -1 0 0
    outer loop
      vertex 87.6 172 42.4
      vertex 87.6 147.121 38.2787
      vertex 87.6 147.38 38.5737
    endloop
  endfacet
  facet normal -1 0 0
    outer loop
      vertex 87.6 172 2.4
      vertex 87.6 146.826 38.0199
      vertex 87.6 147.121 38.2787
    endloop
  endfacet
  facet normal -1 0 0
    outer loop
      vertex 87.6 172 2.4
      vertex 87.6 146.5 37.8019
      vertex 87.6 146.826 38.0199
    endloop
  endfacet
  facet normal -1 0 0
    outer loop
      vertex 87.6 172 2.4
      vertex 87.6 146.148 37.6284
      vertex 87.6 146.5 37.8019
    endloop
  endfacet
  facet normal -1 0 0
    outer loop
      vertex 87.6 172 2.4
      vertex 87.6 145.776 37.5022
      vertex 87.6 146.148 37.6284
    endloop
  endfacet
  facet normal -1 0 0
    outer loop
      vertex 87.6 172 2.4
      vertex 87.6 145.392 37.4257
      vertex 87.6 145.776 37.5022
    endloop
  endfacet
  facet normal -1 0 0
    outer loop
      vertex 87.6 172 2.4
      vertex 87.6 145 37.4
      vertex 87.6 145.392 37.4257
    endloop
  endfacet
  facet normal -1 0 0
    outer loop
      vertex 87.6 172 2.4
      vertex 87.6 144.608 37.4257
      vertex 87.6 145 37.4
    endloop
  endfacet
  facet normal -1 0 0
    outer loop
      vertex 87.6 172 2.4
      vertex 87.6 144.224 37.5022
      vertex 87.6 144.608 37.4257
    endloop
  endfacet
  facet normal -1 0 0
    outer loop
      vertex 87.6 172 2.4
      vertex 87.6 143.852 37.6284
      vertex 87.6 144.224 37.5022
    endloop
  endfacet
  facet normal -1 0 0
    outer loop
      vertex 87.6 172 2.4
      vertex 87.6 143.5 37.8019
      vertex 87.6 143.852 37.6284
    endloop
  endfacet
  facet normal -1 0 0
    outer loop
      vertex 87.6 172 2.4
      vertex 87.6 143.174 38.0199
      vertex 87.6 143.5 37.8019
    endloop
  endfacet
  facet normal -1 0 0
    outer loop
      vertex 87.6 4 2.4
      vertex 87.6 143.174 38.0199
      vertex 87.6 172 2.4
    endloop
  endfacet
  facet normal -1 -0 0
    outer loop
      vertex 87.6 143.174 38.0199
      vertex 87.6 4 2.4
      vertex 87.6 142.879 38.2787
    endloop
  endfacet
  facet normal -1 -0 0
    outer loop
      vertex 87.6 142.879 38.2787
      vertex 87.6 4 2.4
      vertex 87.6 142.62 38.5737
    endloop
  endfacet
  facet normal -1 0 0
    outer loop
      vertex 87.6 4 2.4
      vertex 87.6 142.402 38.9
      vertex 87.6 142.62 38.5737
    endloop
  endfacet
  facet normal -1 0 0
    outer loop
      vertex 87.6 4 2.4
      vertex 87.6 142.228 39.2519
      vertex 87.6 142.402 38.9
    endloop
  endfacet
  facet normal -1 0 0
    outer loop
      vertex 87.6 4 2.4
      vertex 87.6 142.102 39.6235
      vertex 87.6 142.228 39.2519
    endloop
  endfacet
  facet normal -1 0 0
    outer loop
      vertex 87.6 4 42.4
      vertex 87.6 142.102 39.6235
      vertex 87.6 4 2.4
    endloop
  endfacet
  facet normal -1 0 0
    outer loop
      vertex 87.6 142.102 39.6235
      vertex 87.6 4 42.4
      vertex 87.6 142.026 40.0084
    endloop
  endfacet
  facet normal -1 0 0
    outer loop
      vertex 87.6 142.026 40.0084
      vertex 87.6 4 42.4
      vertex 87.6 142 40.4
    endloop
  endfacet
  facet normal -1 0 0
    outer loop
      vertex 87.6 142 40.4
      vertex 87.6 4 42.4
      vertex 87.6 142 42.4
    endloop
  endfacet
  facet normal -1 -0 0
    outer loop
      vertex 87.6 172 42.4
      vertex 87.6 148 40.4
      vertex 87.6 148 42.4
    endloop
  endfacet
  facet normal -0.946802 -0.321817 0
    outer loop
      vertex 87.5455 172.414 2.4
      vertex 87.4782 172.612 42.4
      vertex 87.4782 172.612 2.4
    endloop
  endfacet
  facet normal -0.946802 -0.321817 0
    outer loop
      vertex 87.4782 172.612 42.4
      vertex 87.5455 172.414 2.4
      vertex 87.5455 172.414 42.4
    endloop
  endfacet
  facet normal 0.997862 -0.0653623 0
    outer loop
      vertex 2.39999 172 42.4
      vertex 2.41368 172.209 2.4
      vertex 2.41368 172.209 42.4
    endloop
  endfacet
  facet normal 0.997862 -0.0653623 0
    outer loop
      vertex 2.41368 172.209 2.4
      vertex 2.39999 172 42.4
      vertex 2.39999 172 2.4
    endloop
  endfacet
  facet normal 0.4401 -0.897949 0
    outer loop
      vertex 3.2 173.386 2.4
      vertex 3.38771 173.478 42.4
      vertex 3.2 173.386 42.4
    endloop
  endfacet
  facet normal 0.4401 -0.897949 0
    outer loop
      vertex 3.38771 173.478 42.4
      vertex 3.2 173.386 2.4
      vertex 3.38771 173.478 2.4
    endloop
  endfacet
  facet normal 0.94692 0.321469 0
    outer loop
      vertex 2.52179 3.38771 42.4
      vertex 2.45451 3.58589 2.4
      vertex 2.45451 3.58589 42.4
    endloop
  endfacet
  facet normal 0.94692 0.321469 0
    outer loop
      vertex 2.45451 3.58589 2.4
      vertex 2.52179 3.38771 42.4
      vertex 2.52179 3.38771 2.4
    endloop
  endfacet
  facet normal 0.195096 0.980784 -0
    outer loop
      vertex 3.79115 2.41368 2.4
      vertex 3.58589 2.45451 42.4
      vertex 3.79115 2.41368 42.4
    endloop
  endfacet
  facet normal 0.195096 0.980784 0
    outer loop
      vertex 3.58589 2.45451 42.4
      vertex 3.79115 2.41368 2.4
      vertex 3.58589 2.45451 2.4
    endloop
  endfacet
  facet normal -0.440119 -0.897939 0
    outer loop
      vertex 86.6123 173.478 2.4
      vertex 86.8 173.386 42.4
      vertex 86.6123 173.478 42.4
    endloop
  endfacet
  facet normal -0.440119 -0.897939 -0
    outer loop
      vertex 86.8 173.386 42.4
      vertex 86.6123 173.478 2.4
      vertex 86.8 173.386 2.4
    endloop
  endfacet
  facet normal -0.557998 -0.829843 0
    outer loop
      vertex 86.8 173.386 2.4
      vertex 86.974 173.269 42.4
      vertex 86.8 173.386 42.4
    endloop
  endfacet
  facet normal -0.557998 -0.829843 -0
    outer loop
      vertex 86.974 173.269 42.4
      vertex 86.8 173.386 2.4
      vertex 86.974 173.269 2.4
    endloop
  endfacet
  facet normal -0.751093 -0.660196 0
    outer loop
      vertex 87.2694 172.974 2.4
      vertex 87.1314 173.131 42.4
      vertex 87.1314 173.131 2.4
    endloop
  endfacet
  facet normal -0.751093 -0.660196 0
    outer loop
      vertex 87.1314 173.131 42.4
      vertex 87.2694 172.974 2.4
      vertex 87.2694 172.974 42.4
    endloop
  endfacet
  facet normal 0.946831 -0.321731 0
    outer loop
      vertex 2.45451 172.414 42.4
      vertex 2.52179 172.612 2.4
      vertex 2.52179 172.612 42.4
    endloop
  endfacet
  facet normal 0.946831 -0.321731 0
    outer loop
      vertex 2.52179 172.612 2.4
      vertex 2.45451 172.414 42.4
      vertex 2.45451 172.414 2.4
    endloop
  endfacet
  facet normal 0.980737 -0.195334 0
    outer loop
      vertex 2.41368 172.209 42.4
      vertex 2.45451 172.414 2.4
      vertex 2.45451 172.414 42.4
    endloop
  endfacet
  facet normal 0.980737 -0.195334 0
    outer loop
      vertex 2.45451 172.414 2.4
      vertex 2.41368 172.209 42.4
      vertex 2.41368 172.209 2.4
    endloop
  endfacet
  facet normal 0.89714 -0.441746 0
    outer loop
      vertex 2.52179 172.612 42.4
      vertex 2.61436 172.8 2.4
      vertex 2.61436 172.8 42.4
    endloop
  endfacet
  facet normal 0.89714 -0.441746 0
    outer loop
      vertex 2.61436 172.8 2.4
      vertex 2.52179 172.612 42.4
      vertex 2.52179 172.612 2.4
    endloop
  endfacet
  facet normal 0.659265 0.75191 -0
    outer loop
      vertex 3.02599 2.73064 2.4
      vertex 2.86862 2.86862 42.4
      vertex 3.02599 2.73064 42.4
    endloop
  endfacet
  facet normal 0.659265 0.75191 0
    outer loop
      vertex 2.86862 2.86862 42.4
      vertex 3.02599 2.73064 2.4
      vertex 2.86862 2.86862 2.4
    endloop
  endfacet
  facet normal 0.75191 0.659265 0
    outer loop
      vertex 2.86862 2.86862 42.4
      vertex 2.73064 3.02599 2.4
      vertex 2.73064 3.02599 42.4
    endloop
  endfacet
  facet normal 0.75191 0.659265 0
    outer loop
      vertex 2.73064 3.02599 2.4
      vertex 2.86862 2.86862 42.4
      vertex 2.86862 2.86862 2.4
    endloop
  endfacet
  facet normal 0.997859 0.0654091 0
    outer loop
      vertex 2.41368 3.79115 42.4
      vertex 2.39999 4 2.4
      vertex 2.39999 4 42.4
    endloop
  endfacet
  facet normal 0.997859 0.0654091 0
    outer loop
      vertex 2.39999 4 2.4
      vertex 2.41368 3.79115 42.4
      vertex 2.41368 3.79115 2.4
    endloop
  endfacet
  facet normal 0.980784 0.195096 0
    outer loop
      vertex 2.45451 3.58589 42.4
      vertex 2.41368 3.79115 2.4
      vertex 2.41368 3.79115 42.4
    endloop
  endfacet
  facet normal 0.980784 0.195096 0
    outer loop
      vertex 2.41368 3.79115 2.4
      vertex 2.45451 3.58589 42.4
      vertex 2.45451 3.58589 2.4
    endloop
  endfacet
  facet normal 0.0654091 0.997859 -0
    outer loop
      vertex 4 2.39999 2.4
      vertex 3.79115 2.41368 42.4
      vertex 4 2.39999 42.4
    endloop
  endfacet
  facet normal 0.0654091 0.997859 0
    outer loop
      vertex 3.79115 2.41368 42.4
      vertex 4 2.39999 2.4
      vertex 3.79115 2.41368 2.4
    endloop
  endfacet
  facet normal 0.321469 0.94692 -0
    outer loop
      vertex 3.58589 2.45451 2.4
      vertex 3.38771 2.52179 42.4
      vertex 3.58589 2.45451 42.4
    endloop
  endfacet
  facet normal 0.321469 0.94692 0
    outer loop
      vertex 3.38771 2.52179 42.4
      vertex 3.58589 2.45451 2.4
      vertex 3.38771 2.52179 2.4
    endloop
  endfacet
  facet normal -0.997858 -0.0654099 0
    outer loop
      vertex 87.6 172 2.4
      vertex 87.5863 172.209 42.4
      vertex 87.5863 172.209 2.4
    endloop
  endfacet
  facet normal -0.997858 -0.0654099 0
    outer loop
      vertex 87.5863 172.209 42.4
      vertex 87.6 172 2.4
      vertex 87.6 172 42.4
    endloop
  endfacet
  facet normal -0.195841 -0.980636 0
    outer loop
      vertex 86.2088 173.586 2.4
      vertex 86.4141 173.545 42.4
      vertex 86.2088 173.586 42.4
    endloop
  endfacet
  facet normal -0.195841 -0.980636 -0
    outer loop
      vertex 86.4141 173.545 42.4
      vertex 86.2088 173.586 2.4
      vertex 86.4141 173.545 2.4
    endloop
  endfacet
  facet normal -0.32024 -0.947336 0
    outer loop
      vertex 86.4141 173.545 2.4
      vertex 86.6123 173.478 42.4
      vertex 86.4141 173.545 42.4
    endloop
  endfacet
  facet normal -0.32024 -0.947336 -0
    outer loop
      vertex 86.6123 173.478 42.4
      vertex 86.4141 173.545 2.4
      vertex 86.6123 173.478 2.4
    endloop
  endfacet
  facet normal -0.659248 -0.751925 0
    outer loop
      vertex 86.974 173.269 2.4
      vertex 87.1314 173.131 42.4
      vertex 86.974 173.269 42.4
    endloop
  endfacet
  facet normal -0.659248 -0.751925 -0
    outer loop
      vertex 87.1314 173.131 42.4
      vertex 86.974 173.269 2.4
      vertex 87.1314 173.131 2.4
    endloop
  endfacet
  facet normal 0.75114 -0.660142 0
    outer loop
      vertex 2.73064 172.974 42.4
      vertex 2.86862 173.131 2.4
      vertex 2.86862 173.131 42.4
    endloop
  endfacet
  facet normal 0.75114 -0.660142 0
    outer loop
      vertex 2.86862 173.131 2.4
      vertex 2.73064 172.974 42.4
      vertex 2.73064 172.974 2.4
    endloop
  endfacet
  facet normal 0.831432 -0.555626 0
    outer loop
      vertex 2.61436 172.8 42.4
      vertex 2.73064 172.974 2.4
      vertex 2.73064 172.974 42.4
    endloop
  endfacet
  facet normal 0.831432 -0.555626 0
    outer loop
      vertex 2.73064 172.974 2.4
      vertex 2.61436 172.8 42.4
      vertex 2.61436 172.8 2.4
    endloop
  endfacet
  facet normal 0.557976 -0.829857 0
    outer loop
      vertex 3.02599 173.269 2.4
      vertex 3.2 173.386 42.4
      vertex 3.02599 173.269 42.4
    endloop
  endfacet
  facet normal 0.557976 -0.829857 0
    outer loop
      vertex 3.2 173.386 42.4
      vertex 3.02599 173.269 2.4
      vertex 3.2 173.386 2.4
    endloop
  endfacet
  facet normal 0.320269 -0.947327 0
    outer loop
      vertex 3.38771 173.478 2.4
      vertex 3.58589 173.545 42.4
      vertex 3.38771 173.478 42.4
    endloop
  endfacet
  facet normal 0.320269 -0.947327 0
    outer loop
      vertex 3.58589 173.545 42.4
      vertex 3.38771 173.478 2.4
      vertex 3.58589 173.545 2.4
    endloop
  endfacet
  facet normal 0.195877 -0.980628 0
    outer loop
      vertex 3.58589 173.545 2.4
      vertex 3.79115 173.586 42.4
      vertex 3.58589 173.545 42.4
    endloop
  endfacet
  facet normal 0.195877 -0.980628 0
    outer loop
      vertex 3.79115 173.586 42.4
      vertex 3.58589 173.545 2.4
      vertex 3.79115 173.586 2.4
    endloop
  endfacet
  facet normal 0.555604 0.831447 -0
    outer loop
      vertex 3.2 2.61436 2.4
      vertex 3.02599 2.73064 42.4
      vertex 3.2 2.61436 42.4
    endloop
  endfacet
  facet normal 0.555604 0.831447 0
    outer loop
      vertex 3.02599 2.73064 42.4
      vertex 3.2 2.61436 2.4
      vertex 3.02599 2.73064 2.4
    endloop
  endfacet
  facet normal 0 0 1
    outer loop
      vertex 41.1363 143.965 2.4
      vertex 6.95684 166.03 2.4
      vertex 41.3045 143.469 2.4
    endloop
  endfacet
  facet normal 0 0 1
    outer loop
      vertex 18.0984 25.3881 2.4
      vertex 9.97006 6.95684 2.4
      vertex 10 6.5 2.4
    endloop
  endfacet
  facet normal -0 0 1
    outer loop
      vertex 6.5 166 2.4
      vertex 41.3045 143.469 2.4
      vertex 6.95684 166.03 2.4
    endloop
  endfacet
  facet normal 0 0 1
    outer loop
      vertex 18.0984 25.3881 2.4
      vertex 9.88074 7.40587 2.4
      vertex 9.97006 6.95684 2.4
    endloop
  endfacet
  facet normal 0 0 1
    outer loop
      vertex 41.3045 143.469 2.4
      vertex 6.5 166 2.4
      vertex 41.5359 143 2.4
    endloop
  endfacet
  facet normal 0 0 1
    outer loop
      vertex 18.0984 25.3881 2.4
      vertex 9.73358 7.83939 2.4
      vertex 9.88074 7.40587 2.4
    endloop
  endfacet
  facet normal 0 0 1
    outer loop
      vertex 6.04316 166.03 2.4
      vertex 41.5359 143 2.4
      vertex 6.5 166 2.4
    endloop
  endfacet
  facet normal 0 0 1
    outer loop
      vertex 18.0984 25.3881 2.4
      vertex 9.53109 8.25 2.4
      vertex 9.73358 7.83939 2.4
    endloop
  endfacet
  facet normal 0 0 1
    outer loop
      vertex 41.5359 143 2.4
      vertex 6.04316 166.03 2.4
      vertex 33.9887 77.1613 2.4
    endloop
  endfacet
  facet normal 0 0 1
    outer loop
      vertex 18.0984 25.3881 2.4
      vertex 9.27674 8.63066 2.4
      vertex 9.53109 8.25 2.4
    endloop
  endfacet
  facet normal 0 0 1
    outer loop
      vertex 5.59413 166.119 2.4
      vertex 33.9887 77.1613 2.4
      vertex 6.04316 166.03 2.4
    endloop
  endfacet
  facet normal 0 0 1
    outer loop
      vertex 18.0984 25.3881 2.4
      vertex 8.97487 8.97487 2.4
      vertex 9.27674 8.63066 2.4
    endloop
  endfacet
  facet normal 0 0 1
    outer loop
      vertex 33.9887 77.1613 2.4
      vertex 5.59413 166.119 2.4
      vertex 33.7299 76.8663 2.4
    endloop
  endfacet
  facet normal 0 0 1
    outer loop
      vertex 18.0984 25.3881 2.4
      vertex 8.63066 9.27674 2.4
      vertex 8.97487 8.97487 2.4
    endloop
  endfacet
  facet normal 0 0 1
    outer loop
      vertex 5.16061 166.266 2.4
      vertex 33.7299 76.8663 2.4
      vertex 5.59413 166.119 2.4
    endloop
  endfacet
  facet normal 0 0 1
    outer loop
      vertex 18.0984 25.3881 2.4
      vertex 8.25 9.53109 2.4
      vertex 8.63066 9.27674 2.4
    endloop
  endfacet
  facet normal 0 0 1
    outer loop
      vertex 33.7299 76.8663 2.4
      vertex 5.16061 166.266 2.4
      vertex 33.5119 76.54 2.4
    endloop
  endfacet
  facet normal 0 0 1
    outer loop
      vertex 18.0984 25.3881 2.4
      vertex 7.83939 9.73358 2.4
      vertex 8.25 9.53109 2.4
    endloop
  endfacet
  facet normal 0 0 1
    outer loop
      vertex 4.75 166.469 2.4
      vertex 33.5119 76.54 2.4
      vertex 5.16061 166.266 2.4
    endloop
  endfacet
  facet normal 0 0 1
    outer loop
      vertex 18.0984 25.3881 2.4
      vertex 7.40587 9.88074 2.4
      vertex 7.83939 9.73358 2.4
    endloop
  endfacet
  facet normal 0 0 1
    outer loop
      vertex 33.5119 76.54 2.4
      vertex 4.75 166.469 2.4
      vertex 33.3384 76.188 2.4
    endloop
  endfacet
  facet normal 0 0 1
    outer loop
      vertex 18.0984 25.3881 2.4
      vertex 6.95684 9.97006 2.4
      vertex 7.40587 9.88074 2.4
    endloop
  endfacet
  facet normal 0 0 1
    outer loop
      vertex 4.36933 166.723 2.4
      vertex 33.3384 76.188 2.4
      vertex 4.75 166.469 2.4
    endloop
  endfacet
  facet normal 0 0 1
    outer loop
      vertex 18.0984 25.3881 2.4
      vertex 6.5 10 2.4
      vertex 6.95684 9.97006 2.4
    endloop
  endfacet
  facet normal 0 0 1
    outer loop
      vertex 33.3384 76.188 2.4
      vertex 4.36933 166.723 2.4
      vertex 33.2122 75.8165 2.4
    endloop
  endfacet
  facet normal 0 0 1
    outer loop
      vertex 18.0984 25.3881 2.4
      vertex 6.04316 9.97006 2.4
      vertex 6.5 10 2.4
    endloop
  endfacet
  facet normal 0 0 1
    outer loop
      vertex 4.02513 167.025 2.4
      vertex 33.2122 75.8165 2.4
      vertex 4.36933 166.723 2.4
    endloop
  endfacet
  facet normal 0 0 1
    outer loop
      vertex 18.0984 25.3881 2.4
      vertex 5.59413 9.88074 2.4
      vertex 6.04316 9.97006 2.4
    endloop
  endfacet
  facet normal 0 0 1
    outer loop
      vertex 33.2122 75.8165 2.4
      vertex 4.02513 167.025 2.4
      vertex 33.1357 75.4316 2.4
    endloop
  endfacet
  facet normal 0 0 1
    outer loop
      vertex 18.0984 25.3881 2.4
      vertex 5.16061 9.73358 2.4
      vertex 5.59413 9.88074 2.4
    endloop
  endfacet
  facet normal 0 0 1
    outer loop
      vertex 4.02513 8.97487 2.4
      vertex 33.1357 75.4316 2.4
      vertex 4.02513 167.025 2.4
    endloop
  endfacet
  facet normal 0 0 1
    outer loop
      vertex 18.0984 25.3881 2.4
      vertex 4.75 9.53109 2.4
      vertex 5.16061 9.73358 2.4
    endloop
  endfacet
  facet normal 0 0 1
    outer loop
      vertex 33.1357 75.4316 2.4
      vertex 4.02513 8.97487 2.4
      vertex 18.2719 25.74 2.4
    endloop
  endfacet
  facet normal 0 0 1
    outer loop
      vertex 18.0984 25.3881 2.4
      vertex 4.36933 9.27674 2.4
      vertex 4.75 9.53109 2.4
    endloop
  endfacet
  facet normal 0 -0 1
    outer loop
      vertex 4.36933 9.27674 2.4
      vertex 18.2719 25.74 2.4
      vertex 4.02513 8.97487 2.4
    endloop
  endfacet
  facet normal 0 0 1
    outer loop
      vertex 18.2719 25.74 2.4
      vertex 4.36933 9.27674 2.4
      vertex 18.0984 25.3881 2.4
    endloop
  endfacet
  facet normal 0 0 1
    outer loop
      vertex 3.72326 167.369 2.4
      vertex 4.02513 8.97487 2.4
      vertex 4.02513 167.025 2.4
    endloop
  endfacet
  facet normal 0 0 1
    outer loop
      vertex 3.72326 167.369 2.4
      vertex 3.72326 8.63066 2.4
      vertex 4.02513 8.97487 2.4
    endloop
  endfacet
  facet normal 0 0 1
    outer loop
      vertex 3.46891 167.75 2.4
      vertex 3.72326 8.63066 2.4
      vertex 3.72326 167.369 2.4
    endloop
  endfacet
  facet normal 0 0 1
    outer loop
      vertex 3.46891 167.75 2.4
      vertex 3.46891 8.25 2.4
      vertex 3.72326 8.63066 2.4
    endloop
  endfacet
  facet normal 0 0 1
    outer loop
      vertex 3.26642 168.161 2.4
      vertex 3.46891 8.25 2.4
      vertex 3.46891 167.75 2.4
    endloop
  endfacet
  facet normal 0 0 1
    outer loop
      vertex 3.26642 168.161 2.4
      vertex 3.26642 7.83939 2.4
      vertex 3.46891 8.25 2.4
    endloop
  endfacet
  facet normal 0 0 1
    outer loop
      vertex 3.11926 168.594 2.4
      vertex 3.26642 7.83939 2.4
      vertex 3.26642 168.161 2.4
    endloop
  endfacet
  facet normal 0 0 1
    outer loop
      vertex 3.11926 168.594 2.4
      vertex 3.11926 7.40587 2.4
      vertex 3.26642 7.83939 2.4
    endloop
  endfacet
  facet normal 0 0 1
    outer loop
      vertex 3.02994 169.043 2.4
      vertex 3.11926 7.40587 2.4
      vertex 3.11926 168.594 2.4
    endloop
  endfacet
  facet normal 0 0 1
    outer loop
      vertex 3.02994 169.043 2.4
      vertex 3.02994 6.95684 2.4
      vertex 3.11926 7.40587 2.4
    endloop
  endfacet
  facet normal 0 0 1
    outer loop
      vertex 2.39999 172 2.4
      vertex 3.02994 169.043 2.4
      vertex 3 169.5 2.4
    endloop
  endfacet
  facet normal 0 0 1
    outer loop
      vertex 3.02994 169.043 2.4
      vertex 2.39999 172 2.4
      vertex 3.02994 6.95684 2.4
    endloop
  endfacet
  facet normal 0 0 1
    outer loop
      vertex 62.55 77.6381 2.4
      vertex 48.99 84.5814 2.4
      vertex 48.9901 84.58 2.4
    endloop
  endfacet
  facet normal -0 0 1
    outer loop
      vertex 48.1734 142.565 2.4
      vertex 65.55 77.6381 2.4
      vertex 48.4641 143 2.4
    endloop
  endfacet
  facet normal 0 0 1
    outer loop
      vertex 64.4416 78.0143 2.4
      vertex 48.9559 85.1008 2.4
      vertex 48.99 84.5814 2.4
    endloop
  endfacet
  facet normal 0 0 1
    outer loop
      vertex 65.55 77.6381 2.4
      vertex 48.1734 142.565 2.4
      vertex 65.1981 77.8116 2.4
    endloop
  endfacet
  facet normal 0 0 1
    outer loop
      vertex 64.4416 78.0143 2.4
      vertex 48.8544 85.6113 2.4
      vertex 48.9559 85.1008 2.4
    endloop
  endfacet
  facet normal 0 0 1
    outer loop
      vertex 64.4416 78.0143 2.4
      vertex 48.8541 85.6127 2.4
      vertex 48.8544 85.6113 2.4
    endloop
  endfacet
  facet normal 0 0 1
    outer loop
      vertex 64.4416 78.0143 2.4
      vertex 48.8536 85.6141 2.4
      vertex 48.8541 85.6127 2.4
    endloop
  endfacet
  facet normal 0 0 1
    outer loop
      vertex 65.1981 77.8116 2.4
      vertex 48.1734 142.565 2.4
      vertex 64.8265 77.9378 2.4
    endloop
  endfacet
  facet normal 0 0 1
    outer loop
      vertex 64.4416 78.0143 2.4
      vertex 48.6863 86.1069 2.4
      vertex 48.8536 85.6141 2.4
    endloop
  endfacet
  facet normal 0 0 1
    outer loop
      vertex 64.4416 78.0143 2.4
      vertex 48.6857 86.1082 2.4
      vertex 48.6863 86.1069 2.4
    endloop
  endfacet
  facet normal -0 0 1
    outer loop
      vertex 47.8284 142.172 2.4
      vertex 64.8265 77.9378 2.4
      vertex 48.1734 142.565 2.4
    endloop
  endfacet
  facet normal 0 0 1
    outer loop
      vertex 64.4416 78.0143 2.4
      vertex 48.4555 86.575 2.4
      vertex 48.6857 86.1082 2.4
    endloop
  endfacet
  facet normal -0 0 1
    outer loop
      vertex 47.8214 87.4014 2.4
      vertex 64.8265 77.9378 2.4
      vertex 47.8284 142.172 2.4
    endloop
  endfacet
  facet normal 0 0 1
    outer loop
      vertex 64.4416 78.0143 2.4
      vertex 48.1663 87.0078 2.4
      vertex 48.4555 86.575 2.4
    endloop
  endfacet
  facet normal 0 0 1
    outer loop
      vertex 64.4416 78.0143 2.4
      vertex 48.1655 87.009 2.4
      vertex 48.1663 87.0078 2.4
    endloop
  endfacet
  facet normal 0 0 1
    outer loop
      vertex 64.8265 77.9378 2.4
      vertex 47.8214 87.4014 2.4
      vertex 64.4416 78.0143 2.4
    endloop
  endfacet
  facet normal 0 0 1
    outer loop
      vertex 64.4416 78.0143 2.4
      vertex 47.8223 87.4003 2.4
      vertex 48.1655 87.009 2.4
    endloop
  endfacet
  facet normal 0 0 1
    outer loop
      vertex 64.4416 78.0143 2.4
      vertex 47.8214 87.4014 2.4
      vertex 47.8223 87.4003 2.4
    endloop
  endfacet
  facet normal 0 0 1
    outer loop
      vertex 47.8284 142.172 2.4
      vertex 47.8203 87.4023 2.4
      vertex 47.8214 87.4014 2.4
    endloop
  endfacet
  facet normal -0 0 1
    outer loop
      vertex 47.435 141.827 2.4
      vertex 47.8203 87.4023 2.4
      vertex 47.8284 142.172 2.4
    endloop
  endfacet
  facet normal 0 0 1
    outer loop
      vertex 47.435 141.827 2.4
      vertex 47.429 87.7455 2.4
      vertex 47.8203 87.4023 2.4
    endloop
  endfacet
  facet normal 0 0 1
    outer loop
      vertex 47.435 141.827 2.4
      vertex 47.4278 87.7463 2.4
      vertex 47.429 87.7455 2.4
    endloop
  endfacet
  facet normal -0 0 1
    outer loop
      vertex 47 141.536 2.4
      vertex 47.4278 87.7463 2.4
      vertex 47.435 141.827 2.4
    endloop
  endfacet
  facet normal 0 0 1
    outer loop
      vertex 47 141.536 2.4
      vertex 46.995 88.0355 2.4
      vertex 47.4278 87.7463 2.4
    endloop
  endfacet
  facet normal -0 0 1
    outer loop
      vertex 46.5307 141.304 2.4
      vertex 46.995 88.0355 2.4
      vertex 47 141.536 2.4
    endloop
  endfacet
  facet normal 0 0 1
    outer loop
      vertex 46.5307 141.304 2.4
      vertex 46.5282 88.2657 2.4
      vertex 46.995 88.0355 2.4
    endloop
  endfacet
  facet normal 0 0 1
    outer loop
      vertex 46.5307 141.304 2.4
      vertex 46.5269 88.2663 2.4
      vertex 46.5282 88.2657 2.4
    endloop
  endfacet
  facet normal -0 0 1
    outer loop
      vertex 46.0353 141.136 2.4
      vertex 46.5269 88.2663 2.4
      vertex 46.5307 141.304 2.4
    endloop
  endfacet
  facet normal 0 0 1
    outer loop
      vertex 46.0353 141.136 2.4
      vertex 46.0341 88.4336 2.4
      vertex 46.5269 88.2663 2.4
    endloop
  endfacet
  facet normal 0 0 1
    outer loop
      vertex 46.0353 141.136 2.4
      vertex 46.0327 88.4341 2.4
      vertex 46.0341 88.4336 2.4
    endloop
  endfacet
  facet normal 0 0 1
    outer loop
      vertex 46.0353 141.136 2.4
      vertex 46.0313 88.4344 2.4
      vertex 46.0327 88.4341 2.4
    endloop
  endfacet
  facet normal -0 0 1
    outer loop
      vertex 45.5221 141.034 2.4
      vertex 46.0313 88.4344 2.4
      vertex 46.0353 141.136 2.4
    endloop
  endfacet
  facet normal 0 0 1
    outer loop
      vertex 45.5221 141.034 2.4
      vertex 45.5208 88.5359 2.4
      vertex 46.0313 88.4344 2.4
    endloop
  endfacet
  facet normal 0 0 1
    outer loop
      vertex 45.5221 141.034 2.4
      vertex 45.0014 88.57 2.4
      vertex 45.5208 88.5359 2.4
    endloop
  endfacet
  facet normal -0 0 1
    outer loop
      vertex 45 141 2.4
      vertex 45.0014 88.57 2.4
      vertex 45.5221 141.034 2.4
    endloop
  endfacet
  facet normal 0 0 1
    outer loop
      vertex 45 141 2.4
      vertex 45 88.5701 2.4
      vertex 45.0014 88.57 2.4
    endloop
  endfacet
  facet normal 0 0 1
    outer loop
      vertex 45 141 2.4
      vertex 44.9986 88.57 2.4
      vertex 45 88.5701 2.4
    endloop
  endfacet
  facet normal 0 0 1
    outer loop
      vertex 45 141 2.4
      vertex 44.4792 88.5359 2.4
      vertex 44.9986 88.57 2.4
    endloop
  endfacet
  facet normal 0 0 1
    outer loop
      vertex 44.4779 141.034 2.4
      vertex 44.4792 88.5359 2.4
      vertex 45 141 2.4
    endloop
  endfacet
  facet normal 0 0 1
    outer loop
      vertex 44.4779 141.034 2.4
      vertex 43.9687 88.4344 2.4
      vertex 44.4792 88.5359 2.4
    endloop
  endfacet
  facet normal 0 0 1
    outer loop
      vertex 44.4779 141.034 2.4
      vertex 43.9673 88.4341 2.4
      vertex 43.9687 88.4344 2.4
    endloop
  endfacet
  facet normal 0 0 1
    outer loop
      vertex 43.9647 141.136 2.4
      vertex 43.9673 88.4341 2.4
      vertex 44.4779 141.034 2.4
    endloop
  endfacet
  facet normal 0 0 1
    outer loop
      vertex 43.9673 88.4341 2.4
      vertex 43.9647 141.136 2.4
      vertex 43.9659 88.4336 2.4
    endloop
  endfacet
  facet normal 0 0 1
    outer loop
      vertex 43.9647 141.136 2.4
      vertex 43.4731 88.2663 2.4
      vertex 43.9659 88.4336 2.4
    endloop
  endfacet
  facet normal 0 0 1
    outer loop
      vertex 43.4693 141.304 2.4
      vertex 43.4731 88.2663 2.4
      vertex 43.9647 141.136 2.4
    endloop
  endfacet
  facet normal 0 0 1
    outer loop
      vertex 43.4731 88.2663 2.4
      vertex 43.4693 141.304 2.4
      vertex 43.4718 88.2657 2.4
    endloop
  endfacet
  facet normal 0 0 1
    outer loop
      vertex 43.4693 141.304 2.4
      vertex 43.005 88.0355 2.4
      vertex 43.4718 88.2657 2.4
    endloop
  endfacet
  facet normal 0 0 1
    outer loop
      vertex 43 141.536 2.4
      vertex 43.005 88.0355 2.4
      vertex 43.4693 141.304 2.4
    endloop
  endfacet
  facet normal 0 0 1
    outer loop
      vertex 43 141.536 2.4
      vertex 42.5722 87.7463 2.4
      vertex 43.005 88.0355 2.4
    endloop
  endfacet
  facet normal 0 0 1
    outer loop
      vertex 43 141.536 2.4
      vertex 42.571 87.7455 2.4
      vertex 42.5722 87.7463 2.4
    endloop
  endfacet
  facet normal 0 0 1
    outer loop
      vertex 42.565 141.827 2.4
      vertex 42.571 87.7455 2.4
      vertex 43 141.536 2.4
    endloop
  endfacet
  facet normal 0 0 1
    outer loop
      vertex 42.565 141.827 2.4
      vertex 42.1797 87.4023 2.4
      vertex 42.571 87.7455 2.4
    endloop
  endfacet
  facet normal 0 0 1
    outer loop
      vertex 42.1716 142.172 2.4
      vertex 42.1797 87.4023 2.4
      vertex 42.565 141.827 2.4
    endloop
  endfacet
  facet normal 0 0 1
    outer loop
      vertex 42.1797 87.4023 2.4
      vertex 42.1716 142.172 2.4
      vertex 42.1786 87.4014 2.4
    endloop
  endfacet
  facet normal 0 0 1
    outer loop
      vertex 42.1786 87.4014 2.4
      vertex 42.1716 142.172 2.4
      vertex 42.1777 87.4003 2.4
    endloop
  endfacet
  facet normal 0 0 1
    outer loop
      vertex 42.1716 142.172 2.4
      vertex 41.8345 87.009 2.4
      vertex 42.1777 87.4003 2.4
    endloop
  endfacet
  facet normal 0 0 1
    outer loop
      vertex 41.8266 142.565 2.4
      vertex 41.8345 87.009 2.4
      vertex 42.1716 142.172 2.4
    endloop
  endfacet
  facet normal 0 0 1
    outer loop
      vertex 41.8345 87.009 2.4
      vertex 41.8266 142.565 2.4
      vertex 41.8337 87.0078 2.4
    endloop
  endfacet
  facet normal 0 0 1
    outer loop
      vertex 41.8266 142.565 2.4
      vertex 41.5445 86.575 2.4
      vertex 41.8337 87.0078 2.4
    endloop
  endfacet
  facet normal 0 0 1
    outer loop
      vertex 41.5359 143 2.4
      vertex 41.5445 86.575 2.4
      vertex 41.8266 142.565 2.4
    endloop
  endfacet
  facet normal 0 0 1
    outer loop
      vertex 33.9887 77.1613 2.4
      vertex 41.5445 86.575 2.4
      vertex 41.5359 143 2.4
    endloop
  endfacet
  facet normal 0 -0 1
    outer loop
      vertex 34.2837 77.4201 2.4
      vertex 41.5445 86.575 2.4
      vertex 33.9887 77.1613 2.4
    endloop
  endfacet
  facet normal 0 0 1
    outer loop
      vertex 41.3045 146.531 2.4
      vertex 8.97487 167.025 2.4
      vertex 41.1363 146.035 2.4
    endloop
  endfacet
  facet normal 0 0 1
    outer loop
      vertex 41.5445 86.575 2.4
      vertex 34.2837 77.4201 2.4
      vertex 41.3143 86.1082 2.4
    endloop
  endfacet
  facet normal 0 0 1
    outer loop
      vertex 41.3143 86.1082 2.4
      vertex 34.2837 77.4201 2.4
      vertex 41.3137 86.1069 2.4
    endloop
  endfacet
  facet normal 0 -0 1
    outer loop
      vertex 34.61 77.6381 2.4
      vertex 41.3137 86.1069 2.4
      vertex 34.2837 77.4201 2.4
    endloop
  endfacet
  facet normal 0 0 1
    outer loop
      vertex 41.3137 160.473 2.4
      vertex 8.97487 167.025 2.4
      vertex 41.3045 146.531 2.4
    endloop
  endfacet
  facet normal 0 0 1
    outer loop
      vertex 41.3137 86.1069 2.4
      vertex 34.61 77.6381 2.4
      vertex 41.1464 85.6141 2.4
    endloop
  endfacet
  facet normal -0 0 1
    outer loop
      vertex 8.97487 167.025 2.4
      vertex 41.3137 160.473 2.4
      vertex 9.27674 167.369 2.4
    endloop
  endfacet
  facet normal 0 0 1
    outer loop
      vertex 41.1464 85.6141 2.4
      vertex 34.61 77.6381 2.4
      vertex 41.1459 85.6127 2.4
    endloop
  endfacet
  facet normal 0 0 1
    outer loop
      vertex 41.1459 85.6127 2.4
      vertex 34.9619 77.8116 2.4
      vertex 41.1456 85.6113 2.4
    endloop
  endfacet
  facet normal 0 0 1
    outer loop
      vertex 41.1464 160.966 2.4
      vertex 9.27674 167.369 2.4
      vertex 41.3137 160.473 2.4
    endloop
  endfacet
  facet normal 0 0 1
    outer loop
      vertex 48.8544 160.969 2.4
      vertex 80.7233 167.369 2.4
      vertex 48.9559 161.479 2.4
    endloop
  endfacet
  facet normal 0 0 1
    outer loop
      vertex 81.0251 167.025 2.4
      vertex 48.9658 145.522 2.4
      vertex 49 145 2.4
    endloop
  endfacet
  facet normal 0 0 1
    outer loop
      vertex 48.8541 160.967 2.4
      vertex 80.7233 167.369 2.4
      vertex 48.8544 160.969 2.4
    endloop
  endfacet
  facet normal 0 0 1
    outer loop
      vertex 81.0251 167.025 2.4
      vertex 48.8637 146.035 2.4
      vertex 48.9658 145.522 2.4
    endloop
  endfacet
  facet normal 0 0 1
    outer loop
      vertex 80.7233 167.369 2.4
      vertex 48.8541 160.967 2.4
      vertex 81.0251 167.025 2.4
    endloop
  endfacet
  facet normal 0 0 1
    outer loop
      vertex 48.8536 160.966 2.4
      vertex 81.0251 167.025 2.4
      vertex 48.8541 160.967 2.4
    endloop
  endfacet
  facet normal 0 0 1
    outer loop
      vertex 48.6863 160.473 2.4
      vertex 81.0251 167.025 2.4
      vertex 48.8536 160.966 2.4
    endloop
  endfacet
  facet normal 0 0 1
    outer loop
      vertex 81.0251 167.025 2.4
      vertex 48.6955 146.531 2.4
      vertex 48.8637 146.035 2.4
    endloop
  endfacet
  facet normal 0 0 1
    outer loop
      vertex 81.0251 167.025 2.4
      vertex 48.6863 160.473 2.4
      vertex 48.6955 146.531 2.4
    endloop
  endfacet
  facet normal -0 0 1
    outer loop
      vertex 48.6857 160.472 2.4
      vertex 48.6955 146.531 2.4
      vertex 48.6863 160.473 2.4
    endloop
  endfacet
  facet normal 0 0 1
    outer loop
      vertex 48.6857 160.472 2.4
      vertex 48.4641 147 2.4
      vertex 48.6955 146.531 2.4
    endloop
  endfacet
  facet normal -0 0 1
    outer loop
      vertex 48.4555 160.005 2.4
      vertex 48.4641 147 2.4
      vertex 48.6857 160.472 2.4
    endloop
  endfacet
  facet normal 0 0 1
    outer loop
      vertex 48.4555 160.005 2.4
      vertex 48.1734 147.435 2.4
      vertex 48.4641 147 2.4
    endloop
  endfacet
  facet normal -0 0 1
    outer loop
      vertex 48.1663 159.572 2.4
      vertex 48.1734 147.435 2.4
      vertex 48.4555 160.005 2.4
    endloop
  endfacet
  facet normal -0 0 1
    outer loop
      vertex 48.1655 159.571 2.4
      vertex 48.1734 147.435 2.4
      vertex 48.1663 159.572 2.4
    endloop
  endfacet
  facet normal 0 0 1
    outer loop
      vertex 48.1655 159.571 2.4
      vertex 47.8284 147.828 2.4
      vertex 48.1734 147.435 2.4
    endloop
  endfacet
  facet normal -0 0 1
    outer loop
      vertex 47.8223 159.18 2.4
      vertex 47.8284 147.828 2.4
      vertex 48.1655 159.571 2.4
    endloop
  endfacet
  facet normal -0 0 1
    outer loop
      vertex 47.8214 159.179 2.4
      vertex 47.8284 147.828 2.4
      vertex 47.8223 159.18 2.4
    endloop
  endfacet
  facet normal -0 0 1
    outer loop
      vertex 47.8203 159.178 2.4
      vertex 47.8284 147.828 2.4
      vertex 47.8214 159.179 2.4
    endloop
  endfacet
  facet normal 0 0 1
    outer loop
      vertex 47.8203 159.178 2.4
      vertex 47.435 148.173 2.4
      vertex 47.8284 147.828 2.4
    endloop
  endfacet
  facet normal -0 0 1
    outer loop
      vertex 47.429 158.834 2.4
      vertex 47.435 148.173 2.4
      vertex 47.8203 159.178 2.4
    endloop
  endfacet
  facet normal -0 0 1
    outer loop
      vertex 47.4278 158.834 2.4
      vertex 47.435 148.173 2.4
      vertex 47.429 158.834 2.4
    endloop
  endfacet
  facet normal 0 0 1
    outer loop
      vertex 47.4278 158.834 2.4
      vertex 47 148.464 2.4
      vertex 47.435 148.173 2.4
    endloop
  endfacet
  facet normal -0 0 1
    outer loop
      vertex 46.995 158.545 2.4
      vertex 47 148.464 2.4
      vertex 47.4278 158.834 2.4
    endloop
  endfacet
  facet normal 0 0 1
    outer loop
      vertex 46.995 158.545 2.4
      vertex 46.5307 148.696 2.4
      vertex 47 148.464 2.4
    endloop
  endfacet
  facet normal -0 0 1
    outer loop
      vertex 46.5282 158.314 2.4
      vertex 46.5307 148.696 2.4
      vertex 46.995 158.545 2.4
    endloop
  endfacet
  facet normal -0 0 1
    outer loop
      vertex 46.5269 158.314 2.4
      vertex 46.5307 148.696 2.4
      vertex 46.5282 158.314 2.4
    endloop
  endfacet
  facet normal 0 0 1
    outer loop
      vertex 46.5269 158.314 2.4
      vertex 46.0353 148.864 2.4
      vertex 46.5307 148.696 2.4
    endloop
  endfacet
  facet normal -0 0 1
    outer loop
      vertex 46.0341 158.146 2.4
      vertex 46.0353 148.864 2.4
      vertex 46.5269 158.314 2.4
    endloop
  endfacet
  facet normal -0 0 1
    outer loop
      vertex 46.0327 158.146 2.4
      vertex 46.0353 148.864 2.4
      vertex 46.0341 158.146 2.4
    endloop
  endfacet
  facet normal -0 0 1
    outer loop
      vertex 46.0313 158.146 2.4
      vertex 46.0353 148.864 2.4
      vertex 46.0327 158.146 2.4
    endloop
  endfacet
  facet normal 0 0 1
    outer loop
      vertex 46.0313 158.146 2.4
      vertex 45.5221 148.966 2.4
      vertex 46.0353 148.864 2.4
    endloop
  endfacet
  facet normal -0 0 1
    outer loop
      vertex 45.5208 158.044 2.4
      vertex 45.5221 148.966 2.4
      vertex 46.0313 158.146 2.4
    endloop
  endfacet
  facet normal -0 0 1
    outer loop
      vertex 45.0014 158.01 2.4
      vertex 45.5221 148.966 2.4
      vertex 45.5208 158.044 2.4
    endloop
  endfacet
  facet normal 0 0 1
    outer loop
      vertex 45 149 2.4
      vertex 45.0014 158.01 2.4
      vertex 45 158.01 2.4
    endloop
  endfacet
  facet normal 0 0 1
    outer loop
      vertex 45.0014 158.01 2.4
      vertex 45 149 2.4
      vertex 45.5221 148.966 2.4
    endloop
  endfacet
  facet normal -0 0 1
    outer loop
      vertex 44.9986 158.01 2.4
      vertex 45 149 2.4
      vertex 45 158.01 2.4
    endloop
  endfacet
  facet normal 0 0 1
    outer loop
      vertex 44.4792 158.044 2.4
      vertex 45 149 2.4
      vertex 44.9986 158.01 2.4
    endloop
  endfacet
  facet normal 0 0 1
    outer loop
      vertex 44.4792 158.044 2.4
      vertex 44.4779 148.966 2.4
      vertex 45 149 2.4
    endloop
  endfacet
  facet normal 0 0 1
    outer loop
      vertex 43.9687 158.146 2.4
      vertex 44.4779 148.966 2.4
      vertex 44.4792 158.044 2.4
    endloop
  endfacet
  facet normal 0 0 1
    outer loop
      vertex 43.9647 148.864 2.4
      vertex 43.9687 158.146 2.4
      vertex 43.9673 158.146 2.4
    endloop
  endfacet
  facet normal 0 0 1
    outer loop
      vertex 43.9647 148.864 2.4
      vertex 43.9673 158.146 2.4
      vertex 43.9659 158.146 2.4
    endloop
  endfacet
  facet normal 0 0 1
    outer loop
      vertex 43.9687 158.146 2.4
      vertex 43.9647 148.864 2.4
      vertex 44.4779 148.966 2.4
    endloop
  endfacet
  facet normal 0 0 1
    outer loop
      vertex 43.4731 158.314 2.4
      vertex 43.9647 148.864 2.4
      vertex 43.9659 158.146 2.4
    endloop
  endfacet
  facet normal 0 0 1
    outer loop
      vertex 43.4693 148.696 2.4
      vertex 43.4731 158.314 2.4
      vertex 43.4718 158.314 2.4
    endloop
  endfacet
  facet normal 0 0 1
    outer loop
      vertex 43.4731 158.314 2.4
      vertex 43.4693 148.696 2.4
      vertex 43.9647 148.864 2.4
    endloop
  endfacet
  facet normal 0 0 1
    outer loop
      vertex 43.005 158.545 2.4
      vertex 43.4693 148.696 2.4
      vertex 43.4718 158.314 2.4
    endloop
  endfacet
  facet normal 0 0 1
    outer loop
      vertex 43.005 158.545 2.4
      vertex 43 148.464 2.4
      vertex 43.4693 148.696 2.4
    endloop
  endfacet
  facet normal 0 0 1
    outer loop
      vertex 42.5722 158.834 2.4
      vertex 43 148.464 2.4
      vertex 43.005 158.545 2.4
    endloop
  endfacet
  facet normal 0 0 1
    outer loop
      vertex 42.565 148.173 2.4
      vertex 42.5722 158.834 2.4
      vertex 42.571 158.834 2.4
    endloop
  endfacet
  facet normal 0 0 1
    outer loop
      vertex 42.5722 158.834 2.4
      vertex 42.565 148.173 2.4
      vertex 43 148.464 2.4
    endloop
  endfacet
  facet normal 0 0 1
    outer loop
      vertex 42.1797 159.178 2.4
      vertex 42.565 148.173 2.4
      vertex 42.571 158.834 2.4
    endloop
  endfacet
  facet normal 0 0 1
    outer loop
      vertex 42.1716 147.828 2.4
      vertex 42.1797 159.178 2.4
      vertex 42.1786 159.179 2.4
    endloop
  endfacet
  facet normal 0 0 1
    outer loop
      vertex 42.1716 147.828 2.4
      vertex 42.1786 159.179 2.4
      vertex 42.1777 159.18 2.4
    endloop
  endfacet
  facet normal 0 0 1
    outer loop
      vertex 42.1797 159.178 2.4
      vertex 42.1716 147.828 2.4
      vertex 42.565 148.173 2.4
    endloop
  endfacet
  facet normal 0 0 1
    outer loop
      vertex 41.8345 159.571 2.4
      vertex 42.1716 147.828 2.4
      vertex 42.1777 159.18 2.4
    endloop
  endfacet
  facet normal 0 0 1
    outer loop
      vertex 41.8266 147.435 2.4
      vertex 41.8345 159.571 2.4
      vertex 41.8337 159.572 2.4
    endloop
  endfacet
  facet normal 0 0 1
    outer loop
      vertex 41.8345 159.571 2.4
      vertex 41.8266 147.435 2.4
      vertex 42.1716 147.828 2.4
    endloop
  endfacet
  facet normal 0 0 1
    outer loop
      vertex 41.5445 160.005 2.4
      vertex 41.8266 147.435 2.4
      vertex 41.8337 159.572 2.4
    endloop
  endfacet
  facet normal 0 0 1
    outer loop
      vertex 41.5445 160.005 2.4
      vertex 41.5359 147 2.4
      vertex 41.8266 147.435 2.4
    endloop
  endfacet
  facet normal 0 0 1
    outer loop
      vertex 41.3143 160.472 2.4
      vertex 41.5359 147 2.4
      vertex 41.5445 160.005 2.4
    endloop
  endfacet
  facet normal 0 0 1
    outer loop
      vertex 41.3045 146.531 2.4
      vertex 41.3143 160.472 2.4
      vertex 41.3137 160.473 2.4
    endloop
  endfacet
  facet normal 0 0 1
    outer loop
      vertex 41.3143 160.472 2.4
      vertex 41.3045 146.531 2.4
      vertex 41.5359 147 2.4
    endloop
  endfacet
  facet normal -0 0 1
    outer loop
      vertex 9.53109 167.75 2.4
      vertex 41.0441 161.479 2.4
      vertex 9.73358 168.161 2.4
    endloop
  endfacet
  facet normal 0 0 1
    outer loop
      vertex 41.01 161.999 2.4
      vertex 9.73358 168.161 2.4
      vertex 41.0441 161.479 2.4
    endloop
  endfacet
  facet normal 0 0 1
    outer loop
      vertex 41.0099 162 2.4
      vertex 9.73358 168.161 2.4
      vertex 41.01 161.999 2.4
    endloop
  endfacet
  facet normal 0 0 1
    outer loop
      vertex 41.0441 161.479 2.4
      vertex 9.53109 167.75 2.4
      vertex 41.1456 160.969 2.4
    endloop
  endfacet
  facet normal 0 0 1
    outer loop
      vertex 41.01 162.001 2.4
      vertex 9.73358 168.161 2.4
      vertex 41.0099 162 2.4
    endloop
  endfacet
  facet normal -0 0 1
    outer loop
      vertex 9.27674 167.369 2.4
      vertex 41.1456 160.969 2.4
      vertex 9.53109 167.75 2.4
    endloop
  endfacet
  facet normal -0 0 1
    outer loop
      vertex 9.73358 168.161 2.4
      vertex 41.01 162.001 2.4
      vertex 9.88074 168.594 2.4
    endloop
  endfacet
  facet normal 0 0 1
    outer loop
      vertex 41.0441 162.521 2.4
      vertex 9.88074 168.594 2.4
      vertex 41.01 162.001 2.4
    endloop
  endfacet
  facet normal 0 0 1
    outer loop
      vertex 41.1456 160.969 2.4
      vertex 9.27674 167.369 2.4
      vertex 41.1459 160.967 2.4
    endloop
  endfacet
  facet normal -0 0 1
    outer loop
      vertex 86.9701 6.95684 2.4
      vertex 87.6 4 2.4
      vertex 86.9701 169.043 2.4
    endloop
  endfacet
  facet normal 0 0 1
    outer loop
      vertex 87.6 4 2.4
      vertex 86.9701 6.95684 2.4
      vertex 87 6.5 2.4
    endloop
  endfacet
  facet normal -0 0 1
    outer loop
      vertex 86.8807 168.594 2.4
      vertex 86.9701 6.95684 2.4
      vertex 86.9701 169.043 2.4
    endloop
  endfacet
  facet normal 0 0 1
    outer loop
      vertex 86.8807 168.594 2.4
      vertex 86.8807 7.40587 2.4
      vertex 86.9701 6.95684 2.4
    endloop
  endfacet
  facet normal -0 0 1
    outer loop
      vertex 86.7336 168.161 2.4
      vertex 86.8807 7.40587 2.4
      vertex 86.8807 168.594 2.4
    endloop
  endfacet
  facet normal 0 0 1
    outer loop
      vertex 86.7336 168.161 2.4
      vertex 86.7336 7.83939 2.4
      vertex 86.8807 7.40587 2.4
    endloop
  endfacet
  facet normal -0 0 1
    outer loop
      vertex 86.5311 167.75 2.4
      vertex 86.7336 7.83939 2.4
      vertex 86.7336 168.161 2.4
    endloop
  endfacet
  facet normal 0 0 1
    outer loop
      vertex 86.5311 167.75 2.4
      vertex 86.5311 8.25 2.4
      vertex 86.7336 7.83939 2.4
    endloop
  endfacet
  facet normal 0 0 1
    outer loop
      vertex 67.0243 75.4316 2.4
      vertex 86.5311 167.75 2.4
      vertex 86.2767 167.369 2.4
    endloop
  endfacet
  facet normal 0 0 1
    outer loop
      vertex 86.5311 167.75 2.4
      vertex 67.0243 75.4316 2.4
      vertex 86.5311 8.25 2.4
    endloop
  endfacet
  facet normal 0 0 1
    outer loop
      vertex 66.9478 75.8165 2.4
      vertex 86.2767 167.369 2.4
      vertex 85.9749 167.025 2.4
    endloop
  endfacet
  facet normal -0 -0 1
    outer loop
      vertex 67.05 75.04 2.4
      vertex 86.5311 8.25 2.4
      vertex 67.0243 75.4316 2.4
    endloop
  endfacet
  facet normal 0 0 1
    outer loop
      vertex 66.8216 76.188 2.4
      vertex 85.9749 167.025 2.4
      vertex 85.6307 166.723 2.4
    endloop
  endfacet
  facet normal 0 0 1
    outer loop
      vertex 86.5311 8.25 2.4
      vertex 67.05 75.04 2.4
      vertex 86.2767 8.63066 2.4
    endloop
  endfacet
  facet normal 0 0 1
    outer loop
      vertex 66.6481 76.54 2.4
      vertex 85.6307 166.723 2.4
      vertex 85.25 166.469 2.4
    endloop
  endfacet
  facet normal 0 0 1
    outer loop
      vertex 86.2767 8.63066 2.4
      vertex 67.0243 74.6484 2.4
      vertex 85.9749 8.97487 2.4
    endloop
  endfacet
  facet normal 0 0 1
    outer loop
      vertex 66.4301 76.8663 2.4
      vertex 85.25 166.469 2.4
      vertex 84.8394 166.266 2.4
    endloop
  endfacet
  facet normal -0 0 1
    outer loop
      vertex 66.9478 74.2635 2.4
      vertex 85.9749 8.97487 2.4
      vertex 67.0243 74.6484 2.4
    endloop
  endfacet
  facet normal 0 0 1
    outer loop
      vertex 66.1713 77.1613 2.4
      vertex 84.8394 166.266 2.4
      vertex 84.4059 166.119 2.4
    endloop
  endfacet
  facet normal 0 0 1
    outer loop
      vertex 85.9749 8.97487 2.4
      vertex 66.9478 74.2635 2.4
      vertex 85.6307 9.27674 2.4
    endloop
  endfacet
  facet normal 0 0 1
    outer loop
      vertex 65.8763 77.4201 2.4
      vertex 84.4059 166.119 2.4
      vertex 83.9568 166.03 2.4
    endloop
  endfacet
  facet normal -0 0 1
    outer loop
      vertex 66.8216 73.892 2.4
      vertex 85.6307 9.27674 2.4
      vertex 66.9478 74.2635 2.4
    endloop
  endfacet
  facet normal 0 0 1
    outer loop
      vertex 82.5941 166.119 2.4
      vertex 48.8637 143.965 2.4
      vertex 83.0432 166.03 2.4
    endloop
  endfacet
  facet normal -0 -0 1
    outer loop
      vertex 71.7281 24.47 2.4
      vertex 85.6307 9.27674 2.4
      vertex 66.8216 73.892 2.4
    endloop
  endfacet
  facet normal 0 0 1
    outer loop
      vertex 48.8637 143.965 2.4
      vertex 82.5941 166.119 2.4
      vertex 48.9658 144.478 2.4
    endloop
  endfacet
  facet normal 0 0 1
    outer loop
      vertex 85.6307 9.27674 2.4
      vertex 71.7281 24.47 2.4
      vertex 85.25 9.53109 2.4
    endloop
  endfacet
  facet normal 0 0 1
    outer loop
      vertex 82.1606 166.266 2.4
      vertex 48.9658 144.478 2.4
      vertex 82.5941 166.119 2.4
    endloop
  endfacet
  facet normal -0 -0 1
    outer loop
      vertex 71.9016 24.118 2.4
      vertex 85.25 9.53109 2.4
      vertex 71.7281 24.47 2.4
    endloop
  endfacet
  facet normal 0 0 1
    outer loop
      vertex 48.9658 144.478 2.4
      vertex 82.1606 166.266 2.4
      vertex 49 145 2.4
    endloop
  endfacet
  facet normal 0 0 1
    outer loop
      vertex 85.25 9.53109 2.4
      vertex 71.9016 24.118 2.4
      vertex 84.8394 9.73358 2.4
    endloop
  endfacet
  facet normal 0 0 1
    outer loop
      vertex 49 145 2.4
      vertex 82.1606 166.266 2.4
      vertex 81.75 166.469 2.4
    endloop
  endfacet
  facet normal 0 0 1
    outer loop
      vertex 84.8394 9.73358 2.4
      vertex 72.0278 23.7465 2.4
      vertex 84.4059 9.88074 2.4
    endloop
  endfacet
  facet normal 0 0 1
    outer loop
      vertex 49 145 2.4
      vertex 81.75 166.469 2.4
      vertex 81.3693 166.723 2.4
    endloop
  endfacet
  facet normal -0 -0 1
    outer loop
      vertex 72.1043 23.3616 2.4
      vertex 84.4059 9.88074 2.4
      vertex 72.0278 23.7465 2.4
    endloop
  endfacet
  facet normal 0 0 1
    outer loop
      vertex 49 145 2.4
      vertex 81.3693 166.723 2.4
      vertex 81.0251 167.025 2.4
    endloop
  endfacet
  facet normal 0 0 1
    outer loop
      vertex 84.4059 9.88074 2.4
      vertex 72.1043 23.3616 2.4
      vertex 83.9568 9.97006 2.4
    endloop
  endfacet
  facet normal 0 0 1
    outer loop
      vertex 48.9559 161.479 2.4
      vertex 80.4689 167.75 2.4
      vertex 48.99 161.999 2.4
    endloop
  endfacet
  facet normal -0 -0 1
    outer loop
      vertex 72.13 22.97 2.4
      vertex 83.9568 9.97006 2.4
      vertex 72.1043 23.3616 2.4
    endloop
  endfacet
  facet normal 0 0 1
    outer loop
      vertex 80.2664 168.161 2.4
      vertex 48.99 161.999 2.4
      vertex 80.4689 167.75 2.4
    endloop
  endfacet
  facet normal -0 0 1
    outer loop
      vertex 72.1043 22.5784 2.4
      vertex 83.5 10 2.4
      vertex 72.13 22.97 2.4
    endloop
  endfacet
  facet normal 0 0 1
    outer loop
      vertex 48.99 161.999 2.4
      vertex 80.2664 168.161 2.4
      vertex 48.9901 162 2.4
    endloop
  endfacet
  facet normal 0 0 1
    outer loop
      vertex 83.5 10 2.4
      vertex 72.1043 22.5784 2.4
      vertex 83.0432 9.97006 2.4
    endloop
  endfacet
  facet normal 0 0 1
    outer loop
      vertex 48.99 162.001 2.4
      vertex 80.2664 168.161 2.4
      vertex 80.1193 168.594 2.4
    endloop
  endfacet
  facet normal -0 0 1
    outer loop
      vertex 72.0278 22.1935 2.4
      vertex 83.0432 9.97006 2.4
      vertex 72.1043 22.5784 2.4
    endloop
  endfacet
  facet normal 0 0 1
    outer loop
      vertex 48.9559 162.521 2.4
      vertex 80.1193 168.594 2.4
      vertex 80.0299 169.043 2.4
    endloop
  endfacet
  facet normal -0 0 1
    outer loop
      vertex 71.9016 21.8219 2.4
      vertex 82.5941 9.88074 2.4
      vertex 72.0278 22.1935 2.4
    endloop
  endfacet
  facet normal 0 0 1
    outer loop
      vertex 48.8541 163.033 2.4
      vertex 80.0299 169.043 2.4
      vertex 80 169.5 2.4
    endloop
  endfacet
  facet normal 0 0 1
    outer loop
      vertex 82.5941 9.88074 2.4
      vertex 71.9016 21.8219 2.4
      vertex 82.1606 9.73358 2.4
    endloop
  endfacet
  facet normal 0 0 1
    outer loop
      vertex 86.2767 171.631 2.4
      vertex 87.6 172 2.4
      vertex 87.5863 172.209 2.4
    endloop
  endfacet
  facet normal 0 0 1
    outer loop
      vertex 86.9701 169.043 2.4
      vertex 87.6 172 2.4
      vertex 87 169.5 2.4
    endloop
  endfacet
  facet normal 0 0 1
    outer loop
      vertex 86.2767 171.631 2.4
      vertex 87.5863 172.209 2.4
      vertex 87.5455 172.414 2.4
    endloop
  endfacet
  facet normal 0 0 1
    outer loop
      vertex 87.6 172 2.4
      vertex 86.9701 169.043 2.4
      vertex 87.6 4 2.4
    endloop
  endfacet
  facet normal 0 0 1
    outer loop
      vertex 86.2767 171.631 2.4
      vertex 87.5455 172.414 2.4
      vertex 87.4782 172.612 2.4
    endloop
  endfacet
  facet normal -0 0 1
    outer loop
      vertex 86.9701 6.04316 2.4
      vertex 87.6 4 2.4
      vertex 87 6.5 2.4
    endloop
  endfacet
  facet normal 0 0 1
    outer loop
      vertex 85.9749 171.975 2.4
      vertex 87.4782 172.612 2.4
      vertex 87.3856 172.8 2.4
    endloop
  endfacet
  facet normal -0 0 1
    outer loop
      vertex 86.8807 5.59413 2.4
      vertex 87.6 4 2.4
      vertex 86.9701 6.04316 2.4
    endloop
  endfacet
  facet normal 0 0 1
    outer loop
      vertex 85.9749 171.975 2.4
      vertex 87.3856 172.8 2.4
      vertex 87.2694 172.974 2.4
    endloop
  endfacet
  facet normal -0 0 1
    outer loop
      vertex 86.7336 5.16061 2.4
      vertex 87.6 4 2.4
      vertex 86.8807 5.59413 2.4
    endloop
  endfacet
  facet normal 0 0 1
    outer loop
      vertex 85.9749 171.975 2.4
      vertex 87.2694 172.974 2.4
      vertex 87.1314 173.131 2.4
    endloop
  endfacet
  facet normal -0 0 1
    outer loop
      vertex 86.5311 4.75 2.4
      vertex 87.6 4 2.4
      vertex 86.7336 5.16061 2.4
    endloop
  endfacet
  facet normal -0 0 1
    outer loop
      vertex 86.2767 4.36933 2.4
      vertex 87.6 4 2.4
      vertex 86.5311 4.75 2.4
    endloop
  endfacet
  facet normal 0 0 1
    outer loop
      vertex 85.9749 171.975 2.4
      vertex 87.1314 173.131 2.4
      vertex 86.974 173.269 2.4
    endloop
  endfacet
  facet normal 0 0 1
    outer loop
      vertex 87.6 172 2.4
      vertex 86.9701 169.957 2.4
      vertex 87 169.5 2.4
    endloop
  endfacet
  facet normal 0 0 1
    outer loop
      vertex 87.6 172 2.4
      vertex 86.8807 170.406 2.4
      vertex 86.9701 169.957 2.4
    endloop
  endfacet
  facet normal 0 0 1
    outer loop
      vertex 85.9749 171.975 2.4
      vertex 86.974 173.269 2.4
      vertex 86.8 173.386 2.4
    endloop
  endfacet
  facet normal 0 0 1
    outer loop
      vertex 87.6 172 2.4
      vertex 86.7336 170.839 2.4
      vertex 86.8807 170.406 2.4
    endloop
  endfacet
  facet normal 0 0 1
    outer loop
      vertex 85.9749 171.975 2.4
      vertex 86.8 173.386 2.4
      vertex 86.6123 173.478 2.4
    endloop
  endfacet
  facet normal 0 0 1
    outer loop
      vertex 87.6 172 2.4
      vertex 86.5311 171.25 2.4
      vertex 86.7336 170.839 2.4
    endloop
  endfacet
  facet normal 0 0 1
    outer loop
      vertex 85.6307 172.277 2.4
      vertex 86.6123 173.478 2.4
      vertex 86.4141 173.545 2.4
    endloop
  endfacet
  facet normal 0 0 1
    outer loop
      vertex 87.6 172 2.4
      vertex 86.2767 171.631 2.4
      vertex 86.5311 171.25 2.4
    endloop
  endfacet
  facet normal 0 0 1
    outer loop
      vertex 85.6307 172.277 2.4
      vertex 86.4141 173.545 2.4
      vertex 86.2088 173.586 2.4
    endloop
  endfacet
  facet normal 0 0 1
    outer loop
      vertex 85.6307 172.277 2.4
      vertex 86.2088 173.586 2.4
      vertex 86 173.6 2.4
    endloop
  endfacet
  facet normal 0 0 1
    outer loop
      vertex 87.4782 172.612 2.4
      vertex 85.9749 171.975 2.4
      vertex 86.2767 171.631 2.4
    endloop
  endfacet
  facet normal 0 0 1
    outer loop
      vertex 86.6123 173.478 2.4
      vertex 85.6307 172.277 2.4
      vertex 85.9749 171.975 2.4
    endloop
  endfacet
  facet normal 0 0 1
    outer loop
      vertex 86 173.6 2.4
      vertex 85.25 172.531 2.4
      vertex 85.6307 172.277 2.4
    endloop
  endfacet
  facet normal 0 0 1
    outer loop
      vertex 86 173.6 2.4
      vertex 84.8394 172.734 2.4
      vertex 85.25 172.531 2.4
    endloop
  endfacet
  facet normal 0 0 1
    outer loop
      vertex 86 173.6 2.4
      vertex 84.4059 172.881 2.4
      vertex 84.8394 172.734 2.4
    endloop
  endfacet
  facet normal 0 0 1
    outer loop
      vertex 86 173.6 2.4
      vertex 83.9568 172.97 2.4
      vertex 84.4059 172.881 2.4
    endloop
  endfacet
  facet normal 0 0 1
    outer loop
      vertex 86 173.6 2.4
      vertex 83.5 173 2.4
      vertex 83.9568 172.97 2.4
    endloop
  endfacet
  facet normal 0 0 1
    outer loop
      vertex 86 173.6 2.4
      vertex 83.0432 172.97 2.4
      vertex 83.5 173 2.4
    endloop
  endfacet
  facet normal 0 0 1
    outer loop
      vertex 86 173.6 2.4
      vertex 82.5941 172.881 2.4
      vertex 83.0432 172.97 2.4
    endloop
  endfacet
  facet normal -0 0 1
    outer loop
      vertex 71.7281 21.47 2.4
      vertex 82.1606 9.73358 2.4
      vertex 71.9016 21.8219 2.4
    endloop
  endfacet
  facet normal 0 0 1
    outer loop
      vertex 81.3693 9.27674 2.4
      vertex 71.2513 20.8487 2.4
      vertex 81.0251 8.97487 2.4
    endloop
  endfacet
  facet normal 0 0 1
    outer loop
      vertex 82.1606 9.73358 2.4
      vertex 71.7281 21.47 2.4
      vertex 81.75 9.53109 2.4
    endloop
  endfacet
  facet normal -0 0 1
    outer loop
      vertex 71.2513 20.8487 2.4
      vertex 81.3693 9.27674 2.4
      vertex 71.5101 21.1437 2.4
    endloop
  endfacet
  facet normal -0 0 1
    outer loop
      vertex 71.5101 21.1437 2.4
      vertex 81.75 9.53109 2.4
      vertex 71.7281 21.47 2.4
    endloop
  endfacet
  facet normal 0 0 1
    outer loop
      vertex 81.75 9.53109 2.4
      vertex 71.5101 21.1437 2.4
      vertex 81.3693 9.27674 2.4
    endloop
  endfacet
  facet normal 0 0 1
    outer loop
      vertex 83.0432 9.97006 2.4
      vertex 72.0278 22.1935 2.4
      vertex 82.5941 9.88074 2.4
    endloop
  endfacet
  facet normal 0 0 1
    outer loop
      vertex 83.9568 9.97006 2.4
      vertex 72.13 22.97 2.4
      vertex 83.5 10 2.4
    endloop
  endfacet
  facet normal -0 -0 1
    outer loop
      vertex 72.0278 23.7465 2.4
      vertex 84.8394 9.73358 2.4
      vertex 71.9016 24.118 2.4
    endloop
  endfacet
  facet normal 0 0 1
    outer loop
      vertex 71.7281 24.47 2.4
      vertex 66.8216 73.892 2.4
      vertex 71.5101 24.7963 2.4
    endloop
  endfacet
  facet normal 0 0 1
    outer loop
      vertex 48.6863 163.527 2.4
      vertex 80 169.5 2.4
      vertex 80.0299 169.957 2.4
    endloop
  endfacet
  facet normal -0 0 1
    outer loop
      vertex 66.6481 73.54 2.4
      vertex 71.5101 24.7963 2.4
      vertex 66.8216 73.892 2.4
    endloop
  endfacet
  facet normal 0 0 1
    outer loop
      vertex 71.5101 24.7963 2.4
      vertex 66.6481 73.54 2.4
      vertex 71.2513 25.0913 2.4
    endloop
  endfacet
  facet normal -0 0 1
    outer loop
      vertex 66.4301 73.2137 2.4
      vertex 71.2513 25.0913 2.4
      vertex 66.6481 73.54 2.4
    endloop
  endfacet
  facet normal 0 0 1
    outer loop
      vertex 71.2513 25.0913 2.4
      vertex 66.4301 73.2137 2.4
      vertex 70.9563 25.3501 2.4
    endloop
  endfacet
  facet normal -0 0 1
    outer loop
      vertex 66.1713 72.9187 2.4
      vertex 70.9563 25.3501 2.4
      vertex 66.4301 73.2137 2.4
    endloop
  endfacet
  facet normal 0 0 1
    outer loop
      vertex 70.9563 25.3501 2.4
      vertex 66.1713 72.9187 2.4
      vertex 70.63 25.5681 2.4
    endloop
  endfacet
  facet normal -0 0 1
    outer loop
      vertex 65.8763 72.6599 2.4
      vertex 70.63 25.5681 2.4
      vertex 66.1713 72.9187 2.4
    endloop
  endfacet
  facet normal 0 0 1
    outer loop
      vertex 70.63 25.5681 2.4
      vertex 65.8763 72.6599 2.4
      vertex 70.278 25.7416 2.4
    endloop
  endfacet
  facet normal -0 0 1
    outer loop
      vertex 65.55 72.4419 2.4
      vertex 70.278 25.7416 2.4
      vertex 65.8763 72.6599 2.4
    endloop
  endfacet
  facet normal -0 0 1
    outer loop
      vertex 67.0243 74.6484 2.4
      vertex 86.2767 8.63066 2.4
      vertex 67.05 75.04 2.4
    endloop
  endfacet
  facet normal 0 0 1
    outer loop
      vertex 86.2767 167.369 2.4
      vertex 66.9478 75.8165 2.4
      vertex 67.0243 75.4316 2.4
    endloop
  endfacet
  facet normal 0 0 1
    outer loop
      vertex 85.9749 167.025 2.4
      vertex 66.8216 76.188 2.4
      vertex 66.9478 75.8165 2.4
    endloop
  endfacet
  facet normal 0 0 1
    outer loop
      vertex 85.6307 166.723 2.4
      vertex 66.6481 76.54 2.4
      vertex 66.8216 76.188 2.4
    endloop
  endfacet
  facet normal 0 0 1
    outer loop
      vertex 85.25 166.469 2.4
      vertex 66.4301 76.8663 2.4
      vertex 66.6481 76.54 2.4
    endloop
  endfacet
  facet normal 0 0 1
    outer loop
      vertex 84.8394 166.266 2.4
      vertex 66.1713 77.1613 2.4
      vertex 66.4301 76.8663 2.4
    endloop
  endfacet
  facet normal 0 0 1
    outer loop
      vertex 84.4059 166.119 2.4
      vertex 65.8763 77.4201 2.4
      vertex 66.1713 77.1613 2.4
    endloop
  endfacet
  facet normal 0 0 1
    outer loop
      vertex 83.9568 166.03 2.4
      vertex 65.55 77.6381 2.4
      vertex 65.8763 77.4201 2.4
    endloop
  endfacet
  facet normal 0 0 1
    outer loop
      vertex 48.6955 143.469 2.4
      vertex 83.0432 166.03 2.4
      vertex 48.8637 143.965 2.4
    endloop
  endfacet
  facet normal 0 0 1
    outer loop
      vertex 83.0432 166.03 2.4
      vertex 48.6955 143.469 2.4
      vertex 83.5 166 2.4
    endloop
  endfacet
  facet normal 0 0 1
    outer loop
      vertex 48.4641 143 2.4
      vertex 83.5 166 2.4
      vertex 48.6955 143.469 2.4
    endloop
  endfacet
  facet normal -0 0 1
    outer loop
      vertex 83.5 166 2.4
      vertex 48.4641 143 2.4
      vertex 83.9568 166.03 2.4
    endloop
  endfacet
  facet normal 0 0 1
    outer loop
      vertex 83.9568 166.03 2.4
      vertex 48.4641 143 2.4
      vertex 65.55 77.6381 2.4
    endloop
  endfacet
  facet normal 0 0 1
    outer loop
      vertex 48.99 84.5814 2.4
      vertex 64.05 78.04 2.4
      vertex 64.4416 78.0143 2.4
    endloop
  endfacet
  facet normal 0 0 1
    outer loop
      vertex 48.99 84.5814 2.4
      vertex 63.6584 78.0143 2.4
      vertex 64.05 78.04 2.4
    endloop
  endfacet
  facet normal 0 0 1
    outer loop
      vertex 48.99 84.5814 2.4
      vertex 63.2735 77.9378 2.4
      vertex 63.6584 78.0143 2.4
    endloop
  endfacet
  facet normal 0 0 1
    outer loop
      vertex 48.99 84.5814 2.4
      vertex 62.9019 77.8116 2.4
      vertex 63.2735 77.9378 2.4
    endloop
  endfacet
  facet normal 0 0 1
    outer loop
      vertex 48.99 84.5814 2.4
      vertex 62.55 77.6381 2.4
      vertex 62.9019 77.8116 2.4
    endloop
  endfacet
  facet normal 0 0 1
    outer loop
      vertex 62.55 77.6381 2.4
      vertex 48.9901 84.58 2.4
      vertex 62.2237 77.4201 2.4
    endloop
  endfacet
  facet normal -0 0 1
    outer loop
      vertex 48.99 84.5786 2.4
      vertex 62.2237 77.4201 2.4
      vertex 48.9901 84.58 2.4
    endloop
  endfacet
  facet normal -0 0 1
    outer loop
      vertex 48.9559 84.0592 2.4
      vertex 62.2237 77.4201 2.4
      vertex 48.99 84.5786 2.4
    endloop
  endfacet
  facet normal 0 0 1
    outer loop
      vertex 48.4555 163.995 2.4
      vertex 80.0299 169.957 2.4
      vertex 80.1193 170.406 2.4
    endloop
  endfacet
  facet normal 0 0 1
    outer loop
      vertex 62.2237 77.4201 2.4
      vertex 48.9559 84.0592 2.4
      vertex 61.9287 77.1613 2.4
    endloop
  endfacet
  facet normal 0 0 1
    outer loop
      vertex 61.9287 77.1613 2.4
      vertex 48.8541 83.5473 2.4
      vertex 61.6699 76.8663 2.4
    endloop
  endfacet
  facet normal -0 0 1
    outer loop
      vertex 48.8541 83.5473 2.4
      vertex 61.9287 77.1613 2.4
      vertex 48.8544 83.5487 2.4
    endloop
  endfacet
  facet normal -0 0 1
    outer loop
      vertex 48.8544 83.5487 2.4
      vertex 61.9287 77.1613 2.4
      vertex 48.9559 84.0592 2.4
    endloop
  endfacet
  facet normal 0 0 1
    outer loop
      vertex 48.1655 164.429 2.4
      vertex 80.1193 170.406 2.4
      vertex 80.2664 170.839 2.4
    endloop
  endfacet
  facet normal 0 0 1
    outer loop
      vertex 47.8214 164.821 2.4
      vertex 80.2664 170.839 2.4
      vertex 80.4689 171.25 2.4
    endloop
  endfacet
  facet normal 0 0 1
    outer loop
      vertex 47.429 165.166 2.4
      vertex 80.4689 171.25 2.4
      vertex 80.7233 171.631 2.4
    endloop
  endfacet
  facet normal 0 0 1
    outer loop
      vertex 46.995 165.455 2.4
      vertex 80.7233 171.631 2.4
      vertex 81.0251 171.975 2.4
    endloop
  endfacet
  facet normal 0 0 1
    outer loop
      vertex 46.5269 165.686 2.4
      vertex 81.0251 171.975 2.4
      vertex 81.3693 172.277 2.4
    endloop
  endfacet
  facet normal 0 0 1
    outer loop
      vertex 80.4689 167.75 2.4
      vertex 48.9559 161.479 2.4
      vertex 80.7233 167.369 2.4
    endloop
  endfacet
  facet normal 0 0 1
    outer loop
      vertex 46.0327 165.854 2.4
      vertex 81.3693 172.277 2.4
      vertex 81.75 172.531 2.4
    endloop
  endfacet
  facet normal 0 0 1
    outer loop
      vertex 45.5208 165.956 2.4
      vertex 81.75 172.531 2.4
      vertex 82.1606 172.734 2.4
    endloop
  endfacet
  facet normal 0 0 1
    outer loop
      vertex 7.83939 172.734 2.4
      vertex 82.1606 172.734 2.4
      vertex 82.5941 172.881 2.4
    endloop
  endfacet
  facet normal 0 0 1
    outer loop
      vertex 80.2664 168.161 2.4
      vertex 48.99 162.001 2.4
      vertex 48.9901 162 2.4
    endloop
  endfacet
  facet normal 0 0 1
    outer loop
      vertex 80.1193 168.594 2.4
      vertex 48.9559 162.521 2.4
      vertex 48.99 162.001 2.4
    endloop
  endfacet
  facet normal 0 0 1
    outer loop
      vertex 80.0299 169.043 2.4
      vertex 48.8544 163.031 2.4
      vertex 48.9559 162.521 2.4
    endloop
  endfacet
  facet normal 0 0 1
    outer loop
      vertex 80.0299 169.043 2.4
      vertex 48.8541 163.033 2.4
      vertex 48.8544 163.031 2.4
    endloop
  endfacet
  facet normal 0 0 1
    outer loop
      vertex 80 169.5 2.4
      vertex 48.8536 163.034 2.4
      vertex 48.8541 163.033 2.4
    endloop
  endfacet
  facet normal 0 0 1
    outer loop
      vertex 80 169.5 2.4
      vertex 48.6863 163.527 2.4
      vertex 48.8536 163.034 2.4
    endloop
  endfacet
  facet normal 0 0 1
    outer loop
      vertex 80.0299 169.957 2.4
      vertex 48.6857 163.528 2.4
      vertex 48.6863 163.527 2.4
    endloop
  endfacet
  facet normal 0 0 1
    outer loop
      vertex 80.0299 169.957 2.4
      vertex 48.4555 163.995 2.4
      vertex 48.6857 163.528 2.4
    endloop
  endfacet
  facet normal 0 0 1
    outer loop
      vertex 80.1193 170.406 2.4
      vertex 48.1663 164.428 2.4
      vertex 48.4555 163.995 2.4
    endloop
  endfacet
  facet normal 0 0 1
    outer loop
      vertex 80.1193 170.406 2.4
      vertex 48.1655 164.429 2.4
      vertex 48.1663 164.428 2.4
    endloop
  endfacet
  facet normal 0 0 1
    outer loop
      vertex 80.2664 170.839 2.4
      vertex 47.8223 164.82 2.4
      vertex 48.1655 164.429 2.4
    endloop
  endfacet
  facet normal 0 0 1
    outer loop
      vertex 80.2664 170.839 2.4
      vertex 47.8214 164.821 2.4
      vertex 47.8223 164.82 2.4
    endloop
  endfacet
  facet normal 0 0 1
    outer loop
      vertex 80.4689 171.25 2.4
      vertex 47.8203 164.822 2.4
      vertex 47.8214 164.821 2.4
    endloop
  endfacet
  facet normal 0 0 1
    outer loop
      vertex 80.4689 171.25 2.4
      vertex 47.429 165.166 2.4
      vertex 47.8203 164.822 2.4
    endloop
  endfacet
  facet normal 0 0 1
    outer loop
      vertex 80.7233 171.631 2.4
      vertex 47.4278 165.166 2.4
      vertex 47.429 165.166 2.4
    endloop
  endfacet
  facet normal 0 0 1
    outer loop
      vertex 80.7233 171.631 2.4
      vertex 46.995 165.455 2.4
      vertex 47.4278 165.166 2.4
    endloop
  endfacet
  facet normal 0 0 1
    outer loop
      vertex 7.40587 172.881 2.4
      vertex 82.5941 172.881 2.4
      vertex 86 173.6 2.4
    endloop
  endfacet
  facet normal 0 0 1
    outer loop
      vertex 81.0251 171.975 2.4
      vertex 46.5282 165.686 2.4
      vertex 46.995 165.455 2.4
    endloop
  endfacet
  facet normal 0 0 1
    outer loop
      vertex 81.0251 171.975 2.4
      vertex 46.5269 165.686 2.4
      vertex 46.5282 165.686 2.4
    endloop
  endfacet
  facet normal 0 0 1
    outer loop
      vertex 81.3693 172.277 2.4
      vertex 46.0341 165.854 2.4
      vertex 46.5269 165.686 2.4
    endloop
  endfacet
  facet normal 0 0 1
    outer loop
      vertex 81.3693 172.277 2.4
      vertex 46.0327 165.854 2.4
      vertex 46.0341 165.854 2.4
    endloop
  endfacet
  facet normal 0 0 1
    outer loop
      vertex 81.75 172.531 2.4
      vertex 46.0313 165.854 2.4
      vertex 46.0327 165.854 2.4
    endloop
  endfacet
  facet normal 0 0 1
    outer loop
      vertex 81.75 172.531 2.4
      vertex 45.5208 165.956 2.4
      vertex 46.0313 165.854 2.4
    endloop
  endfacet
  facet normal 0 0 1
    outer loop
      vertex 82.1606 172.734 2.4
      vertex 45.0014 165.99 2.4
      vertex 45.5208 165.956 2.4
    endloop
  endfacet
  facet normal 0 0 1
    outer loop
      vertex 82.1606 172.734 2.4
      vertex 45 165.99 2.4
      vertex 45.0014 165.99 2.4
    endloop
  endfacet
  facet normal 0 0 1
    outer loop
      vertex 82.1606 172.734 2.4
      vertex 7.83939 172.734 2.4
      vertex 45 165.99 2.4
    endloop
  endfacet
  facet normal 0 0 1
    outer loop
      vertex 45 165.99 2.4
      vertex 7.83939 172.734 2.4
      vertex 44.9986 165.99 2.4
    endloop
  endfacet
  facet normal 0 0 1
    outer loop
      vertex 44.4792 165.956 2.4
      vertex 43.9673 165.854 2.4
      vertex 43.9687 165.854 2.4
    endloop
  endfacet
  facet normal -0 0 -1
    outer loop
      vertex 43.4731 165.686 2.4
      vertex 43.005 165.455 2.4
      vertex 43.4718 165.686 2.4
    endloop
  endfacet
  facet normal 0 0 1
    outer loop
      vertex 43.005 165.455 2.4
      vertex 42.571 165.166 2.4
      vertex 42.5722 165.166 2.4
    endloop
  endfacet
  facet normal 0 0 1
    outer loop
      vertex 9.53109 171.25 2.4
      vertex 42.1797 164.822 2.4
      vertex 42.571 165.166 2.4
    endloop
  endfacet
  facet normal 0 0 1
    outer loop
      vertex 9.73358 170.839 2.4
      vertex 42.1777 164.82 2.4
      vertex 42.1786 164.821 2.4
    endloop
  endfacet
  facet normal 0 0 1
    outer loop
      vertex 9.97006 169.957 2.4
      vertex 41.3143 163.528 2.4
      vertex 41.5445 163.995 2.4
    endloop
  endfacet
  facet normal 0 0 1
    outer loop
      vertex 10 169.5 2.4
      vertex 41.1464 163.034 2.4
      vertex 41.3137 163.527 2.4
    endloop
  endfacet
  facet normal -0 0 1
    outer loop
      vertex 9.97006 169.043 2.4
      vertex 41.1459 163.033 2.4
      vertex 10 169.5 2.4
    endloop
  endfacet
  facet normal 0 0 1
    outer loop
      vertex 41.1459 160.967 2.4
      vertex 9.27674 167.369 2.4
      vertex 41.1464 160.966 2.4
    endloop
  endfacet
  facet normal 0 0 1
    outer loop
      vertex 41.01 84.5814 2.4
      vertex 39.0843 75.4316 2.4
      vertex 39.11 75.04 2.4
    endloop
  endfacet
  facet normal 0 0 1
    outer loop
      vertex 41.01 84.5814 2.4
      vertex 39.0078 75.8165 2.4
      vertex 39.0843 75.4316 2.4
    endloop
  endfacet
  facet normal 0 0 1
    outer loop
      vertex 41.01 84.5814 2.4
      vertex 38.8816 76.188 2.4
      vertex 39.0078 75.8165 2.4
    endloop
  endfacet
  facet normal 0 0 1
    outer loop
      vertex 41.01 84.5814 2.4
      vertex 38.7081 76.54 2.4
      vertex 38.8816 76.188 2.4
    endloop
  endfacet
  facet normal 0 0 1
    outer loop
      vertex 41.01 84.5814 2.4
      vertex 38.4901 76.8663 2.4
      vertex 38.7081 76.54 2.4
    endloop
  endfacet
  facet normal 0 0 1
    outer loop
      vertex 41.01 84.5814 2.4
      vertex 38.2313 77.1613 2.4
      vertex 38.4901 76.8663 2.4
    endloop
  endfacet
  facet normal 0 0 1
    outer loop
      vertex 41.01 84.5814 2.4
      vertex 37.9363 77.4201 2.4
      vertex 38.2313 77.1613 2.4
    endloop
  endfacet
  facet normal 0 0 1
    outer loop
      vertex 41.01 84.5814 2.4
      vertex 37.61 77.6381 2.4
      vertex 37.9363 77.4201 2.4
    endloop
  endfacet
  facet normal 0 0 1
    outer loop
      vertex 41.01 84.5814 2.4
      vertex 37.258 77.8116 2.4
      vertex 37.61 77.6381 2.4
    endloop
  endfacet
  facet normal 0 0 1
    outer loop
      vertex 41.01 84.5814 2.4
      vertex 36.8865 77.9378 2.4
      vertex 37.258 77.8116 2.4
    endloop
  endfacet
  facet normal 0 0 1
    outer loop
      vertex 41.01 84.5814 2.4
      vertex 36.5016 78.0143 2.4
      vertex 36.8865 77.9378 2.4
    endloop
  endfacet
  facet normal 0 0 1
    outer loop
      vertex 41.01 84.5814 2.4
      vertex 36.11 78.04 2.4
      vertex 36.5016 78.0143 2.4
    endloop
  endfacet
  facet normal 0 0 1
    outer loop
      vertex 41.01 84.5814 2.4
      vertex 35.7184 78.0143 2.4
      vertex 36.11 78.04 2.4
    endloop
  endfacet
  facet normal 0 0 1
    outer loop
      vertex 41.01 84.5814 2.4
      vertex 35.3335 77.9378 2.4
      vertex 35.7184 78.0143 2.4
    endloop
  endfacet
  facet normal -0 0 1
    outer loop
      vertex 9.88074 168.594 2.4
      vertex 41.0441 162.521 2.4
      vertex 9.97006 169.043 2.4
    endloop
  endfacet
  facet normal 0 0 1
    outer loop
      vertex 41.1456 163.031 2.4
      vertex 9.97006 169.043 2.4
      vertex 41.0441 162.521 2.4
    endloop
  endfacet
  facet normal 0 0 1
    outer loop
      vertex 41.0441 85.1008 2.4
      vertex 35.3335 77.9378 2.4
      vertex 41.01 84.5814 2.4
    endloop
  endfacet
  facet normal -0 0 1
    outer loop
      vertex 8.63066 166.723 2.4
      vertex 41.1363 146.035 2.4
      vertex 8.97487 167.025 2.4
    endloop
  endfacet
  facet normal 0 -0 1
    outer loop
      vertex 35.3335 77.9378 2.4
      vertex 41.0441 85.1008 2.4
      vertex 34.9619 77.8116 2.4
    endloop
  endfacet
  facet normal 0 0 1
    outer loop
      vertex 41.1456 85.6113 2.4
      vertex 34.9619 77.8116 2.4
      vertex 41.0441 85.1008 2.4
    endloop
  endfacet
  facet normal 0 -0 1
    outer loop
      vertex 34.9619 77.8116 2.4
      vertex 41.1459 85.6127 2.4
      vertex 34.61 77.6381 2.4
    endloop
  endfacet
  facet normal 0 0 1
    outer loop
      vertex 41.1363 146.035 2.4
      vertex 8.63066 166.723 2.4
      vertex 41.0342 145.522 2.4
    endloop
  endfacet
  facet normal -0 0 1
    outer loop
      vertex 8.25 166.469 2.4
      vertex 41.0342 145.522 2.4
      vertex 8.63066 166.723 2.4
    endloop
  endfacet
  facet normal 0 0 1
    outer loop
      vertex 41.0342 145.522 2.4
      vertex 8.25 166.469 2.4
      vertex 41 145 2.4
    endloop
  endfacet
  facet normal -0 0 1
    outer loop
      vertex 7.83939 166.266 2.4
      vertex 41 145 2.4
      vertex 8.25 166.469 2.4
    endloop
  endfacet
  facet normal 0 0 1
    outer loop
      vertex 18.2719 25.74 2.4
      vertex 33.11 75.04 2.4
      vertex 33.1357 75.4316 2.4
    endloop
  endfacet
  facet normal 0 0 1
    outer loop
      vertex 41 145 2.4
      vertex 7.83939 166.266 2.4
      vertex 41.0342 144.478 2.4
    endloop
  endfacet
  facet normal 0 0 1
    outer loop
      vertex 33.11 75.04 2.4
      vertex 23.8443 24.6316 2.4
      vertex 23.87 24.24 2.4
    endloop
  endfacet
  facet normal 0 0 1
    outer loop
      vertex 33.11 75.04 2.4
      vertex 23.7678 25.0165 2.4
      vertex 23.8443 24.6316 2.4
    endloop
  endfacet
  facet normal 0 0 1
    outer loop
      vertex 33.11 75.04 2.4
      vertex 23.6416 25.3881 2.4
      vertex 23.7678 25.0165 2.4
    endloop
  endfacet
  facet normal 0 0 1
    outer loop
      vertex 33.11 75.04 2.4
      vertex 23.4681 25.74 2.4
      vertex 23.6416 25.3881 2.4
    endloop
  endfacet
  facet normal 0 0 1
    outer loop
      vertex 33.11 75.04 2.4
      vertex 23.2501 26.0663 2.4
      vertex 23.4681 25.74 2.4
    endloop
  endfacet
  facet normal 0 0 1
    outer loop
      vertex 33.11 75.04 2.4
      vertex 22.9913 26.3613 2.4
      vertex 23.2501 26.0663 2.4
    endloop
  endfacet
  facet normal 0 0 1
    outer loop
      vertex 33.11 75.04 2.4
      vertex 22.6963 26.6201 2.4
      vertex 22.9913 26.3613 2.4
    endloop
  endfacet
  facet normal 0 0 1
    outer loop
      vertex 33.11 75.04 2.4
      vertex 22.37 26.8381 2.4
      vertex 22.6963 26.6201 2.4
    endloop
  endfacet
  facet normal 0 0 1
    outer loop
      vertex 33.11 75.04 2.4
      vertex 22.0181 27.0116 2.4
      vertex 22.37 26.8381 2.4
    endloop
  endfacet
  facet normal 0 0 1
    outer loop
      vertex 33.11 75.04 2.4
      vertex 21.6465 27.1378 2.4
      vertex 22.0181 27.0116 2.4
    endloop
  endfacet
  facet normal 0 0 1
    outer loop
      vertex 33.11 75.04 2.4
      vertex 21.2616 27.2143 2.4
      vertex 21.6465 27.1378 2.4
    endloop
  endfacet
  facet normal 0 0 1
    outer loop
      vertex 33.11 75.04 2.4
      vertex 20.87 27.24 2.4
      vertex 21.2616 27.2143 2.4
    endloop
  endfacet
  facet normal 0 0 1
    outer loop
      vertex 33.11 75.04 2.4
      vertex 20.4784 27.2143 2.4
      vertex 20.87 27.24 2.4
    endloop
  endfacet
  facet normal -0 0 1
    outer loop
      vertex 7.40587 166.119 2.4
      vertex 41.0342 144.478 2.4
      vertex 7.83939 166.266 2.4
    endloop
  endfacet
  facet normal 0 0 1
    outer loop
      vertex 33.11 75.04 2.4
      vertex 20.0935 27.1378 2.4
      vertex 20.4784 27.2143 2.4
    endloop
  endfacet
  facet normal 0 0 1
    outer loop
      vertex 33.11 75.04 2.4
      vertex 19.722 27.0116 2.4
      vertex 20.0935 27.1378 2.4
    endloop
  endfacet
  facet normal 0 0 1
    outer loop
      vertex 33.11 75.04 2.4
      vertex 19.37 26.8381 2.4
      vertex 19.722 27.0116 2.4
    endloop
  endfacet
  facet normal 0 0 1
    outer loop
      vertex 33.11 75.04 2.4
      vertex 19.0437 26.6201 2.4
      vertex 19.37 26.8381 2.4
    endloop
  endfacet
  facet normal 0 0 1
    outer loop
      vertex 33.11 75.04 2.4
      vertex 18.7487 26.3613 2.4
      vertex 19.0437 26.6201 2.4
    endloop
  endfacet
  facet normal 0 0 1
    outer loop
      vertex 33.11 75.04 2.4
      vertex 18.4899 26.0663 2.4
      vertex 18.7487 26.3613 2.4
    endloop
  endfacet
  facet normal 0 0 1
    outer loop
      vertex 33.11 75.04 2.4
      vertex 18.2719 25.74 2.4
      vertex 18.4899 26.0663 2.4
    endloop
  endfacet
  facet normal 0 0 1
    outer loop
      vertex 41.0342 144.478 2.4
      vertex 7.40587 166.119 2.4
      vertex 41.1363 143.965 2.4
    endloop
  endfacet
  facet normal -0 0 1
    outer loop
      vertex 6.95684 166.03 2.4
      vertex 41.1363 143.965 2.4
      vertex 7.40587 166.119 2.4
    endloop
  endfacet
  facet normal 0 0 1
    outer loop
      vertex 17.9722 25.0165 2.4
      vertex 10 6.5 2.4
      vertex 17.8957 24.6316 2.4
    endloop
  endfacet
  facet normal 0 0 1
    outer loop
      vertex 18.0984 25.3881 2.4
      vertex 10 6.5 2.4
      vertex 17.9722 25.0165 2.4
    endloop
  endfacet
  facet normal 0 0 1
    outer loop
      vertex 41.1459 163.033 2.4
      vertex 9.97006 169.043 2.4
      vertex 41.1456 163.031 2.4
    endloop
  endfacet
  facet normal 0 0 1
    outer loop
      vertex 41.1464 163.034 2.4
      vertex 10 169.5 2.4
      vertex 41.1459 163.033 2.4
    endloop
  endfacet
  facet normal 0 0 1
    outer loop
      vertex 41.3143 163.528 2.4
      vertex 9.97006 169.957 2.4
      vertex 41.3137 163.527 2.4
    endloop
  endfacet
  facet normal 0 0 1
    outer loop
      vertex 9.88074 170.406 2.4
      vertex 41.5445 163.995 2.4
      vertex 41.8337 164.428 2.4
    endloop
  endfacet
  facet normal 0 0 1
    outer loop
      vertex 9.88074 170.406 2.4
      vertex 41.8337 164.428 2.4
      vertex 41.8345 164.429 2.4
    endloop
  endfacet
  facet normal 0 0 1
    outer loop
      vertex 42.1777 164.82 2.4
      vertex 9.73358 170.839 2.4
      vertex 41.8345 164.429 2.4
    endloop
  endfacet
  facet normal 0 0 1
    outer loop
      vertex 42.1797 164.822 2.4
      vertex 9.53109 171.25 2.4
      vertex 42.1786 164.821 2.4
    endloop
  endfacet
  facet normal 0 0 1
    outer loop
      vertex 9.27674 171.631 2.4
      vertex 42.571 165.166 2.4
      vertex 43.005 165.455 2.4
    endloop
  endfacet
  facet normal 0 0 1
    outer loop
      vertex 8.97487 171.975 2.4
      vertex 43.005 165.455 2.4
      vertex 43.4731 165.686 2.4
    endloop
  endfacet
  facet normal 0 0 1
    outer loop
      vertex 8.63066 172.277 2.4
      vertex 43.4731 165.686 2.4
      vertex 43.9659 165.854 2.4
    endloop
  endfacet
  facet normal 0 0 1
    outer loop
      vertex 8.63066 172.277 2.4
      vertex 43.9659 165.854 2.4
      vertex 43.9673 165.854 2.4
    endloop
  endfacet
  facet normal 0 0 1
    outer loop
      vertex 8.25 172.531 2.4
      vertex 43.9673 165.854 2.4
      vertex 44.4792 165.956 2.4
    endloop
  endfacet
  facet normal 0 0 1
    outer loop
      vertex 44.9986 165.99 2.4
      vertex 7.83939 172.734 2.4
      vertex 44.4792 165.956 2.4
    endloop
  endfacet
  facet normal 0 0 1
    outer loop
      vertex 41.3137 163.527 2.4
      vertex 9.97006 169.957 2.4
      vertex 10 169.5 2.4
    endloop
  endfacet
  facet normal 0 0 1
    outer loop
      vertex 41.5445 163.995 2.4
      vertex 9.88074 170.406 2.4
      vertex 9.97006 169.957 2.4
    endloop
  endfacet
  facet normal 0 0 1
    outer loop
      vertex 41.8345 164.429 2.4
      vertex 9.73358 170.839 2.4
      vertex 9.88074 170.406 2.4
    endloop
  endfacet
  facet normal 0 0 1
    outer loop
      vertex 42.1786 164.821 2.4
      vertex 9.53109 171.25 2.4
      vertex 9.73358 170.839 2.4
    endloop
  endfacet
  facet normal 0 0 1
    outer loop
      vertex 42.571 165.166 2.4
      vertex 9.27674 171.631 2.4
      vertex 9.53109 171.25 2.4
    endloop
  endfacet
  facet normal 0 0 1
    outer loop
      vertex 43.005 165.455 2.4
      vertex 8.97487 171.975 2.4
      vertex 9.27674 171.631 2.4
    endloop
  endfacet
  facet normal 0 0 1
    outer loop
      vertex 43.4731 165.686 2.4
      vertex 8.63066 172.277 2.4
      vertex 8.97487 171.975 2.4
    endloop
  endfacet
  facet normal 0 0 1
    outer loop
      vertex 43.9673 165.854 2.4
      vertex 8.25 172.531 2.4
      vertex 8.63066 172.277 2.4
    endloop
  endfacet
  facet normal 0 0 1
    outer loop
      vertex 44.4792 165.956 2.4
      vertex 7.83939 172.734 2.4
      vertex 8.25 172.531 2.4
    endloop
  endfacet
  facet normal 0 0 1
    outer loop
      vertex 82.5941 172.881 2.4
      vertex 7.40587 172.881 2.4
      vertex 7.83939 172.734 2.4
    endloop
  endfacet
  facet normal 0 0 1
    outer loop
      vertex 86 173.6 2.4
      vertex 6.95684 172.97 2.4
      vertex 7.40587 172.881 2.4
    endloop
  endfacet
  facet normal -0 0 1
    outer loop
      vertex 4 173.6 2.4
      vertex 6.95684 172.97 2.4
      vertex 86 173.6 2.4
    endloop
  endfacet
  facet normal 0 0 1
    outer loop
      vertex 6.95684 172.97 2.4
      vertex 4 173.6 2.4
      vertex 6.5 173 2.4
    endloop
  endfacet
  facet normal 0 0 1
    outer loop
      vertex 4 173.6 2.4
      vertex 6.04316 172.97 2.4
      vertex 6.5 173 2.4
    endloop
  endfacet
  facet normal 0 0 1
    outer loop
      vertex 4 173.6 2.4
      vertex 5.59413 172.881 2.4
      vertex 6.04316 172.97 2.4
    endloop
  endfacet
  facet normal 0 0 1
    outer loop
      vertex 4 173.6 2.4
      vertex 5.16061 172.734 2.4
      vertex 5.59413 172.881 2.4
    endloop
  endfacet
  facet normal 0 0 1
    outer loop
      vertex 4 173.6 2.4
      vertex 4.75 172.531 2.4
      vertex 5.16061 172.734 2.4
    endloop
  endfacet
  facet normal 0 0 1
    outer loop
      vertex 4 173.6 2.4
      vertex 4.36933 172.277 2.4
      vertex 4.75 172.531 2.4
    endloop
  endfacet
  facet normal -0 0 1
    outer loop
      vertex 3.79115 173.586 2.4
      vertex 4.36933 172.277 2.4
      vertex 4 173.6 2.4
    endloop
  endfacet
  facet normal -0 0 1
    outer loop
      vertex 3.58589 173.545 2.4
      vertex 4.36933 172.277 2.4
      vertex 3.79115 173.586 2.4
    endloop
  endfacet
  facet normal -0 0 1
    outer loop
      vertex 3.38771 173.478 2.4
      vertex 4.36933 172.277 2.4
      vertex 3.58589 173.545 2.4
    endloop
  endfacet
  facet normal 0 0 1
    outer loop
      vertex 4.36933 172.277 2.4
      vertex 3.38771 173.478 2.4
      vertex 4.02513 171.975 2.4
    endloop
  endfacet
  facet normal -0 0 1
    outer loop
      vertex 3.2 173.386 2.4
      vertex 4.02513 171.975 2.4
      vertex 3.38771 173.478 2.4
    endloop
  endfacet
  facet normal -0 0 1
    outer loop
      vertex 3.02599 173.269 2.4
      vertex 4.02513 171.975 2.4
      vertex 3.2 173.386 2.4
    endloop
  endfacet
  facet normal -0 0 1
    outer loop
      vertex 2.86862 173.131 2.4
      vertex 4.02513 171.975 2.4
      vertex 3.02599 173.269 2.4
    endloop
  endfacet
  facet normal -0 0 1
    outer loop
      vertex 2.73064 172.974 2.4
      vertex 4.02513 171.975 2.4
      vertex 2.86862 173.131 2.4
    endloop
  endfacet
  facet normal -0 0 1
    outer loop
      vertex 2.61436 172.8 2.4
      vertex 4.02513 171.975 2.4
      vertex 2.73064 172.974 2.4
    endloop
  endfacet
  facet normal 0 0 1
    outer loop
      vertex 3.26642 170.839 2.4
      vertex 2.39999 172 2.4
      vertex 3.11926 170.406 2.4
    endloop
  endfacet
  facet normal -0 0 1
    outer loop
      vertex 2.52179 172.612 2.4
      vertex 4.02513 171.975 2.4
      vertex 2.61436 172.8 2.4
    endloop
  endfacet
  facet normal 0 0 1
    outer loop
      vertex 3.11926 170.406 2.4
      vertex 2.39999 172 2.4
      vertex 3.02994 169.957 2.4
    endloop
  endfacet
  facet normal 0 0 1
    outer loop
      vertex 3.02994 169.957 2.4
      vertex 2.39999 172 2.4
      vertex 3 169.5 2.4
    endloop
  endfacet
  facet normal 0 0 1
    outer loop
      vertex 4.02513 171.975 2.4
      vertex 2.52179 172.612 2.4
      vertex 3.72326 171.631 2.4
    endloop
  endfacet
  facet normal 0 0 1
    outer loop
      vertex 87.6 4 2.4
      vertex 86.2767 4.36933 2.4
      vertex 87.5863 3.79115 2.4
    endloop
  endfacet
  facet normal 0 0 1
    outer loop
      vertex 87.5863 3.79115 2.4
      vertex 86.2767 4.36933 2.4
      vertex 87.5455 3.58589 2.4
    endloop
  endfacet
  facet normal 0 0 1
    outer loop
      vertex 87.5455 3.58589 2.4
      vertex 86.2767 4.36933 2.4
      vertex 87.4782 3.38771 2.4
    endloop
  endfacet
  facet normal -0 0 1
    outer loop
      vertex 85.9749 4.02513 2.4
      vertex 87.4782 3.38771 2.4
      vertex 86.2767 4.36933 2.4
    endloop
  endfacet
  facet normal 0 0 1
    outer loop
      vertex 87.4782 3.38771 2.4
      vertex 85.9749 4.02513 2.4
      vertex 87.3856 3.2 2.4
    endloop
  endfacet
  facet normal 0 0 1
    outer loop
      vertex 87.3856 3.2 2.4
      vertex 85.9749 4.02513 2.4
      vertex 87.2694 3.02599 2.4
    endloop
  endfacet
  facet normal 0 0 1
    outer loop
      vertex 87.2694 3.02599 2.4
      vertex 85.9749 4.02513 2.4
      vertex 87.1314 2.86862 2.4
    endloop
  endfacet
  facet normal 0 0 1
    outer loop
      vertex 87.1314 2.86862 2.4
      vertex 85.9749 4.02513 2.4
      vertex 86.974 2.73064 2.4
    endloop
  endfacet
  facet normal 0 0 1
    outer loop
      vertex 86.974 2.73064 2.4
      vertex 85.9749 4.02513 2.4
      vertex 86.8 2.61436 2.4
    endloop
  endfacet
  facet normal 0 0 1
    outer loop
      vertex 86.8 2.61436 2.4
      vertex 85.9749 4.02513 2.4
      vertex 86.6123 2.52179 2.4
    endloop
  endfacet
  facet normal -0 0 1
    outer loop
      vertex 85.6307 3.72326 2.4
      vertex 86.6123 2.52179 2.4
      vertex 85.9749 4.02513 2.4
    endloop
  endfacet
  facet normal 0 0 1
    outer loop
      vertex 86.6123 2.52179 2.4
      vertex 85.6307 3.72326 2.4
      vertex 86.4141 2.45451 2.4
    endloop
  endfacet
  facet normal 0 0 1
    outer loop
      vertex 86.4141 2.45451 2.4
      vertex 85.6307 3.72326 2.4
      vertex 86.2088 2.41368 2.4
    endloop
  endfacet
  facet normal 0 0 1
    outer loop
      vertex 86.2088 2.41368 2.4
      vertex 85.6307 3.72326 2.4
      vertex 86 2.39999 2.4
    endloop
  endfacet
  facet normal -0 0 1
    outer loop
      vertex 85.25 3.46891 2.4
      vertex 86 2.39999 2.4
      vertex 85.6307 3.72326 2.4
    endloop
  endfacet
  facet normal -0 0 1
    outer loop
      vertex 84.8394 3.26642 2.4
      vertex 86 2.39999 2.4
      vertex 85.25 3.46891 2.4
    endloop
  endfacet
  facet normal -0 0 1
    outer loop
      vertex 84.4059 3.11926 2.4
      vertex 86 2.39999 2.4
      vertex 84.8394 3.26642 2.4
    endloop
  endfacet
  facet normal -0 0 1
    outer loop
      vertex 83.9568 3.02994 2.4
      vertex 86 2.39999 2.4
      vertex 84.4059 3.11926 2.4
    endloop
  endfacet
  facet normal -0 0 1
    outer loop
      vertex 83.5 3 2.4
      vertex 86 2.39999 2.4
      vertex 83.9568 3.02994 2.4
    endloop
  endfacet
  facet normal 0 0 1
    outer loop
      vertex 83.0432 3.02994 2.4
      vertex 86 2.39999 2.4
      vertex 83.5 3 2.4
    endloop
  endfacet
  facet normal 0 0 1
    outer loop
      vertex 82.5941 3.11926 2.4
      vertex 86 2.39999 2.4
      vertex 83.0432 3.02994 2.4
    endloop
  endfacet
  facet normal -0 0 1
    outer loop
      vertex 70.9563 20.5899 2.4
      vertex 81.0251 8.97487 2.4
      vertex 71.2513 20.8487 2.4
    endloop
  endfacet
  facet normal -0 0 1
    outer loop
      vertex 70.63 20.3719 2.4
      vertex 81.0251 8.97487 2.4
      vertex 70.9563 20.5899 2.4
    endloop
  endfacet
  facet normal 0 0 1
    outer loop
      vertex 81.0251 8.97487 2.4
      vertex 70.63 20.3719 2.4
      vertex 80.7233 8.63066 2.4
    endloop
  endfacet
  facet normal -0 0 1
    outer loop
      vertex 70.278 20.1984 2.4
      vertex 80.7233 8.63066 2.4
      vertex 70.63 20.3719 2.4
    endloop
  endfacet
  facet normal 0 0 1
    outer loop
      vertex 80.7233 8.63066 2.4
      vertex 70.278 20.1984 2.4
      vertex 80.4689 8.25 2.4
    endloop
  endfacet
  facet normal -0 0 1
    outer loop
      vertex 69.9065 20.0722 2.4
      vertex 80.4689 8.25 2.4
      vertex 70.278 20.1984 2.4
    endloop
  endfacet
  facet normal 0 0 1
    outer loop
      vertex 80.4689 8.25 2.4
      vertex 69.9065 20.0722 2.4
      vertex 80.2664 7.83939 2.4
    endloop
  endfacet
  facet normal -0 0 1
    outer loop
      vertex 69.5216 19.9957 2.4
      vertex 80.2664 7.83939 2.4
      vertex 69.9065 20.0722 2.4
    endloop
  endfacet
  facet normal 0 0 1
    outer loop
      vertex 80.2664 7.83939 2.4
      vertex 69.5216 19.9957 2.4
      vertex 80.1193 7.40587 2.4
    endloop
  endfacet
  facet normal -0 0 1
    outer loop
      vertex 69.13 19.97 2.4
      vertex 80.1193 7.40587 2.4
      vertex 69.5216 19.9957 2.4
    endloop
  endfacet
  facet normal 0 0 1
    outer loop
      vertex 80.1193 7.40587 2.4
      vertex 69.13 19.97 2.4
      vertex 80.0299 6.95684 2.4
    endloop
  endfacet
  facet normal 0 0 1
    outer loop
      vertex 68.7384 19.9957 2.4
      vertex 80.0299 6.95684 2.4
      vertex 69.13 19.97 2.4
    endloop
  endfacet
  facet normal 0 0 1
    outer loop
      vertex 80.0299 6.95684 2.4
      vertex 68.7384 19.9957 2.4
      vertex 80 6.5 2.4
    endloop
  endfacet
  facet normal 0 0 1
    outer loop
      vertex 68.3535 20.0722 2.4
      vertex 80 6.5 2.4
      vertex 68.7384 19.9957 2.4
    endloop
  endfacet
  facet normal 0 0 1
    outer loop
      vertex 80 6.5 2.4
      vertex 68.3535 20.0722 2.4
      vertex 80.0299 6.04316 2.4
    endloop
  endfacet
  facet normal 0 0 1
    outer loop
      vertex 67.9819 20.1984 2.4
      vertex 80.0299 6.04316 2.4
      vertex 68.3535 20.0722 2.4
    endloop
  endfacet
  facet normal 0 0 1
    outer loop
      vertex 80.0299 6.04316 2.4
      vertex 67.9819 20.1984 2.4
      vertex 80.1193 5.59413 2.4
    endloop
  endfacet
  facet normal 0 0 1
    outer loop
      vertex 67.63 20.3719 2.4
      vertex 80.1193 5.59413 2.4
      vertex 67.9819 20.1984 2.4
    endloop
  endfacet
  facet normal 0 0 1
    outer loop
      vertex 80.1193 5.59413 2.4
      vertex 67.63 20.3719 2.4
      vertex 80.2664 5.16061 2.4
    endloop
  endfacet
  facet normal 0 0 1
    outer loop
      vertex 67.3037 20.5899 2.4
      vertex 80.2664 5.16061 2.4
      vertex 67.63 20.3719 2.4
    endloop
  endfacet
  facet normal 0 0 1
    outer loop
      vertex 9.73358 5.16061 2.4
      vertex 80.2664 5.16061 2.4
      vertex 67.3037 20.5899 2.4
    endloop
  endfacet
  facet normal 0 0 1
    outer loop
      vertex 80.2664 5.16061 2.4
      vertex 9.73358 5.16061 2.4
      vertex 80.4689 4.75 2.4
    endloop
  endfacet
  facet normal 0 0 1
    outer loop
      vertex 22.6963 21.8599 2.4
      vertex 67.3037 20.5899 2.4
      vertex 67.0087 20.8487 2.4
    endloop
  endfacet
  facet normal 0 0 1
    outer loop
      vertex 22.9913 22.1187 2.4
      vertex 67.0087 20.8487 2.4
      vertex 66.7499 21.1437 2.4
    endloop
  endfacet
  facet normal 0 0 1
    outer loop
      vertex 67.63 25.5681 2.4
      vertex 62.9019 72.2684 2.4
      vertex 67.3037 25.3501 2.4
    endloop
  endfacet
  facet normal 0 0 1
    outer loop
      vertex 62.55 72.4419 2.4
      vertex 67.3037 25.3501 2.4
      vertex 62.9019 72.2684 2.4
    endloop
  endfacet
  facet normal -0 0 1
    outer loop
      vertex 37.61 72.4419 2.4
      vertex 67.3037 25.3501 2.4
      vertex 62.55 72.4419 2.4
    endloop
  endfacet
  facet normal -0 0 1
    outer loop
      vertex 37.258 72.2684 2.4
      vertex 67.3037 25.3501 2.4
      vertex 37.61 72.4419 2.4
    endloop
  endfacet
  facet normal 0 0 1
    outer loop
      vertex 67.3037 25.3501 2.4
      vertex 37.258 72.2684 2.4
      vertex 67.0087 25.0913 2.4
    endloop
  endfacet
  facet normal -0 0 1
    outer loop
      vertex 36.8865 72.1422 2.4
      vertex 67.0087 25.0913 2.4
      vertex 37.258 72.2684 2.4
    endloop
  endfacet
  facet normal 0 0 1
    outer loop
      vertex 67.0087 25.0913 2.4
      vertex 36.8865 72.1422 2.4
      vertex 66.7499 24.7963 2.4
    endloop
  endfacet
  facet normal 0 0 1
    outer loop
      vertex 23.87 24.24 2.4
      vertex 66.7499 24.7963 2.4
      vertex 36.8865 72.1422 2.4
    endloop
  endfacet
  facet normal 0 0 1
    outer loop
      vertex 66.7499 24.7963 2.4
      vertex 23.87 24.24 2.4
      vertex 66.5319 24.47 2.4
    endloop
  endfacet
  facet normal 0 0 1
    outer loop
      vertex 66.5319 24.47 2.4
      vertex 23.87 24.24 2.4
      vertex 66.3584 24.118 2.4
    endloop
  endfacet
  facet normal 0 0 1
    outer loop
      vertex 37.61 72.4419 2.4
      vertex 62.55 72.4419 2.4
      vertex 62.2237 72.6599 2.4
    endloop
  endfacet
  facet normal 0 0 1
    outer loop
      vertex 37.9363 72.6599 2.4
      vertex 62.2237 72.6599 2.4
      vertex 61.9287 72.9187 2.4
    endloop
  endfacet
  facet normal 0 0 1
    outer loop
      vertex 38.2313 72.9187 2.4
      vertex 61.9287 72.9187 2.4
      vertex 61.6699 73.2137 2.4
    endloop
  endfacet
  facet normal 0 0 1
    outer loop
      vertex 38.4901 73.2137 2.4
      vertex 61.6699 73.2137 2.4
      vertex 61.4519 73.54 2.4
    endloop
  endfacet
  facet normal 0 0 1
    outer loop
      vertex 38.7081 73.54 2.4
      vertex 61.4519 73.54 2.4
      vertex 61.2784 73.892 2.4
    endloop
  endfacet
  facet normal 0 0 1
    outer loop
      vertex 46.5269 80.8937 2.4
      vertex 61.2784 73.892 2.4
      vertex 61.1522 74.2635 2.4
    endloop
  endfacet
  facet normal 0 0 1
    outer loop
      vertex 46.995 81.1245 2.4
      vertex 61.1522 74.2635 2.4
      vertex 61.0757 74.6484 2.4
    endloop
  endfacet
  facet normal -0 0 1
    outer loop
      vertex 48.8536 83.5459 2.4
      vertex 61.6699 76.8663 2.4
      vertex 48.8541 83.5473 2.4
    endloop
  endfacet
  facet normal -0 0 1
    outer loop
      vertex 48.6863 83.0531 2.4
      vertex 61.6699 76.8663 2.4
      vertex 48.8536 83.5459 2.4
    endloop
  endfacet
  facet normal 0 0 1
    outer loop
      vertex 61.6699 76.8663 2.4
      vertex 48.6863 83.0531 2.4
      vertex 61.4519 76.54 2.4
    endloop
  endfacet
  facet normal -0 0 1
    outer loop
      vertex 48.6857 83.0518 2.4
      vertex 61.4519 76.54 2.4
      vertex 48.6863 83.0531 2.4
    endloop
  endfacet
  facet normal -0 0 1
    outer loop
      vertex 48.4555 82.585 2.4
      vertex 61.4519 76.54 2.4
      vertex 48.6857 83.0518 2.4
    endloop
  endfacet
  facet normal 0 0 1
    outer loop
      vertex 61.4519 76.54 2.4
      vertex 48.4555 82.585 2.4
      vertex 61.2784 76.188 2.4
    endloop
  endfacet
  facet normal 0 0 1
    outer loop
      vertex 61.2784 76.188 2.4
      vertex 48.4555 82.585 2.4
      vertex 61.1522 75.8165 2.4
    endloop
  endfacet
  facet normal -0 0 1
    outer loop
      vertex 48.1663 82.1522 2.4
      vertex 61.1522 75.8165 2.4
      vertex 48.4555 82.585 2.4
    endloop
  endfacet
  facet normal -0 0 1
    outer loop
      vertex 48.1655 82.151 2.4
      vertex 61.1522 75.8165 2.4
      vertex 48.1663 82.1522 2.4
    endloop
  endfacet
  facet normal 0 0 1
    outer loop
      vertex 61.1522 75.8165 2.4
      vertex 48.1655 82.151 2.4
      vertex 61.0757 75.4316 2.4
    endloop
  endfacet
  facet normal -0 0 1
    outer loop
      vertex 47.8223 81.7597 2.4
      vertex 61.0757 75.4316 2.4
      vertex 48.1655 82.151 2.4
    endloop
  endfacet
  facet normal -0 0 1
    outer loop
      vertex 47.8214 81.7586 2.4
      vertex 61.0757 75.4316 2.4
      vertex 47.8223 81.7597 2.4
    endloop
  endfacet
  facet normal 0 0 1
    outer loop
      vertex 61.0757 75.4316 2.4
      vertex 47.8214 81.7586 2.4
      vertex 61.05 75.04 2.4
    endloop
  endfacet
  facet normal -0 0 1
    outer loop
      vertex 47.8203 81.7577 2.4
      vertex 61.05 75.04 2.4
      vertex 47.8214 81.7586 2.4
    endloop
  endfacet
  facet normal -0 0 1
    outer loop
      vertex 47.429 81.4145 2.4
      vertex 61.05 75.04 2.4
      vertex 47.8203 81.7577 2.4
    endloop
  endfacet
  facet normal 0 0 1
    outer loop
      vertex 61.05 75.04 2.4
      vertex 47.429 81.4145 2.4
      vertex 61.0757 74.6484 2.4
    endloop
  endfacet
  facet normal -0 0 1
    outer loop
      vertex 47.4278 81.4137 2.4
      vertex 61.0757 74.6484 2.4
      vertex 47.429 81.4145 2.4
    endloop
  endfacet
  facet normal -0 0 1
    outer loop
      vertex 46.995 81.1245 2.4
      vertex 61.0757 74.6484 2.4
      vertex 47.4278 81.4137 2.4
    endloop
  endfacet
  facet normal 0 0 1
    outer loop
      vertex 61.1522 74.2635 2.4
      vertex 46.995 81.1245 2.4
      vertex 46.5282 80.8943 2.4
    endloop
  endfacet
  facet normal 0 0 1
    outer loop
      vertex 61.6699 73.2137 2.4
      vertex 38.4901 73.2137 2.4
      vertex 38.2313 72.9187 2.4
    endloop
  endfacet
  facet normal 0 0 1
    outer loop
      vertex 61.1522 74.2635 2.4
      vertex 46.5282 80.8943 2.4
      vertex 46.5269 80.8937 2.4
    endloop
  endfacet
  facet normal 0 0 1
    outer loop
      vertex 61.2784 73.892 2.4
      vertex 46.5269 80.8937 2.4
      vertex 38.8816 73.892 2.4
    endloop
  endfacet
  facet normal 0 0 1
    outer loop
      vertex 38.8816 73.892 2.4
      vertex 46.5269 80.8937 2.4
      vertex 46.0341 80.7264 2.4
    endloop
  endfacet
  facet normal 0 0 1
    outer loop
      vertex 61.9287 72.9187 2.4
      vertex 38.2313 72.9187 2.4
      vertex 37.9363 72.6599 2.4
    endloop
  endfacet
  facet normal 0 0 1
    outer loop
      vertex 38.8816 73.892 2.4
      vertex 46.0341 80.7264 2.4
      vertex 46.0327 80.7259 2.4
    endloop
  endfacet
  facet normal 0 0 1
    outer loop
      vertex 39.0078 74.2635 2.4
      vertex 46.0327 80.7259 2.4
      vertex 46.0313 80.7256 2.4
    endloop
  endfacet
  facet normal 0 0 1
    outer loop
      vertex 39.0078 74.2635 2.4
      vertex 46.0313 80.7256 2.4
      vertex 45.5208 80.6241 2.4
    endloop
  endfacet
  facet normal 0 0 1
    outer loop
      vertex 39.0843 74.6484 2.4
      vertex 45.5208 80.6241 2.4
      vertex 45.0014 80.59 2.4
    endloop
  endfacet
  facet normal 0 0 1
    outer loop
      vertex 39.0843 74.6484 2.4
      vertex 45.0014 80.59 2.4
      vertex 45 80.59 2.4
    endloop
  endfacet
  facet normal 0 0 1
    outer loop
      vertex 39.11 75.04 2.4
      vertex 45 80.59 2.4
      vertex 44.9986 80.59 2.4
    endloop
  endfacet
  facet normal 0 0 1
    outer loop
      vertex 39.11 75.04 2.4
      vertex 44.9986 80.59 2.4
      vertex 44.4792 80.6241 2.4
    endloop
  endfacet
  facet normal 0 0 1
    outer loop
      vertex 39.11 75.04 2.4
      vertex 44.4792 80.6241 2.4
      vertex 43.9687 80.7256 2.4
    endloop
  endfacet
  facet normal 0 0 1
    outer loop
      vertex 39.11 75.04 2.4
      vertex 43.9687 80.7256 2.4
      vertex 43.9673 80.7259 2.4
    endloop
  endfacet
  facet normal 0 0 1
    outer loop
      vertex 39.11 75.04 2.4
      vertex 43.9673 80.7259 2.4
      vertex 43.9659 80.7264 2.4
    endloop
  endfacet
  facet normal 0 0 1
    outer loop
      vertex 39.11 75.04 2.4
      vertex 43.9659 80.7264 2.4
      vertex 43.4731 80.8937 2.4
    endloop
  endfacet
  facet normal 0 0 1
    outer loop
      vertex 39.11 75.04 2.4
      vertex 43.4731 80.8937 2.4
      vertex 43.4718 80.8943 2.4
    endloop
  endfacet
  facet normal 0 0 1
    outer loop
      vertex 39.11 75.04 2.4
      vertex 43.4718 80.8943 2.4
      vertex 43.005 81.1245 2.4
    endloop
  endfacet
  facet normal 0 0 1
    outer loop
      vertex 39.11 75.04 2.4
      vertex 43.005 81.1245 2.4
      vertex 42.5722 81.4137 2.4
    endloop
  endfacet
  facet normal 0 0 1
    outer loop
      vertex 39.11 75.04 2.4
      vertex 42.5722 81.4137 2.4
      vertex 42.571 81.4145 2.4
    endloop
  endfacet
  facet normal 0 0 1
    outer loop
      vertex 39.11 75.04 2.4
      vertex 42.571 81.4145 2.4
      vertex 42.1797 81.7577 2.4
    endloop
  endfacet
  facet normal 0 0 1
    outer loop
      vertex 39.11 75.04 2.4
      vertex 42.1797 81.7577 2.4
      vertex 42.1786 81.7586 2.4
    endloop
  endfacet
  facet normal 0 0 1
    outer loop
      vertex 39.11 75.04 2.4
      vertex 42.1786 81.7586 2.4
      vertex 42.1777 81.7597 2.4
    endloop
  endfacet
  facet normal 0 0 1
    outer loop
      vertex 39.11 75.04 2.4
      vertex 42.1777 81.7597 2.4
      vertex 41.8345 82.151 2.4
    endloop
  endfacet
  facet normal 0 0 1
    outer loop
      vertex 39.11 75.04 2.4
      vertex 41.8345 82.151 2.4
      vertex 41.8337 82.1522 2.4
    endloop
  endfacet
  facet normal 0 0 1
    outer loop
      vertex 39.11 75.04 2.4
      vertex 41.8337 82.1522 2.4
      vertex 41.5445 82.585 2.4
    endloop
  endfacet
  facet normal 0 0 1
    outer loop
      vertex 39.11 75.04 2.4
      vertex 41.5445 82.585 2.4
      vertex 41.3143 83.0518 2.4
    endloop
  endfacet
  facet normal 0 0 1
    outer loop
      vertex 39.11 75.04 2.4
      vertex 41.3143 83.0518 2.4
      vertex 41.3137 83.0531 2.4
    endloop
  endfacet
  facet normal 0 0 1
    outer loop
      vertex 39.11 75.04 2.4
      vertex 41.1464 83.5459 2.4
      vertex 41.1459 83.5473 2.4
    endloop
  endfacet
  facet normal 0 0 1
    outer loop
      vertex 39.11 75.04 2.4
      vertex 41.1456 83.5487 2.4
      vertex 41.0441 84.0592 2.4
    endloop
  endfacet
  facet normal 0 0 1
    outer loop
      vertex 41.01 84.5814 2.4
      vertex 39.11 75.04 2.4
      vertex 41.0099 84.58 2.4
    endloop
  endfacet
  facet normal 0 0 1
    outer loop
      vertex 39.11 75.04 2.4
      vertex 41.01 84.5786 2.4
      vertex 41.0099 84.58 2.4
    endloop
  endfacet
  facet normal 0 0 1
    outer loop
      vertex 39.11 75.04 2.4
      vertex 41.0441 84.0592 2.4
      vertex 41.01 84.5786 2.4
    endloop
  endfacet
  facet normal 0 0 1
    outer loop
      vertex 41.1456 83.5487 2.4
      vertex 39.11 75.04 2.4
      vertex 41.1459 83.5473 2.4
    endloop
  endfacet
  facet normal 0 0 1
    outer loop
      vertex 41.1464 83.5459 2.4
      vertex 39.11 75.04 2.4
      vertex 41.3137 83.0531 2.4
    endloop
  endfacet
  facet normal 0 0 1
    outer loop
      vertex 45 80.59 2.4
      vertex 39.11 75.04 2.4
      vertex 39.0843 74.6484 2.4
    endloop
  endfacet
  facet normal 0 0 1
    outer loop
      vertex 45.5208 80.6241 2.4
      vertex 39.0843 74.6484 2.4
      vertex 39.0078 74.2635 2.4
    endloop
  endfacet
  facet normal 0 0 1
    outer loop
      vertex 46.0327 80.7259 2.4
      vertex 39.0078 74.2635 2.4
      vertex 38.8816 73.892 2.4
    endloop
  endfacet
  facet normal 0 0 1
    outer loop
      vertex 61.2784 73.892 2.4
      vertex 38.8816 73.892 2.4
      vertex 38.7081 73.54 2.4
    endloop
  endfacet
  facet normal 0 0 1
    outer loop
      vertex 61.4519 73.54 2.4
      vertex 38.7081 73.54 2.4
      vertex 38.4901 73.2137 2.4
    endloop
  endfacet
  facet normal 0 0 1
    outer loop
      vertex 62.2237 72.6599 2.4
      vertex 37.9363 72.6599 2.4
      vertex 37.61 72.4419 2.4
    endloop
  endfacet
  facet normal 0 0 1
    outer loop
      vertex 66.3584 24.118 2.4
      vertex 23.87 24.24 2.4
      vertex 66.2322 23.7465 2.4
    endloop
  endfacet
  facet normal 0 0 1
    outer loop
      vertex 66.2322 23.7465 2.4
      vertex 23.87 24.24 2.4
      vertex 66.1557 23.3616 2.4
    endloop
  endfacet
  facet normal 0 0 1
    outer loop
      vertex 66.1557 23.3616 2.4
      vertex 23.87 24.24 2.4
      vertex 66.13 22.97 2.4
    endloop
  endfacet
  facet normal -0 0 1
    outer loop
      vertex 23.8443 23.8484 2.4
      vertex 66.13 22.97 2.4
      vertex 23.87 24.24 2.4
    endloop
  endfacet
  facet normal 0 0 1
    outer loop
      vertex 66.13 22.97 2.4
      vertex 23.8443 23.8484 2.4
      vertex 66.1557 22.5784 2.4
    endloop
  endfacet
  facet normal -0 0 1
    outer loop
      vertex 23.7678 23.4635 2.4
      vertex 66.1557 22.5784 2.4
      vertex 23.8443 23.8484 2.4
    endloop
  endfacet
  facet normal 0 0 1
    outer loop
      vertex 23.87 24.24 2.4
      vertex 36.8865 72.1422 2.4
      vertex 36.5016 72.0657 2.4
    endloop
  endfacet
  facet normal 0 0 1
    outer loop
      vertex 23.87 24.24 2.4
      vertex 36.5016 72.0657 2.4
      vertex 36.11 72.04 2.4
    endloop
  endfacet
  facet normal 0 0 1
    outer loop
      vertex 23.87 24.24 2.4
      vertex 36.11 72.04 2.4
      vertex 35.7184 72.0657 2.4
    endloop
  endfacet
  facet normal 0 0 1
    outer loop
      vertex 23.87 24.24 2.4
      vertex 35.7184 72.0657 2.4
      vertex 35.3335 72.1422 2.4
    endloop
  endfacet
  facet normal 0 0 1
    outer loop
      vertex 23.87 24.24 2.4
      vertex 35.3335 72.1422 2.4
      vertex 34.9619 72.2684 2.4
    endloop
  endfacet
  facet normal 0 0 1
    outer loop
      vertex 23.87 24.24 2.4
      vertex 34.9619 72.2684 2.4
      vertex 34.61 72.4419 2.4
    endloop
  endfacet
  facet normal 0 0 1
    outer loop
      vertex 23.87 24.24 2.4
      vertex 34.61 72.4419 2.4
      vertex 34.2837 72.6599 2.4
    endloop
  endfacet
  facet normal 0 0 1
    outer loop
      vertex 23.87 24.24 2.4
      vertex 34.2837 72.6599 2.4
      vertex 33.9887 72.9187 2.4
    endloop
  endfacet
  facet normal 0 0 1
    outer loop
      vertex 23.87 24.24 2.4
      vertex 33.9887 72.9187 2.4
      vertex 33.7299 73.2137 2.4
    endloop
  endfacet
  facet normal 0 0 1
    outer loop
      vertex 23.87 24.24 2.4
      vertex 33.7299 73.2137 2.4
      vertex 33.5119 73.54 2.4
    endloop
  endfacet
  facet normal 0 0 1
    outer loop
      vertex 23.87 24.24 2.4
      vertex 33.1357 74.6484 2.4
      vertex 33.11 75.04 2.4
    endloop
  endfacet
  facet normal 0 0 1
    outer loop
      vertex 23.87 24.24 2.4
      vertex 33.2122 74.2635 2.4
      vertex 33.1357 74.6484 2.4
    endloop
  endfacet
  facet normal 0 0 1
    outer loop
      vertex 23.87 24.24 2.4
      vertex 33.3384 73.892 2.4
      vertex 33.2122 74.2635 2.4
    endloop
  endfacet
  facet normal 0 0 1
    outer loop
      vertex 23.87 24.24 2.4
      vertex 33.5119 73.54 2.4
      vertex 33.3384 73.892 2.4
    endloop
  endfacet
  facet normal 0 0 1
    outer loop
      vertex 66.1557 22.5784 2.4
      vertex 23.7678 23.4635 2.4
      vertex 66.2322 22.1935 2.4
    endloop
  endfacet
  facet normal -0 0 1
    outer loop
      vertex 23.6416 23.0919 2.4
      vertex 66.2322 22.1935 2.4
      vertex 23.7678 23.4635 2.4
    endloop
  endfacet
  facet normal 0 0 1
    outer loop
      vertex 66.2322 22.1935 2.4
      vertex 23.6416 23.0919 2.4
      vertex 66.3584 21.8219 2.4
    endloop
  endfacet
  facet normal -0 0 1
    outer loop
      vertex 23.4681 22.74 2.4
      vertex 66.3584 21.8219 2.4
      vertex 23.6416 23.0919 2.4
    endloop
  endfacet
  facet normal 0 0 1
    outer loop
      vertex 66.3584 21.8219 2.4
      vertex 23.4681 22.74 2.4
      vertex 66.5319 21.47 2.4
    endloop
  endfacet
  facet normal -0 0 1
    outer loop
      vertex 23.2501 22.4137 2.4
      vertex 66.5319 21.47 2.4
      vertex 23.4681 22.74 2.4
    endloop
  endfacet
  facet normal 0 0 1
    outer loop
      vertex 66.5319 21.47 2.4
      vertex 23.2501 22.4137 2.4
      vertex 66.7499 21.1437 2.4
    endloop
  endfacet
  facet normal -0 0 1
    outer loop
      vertex 22.9913 22.1187 2.4
      vertex 66.7499 21.1437 2.4
      vertex 23.2501 22.4137 2.4
    endloop
  endfacet
  facet normal 0 0 1
    outer loop
      vertex 67.0087 20.8487 2.4
      vertex 22.9913 22.1187 2.4
      vertex 22.6963 21.8599 2.4
    endloop
  endfacet
  facet normal 0 0 1
    outer loop
      vertex 67.3037 20.5899 2.4
      vertex 22.6963 21.8599 2.4
      vertex 9.73358 5.16061 2.4
    endloop
  endfacet
  facet normal 0 0 1
    outer loop
      vertex 9.53109 4.75 2.4
      vertex 80.4689 4.75 2.4
      vertex 9.73358 5.16061 2.4
    endloop
  endfacet
  facet normal 0 0 1
    outer loop
      vertex 80.4689 4.75 2.4
      vertex 9.53109 4.75 2.4
      vertex 80.7233 4.36933 2.4
    endloop
  endfacet
  facet normal 0 0 1
    outer loop
      vertex 9.27674 4.36933 2.4
      vertex 80.7233 4.36933 2.4
      vertex 9.53109 4.75 2.4
    endloop
  endfacet
  facet normal 0 0 1
    outer loop
      vertex 80.7233 4.36933 2.4
      vertex 9.27674 4.36933 2.4
      vertex 81.0251 4.02513 2.4
    endloop
  endfacet
  facet normal 0 0 1
    outer loop
      vertex 8.97487 4.02513 2.4
      vertex 81.0251 4.02513 2.4
      vertex 9.27674 4.36933 2.4
    endloop
  endfacet
  facet normal 0 0 1
    outer loop
      vertex 9.73358 5.16061 2.4
      vertex 22.6963 21.8599 2.4
      vertex 22.37 21.6419 2.4
    endloop
  endfacet
  facet normal 0 0 1
    outer loop
      vertex 9.88074 5.59413 2.4
      vertex 22.37 21.6419 2.4
      vertex 22.0181 21.4684 2.4
    endloop
  endfacet
  facet normal 0 0 1
    outer loop
      vertex 9.97006 6.04316 2.4
      vertex 22.0181 21.4684 2.4
      vertex 21.6465 21.3422 2.4
    endloop
  endfacet
  facet normal 0 0 1
    outer loop
      vertex 10 6.5 2.4
      vertex 21.6465 21.3422 2.4
      vertex 21.2616 21.2657 2.4
    endloop
  endfacet
  facet normal 0 0 1
    outer loop
      vertex 10 6.5 2.4
      vertex 21.2616 21.2657 2.4
      vertex 20.87 21.24 2.4
    endloop
  endfacet
  facet normal 0 0 1
    outer loop
      vertex 10 6.5 2.4
      vertex 20.87 21.24 2.4
      vertex 20.4784 21.2657 2.4
    endloop
  endfacet
  facet normal 0 0 1
    outer loop
      vertex 10 6.5 2.4
      vertex 20.4784 21.2657 2.4
      vertex 20.0935 21.3422 2.4
    endloop
  endfacet
  facet normal 0 0 1
    outer loop
      vertex 17.8957 24.6316 2.4
      vertex 10 6.5 2.4
      vertex 17.87 24.24 2.4
    endloop
  endfacet
  facet normal 0 0 1
    outer loop
      vertex 10 6.5 2.4
      vertex 17.8957 23.8484 2.4
      vertex 17.87 24.24 2.4
    endloop
  endfacet
  facet normal 0 0 1
    outer loop
      vertex 10 6.5 2.4
      vertex 17.9722 23.4635 2.4
      vertex 17.8957 23.8484 2.4
    endloop
  endfacet
  facet normal 0 0 1
    outer loop
      vertex 10 6.5 2.4
      vertex 18.0984 23.0919 2.4
      vertex 17.9722 23.4635 2.4
    endloop
  endfacet
  facet normal 0 0 1
    outer loop
      vertex 10 6.5 2.4
      vertex 18.2719 22.74 2.4
      vertex 18.0984 23.0919 2.4
    endloop
  endfacet
  facet normal 0 0 1
    outer loop
      vertex 10 6.5 2.4
      vertex 18.4899 22.4137 2.4
      vertex 18.2719 22.74 2.4
    endloop
  endfacet
  facet normal 0 0 1
    outer loop
      vertex 10 6.5 2.4
      vertex 18.7487 22.1187 2.4
      vertex 18.4899 22.4137 2.4
    endloop
  endfacet
  facet normal 0 0 1
    outer loop
      vertex 10 6.5 2.4
      vertex 19.0437 21.8599 2.4
      vertex 18.7487 22.1187 2.4
    endloop
  endfacet
  facet normal 0 0 1
    outer loop
      vertex 10 6.5 2.4
      vertex 19.37 21.6419 2.4
      vertex 19.0437 21.8599 2.4
    endloop
  endfacet
  facet normal 0 0 1
    outer loop
      vertex 10 6.5 2.4
      vertex 19.722 21.4684 2.4
      vertex 19.37 21.6419 2.4
    endloop
  endfacet
  facet normal 0 0 1
    outer loop
      vertex 10 6.5 2.4
      vertex 20.0935 21.3422 2.4
      vertex 19.722 21.4684 2.4
    endloop
  endfacet
  facet normal 0 0 1
    outer loop
      vertex 21.6465 21.3422 2.4
      vertex 10 6.5 2.4
      vertex 9.97006 6.04316 2.4
    endloop
  endfacet
  facet normal 0 0 1
    outer loop
      vertex 22.0181 21.4684 2.4
      vertex 9.97006 6.04316 2.4
      vertex 9.88074 5.59413 2.4
    endloop
  endfacet
  facet normal 0 0 1
    outer loop
      vertex 22.37 21.6419 2.4
      vertex 9.88074 5.59413 2.4
      vertex 9.73358 5.16061 2.4
    endloop
  endfacet
  facet normal 0 0 1
    outer loop
      vertex 81.0251 4.02513 2.4
      vertex 8.97487 4.02513 2.4
      vertex 81.3693 3.72326 2.4
    endloop
  endfacet
  facet normal 0 0 1
    outer loop
      vertex 8.63066 3.72326 2.4
      vertex 81.3693 3.72326 2.4
      vertex 8.97487 4.02513 2.4
    endloop
  endfacet
  facet normal 0 0 1
    outer loop
      vertex 81.3693 3.72326 2.4
      vertex 8.63066 3.72326 2.4
      vertex 81.75 3.46891 2.4
    endloop
  endfacet
  facet normal 0 0 1
    outer loop
      vertex 8.25 3.46891 2.4
      vertex 81.75 3.46891 2.4
      vertex 8.63066 3.72326 2.4
    endloop
  endfacet
  facet normal 0 0 1
    outer loop
      vertex 81.75 3.46891 2.4
      vertex 8.25 3.46891 2.4
      vertex 82.1606 3.26642 2.4
    endloop
  endfacet
  facet normal 0 0 1
    outer loop
      vertex 7.83939 3.26642 2.4
      vertex 82.1606 3.26642 2.4
      vertex 8.25 3.46891 2.4
    endloop
  endfacet
  facet normal 0 0 1
    outer loop
      vertex 82.1606 3.26642 2.4
      vertex 7.83939 3.26642 2.4
      vertex 82.5941 3.11926 2.4
    endloop
  endfacet
  facet normal 0 0 1
    outer loop
      vertex 7.40587 3.11926 2.4
      vertex 82.5941 3.11926 2.4
      vertex 7.83939 3.26642 2.4
    endloop
  endfacet
  facet normal 0 0 1
    outer loop
      vertex 82.5941 3.11926 2.4
      vertex 7.40587 3.11926 2.4
      vertex 86 2.39999 2.4
    endloop
  endfacet
  facet normal -0 0 1
    outer loop
      vertex 6.95684 3.02994 2.4
      vertex 86 2.39999 2.4
      vertex 7.40587 3.11926 2.4
    endloop
  endfacet
  facet normal 0 0 1
    outer loop
      vertex 4 2.39999 2.4
      vertex 6.95684 3.02994 2.4
      vertex 6.5 3 2.4
    endloop
  endfacet
  facet normal 0 0 1
    outer loop
      vertex 6.95684 3.02994 2.4
      vertex 4 2.39999 2.4
      vertex 86 2.39999 2.4
    endloop
  endfacet
  facet normal 0 0 1
    outer loop
      vertex 6.04316 3.02994 2.4
      vertex 4 2.39999 2.4
      vertex 6.5 3 2.4
    endloop
  endfacet
  facet normal 0 0 1
    outer loop
      vertex 5.59413 3.11926 2.4
      vertex 4 2.39999 2.4
      vertex 6.04316 3.02994 2.4
    endloop
  endfacet
  facet normal 0 0 1
    outer loop
      vertex 5.16061 3.26642 2.4
      vertex 4 2.39999 2.4
      vertex 5.59413 3.11926 2.4
    endloop
  endfacet
  facet normal 0 0 1
    outer loop
      vertex 4.75 3.46891 2.4
      vertex 4 2.39999 2.4
      vertex 5.16061 3.26642 2.4
    endloop
  endfacet
  facet normal 0 0 1
    outer loop
      vertex 4.36933 3.72326 2.4
      vertex 4 2.39999 2.4
      vertex 4.75 3.46891 2.4
    endloop
  endfacet
  facet normal 0 0 1
    outer loop
      vertex 3.38771 2.52179 2.4
      vertex 4.36933 3.72326 2.4
      vertex 4.02513 4.02513 2.4
    endloop
  endfacet
  facet normal 0 0 1
    outer loop
      vertex 4.36933 3.72326 2.4
      vertex 3.79115 2.41368 2.4
      vertex 4 2.39999 2.4
    endloop
  endfacet
  facet normal 0 0 1
    outer loop
      vertex 2.52179 3.38771 2.4
      vertex 4.02513 4.02513 2.4
      vertex 3.72326 4.36933 2.4
    endloop
  endfacet
  facet normal 0 0 1
    outer loop
      vertex 4.36933 3.72326 2.4
      vertex 3.58589 2.45451 2.4
      vertex 3.79115 2.41368 2.4
    endloop
  endfacet
  facet normal 0 0 1
    outer loop
      vertex 2.39999 4 2.4
      vertex 3.72326 4.36933 2.4
      vertex 3.46891 4.75 2.4
    endloop
  endfacet
  facet normal 0 0 1
    outer loop
      vertex 4.36933 3.72326 2.4
      vertex 3.38771 2.52179 2.4
      vertex 3.58589 2.45451 2.4
    endloop
  endfacet
  facet normal 0 0 1
    outer loop
      vertex 2.39999 4 2.4
      vertex 3.46891 4.75 2.4
      vertex 3.26642 5.16061 2.4
    endloop
  endfacet
  facet normal 0 0 1
    outer loop
      vertex 4.02513 4.02513 2.4
      vertex 3.2 2.61436 2.4
      vertex 3.38771 2.52179 2.4
    endloop
  endfacet
  facet normal 0 0 1
    outer loop
      vertex 2.39999 4 2.4
      vertex 3.26642 5.16061 2.4
      vertex 3.11926 5.59413 2.4
    endloop
  endfacet
  facet normal 0 0 1
    outer loop
      vertex 2.39999 4 2.4
      vertex 3.11926 5.59413 2.4
      vertex 3.02994 6.04316 2.4
    endloop
  endfacet
  facet normal 0 0 1
    outer loop
      vertex 3.72326 4.36933 2.4
      vertex 2.39999 4 2.4
      vertex 2.41368 3.79115 2.4
    endloop
  endfacet
  facet normal 0 0 1
    outer loop
      vertex 2.39999 4 2.4
      vertex 3.02994 6.04316 2.4
      vertex 3 6.5 2.4
    endloop
  endfacet
  facet normal 0 0 1
    outer loop
      vertex 4.02513 4.02513 2.4
      vertex 3.02599 2.73064 2.4
      vertex 3.2 2.61436 2.4
    endloop
  endfacet
  facet normal 0 0 1
    outer loop
      vertex 2.39999 4 2.4
      vertex 3.02994 6.95684 2.4
      vertex 2.39999 172 2.4
    endloop
  endfacet
  facet normal -0 0 1
    outer loop
      vertex 2.45451 172.414 2.4
      vertex 3.72326 171.631 2.4
      vertex 2.52179 172.612 2.4
    endloop
  endfacet
  facet normal 0 0 1
    outer loop
      vertex 3.02994 6.95684 2.4
      vertex 2.39999 4 2.4
      vertex 3 6.5 2.4
    endloop
  endfacet
  facet normal -0 0 1
    outer loop
      vertex 2.41368 172.209 2.4
      vertex 3.72326 171.631 2.4
      vertex 2.45451 172.414 2.4
    endloop
  endfacet
  facet normal 0 0 1
    outer loop
      vertex 4.02513 4.02513 2.4
      vertex 2.86862 2.86862 2.4
      vertex 3.02599 2.73064 2.4
    endloop
  endfacet
  facet normal -0 0 1
    outer loop
      vertex 2.39999 172 2.4
      vertex 3.72326 171.631 2.4
      vertex 2.41368 172.209 2.4
    endloop
  endfacet
  facet normal 0 0 1
    outer loop
      vertex 4.02513 4.02513 2.4
      vertex 2.73064 3.02599 2.4
      vertex 2.86862 2.86862 2.4
    endloop
  endfacet
  facet normal 0 0 1
    outer loop
      vertex 3.72326 171.631 2.4
      vertex 2.39999 172 2.4
      vertex 3.46891 171.25 2.4
    endloop
  endfacet
  facet normal 0 0 1
    outer loop
      vertex 4.02513 4.02513 2.4
      vertex 2.61436 3.2 2.4
      vertex 2.73064 3.02599 2.4
    endloop
  endfacet
  facet normal 0 0 1
    outer loop
      vertex 3.46891 171.25 2.4
      vertex 2.39999 172 2.4
      vertex 3.26642 170.839 2.4
    endloop
  endfacet
  facet normal 0 0 1
    outer loop
      vertex 4.02513 4.02513 2.4
      vertex 2.52179 3.38771 2.4
      vertex 2.61436 3.2 2.4
    endloop
  endfacet
  facet normal 0 0 1
    outer loop
      vertex 3.72326 4.36933 2.4
      vertex 2.45451 3.58589 2.4
      vertex 2.52179 3.38771 2.4
    endloop
  endfacet
  facet normal 0 0 1
    outer loop
      vertex 3.72326 4.36933 2.4
      vertex 2.41368 3.79115 2.4
      vertex 2.45451 3.58589 2.4
    endloop
  endfacet
  facet normal 0 0 1
    outer loop
      vertex 70.278 25.7416 2.4
      vertex 65.55 72.4419 2.4
      vertex 69.9065 25.8678 2.4
    endloop
  endfacet
  facet normal -0 0 1
    outer loop
      vertex 65.1981 72.2684 2.4
      vertex 69.9065 25.8678 2.4
      vertex 65.55 72.4419 2.4
    endloop
  endfacet
  facet normal 0 0 1
    outer loop
      vertex 69.9065 25.8678 2.4
      vertex 65.1981 72.2684 2.4
      vertex 69.5216 25.9443 2.4
    endloop
  endfacet
  facet normal -0 0 1
    outer loop
      vertex 64.8265 72.1422 2.4
      vertex 69.5216 25.9443 2.4
      vertex 65.1981 72.2684 2.4
    endloop
  endfacet
  facet normal 0 0 1
    outer loop
      vertex 69.5216 25.9443 2.4
      vertex 64.8265 72.1422 2.4
      vertex 69.13 25.97 2.4
    endloop
  endfacet
  facet normal -0 0 1
    outer loop
      vertex 64.4416 72.0657 2.4
      vertex 69.13 25.97 2.4
      vertex 64.8265 72.1422 2.4
    endloop
  endfacet
  facet normal 0 0 1
    outer loop
      vertex 69.13 25.97 2.4
      vertex 64.4416 72.0657 2.4
      vertex 68.7384 25.9443 2.4
    endloop
  endfacet
  facet normal -0 0 1
    outer loop
      vertex 64.05 72.04 2.4
      vertex 68.7384 25.9443 2.4
      vertex 64.4416 72.0657 2.4
    endloop
  endfacet
  facet normal 0 0 1
    outer loop
      vertex 68.7384 25.9443 2.4
      vertex 64.05 72.04 2.4
      vertex 68.3535 25.8678 2.4
    endloop
  endfacet
  facet normal 0 0 1
    outer loop
      vertex 63.6584 72.0657 2.4
      vertex 68.3535 25.8678 2.4
      vertex 64.05 72.04 2.4
    endloop
  endfacet
  facet normal 0 0 1
    outer loop
      vertex 68.3535 25.8678 2.4
      vertex 63.6584 72.0657 2.4
      vertex 67.9819 25.7416 2.4
    endloop
  endfacet
  facet normal 0 0 1
    outer loop
      vertex 63.2735 72.1422 2.4
      vertex 67.9819 25.7416 2.4
      vertex 63.6584 72.0657 2.4
    endloop
  endfacet
  facet normal 0 0 1
    outer loop
      vertex 67.9819 25.7416 2.4
      vertex 63.2735 72.1422 2.4
      vertex 67.63 25.5681 2.4
    endloop
  endfacet
  facet normal 0 0 1
    outer loop
      vertex 62.9019 72.2684 2.4
      vertex 67.63 25.5681 2.4
      vertex 63.2735 72.1422 2.4
    endloop
  endfacet
  facet normal -0.980764 -0.195196 0
    outer loop
      vertex 87.5863 172.209 2.4
      vertex 87.5455 172.414 42.4
      vertex 87.5455 172.414 2.4
    endloop
  endfacet
  facet normal -0.980764 -0.195196 0
    outer loop
      vertex 87.5455 172.414 42.4
      vertex 87.5863 172.209 2.4
      vertex 87.5863 172.209 42.4
    endloop
  endfacet
  facet normal -0.980812 0.194958 0
    outer loop
      vertex 87.5455 3.58589 2.4
      vertex 87.5863 3.79115 42.4
      vertex 87.5863 3.79115 2.4
    endloop
  endfacet
  facet normal -0.980812 0.194958 0
    outer loop
      vertex 87.5863 3.79115 42.4
      vertex 87.5455 3.58589 2.4
      vertex 87.5455 3.58589 42.4
    endloop
  endfacet
  facet normal -0.751863 0.659319 0
    outer loop
      vertex 87.1314 2.86862 2.4
      vertex 87.2694 3.02599 42.4
      vertex 87.2694 3.02599 2.4
    endloop
  endfacet
  facet normal -0.751863 0.659319 0
    outer loop
      vertex 87.2694 3.02599 42.4
      vertex 87.1314 2.86862 2.4
      vertex 87.1314 2.86862 42.4
    endloop
  endfacet
  facet normal -0.555626 0.831432 0
    outer loop
      vertex 86.974 2.73064 2.4
      vertex 86.8 2.61436 42.4
      vertex 86.974 2.73064 42.4
    endloop
  endfacet
  facet normal -0.555626 0.831432 0
    outer loop
      vertex 86.8 2.61436 42.4
      vertex 86.974 2.73064 2.4
      vertex 86.8 2.61436 2.4
    endloop
  endfacet
  facet normal -0.442314 0.89686 0
    outer loop
      vertex 86.8 2.61436 2.4
      vertex 86.6123 2.52179 42.4
      vertex 86.8 2.61436 42.4
    endloop
  endfacet
  facet normal -0.442314 0.89686 0
    outer loop
      vertex 86.6123 2.52179 42.4
      vertex 86.8 2.61436 2.4
      vertex 86.6123 2.52179 2.4
    endloop
  endfacet
  facet normal -0.32144 0.94693 0
    outer loop
      vertex 86.6123 2.52179 2.4
      vertex 86.4141 2.45451 42.4
      vertex 86.6123 2.52179 42.4
    endloop
  endfacet
  facet normal -0.32144 0.94693 0
    outer loop
      vertex 86.4141 2.45451 42.4
      vertex 86.6123 2.52179 2.4
      vertex 86.4141 2.45451 2.4
    endloop
  endfacet
  facet normal -0.831609 -0.555362 0
    outer loop
      vertex 87.3856 172.8 2.4
      vertex 87.2694 172.974 42.4
      vertex 87.2694 172.974 2.4
    endloop
  endfacet
  facet normal -0.831609 -0.555362 0
    outer loop
      vertex 87.2694 172.974 42.4
      vertex 87.3856 172.8 2.4
      vertex 87.3856 172.8 42.4
    endloop
  endfacet
  facet normal -0.897083 -0.441861 0
    outer loop
      vertex 87.4782 172.612 2.4
      vertex 87.3856 172.8 42.4
      vertex 87.3856 172.8 2.4
    endloop
  endfacet
  facet normal -0.897083 -0.441861 0
    outer loop
      vertex 87.3856 172.8 42.4
      vertex 87.4782 172.612 2.4
      vertex 87.4782 172.612 42.4
    endloop
  endfacet
  facet normal -0.946891 0.321555 0
    outer loop
      vertex 87.4782 3.38771 2.4
      vertex 87.5455 3.58589 42.4
      vertex 87.5455 3.58589 2.4
    endloop
  endfacet
  facet normal -0.946891 0.321555 0
    outer loop
      vertex 87.5455 3.58589 42.4
      vertex 87.4782 3.38771 2.4
      vertex 87.4782 3.38771 42.4
    endloop
  endfacet
  facet normal -0.997855 0.0654566 0
    outer loop
      vertex 87.5863 3.79115 2.4
      vertex 87.6 4 42.4
      vertex 87.6 4 2.4
    endloop
  endfacet
  facet normal -0.997855 0.0654566 0
    outer loop
      vertex 87.6 4 42.4
      vertex 87.5863 3.79115 2.4
      vertex 87.5863 3.79115 42.4
    endloop
  endfacet
  facet normal -0.659194 0.751973 0
    outer loop
      vertex 87.1314 2.86862 2.4
      vertex 86.974 2.73064 42.4
      vertex 87.1314 2.86862 42.4
    endloop
  endfacet
  facet normal -0.659194 0.751973 0
    outer loop
      vertex 86.974 2.73064 42.4
      vertex 87.1314 2.86862 2.4
      vertex 86.974 2.73064 2.4
    endloop
  endfacet
  facet normal -0.896813 0.44241 0
    outer loop
      vertex 87.3856 3.2 2.4
      vertex 87.4782 3.38771 42.4
      vertex 87.4782 3.38771 2.4
    endloop
  endfacet
  facet normal -0.896813 0.44241 0
    outer loop
      vertex 87.4782 3.38771 42.4
      vertex 87.3856 3.2 2.4
      vertex 87.3856 3.2 42.4
    endloop
  endfacet
  facet normal -0.831624 0.55534 0
    outer loop
      vertex 87.2694 3.02599 2.4
      vertex 87.3856 3.2 42.4
      vertex 87.3856 3.2 2.4
    endloop
  endfacet
  facet normal -0.831624 0.55534 0
    outer loop
      vertex 87.3856 3.2 42.4
      vertex 87.2694 3.02599 2.4
      vertex 87.2694 3.02599 42.4
    endloop
  endfacet
  facet normal 0.555572 0.831468 -0
    outer loop
      vertex 8.63066 9.27674 2.4
      vertex 8.25 9.53109 42.4
      vertex 8.63066 9.27674 42.4
    endloop
  endfacet
  facet normal 0.555572 0.831468 0
    outer loop
      vertex 8.25 9.53109 42.4
      vertex 8.63066 9.27674 2.4
      vertex 8.25 9.53109 2.4
    endloop
  endfacet
  facet normal -0.195095 -0.980784 0
    outer loop
      vertex 5.59413 3.11926 2.4
      vertex 6.04316 3.02994 42.4
      vertex 5.59413 3.11926 42.4
    endloop
  endfacet
  facet normal -0.195095 -0.980784 -0
    outer loop
      vertex 6.04316 3.02994 42.4
      vertex 5.59413 3.11926 2.4
      vertex 6.04316 3.02994 2.4
    endloop
  endfacet
  facet normal -0.442288 0.896873 0
    outer loop
      vertex 5.16061 9.73358 2.4
      vertex 4.75 9.53109 42.4
      vertex 5.16061 9.73358 42.4
    endloop
  endfacet
  facet normal -0.442288 0.896873 0
    outer loop
      vertex 4.75 9.53109 42.4
      vertex 5.16061 9.73358 2.4
      vertex 4.75 9.53109 2.4
    endloop
  endfacet
  facet normal -0.94693 0.321439 0
    outer loop
      vertex 3.11926 7.40587 2.4
      vertex 3.26642 7.83939 42.4
      vertex 3.26642 7.83939 2.4
    endloop
  endfacet
  facet normal -0.94693 0.321439 0
    outer loop
      vertex 3.26642 7.83939 42.4
      vertex 3.11926 7.40587 2.4
      vertex 3.11926 7.40587 42.4
    endloop
  endfacet
  facet normal 0.94693 -0.321439 0
    outer loop
      vertex 9.73358 5.16061 42.4
      vertex 9.88074 5.59413 2.4
      vertex 9.88074 5.59413 42.4
    endloop
  endfacet
  facet normal 0.94693 -0.321439 0
    outer loop
      vertex 9.88074 5.59413 2.4
      vertex 9.73358 5.16061 42.4
      vertex 9.73358 5.16061 2.4
    endloop
  endfacet
  facet normal -0.321439 -0.94693 0
    outer loop
      vertex 5.16061 3.26642 2.4
      vertex 5.59413 3.11926 42.4
      vertex 5.16061 3.26642 42.4
    endloop
  endfacet
  facet normal -0.321439 -0.94693 -0
    outer loop
      vertex 5.59413 3.11926 42.4
      vertex 5.16061 3.26642 2.4
      vertex 5.59413 3.11926 2.4
    endloop
  endfacet
  facet normal 0.896873 0.442288 0
    outer loop
      vertex 9.73358 7.83939 42.4
      vertex 9.53109 8.25 2.4
      vertex 9.53109 8.25 42.4
    endloop
  endfacet
  facet normal 0.896873 0.442288 0
    outer loop
      vertex 9.53109 8.25 2.4
      vertex 9.73358 7.83939 42.4
      vertex 9.73358 7.83939 2.4
    endloop
  endfacet
  facet normal 0.980784 0.195095 0
    outer loop
      vertex 9.97006 6.95684 42.4
      vertex 9.88074 7.40587 2.4
      vertex 9.88074 7.40587 42.4
    endloop
  endfacet
  facet normal 0.980784 0.195095 0
    outer loop
      vertex 9.88074 7.40587 2.4
      vertex 9.97006 6.95684 42.4
      vertex 9.97006 6.95684 2.4
    endloop
  endfacet
  facet normal 0.831468 0.555572 0
    outer loop
      vertex 9.53109 8.25 42.4
      vertex 9.27674 8.63066 2.4
      vertex 9.27674 8.63066 42.4
    endloop
  endfacet
  facet normal 0.831468 0.555572 0
    outer loop
      vertex 9.27674 8.63066 2.4
      vertex 9.53109 8.25 42.4
      vertex 9.53109 8.25 2.4
    endloop
  endfacet
  facet normal 0.659353 0.751833 -0
    outer loop
      vertex 8.97487 8.97487 2.4
      vertex 8.63066 9.27674 42.4
      vertex 8.97487 8.97487 42.4
    endloop
  endfacet
  facet normal 0.659353 0.751833 0
    outer loop
      vertex 8.63066 9.27674 42.4
      vertex 8.97487 8.97487 2.4
      vertex 8.63066 9.27674 2.4
    endloop
  endfacet
  facet normal 0.321439 0.94693 -0
    outer loop
      vertex 7.83939 9.73358 2.4
      vertex 7.40587 9.88074 42.4
      vertex 7.83939 9.73358 42.4
    endloop
  endfacet
  facet normal 0.321439 0.94693 0
    outer loop
      vertex 7.40587 9.88074 42.4
      vertex 7.83939 9.73358 2.4
      vertex 7.40587 9.88074 2.4
    endloop
  endfacet
  facet normal -0.0653969 0.997859 0
    outer loop
      vertex 6.5 10 2.4
      vertex 6.04316 9.97006 42.4
      vertex 6.5 10 42.4
    endloop
  endfacet
  facet normal -0.0653969 0.997859 0
    outer loop
      vertex 6.04316 9.97006 42.4
      vertex 6.5 10 2.4
      vertex 6.04316 9.97006 2.4
    endloop
  endfacet
  facet normal -0.997859 0.0653969 0
    outer loop
      vertex 3 6.5 2.4
      vertex 3.02994 6.95684 42.4
      vertex 3.02994 6.95684 2.4
    endloop
  endfacet
  facet normal -0.997859 0.0653969 0
    outer loop
      vertex 3.02994 6.95684 42.4
      vertex 3 6.5 2.4
      vertex 3 6.5 42.4
    endloop
  endfacet
  facet normal -0.831468 0.555572 0
    outer loop
      vertex 3.46891 8.25 2.4
      vertex 3.72326 8.63066 42.4
      vertex 3.72326 8.63066 2.4
    endloop
  endfacet
  facet normal -0.831468 0.555572 0
    outer loop
      vertex 3.72326 8.63066 42.4
      vertex 3.46891 8.25 2.4
      vertex 3.46891 8.25 42.4
    endloop
  endfacet
  facet normal -0.195095 0.980784 0
    outer loop
      vertex 6.04316 9.97006 2.4
      vertex 5.59413 9.88074 42.4
      vertex 6.04316 9.97006 42.4
    endloop
  endfacet
  facet normal -0.195095 0.980784 0
    outer loop
      vertex 5.59413 9.88074 42.4
      vertex 6.04316 9.97006 2.4
      vertex 5.59413 9.88074 2.4
    endloop
  endfacet
  facet normal -0.751833 0.659353 0
    outer loop
      vertex 3.72326 8.63066 2.4
      vertex 4.02513 8.97487 42.4
      vertex 4.02513 8.97487 2.4
    endloop
  endfacet
  facet normal -0.751833 0.659353 0
    outer loop
      vertex 4.02513 8.97487 42.4
      vertex 3.72326 8.63066 2.4
      vertex 3.72326 8.63066 42.4
    endloop
  endfacet
  facet normal 0.997859 0.0653969 0
    outer loop
      vertex 10 6.5 42.4
      vertex 9.97006 6.95684 2.4
      vertex 9.97006 6.95684 42.4
    endloop
  endfacet
  facet normal 0.997859 0.0653969 0
    outer loop
      vertex 9.97006 6.95684 2.4
      vertex 10 6.5 42.4
      vertex 10 6.5 2.4
    endloop
  endfacet
  facet normal 0.195095 -0.980784 0
    outer loop
      vertex 6.95684 3.02994 2.4
      vertex 7.40587 3.11926 42.4
      vertex 6.95684 3.02994 42.4
    endloop
  endfacet
  facet normal 0.195095 -0.980784 0
    outer loop
      vertex 7.40587 3.11926 42.4
      vertex 6.95684 3.02994 2.4
      vertex 7.40587 3.11926 2.4
    endloop
  endfacet
  facet normal 0.831475 -0.555562 0
    outer loop
      vertex 9.27674 4.36933 42.4
      vertex 9.53109 4.75 2.4
      vertex 9.53109 4.75 42.4
    endloop
  endfacet
  facet normal 0.831475 -0.555562 0
    outer loop
      vertex 9.53109 4.75 2.4
      vertex 9.27674 4.36933 42.4
      vertex 9.27674 4.36933 2.4
    endloop
  endfacet
  facet normal -0.0653969 -0.997859 0
    outer loop
      vertex 6.04316 3.02994 2.4
      vertex 6.5 3 42.4
      vertex 6.04316 3.02994 42.4
    endloop
  endfacet
  facet normal -0.0653969 -0.997859 -0
    outer loop
      vertex 6.5 3 42.4
      vertex 6.04316 3.02994 2.4
      vertex 6.5 3 2.4
    endloop
  endfacet
  facet normal -0.555562 -0.831475 0
    outer loop
      vertex 4.36933 3.72326 2.4
      vertex 4.75 3.46891 42.4
      vertex 4.36933 3.72326 42.4
    endloop
  endfacet
  facet normal -0.555562 -0.831475 -0
    outer loop
      vertex 4.75 3.46891 42.4
      vertex 4.36933 3.72326 2.4
      vertex 4.75 3.46891 2.4
    endloop
  endfacet
  facet normal -0.980784 -0.195095 0
    outer loop
      vertex 3.11926 5.59413 2.4
      vertex 3.02994 6.04316 42.4
      vertex 3.02994 6.04316 2.4
    endloop
  endfacet
  facet normal -0.980784 -0.195095 0
    outer loop
      vertex 3.02994 6.04316 42.4
      vertex 3.11926 5.59413 2.4
      vertex 3.11926 5.59413 42.4
    endloop
  endfacet
  facet normal 0.94693 0.321439 0
    outer loop
      vertex 9.88074 7.40587 42.4
      vertex 9.73358 7.83939 2.4
      vertex 9.73358 7.83939 42.4
    endloop
  endfacet
  facet normal 0.94693 0.321439 0
    outer loop
      vertex 9.73358 7.83939 2.4
      vertex 9.88074 7.40587 42.4
      vertex 9.88074 7.40587 2.4
    endloop
  endfacet
  facet normal 0.751833 0.659353 0
    outer loop
      vertex 9.27674 8.63066 42.4
      vertex 8.97487 8.97487 2.4
      vertex 8.97487 8.97487 42.4
    endloop
  endfacet
  facet normal 0.751833 0.659353 0
    outer loop
      vertex 8.97487 8.97487 2.4
      vertex 9.27674 8.63066 42.4
      vertex 9.27674 8.63066 2.4
    endloop
  endfacet
  facet normal 0.442288 0.896873 -0
    outer loop
      vertex 8.25 9.53109 2.4
      vertex 7.83939 9.73358 42.4
      vertex 8.25 9.53109 42.4
    endloop
  endfacet
  facet normal 0.442288 0.896873 0
    outer loop
      vertex 7.83939 9.73358 42.4
      vertex 8.25 9.53109 2.4
      vertex 7.83939 9.73358 2.4
    endloop
  endfacet
  facet normal 0.195095 0.980784 -0
    outer loop
      vertex 7.40587 9.88074 2.4
      vertex 6.95684 9.97006 42.4
      vertex 7.40587 9.88074 42.4
    endloop
  endfacet
  facet normal 0.195095 0.980784 0
    outer loop
      vertex 6.95684 9.97006 42.4
      vertex 7.40587 9.88074 2.4
      vertex 6.95684 9.97006 2.4
    endloop
  endfacet
  facet normal 0.0653969 0.997859 -0
    outer loop
      vertex 6.95684 9.97006 2.4
      vertex 6.5 10 42.4
      vertex 6.95684 9.97006 42.4
    endloop
  endfacet
  facet normal 0.0653969 0.997859 0
    outer loop
      vertex 6.5 10 42.4
      vertex 6.95684 9.97006 2.4
      vertex 6.5 10 2.4
    endloop
  endfacet
  facet normal -0.997859 -0.0653969 0
    outer loop
      vertex 3.02994 6.04316 2.4
      vertex 3 6.5 42.4
      vertex 3 6.5 2.4
    endloop
  endfacet
  facet normal -0.997859 -0.0653969 0
    outer loop
      vertex 3 6.5 42.4
      vertex 3.02994 6.04316 2.4
      vertex 3.02994 6.04316 42.4
    endloop
  endfacet
  facet normal -0.980784 0.195095 0
    outer loop
      vertex 3.02994 6.95684 2.4
      vertex 3.11926 7.40587 42.4
      vertex 3.11926 7.40587 2.4
    endloop
  endfacet
  facet normal -0.980784 0.195095 0
    outer loop
      vertex 3.11926 7.40587 42.4
      vertex 3.02994 6.95684 2.4
      vertex 3.02994 6.95684 42.4
    endloop
  endfacet
  facet normal -0.896873 0.442288 0
    outer loop
      vertex 3.26642 7.83939 2.4
      vertex 3.46891 8.25 42.4
      vertex 3.46891 8.25 2.4
    endloop
  endfacet
  facet normal -0.896873 0.442288 0
    outer loop
      vertex 3.46891 8.25 42.4
      vertex 3.26642 7.83939 2.4
      vertex 3.26642 7.83939 42.4
    endloop
  endfacet
  facet normal -0.321439 0.94693 0
    outer loop
      vertex 5.59413 9.88074 2.4
      vertex 5.16061 9.73358 42.4
      vertex 5.59413 9.88074 42.4
    endloop
  endfacet
  facet normal -0.321439 0.94693 0
    outer loop
      vertex 5.16061 9.73358 42.4
      vertex 5.59413 9.88074 2.4
      vertex 5.16061 9.73358 2.4
    endloop
  endfacet
  facet normal -0.659364 0.751824 0
    outer loop
      vertex 4.36933 9.27674 2.4
      vertex 4.02513 8.97487 42.4
      vertex 4.36933 9.27674 42.4
    endloop
  endfacet
  facet normal -0.659364 0.751824 0
    outer loop
      vertex 4.02513 8.97487 42.4
      vertex 4.36933 9.27674 2.4
      vertex 4.02513 8.97487 2.4
    endloop
  endfacet
  facet normal -0.555562 0.831475 0
    outer loop
      vertex 4.75 9.53109 2.4
      vertex 4.36933 9.27674 42.4
      vertex 4.75 9.53109 42.4
    endloop
  endfacet
  facet normal -0.555562 0.831475 0
    outer loop
      vertex 4.36933 9.27674 42.4
      vertex 4.75 9.53109 2.4
      vertex 4.36933 9.27674 2.4
    endloop
  endfacet
  facet normal 0.980784 -0.195095 0
    outer loop
      vertex 9.88074 5.59413 42.4
      vertex 9.97006 6.04316 2.4
      vertex 9.97006 6.04316 42.4
    endloop
  endfacet
  facet normal 0.980784 -0.195095 0
    outer loop
      vertex 9.97006 6.04316 2.4
      vertex 9.88074 5.59413 42.4
      vertex 9.88074 5.59413 2.4
    endloop
  endfacet
  facet normal 0.321439 -0.94693 0
    outer loop
      vertex 7.40587 3.11926 2.4
      vertex 7.83939 3.26642 42.4
      vertex 7.40587 3.11926 42.4
    endloop
  endfacet
  facet normal 0.321439 -0.94693 0
    outer loop
      vertex 7.83939 3.26642 42.4
      vertex 7.40587 3.11926 2.4
      vertex 7.83939 3.26642 2.4
    endloop
  endfacet
  facet normal 0.751824 -0.659364 0
    outer loop
      vertex 8.97487 4.02513 42.4
      vertex 9.27674 4.36933 2.4
      vertex 9.27674 4.36933 42.4
    endloop
  endfacet
  facet normal 0.751824 -0.659364 0
    outer loop
      vertex 9.27674 4.36933 2.4
      vertex 8.97487 4.02513 42.4
      vertex 8.97487 4.02513 2.4
    endloop
  endfacet
  facet normal 0.555572 -0.831468 0
    outer loop
      vertex 8.25 3.46891 2.4
      vertex 8.63066 3.72326 42.4
      vertex 8.25 3.46891 42.4
    endloop
  endfacet
  facet normal 0.555572 -0.831468 0
    outer loop
      vertex 8.63066 3.72326 42.4
      vertex 8.25 3.46891 2.4
      vertex 8.63066 3.72326 2.4
    endloop
  endfacet
  facet normal 0.896873 -0.442288 0
    outer loop
      vertex 9.53109 4.75 42.4
      vertex 9.73358 5.16061 2.4
      vertex 9.73358 5.16061 42.4
    endloop
  endfacet
  facet normal 0.896873 -0.442288 0
    outer loop
      vertex 9.73358 5.16061 2.4
      vertex 9.53109 4.75 42.4
      vertex 9.53109 4.75 2.4
    endloop
  endfacet
  facet normal 0.0653969 -0.997859 0
    outer loop
      vertex 6.5 3 2.4
      vertex 6.95684 3.02994 42.4
      vertex 6.5 3 42.4
    endloop
  endfacet
  facet normal 0.0653969 -0.997859 0
    outer loop
      vertex 6.95684 3.02994 42.4
      vertex 6.5 3 2.4
      vertex 6.95684 3.02994 2.4
    endloop
  endfacet
  facet normal -0.442288 -0.896873 0
    outer loop
      vertex 4.75 3.46891 2.4
      vertex 5.16061 3.26642 42.4
      vertex 4.75 3.46891 42.4
    endloop
  endfacet
  facet normal -0.442288 -0.896873 -0
    outer loop
      vertex 5.16061 3.26642 42.4
      vertex 4.75 3.46891 2.4
      vertex 5.16061 3.26642 2.4
    endloop
  endfacet
  facet normal -0.94693 -0.321439 0
    outer loop
      vertex 3.26642 5.16061 2.4
      vertex 3.11926 5.59413 42.4
      vertex 3.11926 5.59413 2.4
    endloop
  endfacet
  facet normal -0.94693 -0.321439 0
    outer loop
      vertex 3.11926 5.59413 42.4
      vertex 3.26642 5.16061 2.4
      vertex 3.26642 5.16061 42.4
    endloop
  endfacet
  facet normal -0.659364 -0.751824 0
    outer loop
      vertex 4.02513 4.02513 2.4
      vertex 4.36933 3.72326 42.4
      vertex 4.02513 4.02513 42.4
    endloop
  endfacet
  facet normal -0.659364 -0.751824 -0
    outer loop
      vertex 4.36933 3.72326 42.4
      vertex 4.02513 4.02513 2.4
      vertex 4.36933 3.72326 2.4
    endloop
  endfacet
  facet normal -0.831475 -0.555562 0
    outer loop
      vertex 3.72326 4.36933 2.4
      vertex 3.46891 4.75 42.4
      vertex 3.46891 4.75 2.4
    endloop
  endfacet
  facet normal -0.831475 -0.555562 0
    outer loop
      vertex 3.46891 4.75 42.4
      vertex 3.72326 4.36933 2.4
      vertex 3.72326 4.36933 42.4
    endloop
  endfacet
  facet normal 0 0 1
    outer loop
      vertex 7.75 6.5 42.4
      vertex 10 6.5 42.4
      vertex 9.97006 6.95684 42.4
    endloop
  endfacet
  facet normal 0 0 1
    outer loop
      vertex 7.73931 6.66316 42.4
      vertex 9.97006 6.95684 42.4
      vertex 9.88074 7.40587 42.4
    endloop
  endfacet
  facet normal 0 0 1
    outer loop
      vertex 10 6.5 42.4
      vertex 7.75 6.5 42.4
      vertex 9.97006 6.04316 42.4
    endloop
  endfacet
  facet normal 0 0 1
    outer loop
      vertex 7.70741 6.82352 42.4
      vertex 9.88074 7.40587 42.4
      vertex 9.73358 7.83939 42.4
    endloop
  endfacet
  facet normal -0 0 1
    outer loop
      vertex 7.73931 6.33684 42.4
      vertex 9.97006 6.04316 42.4
      vertex 7.75 6.5 42.4
    endloop
  endfacet
  facet normal 0 0 1
    outer loop
      vertex 7.65485 6.97835 42.4
      vertex 9.73358 7.83939 42.4
      vertex 9.53109 8.25 42.4
    endloop
  endfacet
  facet normal 0 0 1
    outer loop
      vertex 9.97006 6.04316 42.4
      vertex 7.73931 6.33684 42.4
      vertex 9.88074 5.59413 42.4
    endloop
  endfacet
  facet normal 0 0 1
    outer loop
      vertex 7.58253 7.125 42.4
      vertex 9.53109 8.25 42.4
      vertex 9.27674 8.63066 42.4
    endloop
  endfacet
  facet normal -0 0 1
    outer loop
      vertex 7.70741 6.17648 42.4
      vertex 9.88074 5.59413 42.4
      vertex 7.73931 6.33684 42.4
    endloop
  endfacet
  facet normal 0 0 1
    outer loop
      vertex 7.49169 7.26095 42.4
      vertex 9.27674 8.63066 42.4
      vertex 8.97487 8.97487 42.4
    endloop
  endfacet
  facet normal 0 0 1
    outer loop
      vertex 9.88074 5.59413 42.4
      vertex 7.70741 6.17648 42.4
      vertex 9.73358 5.16061 42.4
    endloop
  endfacet
  facet normal 0 0 1
    outer loop
      vertex 7.38388 7.38388 42.4
      vertex 8.97487 8.97487 42.4
      vertex 8.63066 9.27674 42.4
    endloop
  endfacet
  facet normal -0 0 1
    outer loop
      vertex 7.65485 6.02165 42.4
      vertex 9.73358 5.16061 42.4
      vertex 7.70741 6.17648 42.4
    endloop
  endfacet
  facet normal 0 0 1
    outer loop
      vertex 7.26095 7.49169 42.4
      vertex 8.63066 9.27674 42.4
      vertex 8.25 9.53109 42.4
    endloop
  endfacet
  facet normal 0 0 1
    outer loop
      vertex 9.73358 5.16061 42.4
      vertex 7.65485 6.02165 42.4
      vertex 9.53109 4.75 42.4
    endloop
  endfacet
  facet normal 0 0 1
    outer loop
      vertex 7.125 7.58253 42.4
      vertex 8.25 9.53109 42.4
      vertex 7.83939 9.73358 42.4
    endloop
  endfacet
  facet normal -0 0 1
    outer loop
      vertex 7.58253 5.875 42.4
      vertex 9.53109 4.75 42.4
      vertex 7.65485 6.02165 42.4
    endloop
  endfacet
  facet normal 0 0 1
    outer loop
      vertex 9.53109 4.75 42.4
      vertex 7.58253 5.875 42.4
      vertex 9.27674 4.36933 42.4
    endloop
  endfacet
  facet normal 0 0 1
    outer loop
      vertex 9.97006 6.95684 42.4
      vertex 7.73931 6.66316 42.4
      vertex 7.75 6.5 42.4
    endloop
  endfacet
  facet normal 0 0 1
    outer loop
      vertex 9.88074 7.40587 42.4
      vertex 7.70741 6.82352 42.4
      vertex 7.73931 6.66316 42.4
    endloop
  endfacet
  facet normal 0 0 1
    outer loop
      vertex 9.73358 7.83939 42.4
      vertex 7.65485 6.97835 42.4
      vertex 7.70741 6.82352 42.4
    endloop
  endfacet
  facet normal 0 0 1
    outer loop
      vertex 9.53109 8.25 42.4
      vertex 7.58253 7.125 42.4
      vertex 7.65485 6.97835 42.4
    endloop
  endfacet
  facet normal 0 0 1
    outer loop
      vertex 9.27674 8.63066 42.4
      vertex 7.49169 7.26095 42.4
      vertex 7.58253 7.125 42.4
    endloop
  endfacet
  facet normal 0 0 1
    outer loop
      vertex 6.97835 7.65485 42.4
      vertex 7.83939 9.73358 42.4
      vertex 7.40587 9.88074 42.4
    endloop
  endfacet
  facet normal 0 0 1
    outer loop
      vertex 8.97487 8.97487 42.4
      vertex 7.38388 7.38388 42.4
      vertex 7.49169 7.26095 42.4
    endloop
  endfacet
  facet normal 0 0 1
    outer loop
      vertex 8.63066 9.27674 42.4
      vertex 7.26095 7.49169 42.4
      vertex 7.38388 7.38388 42.4
    endloop
  endfacet
  facet normal 0 0 1
    outer loop
      vertex 8.25 9.53109 42.4
      vertex 7.125 7.58253 42.4
      vertex 7.26095 7.49169 42.4
    endloop
  endfacet
  facet normal 0 0 1
    outer loop
      vertex 7.83939 9.73358 42.4
      vertex 6.97835 7.65485 42.4
      vertex 7.125 7.58253 42.4
    endloop
  endfacet
  facet normal 0 0 1
    outer loop
      vertex 6.82352 7.70741 42.4
      vertex 7.40587 9.88074 42.4
      vertex 6.95684 9.97006 42.4
    endloop
  endfacet
  facet normal 0 0 1
    outer loop
      vertex 7.40587 9.88074 42.4
      vertex 6.82352 7.70741 42.4
      vertex 6.97835 7.65485 42.4
    endloop
  endfacet
  facet normal 0 0 1
    outer loop
      vertex 6.95684 9.97006 42.4
      vertex 6.66316 7.73931 42.4
      vertex 6.82352 7.70741 42.4
    endloop
  endfacet
  facet normal 0 0 1
    outer loop
      vertex 6.5 10 42.4
      vertex 6.66316 7.73931 42.4
      vertex 6.95684 9.97006 42.4
    endloop
  endfacet
  facet normal 0 0 1
    outer loop
      vertex 6.5 10 42.4
      vertex 6.5 7.75 42.4
      vertex 6.66316 7.73931 42.4
    endloop
  endfacet
  facet normal 0 0 1
    outer loop
      vertex 6.5 10 42.4
      vertex 6.33684 7.73931 42.4
      vertex 6.5 7.75 42.4
    endloop
  endfacet
  facet normal -0 0 1
    outer loop
      vertex 6.04316 9.97006 42.4
      vertex 6.33684 7.73931 42.4
      vertex 6.5 10 42.4
    endloop
  endfacet
  facet normal 0 0 1
    outer loop
      vertex 6.33684 7.73931 42.4
      vertex 6.04316 9.97006 42.4
      vertex 6.17648 7.70741 42.4
    endloop
  endfacet
  facet normal -0 0 1
    outer loop
      vertex 5.59413 9.88074 42.4
      vertex 6.17648 7.70741 42.4
      vertex 6.04316 9.97006 42.4
    endloop
  endfacet
  facet normal 0 0 1
    outer loop
      vertex 6.17648 7.70741 42.4
      vertex 5.59413 9.88074 42.4
      vertex 6.02165 7.65485 42.4
    endloop
  endfacet
  facet normal -0 0 1
    outer loop
      vertex 5.16061 9.73358 42.4
      vertex 6.02165 7.65485 42.4
      vertex 5.59413 9.88074 42.4
    endloop
  endfacet
  facet normal 0 0 1
    outer loop
      vertex 6.02165 7.65485 42.4
      vertex 5.16061 9.73358 42.4
      vertex 5.875 7.58253 42.4
    endloop
  endfacet
  facet normal -0 0 1
    outer loop
      vertex 4.75 9.53109 42.4
      vertex 5.875 7.58253 42.4
      vertex 5.16061 9.73358 42.4
    endloop
  endfacet
  facet normal 0 0 1
    outer loop
      vertex 5.875 7.58253 42.4
      vertex 4.75 9.53109 42.4
      vertex 5.73905 7.49169 42.4
    endloop
  endfacet
  facet normal -0 0 1
    outer loop
      vertex 4.36933 9.27674 42.4
      vertex 5.73905 7.49169 42.4
      vertex 4.75 9.53109 42.4
    endloop
  endfacet
  facet normal 0 0 1
    outer loop
      vertex 5.73905 7.49169 42.4
      vertex 4.36933 9.27674 42.4
      vertex 5.61612 7.38388 42.4
    endloop
  endfacet
  facet normal -0 0 1
    outer loop
      vertex 4.02513 8.97487 42.4
      vertex 5.61612 7.38388 42.4
      vertex 4.36933 9.27674 42.4
    endloop
  endfacet
  facet normal 0 0 1
    outer loop
      vertex 5.61612 7.38388 42.4
      vertex 4.02513 8.97487 42.4
      vertex 5.50831 7.26095 42.4
    endloop
  endfacet
  facet normal 0 0 1
    outer loop
      vertex 5.50831 7.26095 42.4
      vertex 3.72326 8.63066 42.4
      vertex 5.41747 7.125 42.4
    endloop
  endfacet
  facet normal -0 0 1
    outer loop
      vertex 3.72326 8.63066 42.4
      vertex 5.50831 7.26095 42.4
      vertex 4.02513 8.97487 42.4
    endloop
  endfacet
  facet normal -0 0 1
    outer loop
      vertex 7.49169 5.73905 42.4
      vertex 9.27674 4.36933 42.4
      vertex 7.58253 5.875 42.4
    endloop
  endfacet
  facet normal 0 0 1
    outer loop
      vertex 9.27674 4.36933 42.4
      vertex 7.49169 5.73905 42.4
      vertex 8.97487 4.02513 42.4
    endloop
  endfacet
  facet normal -0 0 1
    outer loop
      vertex 7.38388 5.61612 42.4
      vertex 8.97487 4.02513 42.4
      vertex 7.49169 5.73905 42.4
    endloop
  endfacet
  facet normal 0 0 1
    outer loop
      vertex 8.97487 4.02513 42.4
      vertex 7.38388 5.61612 42.4
      vertex 8.63066 3.72326 42.4
    endloop
  endfacet
  facet normal -0 0 1
    outer loop
      vertex 7.26095 5.50831 42.4
      vertex 8.63066 3.72326 42.4
      vertex 7.38388 5.61612 42.4
    endloop
  endfacet
  facet normal 0 0 1
    outer loop
      vertex 8.63066 3.72326 42.4
      vertex 7.26095 5.50831 42.4
      vertex 8.25 3.46891 42.4
    endloop
  endfacet
  facet normal -0 0 1
    outer loop
      vertex 7.125 5.41747 42.4
      vertex 8.25 3.46891 42.4
      vertex 7.26095 5.50831 42.4
    endloop
  endfacet
  facet normal 0 0 1
    outer loop
      vertex 8.25 3.46891 42.4
      vertex 7.125 5.41747 42.4
      vertex 7.83939 3.26642 42.4
    endloop
  endfacet
  facet normal -0 0 1
    outer loop
      vertex 6.97835 5.34515 42.4
      vertex 7.83939 3.26642 42.4
      vertex 7.125 5.41747 42.4
    endloop
  endfacet
  facet normal 0 0 1
    outer loop
      vertex 7.83939 3.26642 42.4
      vertex 6.97835 5.34515 42.4
      vertex 7.40587 3.11926 42.4
    endloop
  endfacet
  facet normal -0 0 1
    outer loop
      vertex 6.82352 5.29259 42.4
      vertex 7.40587 3.11926 42.4
      vertex 6.97835 5.34515 42.4
    endloop
  endfacet
  facet normal 0 0 1
    outer loop
      vertex 7.40587 3.11926 42.4
      vertex 6.82352 5.29259 42.4
      vertex 6.95684 3.02994 42.4
    endloop
  endfacet
  facet normal -0 0 1
    outer loop
      vertex 6.66316 5.26069 42.4
      vertex 6.95684 3.02994 42.4
      vertex 6.82352 5.29259 42.4
    endloop
  endfacet
  facet normal -0 0 1
    outer loop
      vertex 6.5 5.25 42.4
      vertex 6.95684 3.02994 42.4
      vertex 6.66316 5.26069 42.4
    endloop
  endfacet
  facet normal 0 0 1
    outer loop
      vertex 6.5 5.25 42.4
      vertex 6.5 3 42.4
      vertex 6.95684 3.02994 42.4
    endloop
  endfacet
  facet normal 0 0 1
    outer loop
      vertex 6.33684 5.26069 42.4
      vertex 6.5 3 42.4
      vertex 6.5 5.25 42.4
    endloop
  endfacet
  facet normal 0 0 1
    outer loop
      vertex 6.04316 3.02994 42.4
      vertex 6.33684 5.26069 42.4
      vertex 6.17648 5.29259 42.4
    endloop
  endfacet
  facet normal 0 0 1
    outer loop
      vertex 6.33684 5.26069 42.4
      vertex 6.04316 3.02994 42.4
      vertex 6.5 3 42.4
    endloop
  endfacet
  facet normal 0 0 1
    outer loop
      vertex 5.59413 3.11926 42.4
      vertex 6.17648 5.29259 42.4
      vertex 6.02165 5.34515 42.4
    endloop
  endfacet
  facet normal 0 0 1
    outer loop
      vertex 5.16061 3.26642 42.4
      vertex 6.02165 5.34515 42.4
      vertex 5.875 5.41747 42.4
    endloop
  endfacet
  facet normal 0 0 1
    outer loop
      vertex 4.75 3.46891 42.4
      vertex 5.875 5.41747 42.4
      vertex 5.73905 5.50831 42.4
    endloop
  endfacet
  facet normal 0 0 1
    outer loop
      vertex 4.36933 3.72326 42.4
      vertex 5.73905 5.50831 42.4
      vertex 5.61612 5.61612 42.4
    endloop
  endfacet
  facet normal 0 0 1
    outer loop
      vertex 6.17648 5.29259 42.4
      vertex 5.59413 3.11926 42.4
      vertex 6.04316 3.02994 42.4
    endloop
  endfacet
  facet normal 0 0 1
    outer loop
      vertex 4.02513 4.02513 42.4
      vertex 5.61612 5.61612 42.4
      vertex 5.50831 5.73905 42.4
    endloop
  endfacet
  facet normal 0 0 1
    outer loop
      vertex 3.72326 4.36933 42.4
      vertex 5.50831 5.73905 42.4
      vertex 5.41747 5.875 42.4
    endloop
  endfacet
  facet normal 0 0 1
    outer loop
      vertex 3.46891 4.75 42.4
      vertex 5.41747 5.875 42.4
      vertex 5.34515 6.02165 42.4
    endloop
  endfacet
  facet normal 0 0 1
    outer loop
      vertex 3.26642 5.16061 42.4
      vertex 5.34515 6.02165 42.4
      vertex 5.29259 6.17648 42.4
    endloop
  endfacet
  facet normal 0 0 1
    outer loop
      vertex 3.11926 5.59413 42.4
      vertex 5.29259 6.17648 42.4
      vertex 5.26069 6.33684 42.4
    endloop
  endfacet
  facet normal 0 0 1
    outer loop
      vertex 6.02165 5.34515 42.4
      vertex 5.16061 3.26642 42.4
      vertex 5.59413 3.11926 42.4
    endloop
  endfacet
  facet normal 0 0 1
    outer loop
      vertex 3.02994 6.04316 42.4
      vertex 5.26069 6.33684 42.4
      vertex 5.25 6.5 42.4
    endloop
  endfacet
  facet normal -0 0 1
    outer loop
      vertex 3.46891 8.25 42.4
      vertex 5.41747 7.125 42.4
      vertex 3.72326 8.63066 42.4
    endloop
  endfacet
  facet normal 0 0 1
    outer loop
      vertex 5.41747 7.125 42.4
      vertex 3.46891 8.25 42.4
      vertex 5.34515 6.97835 42.4
    endloop
  endfacet
  facet normal 0 0 1
    outer loop
      vertex 5.875 5.41747 42.4
      vertex 4.75 3.46891 42.4
      vertex 5.16061 3.26642 42.4
    endloop
  endfacet
  facet normal -0 0 1
    outer loop
      vertex 3.26642 7.83939 42.4
      vertex 5.34515 6.97835 42.4
      vertex 3.46891 8.25 42.4
    endloop
  endfacet
  facet normal 0 0 1
    outer loop
      vertex 5.73905 5.50831 42.4
      vertex 4.36933 3.72326 42.4
      vertex 4.75 3.46891 42.4
    endloop
  endfacet
  facet normal 0 0 1
    outer loop
      vertex 5.34515 6.97835 42.4
      vertex 3.26642 7.83939 42.4
      vertex 5.29259 6.82352 42.4
    endloop
  endfacet
  facet normal 0 0 1
    outer loop
      vertex 5.61612 5.61612 42.4
      vertex 4.02513 4.02513 42.4
      vertex 4.36933 3.72326 42.4
    endloop
  endfacet
  facet normal -0 0 1
    outer loop
      vertex 3.11926 7.40587 42.4
      vertex 5.29259 6.82352 42.4
      vertex 3.26642 7.83939 42.4
    endloop
  endfacet
  facet normal 0 0 1
    outer loop
      vertex 5.50831 5.73905 42.4
      vertex 3.72326 4.36933 42.4
      vertex 4.02513 4.02513 42.4
    endloop
  endfacet
  facet normal 0 0 1
    outer loop
      vertex 5.29259 6.82352 42.4
      vertex 3.11926 7.40587 42.4
      vertex 5.26069 6.66316 42.4
    endloop
  endfacet
  facet normal 0 0 1
    outer loop
      vertex 5.41747 5.875 42.4
      vertex 3.46891 4.75 42.4
      vertex 3.72326 4.36933 42.4
    endloop
  endfacet
  facet normal -0 0 1
    outer loop
      vertex 3.02994 6.95684 42.4
      vertex 5.26069 6.66316 42.4
      vertex 3.11926 7.40587 42.4
    endloop
  endfacet
  facet normal 0 0 1
    outer loop
      vertex 5.34515 6.02165 42.4
      vertex 3.26642 5.16061 42.4
      vertex 3.46891 4.75 42.4
    endloop
  endfacet
  facet normal 0 0 1
    outer loop
      vertex 5.26069 6.66316 42.4
      vertex 3.02994 6.95684 42.4
      vertex 5.25 6.5 42.4
    endloop
  endfacet
  facet normal 0 0 1
    outer loop
      vertex 5.29259 6.17648 42.4
      vertex 3.11926 5.59413 42.4
      vertex 3.26642 5.16061 42.4
    endloop
  endfacet
  facet normal 0 0 1
    outer loop
      vertex 3 6.5 42.4
      vertex 5.25 6.5 42.4
      vertex 3.02994 6.95684 42.4
    endloop
  endfacet
  facet normal 0 0 1
    outer loop
      vertex 5.26069 6.33684 42.4
      vertex 3.02994 6.04316 42.4
      vertex 3.11926 5.59413 42.4
    endloop
  endfacet
  facet normal 0 0 1
    outer loop
      vertex 5.25 6.5 42.4
      vertex 3 6.5 42.4
      vertex 3.02994 6.04316 42.4
    endloop
  endfacet
  facet normal 0 0 1
    outer loop
      vertex 7.75 169.5 42.4
      vertex 10 169.5 42.4
      vertex 9.97006 169.957 42.4
    endloop
  endfacet
  facet normal 0 0 1
    outer loop
      vertex 7.73931 169.663 42.4
      vertex 9.97006 169.957 42.4
      vertex 9.88074 170.406 42.4
    endloop
  endfacet
  facet normal 0 0 1
    outer loop
      vertex 10 169.5 42.4
      vertex 7.75 169.5 42.4
      vertex 9.97006 169.043 42.4
    endloop
  endfacet
  facet normal 0 0 1
    outer loop
      vertex 7.70741 169.824 42.4
      vertex 9.88074 170.406 42.4
      vertex 9.73358 170.839 42.4
    endloop
  endfacet
  facet normal -0 0 1
    outer loop
      vertex 7.73931 169.337 42.4
      vertex 9.97006 169.043 42.4
      vertex 7.75 169.5 42.4
    endloop
  endfacet
  facet normal 0 0 1
    outer loop
      vertex 7.65485 169.978 42.4
      vertex 9.73358 170.839 42.4
      vertex 9.53109 171.25 42.4
    endloop
  endfacet
  facet normal 0 0 1
    outer loop
      vertex 9.97006 169.043 42.4
      vertex 7.73931 169.337 42.4
      vertex 9.88074 168.594 42.4
    endloop
  endfacet
  facet normal 0 0 1
    outer loop
      vertex 7.58253 170.125 42.4
      vertex 9.53109 171.25 42.4
      vertex 9.27674 171.631 42.4
    endloop
  endfacet
  facet normal -0 0 1
    outer loop
      vertex 7.70741 169.176 42.4
      vertex 9.88074 168.594 42.4
      vertex 7.73931 169.337 42.4
    endloop
  endfacet
  facet normal 0 0 1
    outer loop
      vertex 7.49169 170.261 42.4
      vertex 9.27674 171.631 42.4
      vertex 8.97487 171.975 42.4
    endloop
  endfacet
  facet normal 0 0 1
    outer loop
      vertex 9.88074 168.594 42.4
      vertex 7.70741 169.176 42.4
      vertex 9.73358 168.161 42.4
    endloop
  endfacet
  facet normal 0 0 1
    outer loop
      vertex 7.38388 170.384 42.4
      vertex 8.97487 171.975 42.4
      vertex 8.63066 172.277 42.4
    endloop
  endfacet
  facet normal -0 0 1
    outer loop
      vertex 7.65485 169.022 42.4
      vertex 9.73358 168.161 42.4
      vertex 7.70741 169.176 42.4
    endloop
  endfacet
  facet normal 0 0 1
    outer loop
      vertex 7.26095 170.492 42.4
      vertex 8.63066 172.277 42.4
      vertex 8.25 172.531 42.4
    endloop
  endfacet
  facet normal 0 0 1
    outer loop
      vertex 9.73358 168.161 42.4
      vertex 7.65485 169.022 42.4
      vertex 9.53109 167.75 42.4
    endloop
  endfacet
  facet normal 0 0 1
    outer loop
      vertex 7.125 170.583 42.4
      vertex 8.25 172.531 42.4
      vertex 7.83939 172.734 42.4
    endloop
  endfacet
  facet normal -0 0 1
    outer loop
      vertex 7.58253 168.875 42.4
      vertex 9.53109 167.75 42.4
      vertex 7.65485 169.022 42.4
    endloop
  endfacet
  facet normal 0 0 1
    outer loop
      vertex 9.53109 167.75 42.4
      vertex 7.58253 168.875 42.4
      vertex 9.27674 167.369 42.4
    endloop
  endfacet
  facet normal 0 0 1
    outer loop
      vertex 9.97006 169.957 42.4
      vertex 7.73931 169.663 42.4
      vertex 7.75 169.5 42.4
    endloop
  endfacet
  facet normal 0 0 1
    outer loop
      vertex 9.88074 170.406 42.4
      vertex 7.70741 169.824 42.4
      vertex 7.73931 169.663 42.4
    endloop
  endfacet
  facet normal 0 0 1
    outer loop
      vertex 9.73358 170.839 42.4
      vertex 7.65485 169.978 42.4
      vertex 7.70741 169.824 42.4
    endloop
  endfacet
  facet normal 0 0 1
    outer loop
      vertex 9.53109 171.25 42.4
      vertex 7.58253 170.125 42.4
      vertex 7.65485 169.978 42.4
    endloop
  endfacet
  facet normal 0 0 1
    outer loop
      vertex 9.27674 171.631 42.4
      vertex 7.49169 170.261 42.4
      vertex 7.58253 170.125 42.4
    endloop
  endfacet
  facet normal 0 0 1
    outer loop
      vertex 6.97835 170.655 42.4
      vertex 7.83939 172.734 42.4
      vertex 7.40587 172.881 42.4
    endloop
  endfacet
  facet normal 0 0 1
    outer loop
      vertex 8.97487 171.975 42.4
      vertex 7.38388 170.384 42.4
      vertex 7.49169 170.261 42.4
    endloop
  endfacet
  facet normal 0 0 1
    outer loop
      vertex 8.63066 172.277 42.4
      vertex 7.26095 170.492 42.4
      vertex 7.38388 170.384 42.4
    endloop
  endfacet
  facet normal 0 0 1
    outer loop
      vertex 8.25 172.531 42.4
      vertex 7.125 170.583 42.4
      vertex 7.26095 170.492 42.4
    endloop
  endfacet
  facet normal 0 0 1
    outer loop
      vertex 7.83939 172.734 42.4
      vertex 6.97835 170.655 42.4
      vertex 7.125 170.583 42.4
    endloop
  endfacet
  facet normal 0 0 1
    outer loop
      vertex 6.82352 170.707 42.4
      vertex 7.40587 172.881 42.4
      vertex 6.95684 172.97 42.4
    endloop
  endfacet
  facet normal 0 0 1
    outer loop
      vertex 7.40587 172.881 42.4
      vertex 6.82352 170.707 42.4
      vertex 6.97835 170.655 42.4
    endloop
  endfacet
  facet normal 0 0 1
    outer loop
      vertex 6.95684 172.97 42.4
      vertex 6.66316 170.739 42.4
      vertex 6.82352 170.707 42.4
    endloop
  endfacet
  facet normal 0 0 1
    outer loop
      vertex 6.5 173 42.4
      vertex 6.66316 170.739 42.4
      vertex 6.95684 172.97 42.4
    endloop
  endfacet
  facet normal 0 0 1
    outer loop
      vertex 6.5 173 42.4
      vertex 6.5 170.75 42.4
      vertex 6.66316 170.739 42.4
    endloop
  endfacet
  facet normal 0 0 1
    outer loop
      vertex 6.5 173 42.4
      vertex 6.33684 170.739 42.4
      vertex 6.5 170.75 42.4
    endloop
  endfacet
  facet normal -0 0 1
    outer loop
      vertex 6.04316 172.97 42.4
      vertex 6.33684 170.739 42.4
      vertex 6.5 173 42.4
    endloop
  endfacet
  facet normal 0 0 1
    outer loop
      vertex 6.33684 170.739 42.4
      vertex 6.04316 172.97 42.4
      vertex 6.17648 170.707 42.4
    endloop
  endfacet
  facet normal -0 0 1
    outer loop
      vertex 5.59413 172.881 42.4
      vertex 6.17648 170.707 42.4
      vertex 6.04316 172.97 42.4
    endloop
  endfacet
  facet normal 0 0 1
    outer loop
      vertex 6.17648 170.707 42.4
      vertex 5.59413 172.881 42.4
      vertex 6.02165 170.655 42.4
    endloop
  endfacet
  facet normal -0 0 1
    outer loop
      vertex 5.16061 172.734 42.4
      vertex 6.02165 170.655 42.4
      vertex 5.59413 172.881 42.4
    endloop
  endfacet
  facet normal 0 0 1
    outer loop
      vertex 6.02165 170.655 42.4
      vertex 5.16061 172.734 42.4
      vertex 5.875 170.583 42.4
    endloop
  endfacet
  facet normal -0 0 1
    outer loop
      vertex 4.75 172.531 42.4
      vertex 5.875 170.583 42.4
      vertex 5.16061 172.734 42.4
    endloop
  endfacet
  facet normal 0 0 1
    outer loop
      vertex 5.875 170.583 42.4
      vertex 4.75 172.531 42.4
      vertex 5.73905 170.492 42.4
    endloop
  endfacet
  facet normal -0 0 1
    outer loop
      vertex 4.36933 172.277 42.4
      vertex 5.73905 170.492 42.4
      vertex 4.75 172.531 42.4
    endloop
  endfacet
  facet normal 0 0 1
    outer loop
      vertex 5.73905 170.492 42.4
      vertex 4.36933 172.277 42.4
      vertex 5.61612 170.384 42.4
    endloop
  endfacet
  facet normal -0 0 1
    outer loop
      vertex 4.02513 171.975 42.4
      vertex 5.61612 170.384 42.4
      vertex 4.36933 172.277 42.4
    endloop
  endfacet
  facet normal 0 0 1
    outer loop
      vertex 5.61612 170.384 42.4
      vertex 4.02513 171.975 42.4
      vertex 5.50831 170.261 42.4
    endloop
  endfacet
  facet normal 0 0 1
    outer loop
      vertex 5.50831 170.261 42.4
      vertex 3.72326 171.631 42.4
      vertex 5.41747 170.125 42.4
    endloop
  endfacet
  facet normal -0 0 1
    outer loop
      vertex 3.72326 171.631 42.4
      vertex 5.50831 170.261 42.4
      vertex 4.02513 171.975 42.4
    endloop
  endfacet
  facet normal -0 0 1
    outer loop
      vertex 7.49169 168.739 42.4
      vertex 9.27674 167.369 42.4
      vertex 7.58253 168.875 42.4
    endloop
  endfacet
  facet normal 0 0 1
    outer loop
      vertex 9.27674 167.369 42.4
      vertex 7.49169 168.739 42.4
      vertex 8.97487 167.025 42.4
    endloop
  endfacet
  facet normal -0 0 1
    outer loop
      vertex 7.38388 168.616 42.4
      vertex 8.97487 167.025 42.4
      vertex 7.49169 168.739 42.4
    endloop
  endfacet
  facet normal 0 0 1
    outer loop
      vertex 8.97487 167.025 42.4
      vertex 7.38388 168.616 42.4
      vertex 8.63066 166.723 42.4
    endloop
  endfacet
  facet normal -0 0 1
    outer loop
      vertex 7.26095 168.508 42.4
      vertex 8.63066 166.723 42.4
      vertex 7.38388 168.616 42.4
    endloop
  endfacet
  facet normal 0 0 1
    outer loop
      vertex 8.63066 166.723 42.4
      vertex 7.26095 168.508 42.4
      vertex 8.25 166.469 42.4
    endloop
  endfacet
  facet normal -0 0 1
    outer loop
      vertex 7.125 168.417 42.4
      vertex 8.25 166.469 42.4
      vertex 7.26095 168.508 42.4
    endloop
  endfacet
  facet normal 0 0 1
    outer loop
      vertex 8.25 166.469 42.4
      vertex 7.125 168.417 42.4
      vertex 7.83939 166.266 42.4
    endloop
  endfacet
  facet normal -0 0 1
    outer loop
      vertex 6.97835 168.345 42.4
      vertex 7.83939 166.266 42.4
      vertex 7.125 168.417 42.4
    endloop
  endfacet
  facet normal 0 0 1
    outer loop
      vertex 7.83939 166.266 42.4
      vertex 6.97835 168.345 42.4
      vertex 7.40587 166.119 42.4
    endloop
  endfacet
  facet normal -0 0 1
    outer loop
      vertex 6.82352 168.293 42.4
      vertex 7.40587 166.119 42.4
      vertex 6.97835 168.345 42.4
    endloop
  endfacet
  facet normal 0 0 1
    outer loop
      vertex 7.40587 166.119 42.4
      vertex 6.82352 168.293 42.4
      vertex 6.95684 166.03 42.4
    endloop
  endfacet
  facet normal -0 0 1
    outer loop
      vertex 6.66316 168.261 42.4
      vertex 6.95684 166.03 42.4
      vertex 6.82352 168.293 42.4
    endloop
  endfacet
  facet normal -0 0 1
    outer loop
      vertex 6.5 168.25 42.4
      vertex 6.95684 166.03 42.4
      vertex 6.66316 168.261 42.4
    endloop
  endfacet
  facet normal 0 0 1
    outer loop
      vertex 6.5 168.25 42.4
      vertex 6.5 166 42.4
      vertex 6.95684 166.03 42.4
    endloop
  endfacet
  facet normal 0 0 1
    outer loop
      vertex 6.33684 168.261 42.4
      vertex 6.5 166 42.4
      vertex 6.5 168.25 42.4
    endloop
  endfacet
  facet normal 0 0 1
    outer loop
      vertex 6.04316 166.03 42.4
      vertex 6.33684 168.261 42.4
      vertex 6.17648 168.293 42.4
    endloop
  endfacet
  facet normal 0 0 1
    outer loop
      vertex 6.33684 168.261 42.4
      vertex 6.04316 166.03 42.4
      vertex 6.5 166 42.4
    endloop
  endfacet
  facet normal 0 0 1
    outer loop
      vertex 5.59413 166.119 42.4
      vertex 6.17648 168.293 42.4
      vertex 6.02165 168.345 42.4
    endloop
  endfacet
  facet normal 0 0 1
    outer loop
      vertex 5.16061 166.266 42.4
      vertex 6.02165 168.345 42.4
      vertex 5.875 168.417 42.4
    endloop
  endfacet
  facet normal 0 0 1
    outer loop
      vertex 4.75 166.469 42.4
      vertex 5.875 168.417 42.4
      vertex 5.73905 168.508 42.4
    endloop
  endfacet
  facet normal 0 0 1
    outer loop
      vertex 4.36933 166.723 42.4
      vertex 5.73905 168.508 42.4
      vertex 5.61612 168.616 42.4
    endloop
  endfacet
  facet normal 0 0 1
    outer loop
      vertex 6.17648 168.293 42.4
      vertex 5.59413 166.119 42.4
      vertex 6.04316 166.03 42.4
    endloop
  endfacet
  facet normal 0 0 1
    outer loop
      vertex 4.02513 167.025 42.4
      vertex 5.61612 168.616 42.4
      vertex 5.50831 168.739 42.4
    endloop
  endfacet
  facet normal 0 0 1
    outer loop
      vertex 3.72326 167.369 42.4
      vertex 5.50831 168.739 42.4
      vertex 5.41747 168.875 42.4
    endloop
  endfacet
  facet normal 0 0 1
    outer loop
      vertex 3.46891 167.75 42.4
      vertex 5.41747 168.875 42.4
      vertex 5.34515 169.022 42.4
    endloop
  endfacet
  facet normal 0 0 1
    outer loop
      vertex 3.26642 168.161 42.4
      vertex 5.34515 169.022 42.4
      vertex 5.29259 169.176 42.4
    endloop
  endfacet
  facet normal 0 0 1
    outer loop
      vertex 3.11926 168.594 42.4
      vertex 5.29259 169.176 42.4
      vertex 5.26069 169.337 42.4
    endloop
  endfacet
  facet normal 0 0 1
    outer loop
      vertex 6.02165 168.345 42.4
      vertex 5.16061 166.266 42.4
      vertex 5.59413 166.119 42.4
    endloop
  endfacet
  facet normal 0 0 1
    outer loop
      vertex 3.02994 169.043 42.4
      vertex 5.26069 169.337 42.4
      vertex 5.25 169.5 42.4
    endloop
  endfacet
  facet normal -0 0 1
    outer loop
      vertex 3.46891 171.25 42.4
      vertex 5.41747 170.125 42.4
      vertex 3.72326 171.631 42.4
    endloop
  endfacet
  facet normal 0 0 1
    outer loop
      vertex 5.41747 170.125 42.4
      vertex 3.46891 171.25 42.4
      vertex 5.34515 169.978 42.4
    endloop
  endfacet
  facet normal 0 0 1
    outer loop
      vertex 5.875 168.417 42.4
      vertex 4.75 166.469 42.4
      vertex 5.16061 166.266 42.4
    endloop
  endfacet
  facet normal -0 0 1
    outer loop
      vertex 3.26642 170.839 42.4
      vertex 5.34515 169.978 42.4
      vertex 3.46891 171.25 42.4
    endloop
  endfacet
  facet normal 0 0 1
    outer loop
      vertex 5.73905 168.508 42.4
      vertex 4.36933 166.723 42.4
      vertex 4.75 166.469 42.4
    endloop
  endfacet
  facet normal 0 0 1
    outer loop
      vertex 5.34515 169.978 42.4
      vertex 3.26642 170.839 42.4
      vertex 5.29259 169.824 42.4
    endloop
  endfacet
  facet normal 0 0 1
    outer loop
      vertex 5.61612 168.616 42.4
      vertex 4.02513 167.025 42.4
      vertex 4.36933 166.723 42.4
    endloop
  endfacet
  facet normal -0 0 1
    outer loop
      vertex 3.11926 170.406 42.4
      vertex 5.29259 169.824 42.4
      vertex 3.26642 170.839 42.4
    endloop
  endfacet
  facet normal 0 0 1
    outer loop
      vertex 5.50831 168.739 42.4
      vertex 3.72326 167.369 42.4
      vertex 4.02513 167.025 42.4
    endloop
  endfacet
  facet normal 0 0 1
    outer loop
      vertex 5.29259 169.824 42.4
      vertex 3.11926 170.406 42.4
      vertex 5.26069 169.663 42.4
    endloop
  endfacet
  facet normal 0 0 1
    outer loop
      vertex 5.41747 168.875 42.4
      vertex 3.46891 167.75 42.4
      vertex 3.72326 167.369 42.4
    endloop
  endfacet
  facet normal -0 0 1
    outer loop
      vertex 3.02994 169.957 42.4
      vertex 5.26069 169.663 42.4
      vertex 3.11926 170.406 42.4
    endloop
  endfacet
  facet normal 0 0 1
    outer loop
      vertex 5.34515 169.022 42.4
      vertex 3.26642 168.161 42.4
      vertex 3.46891 167.75 42.4
    endloop
  endfacet
  facet normal 0 0 1
    outer loop
      vertex 5.26069 169.663 42.4
      vertex 3.02994 169.957 42.4
      vertex 5.25 169.5 42.4
    endloop
  endfacet
  facet normal 0 0 1
    outer loop
      vertex 5.29259 169.176 42.4
      vertex 3.11926 168.594 42.4
      vertex 3.26642 168.161 42.4
    endloop
  endfacet
  facet normal 0 0 1
    outer loop
      vertex 3 169.5 42.4
      vertex 5.25 169.5 42.4
      vertex 3.02994 169.957 42.4
    endloop
  endfacet
  facet normal 0 0 1
    outer loop
      vertex 5.26069 169.337 42.4
      vertex 3.02994 169.043 42.4
      vertex 3.11926 168.594 42.4
    endloop
  endfacet
  facet normal 0 0 1
    outer loop
      vertex 5.25 169.5 42.4
      vertex 3 169.5 42.4
      vertex 3.02994 169.043 42.4
    endloop
  endfacet
  facet normal 0 0 1
    outer loop
      vertex 84.75 6.5 42.4
      vertex 87 6.5 42.4
      vertex 86.9701 6.95684 42.4
    endloop
  endfacet
  facet normal 0 0 1
    outer loop
      vertex 84.7393 6.66316 42.4
      vertex 86.9701 6.95684 42.4
      vertex 86.8807 7.40587 42.4
    endloop
  endfacet
  facet normal 0 0 1
    outer loop
      vertex 87 6.5 42.4
      vertex 84.75 6.5 42.4
      vertex 86.9701 6.04316 42.4
    endloop
  endfacet
  facet normal 0 0 1
    outer loop
      vertex 84.7074 6.82352 42.4
      vertex 86.8807 7.40587 42.4
      vertex 86.7336 7.83939 42.4
    endloop
  endfacet
  facet normal -0 0 1
    outer loop
      vertex 84.7393 6.33684 42.4
      vertex 86.9701 6.04316 42.4
      vertex 84.75 6.5 42.4
    endloop
  endfacet
  facet normal 0 0 1
    outer loop
      vertex 84.6548 6.97835 42.4
      vertex 86.7336 7.83939 42.4
      vertex 86.5311 8.25 42.4
    endloop
  endfacet
  facet normal 0 0 1
    outer loop
      vertex 86.9701 6.04316 42.4
      vertex 84.7393 6.33684 42.4
      vertex 86.8807 5.59413 42.4
    endloop
  endfacet
  facet normal 0 0 1
    outer loop
      vertex 84.5825 7.125 42.4
      vertex 86.5311 8.25 42.4
      vertex 86.2767 8.63066 42.4
    endloop
  endfacet
  facet normal -0 0 1
    outer loop
      vertex 84.7074 6.17648 42.4
      vertex 86.8807 5.59413 42.4
      vertex 84.7393 6.33684 42.4
    endloop
  endfacet
  facet normal 0 0 1
    outer loop
      vertex 84.4917 7.26095 42.4
      vertex 86.2767 8.63066 42.4
      vertex 85.9749 8.97487 42.4
    endloop
  endfacet
  facet normal 0 0 1
    outer loop
      vertex 86.8807 5.59413 42.4
      vertex 84.7074 6.17648 42.4
      vertex 86.7336 5.16061 42.4
    endloop
  endfacet
  facet normal 0 0 1
    outer loop
      vertex 84.3839 7.38388 42.4
      vertex 85.9749 8.97487 42.4
      vertex 85.6307 9.27674 42.4
    endloop
  endfacet
  facet normal -0 0 1
    outer loop
      vertex 84.6548 6.02165 42.4
      vertex 86.7336 5.16061 42.4
      vertex 84.7074 6.17648 42.4
    endloop
  endfacet
  facet normal 0 0 1
    outer loop
      vertex 84.2609 7.49169 42.4
      vertex 85.6307 9.27674 42.4
      vertex 85.25 9.53109 42.4
    endloop
  endfacet
  facet normal 0 0 1
    outer loop
      vertex 86.7336 5.16061 42.4
      vertex 84.6548 6.02165 42.4
      vertex 86.5311 4.75 42.4
    endloop
  endfacet
  facet normal 0 0 1
    outer loop
      vertex 84.125 7.58253 42.4
      vertex 85.25 9.53109 42.4
      vertex 84.8394 9.73358 42.4
    endloop
  endfacet
  facet normal -0 0 1
    outer loop
      vertex 84.5825 5.875 42.4
      vertex 86.5311 4.75 42.4
      vertex 84.6548 6.02165 42.4
    endloop
  endfacet
  facet normal 0 0 1
    outer loop
      vertex 86.5311 4.75 42.4
      vertex 84.5825 5.875 42.4
      vertex 86.2767 4.36933 42.4
    endloop
  endfacet
  facet normal 0 0 1
    outer loop
      vertex 86.9701 6.95684 42.4
      vertex 84.7393 6.66316 42.4
      vertex 84.75 6.5 42.4
    endloop
  endfacet
  facet normal 0 0 1
    outer loop
      vertex 86.8807 7.40587 42.4
      vertex 84.7074 6.82352 42.4
      vertex 84.7393 6.66316 42.4
    endloop
  endfacet
  facet normal 0 0 1
    outer loop
      vertex 86.7336 7.83939 42.4
      vertex 84.6548 6.97835 42.4
      vertex 84.7074 6.82352 42.4
    endloop
  endfacet
  facet normal 0 0 1
    outer loop
      vertex 86.5311 8.25 42.4
      vertex 84.5825 7.125 42.4
      vertex 84.6548 6.97835 42.4
    endloop
  endfacet
  facet normal 0 0 1
    outer loop
      vertex 86.2767 8.63066 42.4
      vertex 84.4917 7.26095 42.4
      vertex 84.5825 7.125 42.4
    endloop
  endfacet
  facet normal 0 0 1
    outer loop
      vertex 83.9784 7.65485 42.4
      vertex 84.8394 9.73358 42.4
      vertex 84.4059 9.88074 42.4
    endloop
  endfacet
  facet normal 0 0 1
    outer loop
      vertex 85.9749 8.97487 42.4
      vertex 84.3839 7.38388 42.4
      vertex 84.4917 7.26095 42.4
    endloop
  endfacet
  facet normal 0 0 1
    outer loop
      vertex 85.6307 9.27674 42.4
      vertex 84.2609 7.49169 42.4
      vertex 84.3839 7.38388 42.4
    endloop
  endfacet
  facet normal 0 0 1
    outer loop
      vertex 85.25 9.53109 42.4
      vertex 84.125 7.58253 42.4
      vertex 84.2609 7.49169 42.4
    endloop
  endfacet
  facet normal 0 0 1
    outer loop
      vertex 84.8394 9.73358 42.4
      vertex 83.9784 7.65485 42.4
      vertex 84.125 7.58253 42.4
    endloop
  endfacet
  facet normal 0 0 1
    outer loop
      vertex 83.8235 7.70741 42.4
      vertex 84.4059 9.88074 42.4
      vertex 83.9568 9.97006 42.4
    endloop
  endfacet
  facet normal 0 0 1
    outer loop
      vertex 84.4059 9.88074 42.4
      vertex 83.8235 7.70741 42.4
      vertex 83.9784 7.65485 42.4
    endloop
  endfacet
  facet normal 0 0 1
    outer loop
      vertex 83.9568 9.97006 42.4
      vertex 83.6632 7.73931 42.4
      vertex 83.8235 7.70741 42.4
    endloop
  endfacet
  facet normal 0 0 1
    outer loop
      vertex 83.5 10 42.4
      vertex 83.6632 7.73931 42.4
      vertex 83.9568 9.97006 42.4
    endloop
  endfacet
  facet normal 0 0 1
    outer loop
      vertex 83.5 10 42.4
      vertex 83.5 7.75 42.4
      vertex 83.6632 7.73931 42.4
    endloop
  endfacet
  facet normal 0 0 1
    outer loop
      vertex 83.5 10 42.4
      vertex 83.3368 7.73931 42.4
      vertex 83.5 7.75 42.4
    endloop
  endfacet
  facet normal -0 0 1
    outer loop
      vertex 83.0432 9.97006 42.4
      vertex 83.3368 7.73931 42.4
      vertex 83.5 10 42.4
    endloop
  endfacet
  facet normal 0 0 1
    outer loop
      vertex 83.3368 7.73931 42.4
      vertex 83.0432 9.97006 42.4
      vertex 83.1765 7.70741 42.4
    endloop
  endfacet
  facet normal -0 0 1
    outer loop
      vertex 82.5941 9.88074 42.4
      vertex 83.1765 7.70741 42.4
      vertex 83.0432 9.97006 42.4
    endloop
  endfacet
  facet normal 0 0 1
    outer loop
      vertex 83.1765 7.70741 42.4
      vertex 82.5941 9.88074 42.4
      vertex 83.0216 7.65485 42.4
    endloop
  endfacet
  facet normal -0 0 1
    outer loop
      vertex 82.1606 9.73358 42.4
      vertex 83.0216 7.65485 42.4
      vertex 82.5941 9.88074 42.4
    endloop
  endfacet
  facet normal 0 0 1
    outer loop
      vertex 83.0216 7.65485 42.4
      vertex 82.1606 9.73358 42.4
      vertex 82.875 7.58253 42.4
    endloop
  endfacet
  facet normal -0 0 1
    outer loop
      vertex 81.75 9.53109 42.4
      vertex 82.875 7.58253 42.4
      vertex 82.1606 9.73358 42.4
    endloop
  endfacet
  facet normal 0 0 1
    outer loop
      vertex 82.875 7.58253 42.4
      vertex 81.75 9.53109 42.4
      vertex 82.739 7.49169 42.4
    endloop
  endfacet
  facet normal -0 0 1
    outer loop
      vertex 81.3693 9.27674 42.4
      vertex 82.739 7.49169 42.4
      vertex 81.75 9.53109 42.4
    endloop
  endfacet
  facet normal 0 0 1
    outer loop
      vertex 82.739 7.49169 42.4
      vertex 81.3693 9.27674 42.4
      vertex 82.6161 7.38388 42.4
    endloop
  endfacet
  facet normal -0 0 1
    outer loop
      vertex 81.0251 8.97487 42.4
      vertex 82.6161 7.38388 42.4
      vertex 81.3693 9.27674 42.4
    endloop
  endfacet
  facet normal 0 0 1
    outer loop
      vertex 82.6161 7.38388 42.4
      vertex 81.0251 8.97487 42.4
      vertex 82.5083 7.26095 42.4
    endloop
  endfacet
  facet normal 0 0 1
    outer loop
      vertex 82.5083 7.26095 42.4
      vertex 80.7233 8.63066 42.4
      vertex 82.4175 7.125 42.4
    endloop
  endfacet
  facet normal -0 0 1
    outer loop
      vertex 80.7233 8.63066 42.4
      vertex 82.5083 7.26095 42.4
      vertex 81.0251 8.97487 42.4
    endloop
  endfacet
  facet normal -0 0 1
    outer loop
      vertex 84.4917 5.73905 42.4
      vertex 86.2767 4.36933 42.4
      vertex 84.5825 5.875 42.4
    endloop
  endfacet
  facet normal 0 0 1
    outer loop
      vertex 86.2767 4.36933 42.4
      vertex 84.4917 5.73905 42.4
      vertex 85.9749 4.02513 42.4
    endloop
  endfacet
  facet normal -0 0 1
    outer loop
      vertex 84.3839 5.61612 42.4
      vertex 85.9749 4.02513 42.4
      vertex 84.4917 5.73905 42.4
    endloop
  endfacet
  facet normal 0 0 1
    outer loop
      vertex 85.9749 4.02513 42.4
      vertex 84.3839 5.61612 42.4
      vertex 85.6307 3.72326 42.4
    endloop
  endfacet
  facet normal -0 0 1
    outer loop
      vertex 84.2609 5.50831 42.4
      vertex 85.6307 3.72326 42.4
      vertex 84.3839 5.61612 42.4
    endloop
  endfacet
  facet normal 0 0 1
    outer loop
      vertex 85.6307 3.72326 42.4
      vertex 84.2609 5.50831 42.4
      vertex 85.25 3.46891 42.4
    endloop
  endfacet
  facet normal -0 0 1
    outer loop
      vertex 84.125 5.41747 42.4
      vertex 85.25 3.46891 42.4
      vertex 84.2609 5.50831 42.4
    endloop
  endfacet
  facet normal 0 0 1
    outer loop
      vertex 85.25 3.46891 42.4
      vertex 84.125 5.41747 42.4
      vertex 84.8394 3.26642 42.4
    endloop
  endfacet
  facet normal -0 0 1
    outer loop
      vertex 83.9784 5.34515 42.4
      vertex 84.8394 3.26642 42.4
      vertex 84.125 5.41747 42.4
    endloop
  endfacet
  facet normal 0 0 1
    outer loop
      vertex 84.8394 3.26642 42.4
      vertex 83.9784 5.34515 42.4
      vertex 84.4059 3.11926 42.4
    endloop
  endfacet
  facet normal -0 0 1
    outer loop
      vertex 83.8235 5.29259 42.4
      vertex 84.4059 3.11926 42.4
      vertex 83.9784 5.34515 42.4
    endloop
  endfacet
  facet normal 0 0 1
    outer loop
      vertex 84.4059 3.11926 42.4
      vertex 83.8235 5.29259 42.4
      vertex 83.9568 3.02994 42.4
    endloop
  endfacet
  facet normal -0 0 1
    outer loop
      vertex 83.6632 5.26069 42.4
      vertex 83.9568 3.02994 42.4
      vertex 83.8235 5.29259 42.4
    endloop
  endfacet
  facet normal -0 0 1
    outer loop
      vertex 83.5 5.25 42.4
      vertex 83.9568 3.02994 42.4
      vertex 83.6632 5.26069 42.4
    endloop
  endfacet
  facet normal 0 0 1
    outer loop
      vertex 83.5 5.25 42.4
      vertex 83.5 3 42.4
      vertex 83.9568 3.02994 42.4
    endloop
  endfacet
  facet normal 0 0 1
    outer loop
      vertex 83.3368 5.26069 42.4
      vertex 83.5 3 42.4
      vertex 83.5 5.25 42.4
    endloop
  endfacet
  facet normal 0 0 1
    outer loop
      vertex 83.0432 3.02994 42.4
      vertex 83.3368 5.26069 42.4
      vertex 83.1765 5.29259 42.4
    endloop
  endfacet
  facet normal 0 0 1
    outer loop
      vertex 83.3368 5.26069 42.4
      vertex 83.0432 3.02994 42.4
      vertex 83.5 3 42.4
    endloop
  endfacet
  facet normal 0 0 1
    outer loop
      vertex 82.5941 3.11926 42.4
      vertex 83.1765 5.29259 42.4
      vertex 83.0216 5.34515 42.4
    endloop
  endfacet
  facet normal 0 0 1
    outer loop
      vertex 82.1606 3.26642 42.4
      vertex 83.0216 5.34515 42.4
      vertex 82.875 5.41747 42.4
    endloop
  endfacet
  facet normal 0 0 1
    outer loop
      vertex 81.75 3.46891 42.4
      vertex 82.875 5.41747 42.4
      vertex 82.739 5.50831 42.4
    endloop
  endfacet
  facet normal 0 0 1
    outer loop
      vertex 81.3693 3.72326 42.4
      vertex 82.739 5.50831 42.4
      vertex 82.6161 5.61612 42.4
    endloop
  endfacet
  facet normal 0 0 1
    outer loop
      vertex 83.1765 5.29259 42.4
      vertex 82.5941 3.11926 42.4
      vertex 83.0432 3.02994 42.4
    endloop
  endfacet
  facet normal 0 0 1
    outer loop
      vertex 81.0251 4.02513 42.4
      vertex 82.6161 5.61612 42.4
      vertex 82.5083 5.73905 42.4
    endloop
  endfacet
  facet normal 0 0 1
    outer loop
      vertex 80.7233 4.36933 42.4
      vertex 82.5083 5.73905 42.4
      vertex 82.4175 5.875 42.4
    endloop
  endfacet
  facet normal 0 0 1
    outer loop
      vertex 80.4689 4.75 42.4
      vertex 82.4175 5.875 42.4
      vertex 82.3452 6.02165 42.4
    endloop
  endfacet
  facet normal 0 0 1
    outer loop
      vertex 80.2664 5.16061 42.4
      vertex 82.3452 6.02165 42.4
      vertex 82.2926 6.17648 42.4
    endloop
  endfacet
  facet normal 0 0 1
    outer loop
      vertex 80.1193 5.59413 42.4
      vertex 82.2926 6.17648 42.4
      vertex 82.2607 6.33684 42.4
    endloop
  endfacet
  facet normal 0 0 1
    outer loop
      vertex 83.0216 5.34515 42.4
      vertex 82.1606 3.26642 42.4
      vertex 82.5941 3.11926 42.4
    endloop
  endfacet
  facet normal 0 0 1
    outer loop
      vertex 80.0299 6.04316 42.4
      vertex 82.2607 6.33684 42.4
      vertex 82.25 6.5 42.4
    endloop
  endfacet
  facet normal -0 0 1
    outer loop
      vertex 80.4689 8.25 42.4
      vertex 82.4175 7.125 42.4
      vertex 80.7233 8.63066 42.4
    endloop
  endfacet
  facet normal 0 0 1
    outer loop
      vertex 82.4175 7.125 42.4
      vertex 80.4689 8.25 42.4
      vertex 82.3452 6.97835 42.4
    endloop
  endfacet
  facet normal 0 0 1
    outer loop
      vertex 82.875 5.41747 42.4
      vertex 81.75 3.46891 42.4
      vertex 82.1606 3.26642 42.4
    endloop
  endfacet
  facet normal -0 0 1
    outer loop
      vertex 80.2664 7.83939 42.4
      vertex 82.3452 6.97835 42.4
      vertex 80.4689 8.25 42.4
    endloop
  endfacet
  facet normal 0 0 1
    outer loop
      vertex 82.739 5.50831 42.4
      vertex 81.3693 3.72326 42.4
      vertex 81.75 3.46891 42.4
    endloop
  endfacet
  facet normal 0 0 1
    outer loop
      vertex 82.3452 6.97835 42.4
      vertex 80.2664 7.83939 42.4
      vertex 82.2926 6.82352 42.4
    endloop
  endfacet
  facet normal 0 0 1
    outer loop
      vertex 82.6161 5.61612 42.4
      vertex 81.0251 4.02513 42.4
      vertex 81.3693 3.72326 42.4
    endloop
  endfacet
  facet normal -0 0 1
    outer loop
      vertex 80.1193 7.40587 42.4
      vertex 82.2926 6.82352 42.4
      vertex 80.2664 7.83939 42.4
    endloop
  endfacet
  facet normal 0 0 1
    outer loop
      vertex 82.5083 5.73905 42.4
      vertex 80.7233 4.36933 42.4
      vertex 81.0251 4.02513 42.4
    endloop
  endfacet
  facet normal 0 0 1
    outer loop
      vertex 82.2926 6.82352 42.4
      vertex 80.1193 7.40587 42.4
      vertex 82.2607 6.66316 42.4
    endloop
  endfacet
  facet normal 0 0 1
    outer loop
      vertex 82.4175 5.875 42.4
      vertex 80.4689 4.75 42.4
      vertex 80.7233 4.36933 42.4
    endloop
  endfacet
  facet normal -0 0 1
    outer loop
      vertex 80.0299 6.95684 42.4
      vertex 82.2607 6.66316 42.4
      vertex 80.1193 7.40587 42.4
    endloop
  endfacet
  facet normal 0 0 1
    outer loop
      vertex 82.3452 6.02165 42.4
      vertex 80.2664 5.16061 42.4
      vertex 80.4689 4.75 42.4
    endloop
  endfacet
  facet normal 0 0 1
    outer loop
      vertex 82.2607 6.66316 42.4
      vertex 80.0299 6.95684 42.4
      vertex 82.25 6.5 42.4
    endloop
  endfacet
  facet normal 0 0 1
    outer loop
      vertex 82.2926 6.17648 42.4
      vertex 80.1193 5.59413 42.4
      vertex 80.2664 5.16061 42.4
    endloop
  endfacet
  facet normal 0 0 1
    outer loop
      vertex 80 6.5 42.4
      vertex 82.25 6.5 42.4
      vertex 80.0299 6.95684 42.4
    endloop
  endfacet
  facet normal 0 0 1
    outer loop
      vertex 82.2607 6.33684 42.4
      vertex 80.0299 6.04316 42.4
      vertex 80.1193 5.59413 42.4
    endloop
  endfacet
  facet normal 0 0 1
    outer loop
      vertex 82.25 6.5 42.4
      vertex 80 6.5 42.4
      vertex 80.0299 6.04316 42.4
    endloop
  endfacet
  facet normal 0 0 1
    outer loop
      vertex 84.75 169.5 42.4
      vertex 87 169.5 42.4
      vertex 86.9701 169.957 42.4
    endloop
  endfacet
  facet normal 0 0 1
    outer loop
      vertex 84.7393 169.663 42.4
      vertex 86.9701 169.957 42.4
      vertex 86.8807 170.406 42.4
    endloop
  endfacet
  facet normal 0 0 1
    outer loop
      vertex 87 169.5 42.4
      vertex 84.75 169.5 42.4
      vertex 86.9701 169.043 42.4
    endloop
  endfacet
  facet normal 0 0 1
    outer loop
      vertex 84.7074 169.824 42.4
      vertex 86.8807 170.406 42.4
      vertex 86.7336 170.839 42.4
    endloop
  endfacet
  facet normal -0 0 1
    outer loop
      vertex 84.7393 169.337 42.4
      vertex 86.9701 169.043 42.4
      vertex 84.75 169.5 42.4
    endloop
  endfacet
  facet normal 0 0 1
    outer loop
      vertex 84.6548 169.978 42.4
      vertex 86.7336 170.839 42.4
      vertex 86.5311 171.25 42.4
    endloop
  endfacet
  facet normal 0 0 1
    outer loop
      vertex 86.9701 169.043 42.4
      vertex 84.7393 169.337 42.4
      vertex 86.8807 168.594 42.4
    endloop
  endfacet
  facet normal 0 0 1
    outer loop
      vertex 84.5825 170.125 42.4
      vertex 86.5311 171.25 42.4
      vertex 86.2767 171.631 42.4
    endloop
  endfacet
  facet normal -0 0 1
    outer loop
      vertex 84.7074 169.176 42.4
      vertex 86.8807 168.594 42.4
      vertex 84.7393 169.337 42.4
    endloop
  endfacet
  facet normal 0 0 1
    outer loop
      vertex 84.4917 170.261 42.4
      vertex 86.2767 171.631 42.4
      vertex 85.9749 171.975 42.4
    endloop
  endfacet
  facet normal 0 0 1
    outer loop
      vertex 86.8807 168.594 42.4
      vertex 84.7074 169.176 42.4
      vertex 86.7336 168.161 42.4
    endloop
  endfacet
  facet normal 0 0 1
    outer loop
      vertex 84.3839 170.384 42.4
      vertex 85.9749 171.975 42.4
      vertex 85.6307 172.277 42.4
    endloop
  endfacet
  facet normal -0 0 1
    outer loop
      vertex 84.6548 169.022 42.4
      vertex 86.7336 168.161 42.4
      vertex 84.7074 169.176 42.4
    endloop
  endfacet
  facet normal 0 0 1
    outer loop
      vertex 84.2609 170.492 42.4
      vertex 85.6307 172.277 42.4
      vertex 85.25 172.531 42.4
    endloop
  endfacet
  facet normal 0 0 1
    outer loop
      vertex 86.7336 168.161 42.4
      vertex 84.6548 169.022 42.4
      vertex 86.5311 167.75 42.4
    endloop
  endfacet
  facet normal 0 0 1
    outer loop
      vertex 84.125 170.583 42.4
      vertex 85.25 172.531 42.4
      vertex 84.8394 172.734 42.4
    endloop
  endfacet
  facet normal -0 0 1
    outer loop
      vertex 84.5825 168.875 42.4
      vertex 86.5311 167.75 42.4
      vertex 84.6548 169.022 42.4
    endloop
  endfacet
  facet normal 0 0 1
    outer loop
      vertex 86.5311 167.75 42.4
      vertex 84.5825 168.875 42.4
      vertex 86.2767 167.369 42.4
    endloop
  endfacet
  facet normal 0 0 1
    outer loop
      vertex 86.9701 169.957 42.4
      vertex 84.7393 169.663 42.4
      vertex 84.75 169.5 42.4
    endloop
  endfacet
  facet normal 0 0 1
    outer loop
      vertex 86.8807 170.406 42.4
      vertex 84.7074 169.824 42.4
      vertex 84.7393 169.663 42.4
    endloop
  endfacet
  facet normal 0 0 1
    outer loop
      vertex 86.7336 170.839 42.4
      vertex 84.6548 169.978 42.4
      vertex 84.7074 169.824 42.4
    endloop
  endfacet
  facet normal 0 0 1
    outer loop
      vertex 86.5311 171.25 42.4
      vertex 84.5825 170.125 42.4
      vertex 84.6548 169.978 42.4
    endloop
  endfacet
  facet normal 0 0 1
    outer loop
      vertex 86.2767 171.631 42.4
      vertex 84.4917 170.261 42.4
      vertex 84.5825 170.125 42.4
    endloop
  endfacet
  facet normal 0 0 1
    outer loop
      vertex 83.9784 170.655 42.4
      vertex 84.8394 172.734 42.4
      vertex 84.4059 172.881 42.4
    endloop
  endfacet
  facet normal 0 0 1
    outer loop
      vertex 85.9749 171.975 42.4
      vertex 84.3839 170.384 42.4
      vertex 84.4917 170.261 42.4
    endloop
  endfacet
  facet normal 0 0 1
    outer loop
      vertex 85.6307 172.277 42.4
      vertex 84.2609 170.492 42.4
      vertex 84.3839 170.384 42.4
    endloop
  endfacet
  facet normal 0 0 1
    outer loop
      vertex 85.25 172.531 42.4
      vertex 84.125 170.583 42.4
      vertex 84.2609 170.492 42.4
    endloop
  endfacet
  facet normal 0 0 1
    outer loop
      vertex 84.8394 172.734 42.4
      vertex 83.9784 170.655 42.4
      vertex 84.125 170.583 42.4
    endloop
  endfacet
  facet normal 0 0 1
    outer loop
      vertex 83.8235 170.707 42.4
      vertex 84.4059 172.881 42.4
      vertex 83.9568 172.97 42.4
    endloop
  endfacet
  facet normal 0 0 1
    outer loop
      vertex 84.4059 172.881 42.4
      vertex 83.8235 170.707 42.4
      vertex 83.9784 170.655 42.4
    endloop
  endfacet
  facet normal 0 0 1
    outer loop
      vertex 83.9568 172.97 42.4
      vertex 83.6632 170.739 42.4
      vertex 83.8235 170.707 42.4
    endloop
  endfacet
  facet normal 0 0 1
    outer loop
      vertex 83.5 173 42.4
      vertex 83.6632 170.739 42.4
      vertex 83.9568 172.97 42.4
    endloop
  endfacet
  facet normal 0 0 1
    outer loop
      vertex 83.5 173 42.4
      vertex 83.5 170.75 42.4
      vertex 83.6632 170.739 42.4
    endloop
  endfacet
  facet normal 0 0 1
    outer loop
      vertex 83.5 173 42.4
      vertex 83.3368 170.739 42.4
      vertex 83.5 170.75 42.4
    endloop
  endfacet
  facet normal -0 0 1
    outer loop
      vertex 83.0432 172.97 42.4
      vertex 83.3368 170.739 42.4
      vertex 83.5 173 42.4
    endloop
  endfacet
  facet normal 0 0 1
    outer loop
      vertex 83.3368 170.739 42.4
      vertex 83.0432 172.97 42.4
      vertex 83.1765 170.707 42.4
    endloop
  endfacet
  facet normal -0 0 1
    outer loop
      vertex 82.5941 172.881 42.4
      vertex 83.1765 170.707 42.4
      vertex 83.0432 172.97 42.4
    endloop
  endfacet
  facet normal 0 0 1
    outer loop
      vertex 83.1765 170.707 42.4
      vertex 82.5941 172.881 42.4
      vertex 83.0216 170.655 42.4
    endloop
  endfacet
  facet normal -0 0 1
    outer loop
      vertex 82.1606 172.734 42.4
      vertex 83.0216 170.655 42.4
      vertex 82.5941 172.881 42.4
    endloop
  endfacet
  facet normal 0 0 1
    outer loop
      vertex 83.0216 170.655 42.4
      vertex 82.1606 172.734 42.4
      vertex 82.875 170.583 42.4
    endloop
  endfacet
  facet normal -0 0 1
    outer loop
      vertex 81.75 172.531 42.4
      vertex 82.875 170.583 42.4
      vertex 82.1606 172.734 42.4
    endloop
  endfacet
  facet normal 0 0 1
    outer loop
      vertex 82.875 170.583 42.4
      vertex 81.75 172.531 42.4
      vertex 82.739 170.492 42.4
    endloop
  endfacet
  facet normal -0 0 1
    outer loop
      vertex 81.3693 172.277 42.4
      vertex 82.739 170.492 42.4
      vertex 81.75 172.531 42.4
    endloop
  endfacet
  facet normal 0 0 1
    outer loop
      vertex 82.739 170.492 42.4
      vertex 81.3693 172.277 42.4
      vertex 82.6161 170.384 42.4
    endloop
  endfacet
  facet normal -0 0 1
    outer loop
      vertex 81.0251 171.975 42.4
      vertex 82.6161 170.384 42.4
      vertex 81.3693 172.277 42.4
    endloop
  endfacet
  facet normal 0 0 1
    outer loop
      vertex 82.6161 170.384 42.4
      vertex 81.0251 171.975 42.4
      vertex 82.5083 170.261 42.4
    endloop
  endfacet
  facet normal 0 0 1
    outer loop
      vertex 82.5083 170.261 42.4
      vertex 80.7233 171.631 42.4
      vertex 82.4175 170.125 42.4
    endloop
  endfacet
  facet normal -0 0 1
    outer loop
      vertex 80.7233 171.631 42.4
      vertex 82.5083 170.261 42.4
      vertex 81.0251 171.975 42.4
    endloop
  endfacet
  facet normal -0 0 1
    outer loop
      vertex 84.4917 168.739 42.4
      vertex 86.2767 167.369 42.4
      vertex 84.5825 168.875 42.4
    endloop
  endfacet
  facet normal 0 0 1
    outer loop
      vertex 86.2767 167.369 42.4
      vertex 84.4917 168.739 42.4
      vertex 85.9749 167.025 42.4
    endloop
  endfacet
  facet normal -0 0 1
    outer loop
      vertex 84.3839 168.616 42.4
      vertex 85.9749 167.025 42.4
      vertex 84.4917 168.739 42.4
    endloop
  endfacet
  facet normal 0 0 1
    outer loop
      vertex 85.9749 167.025 42.4
      vertex 84.3839 168.616 42.4
      vertex 85.6307 166.723 42.4
    endloop
  endfacet
  facet normal -0 0 1
    outer loop
      vertex 84.2609 168.508 42.4
      vertex 85.6307 166.723 42.4
      vertex 84.3839 168.616 42.4
    endloop
  endfacet
  facet normal 0 0 1
    outer loop
      vertex 85.6307 166.723 42.4
      vertex 84.2609 168.508 42.4
      vertex 85.25 166.469 42.4
    endloop
  endfacet
  facet normal -0 0 1
    outer loop
      vertex 84.125 168.417 42.4
      vertex 85.25 166.469 42.4
      vertex 84.2609 168.508 42.4
    endloop
  endfacet
  facet normal 0 0 1
    outer loop
      vertex 85.25 166.469 42.4
      vertex 84.125 168.417 42.4
      vertex 84.8394 166.266 42.4
    endloop
  endfacet
  facet normal -0 0 1
    outer loop
      vertex 83.9784 168.345 42.4
      vertex 84.8394 166.266 42.4
      vertex 84.125 168.417 42.4
    endloop
  endfacet
  facet normal 0 0 1
    outer loop
      vertex 84.8394 166.266 42.4
      vertex 83.9784 168.345 42.4
      vertex 84.4059 166.119 42.4
    endloop
  endfacet
  facet normal -0 0 1
    outer loop
      vertex 83.8235 168.293 42.4
      vertex 84.4059 166.119 42.4
      vertex 83.9784 168.345 42.4
    endloop
  endfacet
  facet normal 0 0 1
    outer loop
      vertex 84.4059 166.119 42.4
      vertex 83.8235 168.293 42.4
      vertex 83.9568 166.03 42.4
    endloop
  endfacet
  facet normal -0 0 1
    outer loop
      vertex 83.6632 168.261 42.4
      vertex 83.9568 166.03 42.4
      vertex 83.8235 168.293 42.4
    endloop
  endfacet
  facet normal -0 0 1
    outer loop
      vertex 83.5 168.25 42.4
      vertex 83.9568 166.03 42.4
      vertex 83.6632 168.261 42.4
    endloop
  endfacet
  facet normal 0 0 1
    outer loop
      vertex 83.5 168.25 42.4
      vertex 83.5 166 42.4
      vertex 83.9568 166.03 42.4
    endloop
  endfacet
  facet normal 0 0 1
    outer loop
      vertex 83.3368 168.261 42.4
      vertex 83.5 166 42.4
      vertex 83.5 168.25 42.4
    endloop
  endfacet
  facet normal 0 0 1
    outer loop
      vertex 83.0432 166.03 42.4
      vertex 83.3368 168.261 42.4
      vertex 83.1765 168.293 42.4
    endloop
  endfacet
  facet normal 0 0 1
    outer loop
      vertex 83.3368 168.261 42.4
      vertex 83.0432 166.03 42.4
      vertex 83.5 166 42.4
    endloop
  endfacet
  facet normal 0 0 1
    outer loop
      vertex 82.5941 166.119 42.4
      vertex 83.1765 168.293 42.4
      vertex 83.0216 168.345 42.4
    endloop
  endfacet
  facet normal 0 0 1
    outer loop
      vertex 82.1606 166.266 42.4
      vertex 83.0216 168.345 42.4
      vertex 82.875 168.417 42.4
    endloop
  endfacet
  facet normal 0 0 1
    outer loop
      vertex 81.75 166.469 42.4
      vertex 82.875 168.417 42.4
      vertex 82.739 168.508 42.4
    endloop
  endfacet
  facet normal 0 0 1
    outer loop
      vertex 81.3693 166.723 42.4
      vertex 82.739 168.508 42.4
      vertex 82.6161 168.616 42.4
    endloop
  endfacet
  facet normal 0 0 1
    outer loop
      vertex 83.1765 168.293 42.4
      vertex 82.5941 166.119 42.4
      vertex 83.0432 166.03 42.4
    endloop
  endfacet
  facet normal 0 0 1
    outer loop
      vertex 81.0251 167.025 42.4
      vertex 82.6161 168.616 42.4
      vertex 82.5083 168.739 42.4
    endloop
  endfacet
  facet normal 0 0 1
    outer loop
      vertex 80.7233 167.369 42.4
      vertex 82.5083 168.739 42.4
      vertex 82.4175 168.875 42.4
    endloop
  endfacet
  facet normal 0 0 1
    outer loop
      vertex 80.4689 167.75 42.4
      vertex 82.4175 168.875 42.4
      vertex 82.3452 169.022 42.4
    endloop
  endfacet
  facet normal 0 0 1
    outer loop
      vertex 80.2664 168.161 42.4
      vertex 82.3452 169.022 42.4
      vertex 82.2926 169.176 42.4
    endloop
  endfacet
  facet normal 0 0 1
    outer loop
      vertex 80.1193 168.594 42.4
      vertex 82.2926 169.176 42.4
      vertex 82.2607 169.337 42.4
    endloop
  endfacet
  facet normal 0 0 1
    outer loop
      vertex 83.0216 168.345 42.4
      vertex 82.1606 166.266 42.4
      vertex 82.5941 166.119 42.4
    endloop
  endfacet
  facet normal 0 0 1
    outer loop
      vertex 80.0299 169.043 42.4
      vertex 82.2607 169.337 42.4
      vertex 82.25 169.5 42.4
    endloop
  endfacet
  facet normal -0 0 1
    outer loop
      vertex 80.4689 171.25 42.4
      vertex 82.4175 170.125 42.4
      vertex 80.7233 171.631 42.4
    endloop
  endfacet
  facet normal 0 0 1
    outer loop
      vertex 82.4175 170.125 42.4
      vertex 80.4689 171.25 42.4
      vertex 82.3452 169.978 42.4
    endloop
  endfacet
  facet normal 0 0 1
    outer loop
      vertex 82.875 168.417 42.4
      vertex 81.75 166.469 42.4
      vertex 82.1606 166.266 42.4
    endloop
  endfacet
  facet normal -0 0 1
    outer loop
      vertex 80.2664 170.839 42.4
      vertex 82.3452 169.978 42.4
      vertex 80.4689 171.25 42.4
    endloop
  endfacet
  facet normal 0 0 1
    outer loop
      vertex 82.739 168.508 42.4
      vertex 81.3693 166.723 42.4
      vertex 81.75 166.469 42.4
    endloop
  endfacet
  facet normal 0 0 1
    outer loop
      vertex 82.3452 169.978 42.4
      vertex 80.2664 170.839 42.4
      vertex 82.2926 169.824 42.4
    endloop
  endfacet
  facet normal 0 0 1
    outer loop
      vertex 82.6161 168.616 42.4
      vertex 81.0251 167.025 42.4
      vertex 81.3693 166.723 42.4
    endloop
  endfacet
  facet normal -0 0 1
    outer loop
      vertex 80.1193 170.406 42.4
      vertex 82.2926 169.824 42.4
      vertex 80.2664 170.839 42.4
    endloop
  endfacet
  facet normal 0 0 1
    outer loop
      vertex 82.5083 168.739 42.4
      vertex 80.7233 167.369 42.4
      vertex 81.0251 167.025 42.4
    endloop
  endfacet
  facet normal 0 0 1
    outer loop
      vertex 82.2926 169.824 42.4
      vertex 80.1193 170.406 42.4
      vertex 82.2607 169.663 42.4
    endloop
  endfacet
  facet normal 0 0 1
    outer loop
      vertex 82.4175 168.875 42.4
      vertex 80.4689 167.75 42.4
      vertex 80.7233 167.369 42.4
    endloop
  endfacet
  facet normal -0 0 1
    outer loop
      vertex 80.0299 169.957 42.4
      vertex 82.2607 169.663 42.4
      vertex 80.1193 170.406 42.4
    endloop
  endfacet
  facet normal 0 0 1
    outer loop
      vertex 82.3452 169.022 42.4
      vertex 80.2664 168.161 42.4
      vertex 80.4689 167.75 42.4
    endloop
  endfacet
  facet normal 0 0 1
    outer loop
      vertex 82.2607 169.663 42.4
      vertex 80.0299 169.957 42.4
      vertex 82.25 169.5 42.4
    endloop
  endfacet
  facet normal 0 0 1
    outer loop
      vertex 82.2926 169.176 42.4
      vertex 80.1193 168.594 42.4
      vertex 80.2664 168.161 42.4
    endloop
  endfacet
  facet normal 0 0 1
    outer loop
      vertex 80 169.5 42.4
      vertex 82.25 169.5 42.4
      vertex 80.0299 169.957 42.4
    endloop
  endfacet
  facet normal 0 0 1
    outer loop
      vertex 82.2607 169.337 42.4
      vertex 80.0299 169.043 42.4
      vertex 80.1193 168.594 42.4
    endloop
  endfacet
  facet normal 0 0 1
    outer loop
      vertex 82.25 169.5 42.4
      vertex 80 169.5 42.4
      vertex 80.0299 169.043 42.4
    endloop
  endfacet
  facet normal 0.997859 -0.0653969 0
    outer loop
      vertex 9.97006 6.04316 42.4
      vertex 10 6.5 2.4
      vertex 10 6.5 42.4
    endloop
  endfacet
  facet normal 0.997859 -0.0653969 0
    outer loop
      vertex 10 6.5 2.4
      vertex 9.97006 6.04316 42.4
      vertex 9.97006 6.04316 2.4
    endloop
  endfacet
  facet normal 0.442288 -0.896873 0
    outer loop
      vertex 7.83939 3.26642 2.4
      vertex 8.25 3.46891 42.4
      vertex 7.83939 3.26642 42.4
    endloop
  endfacet
  facet normal 0.442288 -0.896873 0
    outer loop
      vertex 8.25 3.46891 42.4
      vertex 7.83939 3.26642 2.4
      vertex 8.25 3.46891 2.4
    endloop
  endfacet
  facet normal 0.659353 -0.751833 0
    outer loop
      vertex 8.63066 3.72326 2.4
      vertex 8.97487 4.02513 42.4
      vertex 8.63066 3.72326 42.4
    endloop
  endfacet
  facet normal 0.659353 -0.751833 0
    outer loop
      vertex 8.97487 4.02513 42.4
      vertex 8.63066 3.72326 2.4
      vertex 8.97487 4.02513 2.4
    endloop
  endfacet
  facet normal -0.896873 -0.442288 0
    outer loop
      vertex 3.46891 4.75 2.4
      vertex 3.26642 5.16061 42.4
      vertex 3.26642 5.16061 2.4
    endloop
  endfacet
  facet normal -0.896873 -0.442288 0
    outer loop
      vertex 3.26642 5.16061 42.4
      vertex 3.46891 4.75 2.4
      vertex 3.46891 4.75 42.4
    endloop
  endfacet
  facet normal -0.751824 -0.659364 0
    outer loop
      vertex 4.02513 4.02513 2.4
      vertex 3.72326 4.36933 42.4
      vertex 3.72326 4.36933 2.4
    endloop
  endfacet
  facet normal -0.751824 -0.659364 0
    outer loop
      vertex 3.72326 4.36933 42.4
      vertex 4.02513 4.02513 2.4
      vertex 4.02513 4.02513 42.4
    endloop
  endfacet
  facet normal 0.555532 0.831495 -0
    outer loop
      vertex 85.6307 9.27674 2.4
      vertex 85.25 9.53109 42.4
      vertex 85.6307 9.27674 42.4
    endloop
  endfacet
  facet normal 0.555532 0.831495 0
    outer loop
      vertex 85.25 9.53109 42.4
      vertex 85.6307 9.27674 2.4
      vertex 85.25 9.53109 2.4
    endloop
  endfacet
  facet normal -0.195066 -0.98079 0
    outer loop
      vertex 82.5941 3.11926 2.4
      vertex 83.0432 3.02994 42.4
      vertex 82.5941 3.11926 42.4
    endloop
  endfacet
  facet normal -0.195066 -0.98079 -0
    outer loop
      vertex 83.0432 3.02994 42.4
      vertex 82.5941 3.11926 2.4
      vertex 83.0432 3.02994 2.4
    endloop
  endfacet
  facet normal -0.442297 0.896869 0
    outer loop
      vertex 82.1606 9.73358 2.4
      vertex 81.75 9.53109 42.4
      vertex 82.1606 9.73358 42.4
    endloop
  endfacet
  facet normal -0.442297 0.896869 0
    outer loop
      vertex 81.75 9.53109 42.4
      vertex 82.1606 9.73358 2.4
      vertex 81.75 9.53109 2.4
    endloop
  endfacet
  facet normal -0.94697 0.321322 0
    outer loop
      vertex 80.1193 7.40587 2.4
      vertex 80.2664 7.83939 42.4
      vertex 80.2664 7.83939 2.4
    endloop
  endfacet
  facet normal -0.94697 0.321322 0
    outer loop
      vertex 80.2664 7.83939 42.4
      vertex 80.1193 7.40587 2.4
      vertex 80.1193 7.40587 42.4
    endloop
  endfacet
  facet normal 0.94697 -0.321322 0
    outer loop
      vertex 86.7336 5.16061 42.4
      vertex 86.8807 5.59413 2.4
      vertex 86.8807 5.59413 42.4
    endloop
  endfacet
  facet normal 0.94697 -0.321322 0
    outer loop
      vertex 86.8807 5.59413 2.4
      vertex 86.7336 5.16061 42.4
      vertex 86.7336 5.16061 2.4
    endloop
  endfacet
  facet normal -0.321452 -0.946926 0
    outer loop
      vertex 82.1606 3.26642 2.4
      vertex 82.5941 3.11926 42.4
      vertex 82.1606 3.26642 42.4
    endloop
  endfacet
  facet normal -0.321452 -0.946926 -0
    outer loop
      vertex 82.5941 3.11926 42.4
      vertex 82.1606 3.26642 2.4
      vertex 82.5941 3.11926 2.4
    endloop
  endfacet
  facet normal 0.896864 0.442305 0
    outer loop
      vertex 86.7336 7.83939 42.4
      vertex 86.5311 8.25 2.4
      vertex 86.5311 8.25 42.4
    endloop
  endfacet
  facet normal 0.896864 0.442305 0
    outer loop
      vertex 86.5311 8.25 2.4
      vertex 86.7336 7.83939 42.4
      vertex 86.7336 7.83939 2.4
    endloop
  endfacet
  facet normal 0.980751 0.195263 0
    outer loop
      vertex 86.9701 6.95684 42.4
      vertex 86.8807 7.40587 2.4
      vertex 86.8807 7.40587 42.4
    endloop
  endfacet
  facet normal 0.980751 0.195263 0
    outer loop
      vertex 86.8807 7.40587 2.4
      vertex 86.9701 6.95684 42.4
      vertex 86.9701 6.95684 2.4
    endloop
  endfacet
  facet normal 0.831418 0.555647 0
    outer loop
      vertex 86.5311 8.25 42.4
      vertex 86.2767 8.63066 2.4
      vertex 86.2767 8.63066 42.4
    endloop
  endfacet
  facet normal 0.831418 0.555647 0
    outer loop
      vertex 86.2767 8.63066 2.4
      vertex 86.5311 8.25 42.4
      vertex 86.5311 8.25 2.4
    endloop
  endfacet
  facet normal 0.659364 0.751824 -0
    outer loop
      vertex 85.9749 8.97487 2.4
      vertex 85.6307 9.27674 42.4
      vertex 85.9749 8.97487 42.4
    endloop
  endfacet
  facet normal 0.659364 0.751824 0
    outer loop
      vertex 85.6307 9.27674 42.4
      vertex 85.9749 8.97487 2.4
      vertex 85.6307 9.27674 2.4
    endloop
  endfacet
  facet normal 0.321452 0.946926 -0
    outer loop
      vertex 84.8394 9.73358 2.4
      vertex 84.4059 9.88074 42.4
      vertex 84.8394 9.73358 42.4
    endloop
  endfacet
  facet normal 0.321452 0.946926 0
    outer loop
      vertex 84.4059 9.88074 42.4
      vertex 84.8394 9.73358 2.4
      vertex 84.4059 9.88074 2.4
    endloop
  endfacet
  facet normal -0.0654026 0.997859 0
    outer loop
      vertex 83.5 10 2.4
      vertex 83.0432 9.97006 42.4
      vertex 83.5 10 42.4
    endloop
  endfacet
  facet normal -0.0654026 0.997859 0
    outer loop
      vertex 83.0432 9.97006 42.4
      vertex 83.5 10 2.4
      vertex 83.0432 9.97006 2.4
    endloop
  endfacet
  facet normal -0.831418 0.555647 0
    outer loop
      vertex 80.4689 8.25 2.4
      vertex 80.7233 8.63066 42.4
      vertex 80.7233 8.63066 2.4
    endloop
  endfacet
  facet normal -0.831418 0.555647 0
    outer loop
      vertex 80.7233 8.63066 42.4
      vertex 80.4689 8.25 2.4
      vertex 80.4689 8.25 42.4
    endloop
  endfacet
  facet normal -0.195066 0.98079 0
    outer loop
      vertex 83.0432 9.97006 2.4
      vertex 82.5941 9.88074 42.4
      vertex 83.0432 9.97006 42.4
    endloop
  endfacet
  facet normal -0.195066 0.98079 0
    outer loop
      vertex 82.5941 9.88074 42.4
      vertex 83.0432 9.97006 2.4
      vertex 82.5941 9.88074 2.4
    endloop
  endfacet
  facet normal -0.751909 0.659267 0
    outer loop
      vertex 80.7233 8.63066 2.4
      vertex 81.0251 8.97487 42.4
      vertex 81.0251 8.97487 2.4
    endloop
  endfacet
  facet normal -0.751909 0.659267 0
    outer loop
      vertex 81.0251 8.97487 42.4
      vertex 80.7233 8.63066 2.4
      vertex 80.7233 8.63066 42.4
    endloop
  endfacet
  facet normal 0.997865 0.0653099 0
    outer loop
      vertex 87 6.5 42.4
      vertex 86.9701 6.95684 2.4
      vertex 86.9701 6.95684 42.4
    endloop
  endfacet
  facet normal 0.997865 0.0653099 0
    outer loop
      vertex 86.9701 6.95684 2.4
      vertex 87 6.5 42.4
      vertex 87 6.5 2.4
    endloop
  endfacet
  facet normal 0.195066 -0.98079 0
    outer loop
      vertex 83.9568 3.02994 2.4
      vertex 84.4059 3.11926 42.4
      vertex 83.9568 3.02994 42.4
    endloop
  endfacet
  facet normal 0.195066 -0.98079 0
    outer loop
      vertex 84.4059 3.11926 42.4
      vertex 83.9568 3.02994 2.4
      vertex 84.4059 3.11926 2.4
    endloop
  endfacet
  facet normal 0.831425 -0.555637 0
    outer loop
      vertex 86.2767 4.36933 42.4
      vertex 86.5311 4.75 2.4
      vertex 86.5311 4.75 42.4
    endloop
  endfacet
  facet normal 0.831425 -0.555637 0
    outer loop
      vertex 86.5311 4.75 2.4
      vertex 86.2767 4.36933 42.4
      vertex 86.2767 4.36933 2.4
    endloop
  endfacet
  facet normal -0.0654026 -0.997859 0
    outer loop
      vertex 83.0432 3.02994 2.4
      vertex 83.5 3 42.4
      vertex 83.0432 3.02994 42.4
    endloop
  endfacet
  facet normal -0.0654026 -0.997859 -0
    outer loop
      vertex 83.5 3 42.4
      vertex 83.0432 3.02994 2.4
      vertex 83.5 3 2.4
    endloop
  endfacet
  facet normal -0.555532 -0.831495 0
    outer loop
      vertex 81.3693 3.72326 2.4
      vertex 81.75 3.46891 42.4
      vertex 81.3693 3.72326 42.4
    endloop
  endfacet
  facet normal -0.555532 -0.831495 -0
    outer loop
      vertex 81.75 3.46891 42.4
      vertex 81.3693 3.72326 2.4
      vertex 81.75 3.46891 2.4
    endloop
  endfacet
  facet normal -0.980751 -0.195263 0
    outer loop
      vertex 80.1193 5.59413 2.4
      vertex 80.0299 6.04316 42.4
      vertex 80.0299 6.04316 2.4
    endloop
  endfacet
  facet normal -0.980751 -0.195263 0
    outer loop
      vertex 80.0299 6.04316 42.4
      vertex 80.1193 5.59413 2.4
      vertex 80.1193 5.59413 42.4
    endloop
  endfacet
  facet normal 0.94697 0.321322 0
    outer loop
      vertex 86.8807 7.40587 42.4
      vertex 86.7336 7.83939 2.4
      vertex 86.7336 7.83939 42.4
    endloop
  endfacet
  facet normal 0.94697 0.321322 0
    outer loop
      vertex 86.7336 7.83939 2.4
      vertex 86.8807 7.40587 42.4
      vertex 86.8807 7.40587 2.4
    endloop
  endfacet
  facet normal 0.751909 0.659267 0
    outer loop
      vertex 86.2767 8.63066 42.4
      vertex 85.9749 8.97487 2.4
      vertex 85.9749 8.97487 42.4
    endloop
  endfacet
  facet normal 0.751909 0.659267 0
    outer loop
      vertex 85.9749 8.97487 2.4
      vertex 86.2767 8.63066 42.4
      vertex 86.2767 8.63066 2.4
    endloop
  endfacet
  facet normal 0.442297 0.896869 -0
    outer loop
      vertex 85.25 9.53109 2.4
      vertex 84.8394 9.73358 42.4
      vertex 85.25 9.53109 42.4
    endloop
  endfacet
  facet normal 0.442297 0.896869 0
    outer loop
      vertex 84.8394 9.73358 42.4
      vertex 85.25 9.53109 2.4
      vertex 84.8394 9.73358 2.4
    endloop
  endfacet
  facet normal 0.195066 0.98079 -0
    outer loop
      vertex 84.4059 9.88074 2.4
      vertex 83.9568 9.97006 42.4
      vertex 84.4059 9.88074 42.4
    endloop
  endfacet
  facet normal 0.195066 0.98079 0
    outer loop
      vertex 83.9568 9.97006 42.4
      vertex 84.4059 9.88074 2.4
      vertex 83.9568 9.97006 2.4
    endloop
  endfacet
  facet normal 0.0654026 0.997859 -0
    outer loop
      vertex 83.9568 9.97006 2.4
      vertex 83.5 10 42.4
      vertex 83.9568 9.97006 42.4
    endloop
  endfacet
  facet normal 0.0654026 0.997859 0
    outer loop
      vertex 83.5 10 42.4
      vertex 83.9568 9.97006 2.4
      vertex 83.5 10 2.4
    endloop
  endfacet
  facet normal -0.997865 -0.0653099 0
    outer loop
      vertex 80.0299 6.04316 2.4
      vertex 80 6.5 42.4
      vertex 80 6.5 2.4
    endloop
  endfacet
  facet normal -0.997865 -0.0653099 0
    outer loop
      vertex 80 6.5 42.4
      vertex 80.0299 6.04316 2.4
      vertex 80.0299 6.04316 42.4
    endloop
  endfacet
  facet normal -0.980751 0.195263 0
    outer loop
      vertex 80.0299 6.95684 2.4
      vertex 80.1193 7.40587 42.4
      vertex 80.1193 7.40587 2.4
    endloop
  endfacet
  facet normal -0.980751 0.195263 0
    outer loop
      vertex 80.1193 7.40587 42.4
      vertex 80.0299 6.95684 2.4
      vertex 80.0299 6.95684 42.4
    endloop
  endfacet
  facet normal -0.896864 0.442305 0
    outer loop
      vertex 80.2664 7.83939 2.4
      vertex 80.4689 8.25 42.4
      vertex 80.4689 8.25 2.4
    endloop
  endfacet
  facet normal -0.896864 0.442305 0
    outer loop
      vertex 80.4689 8.25 42.4
      vertex 80.2664 7.83939 2.4
      vertex 80.2664 7.83939 42.4
    endloop
  endfacet
  facet normal -0.321452 0.946926 0
    outer loop
      vertex 82.5941 9.88074 2.4
      vertex 82.1606 9.73358 42.4
      vertex 82.5941 9.88074 42.4
    endloop
  endfacet
  facet normal -0.321452 0.946926 0
    outer loop
      vertex 82.1606 9.73358 42.4
      vertex 82.5941 9.88074 2.4
      vertex 82.1606 9.73358 2.4
    endloop
  endfacet
  facet normal -0.659364 0.751824 0
    outer loop
      vertex 81.3693 9.27674 2.4
      vertex 81.0251 8.97487 42.4
      vertex 81.3693 9.27674 42.4
    endloop
  endfacet
  facet normal -0.659364 0.751824 0
    outer loop
      vertex 81.0251 8.97487 42.4
      vertex 81.3693 9.27674 2.4
      vertex 81.0251 8.97487 2.4
    endloop
  endfacet
  facet normal -0.555532 0.831495 0
    outer loop
      vertex 81.75 9.53109 2.4
      vertex 81.3693 9.27674 42.4
      vertex 81.75 9.53109 42.4
    endloop
  endfacet
  facet normal -0.555532 0.831495 0
    outer loop
      vertex 81.3693 9.27674 42.4
      vertex 81.75 9.53109 2.4
      vertex 81.3693 9.27674 2.4
    endloop
  endfacet
  facet normal 0.980751 -0.195263 0
    outer loop
      vertex 86.8807 5.59413 42.4
      vertex 86.9701 6.04316 2.4
      vertex 86.9701 6.04316 42.4
    endloop
  endfacet
  facet normal 0.980751 -0.195263 0
    outer loop
      vertex 86.9701 6.04316 2.4
      vertex 86.8807 5.59413 42.4
      vertex 86.8807 5.59413 2.4
    endloop
  endfacet
  facet normal 0.321452 -0.946926 0
    outer loop
      vertex 84.4059 3.11926 2.4
      vertex 84.8394 3.26642 42.4
      vertex 84.4059 3.11926 42.4
    endloop
  endfacet
  facet normal 0.321452 -0.946926 0
    outer loop
      vertex 84.8394 3.26642 42.4
      vertex 84.4059 3.11926 2.4
      vertex 84.8394 3.26642 2.4
    endloop
  endfacet
  facet normal 0.7519 -0.659278 0
    outer loop
      vertex 85.9749 4.02513 42.4
      vertex 86.2767 4.36933 2.4
      vertex 86.2767 4.36933 42.4
    endloop
  endfacet
  facet normal 0.7519 -0.659278 0
    outer loop
      vertex 86.2767 4.36933 2.4
      vertex 85.9749 4.02513 42.4
      vertex 85.9749 4.02513 2.4
    endloop
  endfacet
  facet normal 0.555532 -0.831495 0
    outer loop
      vertex 85.25 3.46891 2.4
      vertex 85.6307 3.72326 42.4
      vertex 85.25 3.46891 42.4
    endloop
  endfacet
  facet normal 0.555532 -0.831495 0
    outer loop
      vertex 85.6307 3.72326 42.4
      vertex 85.25 3.46891 2.4
      vertex 85.6307 3.72326 2.4
    endloop
  endfacet
  facet normal 0.896864 -0.442305 0
    outer loop
      vertex 86.5311 4.75 42.4
      vertex 86.7336 5.16061 2.4
      vertex 86.7336 5.16061 42.4
    endloop
  endfacet
  facet normal 0.896864 -0.442305 0
    outer loop
      vertex 86.7336 5.16061 2.4
      vertex 86.5311 4.75 42.4
      vertex 86.5311 4.75 2.4
    endloop
  endfacet
  facet normal 0.0654026 -0.997859 0
    outer loop
      vertex 83.5 3 2.4
      vertex 83.9568 3.02994 42.4
      vertex 83.5 3 42.4
    endloop
  endfacet
  facet normal 0.0654026 -0.997859 0
    outer loop
      vertex 83.9568 3.02994 42.4
      vertex 83.5 3 2.4
      vertex 83.9568 3.02994 2.4
    endloop
  endfacet
  facet normal -0.442297 -0.896869 0
    outer loop
      vertex 81.75 3.46891 2.4
      vertex 82.1606 3.26642 42.4
      vertex 81.75 3.46891 42.4
    endloop
  endfacet
  facet normal -0.442297 -0.896869 -0
    outer loop
      vertex 82.1606 3.26642 42.4
      vertex 81.75 3.46891 2.4
      vertex 82.1606 3.26642 2.4
    endloop
  endfacet
  facet normal -0.94697 -0.321322 0
    outer loop
      vertex 80.2664 5.16061 2.4
      vertex 80.1193 5.59413 42.4
      vertex 80.1193 5.59413 2.4
    endloop
  endfacet
  facet normal -0.94697 -0.321322 0
    outer loop
      vertex 80.1193 5.59413 42.4
      vertex 80.2664 5.16061 2.4
      vertex 80.2664 5.16061 42.4
    endloop
  endfacet
  facet normal -0.659364 -0.751824 0
    outer loop
      vertex 81.0251 4.02513 2.4
      vertex 81.3693 3.72326 42.4
      vertex 81.0251 4.02513 42.4
    endloop
  endfacet
  facet normal -0.659364 -0.751824 -0
    outer loop
      vertex 81.3693 3.72326 42.4
      vertex 81.0251 4.02513 2.4
      vertex 81.3693 3.72326 2.4
    endloop
  endfacet
  facet normal -0.831425 -0.555637 0
    outer loop
      vertex 80.7233 4.36933 2.4
      vertex 80.4689 4.75 42.4
      vertex 80.4689 4.75 2.4
    endloop
  endfacet
  facet normal -0.831425 -0.555637 0
    outer loop
      vertex 80.4689 4.75 42.4
      vertex 80.7233 4.36933 2.4
      vertex 80.7233 4.36933 42.4
    endloop
  endfacet
  facet normal -0.997865 0.0653099 0
    outer loop
      vertex 80 6.5 2.4
      vertex 80.0299 6.95684 42.4
      vertex 80.0299 6.95684 2.4
    endloop
  endfacet
  facet normal -0.997865 0.0653099 0
    outer loop
      vertex 80.0299 6.95684 42.4
      vertex 80 6.5 2.4
      vertex 80 6.5 42.4
    endloop
  endfacet
  facet normal 0.997865 -0.0653099 0
    outer loop
      vertex 86.9701 6.04316 42.4
      vertex 87 6.5 2.4
      vertex 87 6.5 42.4
    endloop
  endfacet
  facet normal 0.997865 -0.0653099 0
    outer loop
      vertex 87 6.5 2.4
      vertex 86.9701 6.04316 42.4
      vertex 86.9701 6.04316 2.4
    endloop
  endfacet
  facet normal 0.442297 -0.896869 0
    outer loop
      vertex 84.8394 3.26642 2.4
      vertex 85.25 3.46891 42.4
      vertex 84.8394 3.26642 42.4
    endloop
  endfacet
  facet normal 0.442297 -0.896869 0
    outer loop
      vertex 85.25 3.46891 42.4
      vertex 84.8394 3.26642 2.4
      vertex 85.25 3.46891 2.4
    endloop
  endfacet
  facet normal 0.659364 -0.751824 0
    outer loop
      vertex 85.6307 3.72326 2.4
      vertex 85.9749 4.02513 42.4
      vertex 85.6307 3.72326 42.4
    endloop
  endfacet
  facet normal 0.659364 -0.751824 0
    outer loop
      vertex 85.9749 4.02513 42.4
      vertex 85.6307 3.72326 2.4
      vertex 85.9749 4.02513 2.4
    endloop
  endfacet
  facet normal -0.896864 -0.442305 0
    outer loop
      vertex 80.4689 4.75 2.4
      vertex 80.2664 5.16061 42.4
      vertex 80.2664 5.16061 2.4
    endloop
  endfacet
  facet normal -0.896864 -0.442305 0
    outer loop
      vertex 80.2664 5.16061 42.4
      vertex 80.4689 4.75 2.4
      vertex 80.4689 4.75 42.4
    endloop
  endfacet
  facet normal -0.7519 -0.659278 0
    outer loop
      vertex 81.0251 4.02513 2.4
      vertex 80.7233 4.36933 42.4
      vertex 80.7233 4.36933 2.4
    endloop
  endfacet
  facet normal -0.7519 -0.659278 0
    outer loop
      vertex 80.7233 4.36933 42.4
      vertex 81.0251 4.02513 2.4
      vertex 81.0251 4.02513 42.4
    endloop
  endfacet
  facet normal 0.555043 0.831822 -0
    outer loop
      vertex 8.63066 172.277 2.4
      vertex 8.25 172.531 42.4
      vertex 8.63066 172.277 42.4
    endloop
  endfacet
  facet normal 0.555043 0.831822 0
    outer loop
      vertex 8.25 172.531 42.4
      vertex 8.63066 172.277 2.4
      vertex 8.25 172.531 2.4
    endloop
  endfacet
  facet normal -0.980782 0.195108 0
    outer loop
      vertex 3.02994 169.957 2.4
      vertex 3.11926 170.406 42.4
      vertex 3.11926 170.406 2.4
    endloop
  endfacet
  facet normal -0.980782 0.195108 0
    outer loop
      vertex 3.11926 170.406 42.4
      vertex 3.02994 169.957 2.4
      vertex 3.02994 169.957 42.4
    endloop
  endfacet
  facet normal -0.194423 -0.980918 0
    outer loop
      vertex 5.59413 166.119 2.4
      vertex 6.04316 166.03 42.4
      vertex 5.59413 166.119 42.4
    endloop
  endfacet
  facet normal -0.194423 -0.980918 -0
    outer loop
      vertex 6.04316 166.03 42.4
      vertex 5.59413 166.119 2.4
      vertex 6.04316 166.03 2.4
    endloop
  endfacet
  facet normal -0.443183 0.896431 0
    outer loop
      vertex 5.16061 172.734 2.4
      vertex 4.75 172.531 42.4
      vertex 5.16061 172.734 42.4
    endloop
  endfacet
  facet normal -0.443183 0.896431 0
    outer loop
      vertex 4.75 172.531 42.4
      vertex 5.16061 172.734 2.4
      vertex 4.75 172.531 2.4
    endloop
  endfacet
  facet normal -0.946813 0.321785 0
    outer loop
      vertex 3.11926 170.406 2.4
      vertex 3.26642 170.839 42.4
      vertex 3.26642 170.839 2.4
    endloop
  endfacet
  facet normal -0.946813 0.321785 0
    outer loop
      vertex 3.26642 170.839 42.4
      vertex 3.11926 170.406 2.4
      vertex 3.11926 170.406 42.4
    endloop
  endfacet
  facet normal 0.946813 -0.321785 0
    outer loop
      vertex 9.73358 168.161 42.4
      vertex 9.88074 168.594 2.4
      vertex 9.88074 168.594 42.4
    endloop
  endfacet
  facet normal 0.946813 -0.321785 0
    outer loop
      vertex 9.88074 168.594 2.4
      vertex 9.73358 168.161 42.4
      vertex 9.73358 168.161 2.4
    endloop
  endfacet
  facet normal -0.321126 -0.947037 0
    outer loop
      vertex 5.16061 166.266 2.4
      vertex 5.59413 166.119 42.4
      vertex 5.16061 166.266 42.4
    endloop
  endfacet
  facet normal -0.321126 -0.947037 -0
    outer loop
      vertex 5.59413 166.119 42.4
      vertex 5.16061 166.266 2.4
      vertex 5.59413 166.119 2.4
    endloop
  endfacet
  facet normal 0.89704 0.44195 0
    outer loop
      vertex 9.73358 170.839 42.4
      vertex 9.53109 171.25 2.4
      vertex 9.53109 171.25 42.4
    endloop
  endfacet
  facet normal 0.89704 0.44195 0
    outer loop
      vertex 9.53109 171.25 2.4
      vertex 9.73358 170.839 42.4
      vertex 9.73358 170.839 2.4
    endloop
  endfacet
  facet normal 0.980782 0.195108 0
    outer loop
      vertex 9.97006 169.957 42.4
      vertex 9.88074 170.406 2.4
      vertex 9.88074 170.406 42.4
    endloop
  endfacet
  facet normal 0.980782 0.195108 0
    outer loop
      vertex 9.88074 170.406 2.4
      vertex 9.97006 169.957 42.4
      vertex 9.97006 169.957 2.4
    endloop
  endfacet
  facet normal 0.831697 0.555229 0
    outer loop
      vertex 9.53109 171.25 42.4
      vertex 9.27674 171.631 2.4
      vertex 9.27674 171.631 42.4
    endloop
  endfacet
  facet normal 0.831697 0.555229 0
    outer loop
      vertex 9.27674 171.631 2.4
      vertex 9.53109 171.25 42.4
      vertex 9.53109 171.25 2.4
    endloop
  endfacet
  facet normal 0.659514 0.751693 -0
    outer loop
      vertex 8.97487 171.975 2.4
      vertex 8.63066 172.277 42.4
      vertex 8.97487 171.975 42.4
    endloop
  endfacet
  facet normal 0.659514 0.751693 0
    outer loop
      vertex 8.63066 172.277 42.4
      vertex 8.97487 171.975 2.4
      vertex 8.63066 172.277 2.4
    endloop
  endfacet
  facet normal 0.321126 0.947037 -0
    outer loop
      vertex 7.83939 172.734 2.4
      vertex 7.40587 172.881 42.4
      vertex 7.83939 172.734 42.4
    endloop
  endfacet
  facet normal 0.321126 0.947037 0
    outer loop
      vertex 7.40587 172.881 42.4
      vertex 7.83939 172.734 2.4
      vertex 7.40587 172.881 2.4
    endloop
  endfacet
  facet normal -0.0655274 0.997851 0
    outer loop
      vertex 6.5 173 2.4
      vertex 6.04316 172.97 42.4
      vertex 6.5 173 42.4
    endloop
  endfacet
  facet normal -0.0655274 0.997851 0
    outer loop
      vertex 6.04316 172.97 42.4
      vertex 6.5 173 2.4
      vertex 6.04316 172.97 2.4
    endloop
  endfacet
  facet normal -0.831697 0.555229 0
    outer loop
      vertex 3.46891 171.25 2.4
      vertex 3.72326 171.631 42.4
      vertex 3.72326 171.631 2.4
    endloop
  endfacet
  facet normal -0.831697 0.555229 0
    outer loop
      vertex 3.72326 171.631 42.4
      vertex 3.46891 171.25 2.4
      vertex 3.46891 171.25 42.4
    endloop
  endfacet
  facet normal -0.194423 0.980918 0
    outer loop
      vertex 6.04316 172.97 2.4
      vertex 5.59413 172.881 42.4
      vertex 6.04316 172.97 42.4
    endloop
  endfacet
  facet normal -0.194423 0.980918 0
    outer loop
      vertex 5.59413 172.881 42.4
      vertex 6.04316 172.97 2.4
      vertex 5.59413 172.881 2.4
    endloop
  endfacet
  facet normal -0.751634 0.659581 0
    outer loop
      vertex 3.72326 171.631 2.4
      vertex 4.02513 171.975 42.4
      vertex 4.02513 171.975 2.4
    endloop
  endfacet
  facet normal -0.751634 0.659581 0
    outer loop
      vertex 4.02513 171.975 42.4
      vertex 3.72326 171.631 2.4
      vertex 3.72326 171.631 42.4
    endloop
  endfacet
  facet normal 0.997861 0.0653741 0
    outer loop
      vertex 10 169.5 42.4
      vertex 9.97006 169.957 2.4
      vertex 9.97006 169.957 42.4
    endloop
  endfacet
  facet normal 0.997861 0.0653741 0
    outer loop
      vertex 9.97006 169.957 2.4
      vertex 10 169.5 42.4
      vertex 10 169.5 2.4
    endloop
  endfacet
  facet normal 0.194423 -0.980918 0
    outer loop
      vertex 6.95684 166.03 2.4
      vertex 7.40587 166.119 42.4
      vertex 6.95684 166.03 42.4
    endloop
  endfacet
  facet normal 0.194423 -0.980918 0
    outer loop
      vertex 7.40587 166.119 42.4
      vertex 6.95684 166.03 2.4
      vertex 7.40587 166.119 2.4
    endloop
  endfacet
  facet normal 0.831697 -0.555229 0
    outer loop
      vertex 9.27674 167.369 42.4
      vertex 9.53109 167.75 2.4
      vertex 9.53109 167.75 42.4
    endloop
  endfacet
  facet normal 0.831697 -0.555229 0
    outer loop
      vertex 9.53109 167.75 2.4
      vertex 9.27674 167.369 42.4
      vertex 9.27674 167.369 2.4
    endloop
  endfacet
  facet normal -0.0655274 -0.997851 0
    outer loop
      vertex 6.04316 166.03 2.4
      vertex 6.5 166 42.4
      vertex 6.04316 166.03 42.4
    endloop
  endfacet
  facet normal -0.0655274 -0.997851 -0
    outer loop
      vertex 6.5 166 42.4
      vertex 6.04316 166.03 2.4
      vertex 6.5 166 2.4
    endloop
  endfacet
  facet normal -0.555033 -0.831828 0
    outer loop
      vertex 4.36933 166.723 2.4
      vertex 4.75 166.469 42.4
      vertex 4.36933 166.723 42.4
    endloop
  endfacet
  facet normal -0.555033 -0.831828 -0
    outer loop
      vertex 4.75 166.469 42.4
      vertex 4.36933 166.723 2.4
      vertex 4.75 166.469 2.4
    endloop
  endfacet
  facet normal -0.980782 -0.195108 0
    outer loop
      vertex 3.11926 168.594 2.4
      vertex 3.02994 169.043 42.4
      vertex 3.02994 169.043 2.4
    endloop
  endfacet
  facet normal -0.980782 -0.195108 0
    outer loop
      vertex 3.02994 169.043 42.4
      vertex 3.11926 168.594 2.4
      vertex 3.11926 168.594 42.4
    endloop
  endfacet
  facet normal 0.946813 0.321785 0
    outer loop
      vertex 9.88074 170.406 42.4
      vertex 9.73358 170.839 2.4
      vertex 9.73358 170.839 42.4
    endloop
  endfacet
  facet normal 0.946813 0.321785 0
    outer loop
      vertex 9.73358 170.839 2.4
      vertex 9.88074 170.406 42.4
      vertex 9.88074 170.406 2.4
    endloop
  endfacet
  facet normal 0.751634 0.659581 0
    outer loop
      vertex 9.27674 171.631 42.4
      vertex 8.97487 171.975 2.4
      vertex 8.97487 171.975 42.4
    endloop
  endfacet
  facet normal 0.751634 0.659581 0
    outer loop
      vertex 8.97487 171.975 2.4
      vertex 9.27674 171.631 42.4
      vertex 9.27674 171.631 2.4
    endloop
  endfacet
  facet normal 0.443183 0.896431 -0
    outer loop
      vertex 8.25 172.531 2.4
      vertex 7.83939 172.734 42.4
      vertex 8.25 172.531 42.4
    endloop
  endfacet
  facet normal 0.443183 0.896431 0
    outer loop
      vertex 7.83939 172.734 42.4
      vertex 8.25 172.531 2.4
      vertex 7.83939 172.734 2.4
    endloop
  endfacet
  facet normal 0.194423 0.980918 -0
    outer loop
      vertex 7.40587 172.881 2.4
      vertex 6.95684 172.97 42.4
      vertex 7.40587 172.881 42.4
    endloop
  endfacet
  facet normal 0.194423 0.980918 0
    outer loop
      vertex 6.95684 172.97 42.4
      vertex 7.40587 172.881 2.4
      vertex 6.95684 172.97 2.4
    endloop
  endfacet
  facet normal 0.0655274 0.997851 -0
    outer loop
      vertex 6.95684 172.97 2.4
      vertex 6.5 173 42.4
      vertex 6.95684 172.97 42.4
    endloop
  endfacet
  facet normal 0.0655274 0.997851 0
    outer loop
      vertex 6.5 173 42.4
      vertex 6.95684 172.97 2.4
      vertex 6.5 173 2.4
    endloop
  endfacet
  facet normal -0.997861 -0.0653741 0
    outer loop
      vertex 3.02994 169.043 2.4
      vertex 3 169.5 42.4
      vertex 3 169.5 2.4
    endloop
  endfacet
  facet normal -0.997861 -0.0653741 0
    outer loop
      vertex 3 169.5 42.4
      vertex 3.02994 169.043 2.4
      vertex 3.02994 169.043 42.4
    endloop
  endfacet
  facet normal -0.89704 0.44195 0
    outer loop
      vertex 3.26642 170.839 2.4
      vertex 3.46891 171.25 42.4
      vertex 3.46891 171.25 2.4
    endloop
  endfacet
  facet normal -0.89704 0.44195 0
    outer loop
      vertex 3.46891 171.25 42.4
      vertex 3.26642 170.839 2.4
      vertex 3.26642 170.839 42.4
    endloop
  endfacet
  facet normal -0.321126 0.947037 0
    outer loop
      vertex 5.59413 172.881 2.4
      vertex 5.16061 172.734 42.4
      vertex 5.59413 172.881 42.4
    endloop
  endfacet
  facet normal -0.321126 0.947037 0
    outer loop
      vertex 5.16061 172.734 42.4
      vertex 5.59413 172.881 2.4
      vertex 5.16061 172.734 2.4
    endloop
  endfacet
  facet normal -0.659524 0.751683 0
    outer loop
      vertex 4.36933 172.277 2.4
      vertex 4.02513 171.975 42.4
      vertex 4.36933 172.277 42.4
    endloop
  endfacet
  facet normal -0.659524 0.751683 0
    outer loop
      vertex 4.02513 171.975 42.4
      vertex 4.36933 172.277 2.4
      vertex 4.02513 171.975 2.4
    endloop
  endfacet
  facet normal -0.555033 0.831828 0
    outer loop
      vertex 4.75 172.531 2.4
      vertex 4.36933 172.277 42.4
      vertex 4.75 172.531 42.4
    endloop
  endfacet
  facet normal -0.555033 0.831828 0
    outer loop
      vertex 4.36933 172.277 42.4
      vertex 4.75 172.531 2.4
      vertex 4.36933 172.277 2.4
    endloop
  endfacet
  facet normal 0.980782 -0.195108 0
    outer loop
      vertex 9.88074 168.594 42.4
      vertex 9.97006 169.043 2.4
      vertex 9.97006 169.043 42.4
    endloop
  endfacet
  facet normal 0.980782 -0.195108 0
    outer loop
      vertex 9.97006 169.043 2.4
      vertex 9.88074 168.594 42.4
      vertex 9.88074 168.594 2.4
    endloop
  endfacet
  facet normal 0.321126 -0.947037 0
    outer loop
      vertex 7.40587 166.119 2.4
      vertex 7.83939 166.266 42.4
      vertex 7.40587 166.119 42.4
    endloop
  endfacet
  facet normal 0.321126 -0.947037 0
    outer loop
      vertex 7.83939 166.266 42.4
      vertex 7.40587 166.119 2.4
      vertex 7.83939 166.266 2.4
    endloop
  endfacet
  facet normal 0.751634 -0.659581 0
    outer loop
      vertex 8.97487 167.025 42.4
      vertex 9.27674 167.369 2.4
      vertex 9.27674 167.369 42.4
    endloop
  endfacet
  facet normal 0.751634 -0.659581 0
    outer loop
      vertex 9.27674 167.369 2.4
      vertex 8.97487 167.025 42.4
      vertex 8.97487 167.025 2.4
    endloop
  endfacet
  facet normal 0.555043 -0.831822 0
    outer loop
      vertex 8.25 166.469 2.4
      vertex 8.63066 166.723 42.4
      vertex 8.25 166.469 42.4
    endloop
  endfacet
  facet normal 0.555043 -0.831822 0
    outer loop
      vertex 8.63066 166.723 42.4
      vertex 8.25 166.469 2.4
      vertex 8.63066 166.723 2.4
    endloop
  endfacet
  facet normal 0.89704 -0.44195 0
    outer loop
      vertex 9.53109 167.75 42.4
      vertex 9.73358 168.161 2.4
      vertex 9.73358 168.161 42.4
    endloop
  endfacet
  facet normal 0.89704 -0.44195 0
    outer loop
      vertex 9.73358 168.161 2.4
      vertex 9.53109 167.75 42.4
      vertex 9.53109 167.75 2.4
    endloop
  endfacet
  facet normal 0.0655274 -0.997851 0
    outer loop
      vertex 6.5 166 2.4
      vertex 6.95684 166.03 42.4
      vertex 6.5 166 42.4
    endloop
  endfacet
  facet normal 0.0655274 -0.997851 0
    outer loop
      vertex 6.95684 166.03 42.4
      vertex 6.5 166 2.4
      vertex 6.95684 166.03 2.4
    endloop
  endfacet
  facet normal -0.443183 -0.896431 0
    outer loop
      vertex 4.75 166.469 2.4
      vertex 5.16061 166.266 42.4
      vertex 4.75 166.469 42.4
    endloop
  endfacet
  facet normal -0.443183 -0.896431 -0
    outer loop
      vertex 5.16061 166.266 42.4
      vertex 4.75 166.469 2.4
      vertex 5.16061 166.266 2.4
    endloop
  endfacet
  facet normal -0.946813 -0.321785 0
    outer loop
      vertex 3.26642 168.161 2.4
      vertex 3.11926 168.594 42.4
      vertex 3.11926 168.594 2.4
    endloop
  endfacet
  facet normal -0.946813 -0.321785 0
    outer loop
      vertex 3.11926 168.594 42.4
      vertex 3.26642 168.161 2.4
      vertex 3.26642 168.161 42.4
    endloop
  endfacet
  facet normal -0.659524 -0.751683 0
    outer loop
      vertex 4.02513 167.025 2.4
      vertex 4.36933 166.723 42.4
      vertex 4.02513 167.025 42.4
    endloop
  endfacet
  facet normal -0.659524 -0.751683 -0
    outer loop
      vertex 4.36933 166.723 42.4
      vertex 4.02513 167.025 2.4
      vertex 4.36933 166.723 2.4
    endloop
  endfacet
  facet normal -0.831697 -0.555229 0
    outer loop
      vertex 3.72326 167.369 2.4
      vertex 3.46891 167.75 42.4
      vertex 3.46891 167.75 2.4
    endloop
  endfacet
  facet normal -0.831697 -0.555229 0
    outer loop
      vertex 3.46891 167.75 42.4
      vertex 3.72326 167.369 2.4
      vertex 3.72326 167.369 42.4
    endloop
  endfacet
  facet normal -0.997861 0.0653741 0
    outer loop
      vertex 3 169.5 2.4
      vertex 3.02994 169.957 42.4
      vertex 3.02994 169.957 2.4
    endloop
  endfacet
  facet normal -0.997861 0.0653741 0
    outer loop
      vertex 3.02994 169.957 42.4
      vertex 3 169.5 2.4
      vertex 3 169.5 42.4
    endloop
  endfacet
  facet normal 0.997861 -0.0653741 0
    outer loop
      vertex 9.97006 169.043 42.4
      vertex 10 169.5 2.4
      vertex 10 169.5 42.4
    endloop
  endfacet
  facet normal 0.997861 -0.0653741 0
    outer loop
      vertex 10 169.5 2.4
      vertex 9.97006 169.043 42.4
      vertex 9.97006 169.043 2.4
    endloop
  endfacet
  facet normal 0.443183 -0.896431 0
    outer loop
      vertex 7.83939 166.266 2.4
      vertex 8.25 166.469 42.4
      vertex 7.83939 166.266 42.4
    endloop
  endfacet
  facet normal 0.443183 -0.896431 0
    outer loop
      vertex 8.25 166.469 42.4
      vertex 7.83939 166.266 2.4
      vertex 8.25 166.469 2.4
    endloop
  endfacet
  facet normal 0.659514 -0.751693 0
    outer loop
      vertex 8.63066 166.723 2.4
      vertex 8.97487 167.025 42.4
      vertex 8.63066 166.723 42.4
    endloop
  endfacet
  facet normal 0.659514 -0.751693 0
    outer loop
      vertex 8.97487 167.025 42.4
      vertex 8.63066 166.723 2.4
      vertex 8.97487 167.025 2.4
    endloop
  endfacet
  facet normal -0.89704 -0.44195 0
    outer loop
      vertex 3.46891 167.75 2.4
      vertex 3.26642 168.161 42.4
      vertex 3.26642 168.161 2.4
    endloop
  endfacet
  facet normal -0.89704 -0.44195 0
    outer loop
      vertex 3.26642 168.161 42.4
      vertex 3.46891 167.75 2.4
      vertex 3.46891 167.75 42.4
    endloop
  endfacet
  facet normal -0.751634 -0.659581 0
    outer loop
      vertex 4.02513 167.025 2.4
      vertex 3.72326 167.369 42.4
      vertex 3.72326 167.369 2.4
    endloop
  endfacet
  facet normal -0.751634 -0.659581 0
    outer loop
      vertex 3.72326 167.369 42.4
      vertex 4.02513 167.025 2.4
      vertex 4.02513 167.025 42.4
    endloop
  endfacet
  facet normal 0.555003 0.831849 -0
    outer loop
      vertex 85.6307 172.277 2.4
      vertex 85.25 172.531 42.4
      vertex 85.6307 172.277 42.4
    endloop
  endfacet
  facet normal 0.555003 0.831849 0
    outer loop
      vertex 85.25 172.531 42.4
      vertex 85.6307 172.277 2.4
      vertex 85.25 172.531 2.4
    endloop
  endfacet
  facet normal -0.980748 0.195276 0
    outer loop
      vertex 80.0299 169.957 2.4
      vertex 80.1193 170.406 42.4
      vertex 80.1193 170.406 2.4
    endloop
  endfacet
  facet normal -0.980748 0.195276 0
    outer loop
      vertex 80.1193 170.406 42.4
      vertex 80.0299 169.957 2.4
      vertex 80.0299 169.957 42.4
    endloop
  endfacet
  facet normal -0.194394 -0.980924 0
    outer loop
      vertex 82.5941 166.119 2.4
      vertex 83.0432 166.03 42.4
      vertex 82.5941 166.119 42.4
    endloop
  endfacet
  facet normal -0.194394 -0.980924 -0
    outer loop
      vertex 83.0432 166.03 42.4
      vertex 82.5941 166.119 2.4
      vertex 83.0432 166.03 2.4
    endloop
  endfacet
  facet normal -0.443192 0.896427 0
    outer loop
      vertex 82.1606 172.734 2.4
      vertex 81.75 172.531 42.4
      vertex 82.1606 172.734 42.4
    endloop
  endfacet
  facet normal -0.443192 0.896427 0
    outer loop
      vertex 81.75 172.531 42.4
      vertex 82.1606 172.734 2.4
      vertex 81.75 172.531 2.4
    endloop
  endfacet
  facet normal -0.946853 0.321668 0
    outer loop
      vertex 80.1193 170.406 2.4
      vertex 80.2664 170.839 42.4
      vertex 80.2664 170.839 2.4
    endloop
  endfacet
  facet normal -0.946853 0.321668 0
    outer loop
      vertex 80.2664 170.839 42.4
      vertex 80.1193 170.406 2.4
      vertex 80.1193 170.406 42.4
    endloop
  endfacet
  facet normal 0.946853 -0.321668 0
    outer loop
      vertex 86.7336 168.161 42.4
      vertex 86.8807 168.594 2.4
      vertex 86.8807 168.594 42.4
    endloop
  endfacet
  facet normal 0.946853 -0.321668 0
    outer loop
      vertex 86.8807 168.594 2.4
      vertex 86.7336 168.161 42.4
      vertex 86.7336 168.161 2.4
    endloop
  endfacet
  facet normal -0.321139 -0.947032 0
    outer loop
      vertex 82.1606 166.266 2.4
      vertex 82.5941 166.119 42.4
      vertex 82.1606 166.266 42.4
    endloop
  endfacet
  facet normal -0.321139 -0.947032 -0
    outer loop
      vertex 82.5941 166.119 42.4
      vertex 82.1606 166.266 2.4
      vertex 82.5941 166.119 2.4
    endloop
  endfacet
  facet normal 0.897031 0.441968 0
    outer loop
      vertex 86.7336 170.839 42.4
      vertex 86.5311 171.25 2.4
      vertex 86.5311 171.25 42.4
    endloop
  endfacet
  facet normal 0.897031 0.441968 0
    outer loop
      vertex 86.5311 171.25 2.4
      vertex 86.7336 170.839 42.4
      vertex 86.7336 170.839 2.4
    endloop
  endfacet
  facet normal 0.980748 0.195276 0
    outer loop
      vertex 86.9701 169.957 42.4
      vertex 86.8807 170.406 2.4
      vertex 86.8807 170.406 42.4
    endloop
  endfacet
  facet normal 0.980748 0.195276 0
    outer loop
      vertex 86.8807 170.406 2.4
      vertex 86.9701 169.957 42.4
      vertex 86.9701 169.957 2.4
    endloop
  endfacet
  facet normal 0.831647 0.555305 0
    outer loop
      vertex 86.5311 171.25 42.4
      vertex 86.2767 171.631 2.4
      vertex 86.2767 171.631 42.4
    endloop
  endfacet
  facet normal 0.831647 0.555305 0
    outer loop
      vertex 86.2767 171.631 2.4
      vertex 86.5311 171.25 42.4
      vertex 86.5311 171.25 2.4
    endloop
  endfacet
  facet normal 0.659524 0.751683 -0
    outer loop
      vertex 85.9749 171.975 2.4
      vertex 85.6307 172.277 42.4
      vertex 85.9749 171.975 42.4
    endloop
  endfacet
  facet normal 0.659524 0.751683 0
    outer loop
      vertex 85.6307 172.277 42.4
      vertex 85.9749 171.975 2.4
      vertex 85.6307 172.277 2.4
    endloop
  endfacet
  facet normal 0.321139 0.947032 -0
    outer loop
      vertex 84.8394 172.734 2.4
      vertex 84.4059 172.881 42.4
      vertex 84.8394 172.734 42.4
    endloop
  endfacet
  facet normal 0.321139 0.947032 0
    outer loop
      vertex 84.4059 172.881 42.4
      vertex 84.8394 172.734 2.4
      vertex 84.4059 172.881 2.4
    endloop
  endfacet
  facet normal -0.0655331 0.99785 0
    outer loop
      vertex 83.5 173 2.4
      vertex 83.0432 172.97 42.4
      vertex 83.5 173 42.4
    endloop
  endfacet
  facet normal -0.0655331 0.99785 0
    outer loop
      vertex 83.0432 172.97 42.4
      vertex 83.5 173 2.4
      vertex 83.0432 172.97 2.4
    endloop
  endfacet
  facet normal -0.997867 0.0652871 0
    outer loop
      vertex 80 169.5 2.4
      vertex 80.0299 169.957 42.4
      vertex 80.0299 169.957 2.4
    endloop
  endfacet
  facet normal -0.997867 0.0652871 0
    outer loop
      vertex 80.0299 169.957 42.4
      vertex 80 169.5 2.4
      vertex 80 169.5 42.4
    endloop
  endfacet
  facet normal -0.831647 0.555305 0
    outer loop
      vertex 80.4689 171.25 2.4
      vertex 80.7233 171.631 42.4
      vertex 80.7233 171.631 2.4
    endloop
  endfacet
  facet normal -0.831647 0.555305 0
    outer loop
      vertex 80.7233 171.631 42.4
      vertex 80.4689 171.25 2.4
      vertex 80.4689 171.25 42.4
    endloop
  endfacet
  facet normal -0.194394 0.980924 0
    outer loop
      vertex 83.0432 172.97 2.4
      vertex 82.5941 172.881 42.4
      vertex 83.0432 172.97 42.4
    endloop
  endfacet
  facet normal -0.194394 0.980924 0
    outer loop
      vertex 82.5941 172.881 42.4
      vertex 83.0432 172.97 2.4
      vertex 82.5941 172.881 2.4
    endloop
  endfacet
  facet normal -0.75171 0.659494 0
    outer loop
      vertex 80.7233 171.631 2.4
      vertex 81.0251 171.975 42.4
      vertex 81.0251 171.975 2.4
    endloop
  endfacet
  facet normal -0.75171 0.659494 0
    outer loop
      vertex 81.0251 171.975 42.4
      vertex 80.7233 171.631 2.4
      vertex 80.7233 171.631 42.4
    endloop
  endfacet
  facet normal 0.997867 0.0652871 0
    outer loop
      vertex 87 169.5 42.4
      vertex 86.9701 169.957 2.4
      vertex 86.9701 169.957 42.4
    endloop
  endfacet
  facet normal 0.997867 0.0652871 0
    outer loop
      vertex 86.9701 169.957 2.4
      vertex 87 169.5 42.4
      vertex 87 169.5 2.4
    endloop
  endfacet
  facet normal 0.194394 -0.980924 0
    outer loop
      vertex 83.9568 166.03 2.4
      vertex 84.4059 166.119 42.4
      vertex 83.9568 166.03 42.4
    endloop
  endfacet
  facet normal 0.194394 -0.980924 0
    outer loop
      vertex 84.4059 166.119 42.4
      vertex 83.9568 166.03 2.4
      vertex 84.4059 166.119 2.4
    endloop
  endfacet
  facet normal 0.831647 -0.555305 0
    outer loop
      vertex 86.2767 167.369 42.4
      vertex 86.5311 167.75 2.4
      vertex 86.5311 167.75 42.4
    endloop
  endfacet
  facet normal 0.831647 -0.555305 0
    outer loop
      vertex 86.5311 167.75 2.4
      vertex 86.2767 167.369 42.4
      vertex 86.2767 167.369 2.4
    endloop
  endfacet
  facet normal -0.0655331 -0.99785 0
    outer loop
      vertex 83.0432 166.03 2.4
      vertex 83.5 166 42.4
      vertex 83.0432 166.03 42.4
    endloop
  endfacet
  facet normal -0.0655331 -0.99785 -0
    outer loop
      vertex 83.5 166 42.4
      vertex 83.0432 166.03 2.4
      vertex 83.5 166 2.4
    endloop
  endfacet
  facet normal -0.555003 -0.831849 0
    outer loop
      vertex 81.3693 166.723 2.4
      vertex 81.75 166.469 42.4
      vertex 81.3693 166.723 42.4
    endloop
  endfacet
  facet normal -0.555003 -0.831849 -0
    outer loop
      vertex 81.75 166.469 42.4
      vertex 81.3693 166.723 2.4
      vertex 81.75 166.469 2.4
    endloop
  endfacet
  facet normal -0.980748 -0.195276 0
    outer loop
      vertex 80.1193 168.594 2.4
      vertex 80.0299 169.043 42.4
      vertex 80.0299 169.043 2.4
    endloop
  endfacet
  facet normal -0.980748 -0.195276 0
    outer loop
      vertex 80.0299 169.043 42.4
      vertex 80.1193 168.594 2.4
      vertex 80.1193 168.594 42.4
    endloop
  endfacet
  facet normal 0.946853 0.321668 0
    outer loop
      vertex 86.8807 170.406 42.4
      vertex 86.7336 170.839 2.4
      vertex 86.7336 170.839 42.4
    endloop
  endfacet
  facet normal 0.946853 0.321668 0
    outer loop
      vertex 86.7336 170.839 2.4
      vertex 86.8807 170.406 42.4
      vertex 86.8807 170.406 2.4
    endloop
  endfacet
  facet normal 0.75171 0.659494 0
    outer loop
      vertex 86.2767 171.631 42.4
      vertex 85.9749 171.975 2.4
      vertex 85.9749 171.975 42.4
    endloop
  endfacet
  facet normal 0.75171 0.659494 0
    outer loop
      vertex 85.9749 171.975 2.4
      vertex 86.2767 171.631 42.4
      vertex 86.2767 171.631 2.4
    endloop
  endfacet
  facet normal 0.443192 0.896427 -0
    outer loop
      vertex 85.25 172.531 2.4
      vertex 84.8394 172.734 42.4
      vertex 85.25 172.531 42.4
    endloop
  endfacet
  facet normal 0.443192 0.896427 0
    outer loop
      vertex 84.8394 172.734 42.4
      vertex 85.25 172.531 2.4
      vertex 84.8394 172.734 2.4
    endloop
  endfacet
  facet normal 0.194394 0.980924 -0
    outer loop
      vertex 84.4059 172.881 2.4
      vertex 83.9568 172.97 42.4
      vertex 84.4059 172.881 42.4
    endloop
  endfacet
  facet normal 0.194394 0.980924 0
    outer loop
      vertex 83.9568 172.97 42.4
      vertex 84.4059 172.881 2.4
      vertex 83.9568 172.97 2.4
    endloop
  endfacet
  facet normal 0.0655331 0.99785 -0
    outer loop
      vertex 83.9568 172.97 2.4
      vertex 83.5 173 42.4
      vertex 83.9568 172.97 42.4
    endloop
  endfacet
  facet normal 0.0655331 0.99785 0
    outer loop
      vertex 83.5 173 42.4
      vertex 83.9568 172.97 2.4
      vertex 83.5 173 2.4
    endloop
  endfacet
  facet normal -0.997867 -0.0652871 0
    outer loop
      vertex 80.0299 169.043 2.4
      vertex 80 169.5 42.4
      vertex 80 169.5 2.4
    endloop
  endfacet
  facet normal -0.997867 -0.0652871 0
    outer loop
      vertex 80 169.5 42.4
      vertex 80.0299 169.043 2.4
      vertex 80.0299 169.043 42.4
    endloop
  endfacet
  facet normal -0.897031 0.441968 0
    outer loop
      vertex 80.2664 170.839 2.4
      vertex 80.4689 171.25 42.4
      vertex 80.4689 171.25 2.4
    endloop
  endfacet
  facet normal -0.897031 0.441968 0
    outer loop
      vertex 80.4689 171.25 42.4
      vertex 80.2664 170.839 2.4
      vertex 80.2664 170.839 42.4
    endloop
  endfacet
  facet normal -0.321139 0.947032 0
    outer loop
      vertex 82.5941 172.881 2.4
      vertex 82.1606 172.734 42.4
      vertex 82.5941 172.881 42.4
    endloop
  endfacet
  facet normal -0.321139 0.947032 0
    outer loop
      vertex 82.1606 172.734 42.4
      vertex 82.5941 172.881 2.4
      vertex 82.1606 172.734 2.4
    endloop
  endfacet
  facet normal -0.659524 0.751683 0
    outer loop
      vertex 81.3693 172.277 2.4
      vertex 81.0251 171.975 42.4
      vertex 81.3693 172.277 42.4
    endloop
  endfacet
  facet normal -0.659524 0.751683 0
    outer loop
      vertex 81.0251 171.975 42.4
      vertex 81.3693 172.277 2.4
      vertex 81.0251 171.975 2.4
    endloop
  endfacet
  facet normal -0.555003 0.831849 0
    outer loop
      vertex 81.75 172.531 2.4
      vertex 81.3693 172.277 42.4
      vertex 81.75 172.531 42.4
    endloop
  endfacet
  facet normal -0.555003 0.831849 0
    outer loop
      vertex 81.3693 172.277 42.4
      vertex 81.75 172.531 2.4
      vertex 81.3693 172.277 2.4
    endloop
  endfacet
  facet normal 0.980748 -0.195276 0
    outer loop
      vertex 86.8807 168.594 42.4
      vertex 86.9701 169.043 2.4
      vertex 86.9701 169.043 42.4
    endloop
  endfacet
  facet normal 0.980748 -0.195276 0
    outer loop
      vertex 86.9701 169.043 2.4
      vertex 86.8807 168.594 42.4
      vertex 86.8807 168.594 2.4
    endloop
  endfacet
  facet normal 0.321139 -0.947032 0
    outer loop
      vertex 84.4059 166.119 2.4
      vertex 84.8394 166.266 42.4
      vertex 84.4059 166.119 42.4
    endloop
  endfacet
  facet normal 0.321139 -0.947032 0
    outer loop
      vertex 84.8394 166.266 42.4
      vertex 84.4059 166.119 2.4
      vertex 84.8394 166.266 2.4
    endloop
  endfacet
  facet normal 0.75171 -0.659494 0
    outer loop
      vertex 85.9749 167.025 42.4
      vertex 86.2767 167.369 2.4
      vertex 86.2767 167.369 42.4
    endloop
  endfacet
  facet normal 0.75171 -0.659494 0
    outer loop
      vertex 86.2767 167.369 2.4
      vertex 85.9749 167.025 42.4
      vertex 85.9749 167.025 2.4
    endloop
  endfacet
  facet normal 0.555003 -0.831849 0
    outer loop
      vertex 85.25 166.469 2.4
      vertex 85.6307 166.723 42.4
      vertex 85.25 166.469 42.4
    endloop
  endfacet
  facet normal 0.555003 -0.831849 0
    outer loop
      vertex 85.6307 166.723 42.4
      vertex 85.25 166.469 2.4
      vertex 85.6307 166.723 2.4
    endloop
  endfacet
  facet normal 0.897031 -0.441968 0
    outer loop
      vertex 86.5311 167.75 42.4
      vertex 86.7336 168.161 2.4
      vertex 86.7336 168.161 42.4
    endloop
  endfacet
  facet normal 0.897031 -0.441968 0
    outer loop
      vertex 86.7336 168.161 2.4
      vertex 86.5311 167.75 42.4
      vertex 86.5311 167.75 2.4
    endloop
  endfacet
  facet normal 0.0655331 -0.99785 0
    outer loop
      vertex 83.5 166 2.4
      vertex 83.9568 166.03 42.4
      vertex 83.5 166 42.4
    endloop
  endfacet
  facet normal 0.0655331 -0.99785 0
    outer loop
      vertex 83.9568 166.03 42.4
      vertex 83.5 166 2.4
      vertex 83.9568 166.03 2.4
    endloop
  endfacet
  facet normal -0.443192 -0.896427 0
    outer loop
      vertex 81.75 166.469 2.4
      vertex 82.1606 166.266 42.4
      vertex 81.75 166.469 42.4
    endloop
  endfacet
  facet normal -0.443192 -0.896427 -0
    outer loop
      vertex 82.1606 166.266 42.4
      vertex 81.75 166.469 2.4
      vertex 82.1606 166.266 2.4
    endloop
  endfacet
  facet normal -0.946853 -0.321668 0
    outer loop
      vertex 80.2664 168.161 2.4
      vertex 80.1193 168.594 42.4
      vertex 80.1193 168.594 2.4
    endloop
  endfacet
  facet normal -0.946853 -0.321668 0
    outer loop
      vertex 80.1193 168.594 42.4
      vertex 80.2664 168.161 2.4
      vertex 80.2664 168.161 42.4
    endloop
  endfacet
  facet normal -0.659524 -0.751683 0
    outer loop
      vertex 81.0251 167.025 2.4
      vertex 81.3693 166.723 42.4
      vertex 81.0251 167.025 42.4
    endloop
  endfacet
  facet normal -0.659524 -0.751683 -0
    outer loop
      vertex 81.3693 166.723 42.4
      vertex 81.0251 167.025 2.4
      vertex 81.3693 166.723 2.4
    endloop
  endfacet
  facet normal -0.831647 -0.555305 0
    outer loop
      vertex 80.7233 167.369 2.4
      vertex 80.4689 167.75 42.4
      vertex 80.4689 167.75 2.4
    endloop
  endfacet
  facet normal -0.831647 -0.555305 0
    outer loop
      vertex 80.4689 167.75 42.4
      vertex 80.7233 167.369 2.4
      vertex 80.7233 167.369 42.4
    endloop
  endfacet
  facet normal 0.997867 -0.0652871 0
    outer loop
      vertex 86.9701 169.043 42.4
      vertex 87 169.5 2.4
      vertex 87 169.5 42.4
    endloop
  endfacet
  facet normal 0.997867 -0.0652871 0
    outer loop
      vertex 87 169.5 2.4
      vertex 86.9701 169.043 42.4
      vertex 86.9701 169.043 2.4
    endloop
  endfacet
  facet normal 0.443192 -0.896427 0
    outer loop
      vertex 84.8394 166.266 2.4
      vertex 85.25 166.469 42.4
      vertex 84.8394 166.266 42.4
    endloop
  endfacet
  facet normal 0.443192 -0.896427 0
    outer loop
      vertex 85.25 166.469 42.4
      vertex 84.8394 166.266 2.4
      vertex 85.25 166.469 2.4
    endloop
  endfacet
  facet normal 0.659524 -0.751683 0
    outer loop
      vertex 85.6307 166.723 2.4
      vertex 85.9749 167.025 42.4
      vertex 85.6307 166.723 42.4
    endloop
  endfacet
  facet normal 0.659524 -0.751683 0
    outer loop
      vertex 85.9749 167.025 42.4
      vertex 85.6307 166.723 2.4
      vertex 85.9749 167.025 2.4
    endloop
  endfacet
  facet normal -0.897031 -0.441968 0
    outer loop
      vertex 80.4689 167.75 2.4
      vertex 80.2664 168.161 42.4
      vertex 80.2664 168.161 2.4
    endloop
  endfacet
  facet normal -0.897031 -0.441968 0
    outer loop
      vertex 80.2664 168.161 42.4
      vertex 80.4689 167.75 2.4
      vertex 80.4689 167.75 42.4
    endloop
  endfacet
  facet normal -0.75171 -0.659494 0
    outer loop
      vertex 81.0251 167.025 2.4
      vertex 80.7233 167.369 42.4
      vertex 80.7233 167.369 2.4
    endloop
  endfacet
  facet normal -0.75171 -0.659494 0
    outer loop
      vertex 80.7233 167.369 42.4
      vertex 81.0251 167.025 2.4
      vertex 81.0251 167.025 42.4
    endloop
  endfacet
  facet normal -0.997861 -0.0653783 0
    outer loop
      vertex 7.75 6.5 30.4
      vertex 7.73931 6.66316 42.4
      vertex 7.73931 6.66316 30.4
    endloop
  endfacet
  facet normal -0.997861 -0.0653783 0
    outer loop
      vertex 7.73931 6.66316 42.4
      vertex 7.75 6.5 30.4
      vertex 7.75 6.5 42.4
    endloop
  endfacet
  facet normal 0.0653783 -0.997861 0
    outer loop
      vertex 6.33684 7.73931 30.4
      vertex 6.5 7.75 42.4
      vertex 6.33684 7.73931 42.4
    endloop
  endfacet
  facet normal 0.0653783 -0.997861 0
    outer loop
      vertex 6.5 7.75 42.4
      vertex 6.33684 7.73931 30.4
      vertex 6.5 7.75 30.4
    endloop
  endfacet
  facet normal -0.659357 -0.75183 0
    outer loop
      vertex 7.26095 7.49169 30.4
      vertex 7.38388 7.38388 42.4
      vertex 7.26095 7.49169 42.4
    endloop
  endfacet
  facet normal -0.659357 -0.75183 -0
    outer loop
      vertex 7.38388 7.38388 42.4
      vertex 7.26095 7.49169 30.4
      vertex 7.38388 7.38388 30.4
    endloop
  endfacet
  facet normal 0.75183 -0.659357 0
    outer loop
      vertex 5.50831 7.26095 42.4
      vertex 5.61612 7.38388 30.4
      vertex 5.61612 7.38388 42.4
    endloop
  endfacet
  facet normal 0.75183 -0.659357 0
    outer loop
      vertex 5.61612 7.38388 30.4
      vertex 5.50831 7.26095 42.4
      vertex 5.50831 7.26095 30.4
    endloop
  endfacet
  facet normal 0.44229 -0.896872 0
    outer loop
      vertex 5.875 7.58253 30.4
      vertex 6.02165 7.65485 42.4
      vertex 5.875 7.58253 42.4
    endloop
  endfacet
  facet normal 0.44229 -0.896872 0
    outer loop
      vertex 6.02165 7.65485 42.4
      vertex 5.875 7.58253 30.4
      vertex 6.02165 7.65485 30.4
    endloop
  endfacet
  facet normal 0.946926 0.321452 0
    outer loop
      vertex 5.34515 6.02165 42.4
      vertex 5.29259 6.17648 30.4
      vertex 5.29259 6.17648 42.4
    endloop
  endfacet
  facet normal 0.946926 0.321452 0
    outer loop
      vertex 5.29259 6.17648 30.4
      vertex 5.34515 6.02165 42.4
      vertex 5.34515 6.02165 30.4
    endloop
  endfacet
  facet normal -0.896872 -0.44229 0
    outer loop
      vertex 7.65485 6.97835 30.4
      vertex 7.58253 7.125 42.4
      vertex 7.58253 7.125 30.4
    endloop
  endfacet
  facet normal -0.896872 -0.44229 0
    outer loop
      vertex 7.58253 7.125 42.4
      vertex 7.65485 6.97835 30.4
      vertex 7.65485 6.97835 42.4
    endloop
  endfacet
  facet normal -0.980782 -0.195105 0
    outer loop
      vertex 7.73931 6.66316 30.4
      vertex 7.70741 6.82352 42.4
      vertex 7.70741 6.82352 30.4
    endloop
  endfacet
  facet normal -0.980782 -0.195105 0
    outer loop
      vertex 7.70741 6.82352 42.4
      vertex 7.73931 6.66316 30.4
      vertex 7.73931 6.66316 42.4
    endloop
  endfacet
  facet normal -0.321452 -0.946926 0
    outer loop
      vertex 6.82352 7.70741 30.4
      vertex 6.97835 7.65485 42.4
      vertex 6.82352 7.70741 42.4
    endloop
  endfacet
  facet normal -0.321452 -0.946926 -0
    outer loop
      vertex 6.97835 7.65485 42.4
      vertex 6.82352 7.70741 30.4
      vertex 6.97835 7.65485 30.4
    endloop
  endfacet
  facet normal -0.44229 -0.896872 0
    outer loop
      vertex 6.97835 7.65485 30.4
      vertex 7.125 7.58253 42.4
      vertex 6.97835 7.65485 42.4
    endloop
  endfacet
  facet normal -0.44229 -0.896872 -0
    outer loop
      vertex 7.125 7.58253 42.4
      vertex 6.97835 7.65485 30.4
      vertex 7.125 7.58253 30.4
    endloop
  endfacet
  facet normal 0.946926 -0.321452 0
    outer loop
      vertex 5.29259 6.82352 42.4
      vertex 5.34515 6.97835 30.4
      vertex 5.34515 6.97835 42.4
    endloop
  endfacet
  facet normal 0.946926 -0.321452 0
    outer loop
      vertex 5.34515 6.97835 30.4
      vertex 5.29259 6.82352 42.4
      vertex 5.29259 6.82352 30.4
    endloop
  endfacet
  facet normal 0.896872 -0.44229 0
    outer loop
      vertex 5.34515 6.97835 42.4
      vertex 5.41747 7.125 30.4
      vertex 5.41747 7.125 42.4
    endloop
  endfacet
  facet normal 0.896872 -0.44229 0
    outer loop
      vertex 5.41747 7.125 30.4
      vertex 5.34515 6.97835 42.4
      vertex 5.34515 6.97835 30.4
    endloop
  endfacet
  facet normal 0.980782 -0.195105 0
    outer loop
      vertex 5.26069 6.66316 42.4
      vertex 5.29259 6.82352 30.4
      vertex 5.29259 6.82352 42.4
    endloop
  endfacet
  facet normal 0.980782 -0.195105 0
    outer loop
      vertex 5.29259 6.82352 30.4
      vertex 5.26069 6.66316 42.4
      vertex 5.26069 6.66316 30.4
    endloop
  endfacet
  facet normal 0.659357 -0.75183 0
    outer loop
      vertex 5.61612 7.38388 30.4
      vertex 5.73905 7.49169 42.4
      vertex 5.61612 7.38388 42.4
    endloop
  endfacet
  facet normal 0.659357 -0.75183 0
    outer loop
      vertex 5.73905 7.49169 42.4
      vertex 5.61612 7.38388 30.4
      vertex 5.73905 7.49169 30.4
    endloop
  endfacet
  facet normal 0.195105 -0.980782 0
    outer loop
      vertex 6.17648 7.70741 30.4
      vertex 6.33684 7.73931 42.4
      vertex 6.17648 7.70741 42.4
    endloop
  endfacet
  facet normal 0.195105 -0.980782 0
    outer loop
      vertex 6.33684 7.73931 42.4
      vertex 6.17648 7.70741 30.4
      vertex 6.33684 7.73931 30.4
    endloop
  endfacet
  facet normal -0.321452 0.946926 0
    outer loop
      vertex 6.97835 5.34515 30.4
      vertex 6.82352 5.29259 42.4
      vertex 6.97835 5.34515 42.4
    endloop
  endfacet
  facet normal -0.321452 0.946926 0
    outer loop
      vertex 6.82352 5.29259 42.4
      vertex 6.97835 5.34515 30.4
      vertex 6.82352 5.29259 30.4
    endloop
  endfacet
  facet normal -0.195105 0.980782 0
    outer loop
      vertex 6.82352 5.29259 30.4
      vertex 6.66316 5.26069 42.4
      vertex 6.82352 5.29259 42.4
    endloop
  endfacet
  facet normal -0.195105 0.980782 0
    outer loop
      vertex 6.66316 5.26069 42.4
      vertex 6.82352 5.29259 30.4
      vertex 6.66316 5.26069 30.4
    endloop
  endfacet
  facet normal -0.980782 0.195105 0
    outer loop
      vertex 7.70741 6.17648 30.4
      vertex 7.73931 6.33684 42.4
      vertex 7.73931 6.33684 30.4
    endloop
  endfacet
  facet normal -0.980782 0.195105 0
    outer loop
      vertex 7.73931 6.33684 42.4
      vertex 7.70741 6.17648 30.4
      vertex 7.70741 6.17648 42.4
    endloop
  endfacet
  facet normal 0.321452 0.946926 -0
    outer loop
      vertex 6.17648 5.29259 30.4
      vertex 6.02165 5.34515 42.4
      vertex 6.17648 5.29259 42.4
    endloop
  endfacet
  facet normal 0.321452 0.946926 0
    outer loop
      vertex 6.02165 5.34515 42.4
      vertex 6.17648 5.29259 30.4
      vertex 6.02165 5.34515 30.4
    endloop
  endfacet
  facet normal 0.195105 0.980782 -0
    outer loop
      vertex 6.33684 5.26069 30.4
      vertex 6.17648 5.29259 42.4
      vertex 6.33684 5.26069 42.4
    endloop
  endfacet
  facet normal 0.195105 0.980782 0
    outer loop
      vertex 6.17648 5.29259 42.4
      vertex 6.33684 5.26069 30.4
      vertex 6.17648 5.29259 30.4
    endloop
  endfacet
  facet normal 0.659357 0.75183 -0
    outer loop
      vertex 5.73905 5.50831 30.4
      vertex 5.61612 5.61612 42.4
      vertex 5.73905 5.50831 42.4
    endloop
  endfacet
  facet normal 0.659357 0.75183 0
    outer loop
      vertex 5.61612 5.61612 42.4
      vertex 5.73905 5.50831 30.4
      vertex 5.61612 5.61612 30.4
    endloop
  endfacet
  facet normal 0.980782 0.195105 0
    outer loop
      vertex 5.29259 6.17648 42.4
      vertex 5.26069 6.33684 30.4
      vertex 5.26069 6.33684 42.4
    endloop
  endfacet
  facet normal 0.980782 0.195105 0
    outer loop
      vertex 5.26069 6.33684 30.4
      vertex 5.29259 6.17648 42.4
      vertex 5.29259 6.17648 30.4
    endloop
  endfacet
  facet normal -0.946926 -0.321452 0
    outer loop
      vertex 7.70741 6.82352 30.4
      vertex 7.65485 6.97835 42.4
      vertex 7.65485 6.97835 30.4
    endloop
  endfacet
  facet normal -0.946926 -0.321452 0
    outer loop
      vertex 7.65485 6.97835 42.4
      vertex 7.70741 6.82352 30.4
      vertex 7.70741 6.82352 42.4
    endloop
  endfacet
  facet normal -0.75183 -0.659357 0
    outer loop
      vertex 7.49169 7.26095 30.4
      vertex 7.38388 7.38388 42.4
      vertex 7.38388 7.38388 30.4
    endloop
  endfacet
  facet normal -0.75183 -0.659357 0
    outer loop
      vertex 7.38388 7.38388 42.4
      vertex 7.49169 7.26095 30.4
      vertex 7.49169 7.26095 42.4
    endloop
  endfacet
  facet normal -0.831466 -0.555575 0
    outer loop
      vertex 7.58253 7.125 30.4
      vertex 7.49169 7.26095 42.4
      vertex 7.49169 7.26095 30.4
    endloop
  endfacet
  facet normal -0.831466 -0.555575 0
    outer loop
      vertex 7.49169 7.26095 42.4
      vertex 7.58253 7.125 30.4
      vertex 7.58253 7.125 42.4
    endloop
  endfacet
  facet normal -0.0653783 -0.997861 0
    outer loop
      vertex 6.5 7.75 30.4
      vertex 6.66316 7.73931 42.4
      vertex 6.5 7.75 42.4
    endloop
  endfacet
  facet normal -0.0653783 -0.997861 -0
    outer loop
      vertex 6.66316 7.73931 42.4
      vertex 6.5 7.75 30.4
      vertex 6.66316 7.73931 30.4
    endloop
  endfacet
  facet normal -0.555575 -0.831466 0
    outer loop
      vertex 7.125 7.58253 30.4
      vertex 7.26095 7.49169 42.4
      vertex 7.125 7.58253 42.4
    endloop
  endfacet
  facet normal -0.555575 -0.831466 -0
    outer loop
      vertex 7.26095 7.49169 42.4
      vertex 7.125 7.58253 30.4
      vertex 7.26095 7.49169 30.4
    endloop
  endfacet
  facet normal 0 0 1
    outer loop
      vertex 7.73931 6.66316 30.4
      vertex 7.73931 6.33684 30.4
      vertex 7.75 6.5 30.4
    endloop
  endfacet
  facet normal 0 0 1
    outer loop
      vertex 7.70741 6.82352 30.4
      vertex 7.73931 6.33684 30.4
      vertex 7.73931 6.66316 30.4
    endloop
  endfacet
  facet normal 0 0 1
    outer loop
      vertex 7.70741 6.82352 30.4
      vertex 7.70741 6.17648 30.4
      vertex 7.73931 6.33684 30.4
    endloop
  endfacet
  facet normal 0 0 1
    outer loop
      vertex 7.65485 6.97835 30.4
      vertex 7.70741 6.17648 30.4
      vertex 7.70741 6.82352 30.4
    endloop
  endfacet
  facet normal 0 0 1
    outer loop
      vertex 7.65485 6.97835 30.4
      vertex 7.65485 6.02165 30.4
      vertex 7.70741 6.17648 30.4
    endloop
  endfacet
  facet normal 0 0 1
    outer loop
      vertex 7.58253 7.125 30.4
      vertex 7.65485 6.02165 30.4
      vertex 7.65485 6.97835 30.4
    endloop
  endfacet
  facet normal 0 0 1
    outer loop
      vertex 7.58253 7.125 30.4
      vertex 7.58253 5.875 30.4
      vertex 7.65485 6.02165 30.4
    endloop
  endfacet
  facet normal 0 0 1
    outer loop
      vertex 7.49169 7.26095 30.4
      vertex 7.58253 5.875 30.4
      vertex 7.58253 7.125 30.4
    endloop
  endfacet
  facet normal 0 0 1
    outer loop
      vertex 7.49169 7.26095 30.4
      vertex 7.49169 5.73905 30.4
      vertex 7.58253 5.875 30.4
    endloop
  endfacet
  facet normal 0 0 1
    outer loop
      vertex 7.38388 7.38388 30.4
      vertex 7.49169 5.73905 30.4
      vertex 7.49169 7.26095 30.4
    endloop
  endfacet
  facet normal 0 0 1
    outer loop
      vertex 7.38388 7.38388 30.4
      vertex 7.38388 5.61612 30.4
      vertex 7.49169 5.73905 30.4
    endloop
  endfacet
  facet normal 0 0 1
    outer loop
      vertex 7.26095 7.49169 30.4
      vertex 7.38388 5.61612 30.4
      vertex 7.38388 7.38388 30.4
    endloop
  endfacet
  facet normal 0 0 1
    outer loop
      vertex 7.26095 7.49169 30.4
      vertex 7.26095 5.50831 30.4
      vertex 7.38388 5.61612 30.4
    endloop
  endfacet
  facet normal 0 0 1
    outer loop
      vertex 7.125 7.58253 30.4
      vertex 7.26095 5.50831 30.4
      vertex 7.26095 7.49169 30.4
    endloop
  endfacet
  facet normal 0 0 1
    outer loop
      vertex 7.125 7.58253 30.4
      vertex 7.125 5.41747 30.4
      vertex 7.26095 5.50831 30.4
    endloop
  endfacet
  facet normal 0 0 1
    outer loop
      vertex 6.97835 7.65485 30.4
      vertex 7.125 5.41747 30.4
      vertex 7.125 7.58253 30.4
    endloop
  endfacet
  facet normal 0 0 1
    outer loop
      vertex 6.97835 7.65485 30.4
      vertex 6.97835 5.34515 30.4
      vertex 7.125 5.41747 30.4
    endloop
  endfacet
  facet normal 0 0 1
    outer loop
      vertex 6.82352 7.70741 30.4
      vertex 6.97835 5.34515 30.4
      vertex 6.97835 7.65485 30.4
    endloop
  endfacet
  facet normal 0 0 1
    outer loop
      vertex 6.82352 7.70741 30.4
      vertex 6.82352 5.29259 30.4
      vertex 6.97835 5.34515 30.4
    endloop
  endfacet
  facet normal 0 0 1
    outer loop
      vertex 6.66316 7.73931 30.4
      vertex 6.82352 5.29259 30.4
      vertex 6.82352 7.70741 30.4
    endloop
  endfacet
  facet normal 0 0 1
    outer loop
      vertex 6.66316 7.73931 30.4
      vertex 6.66316 5.26069 30.4
      vertex 6.82352 5.29259 30.4
    endloop
  endfacet
  facet normal 0 0 1
    outer loop
      vertex 6.5 7.75 30.4
      vertex 6.66316 5.26069 30.4
      vertex 6.66316 7.73931 30.4
    endloop
  endfacet
  facet normal 0 0 1
    outer loop
      vertex 6.5 7.75 30.4
      vertex 6.5 5.25 30.4
      vertex 6.66316 5.26069 30.4
    endloop
  endfacet
  facet normal -0 0 1
    outer loop
      vertex 6.33684 7.73931 30.4
      vertex 6.5 5.25 30.4
      vertex 6.5 7.75 30.4
    endloop
  endfacet
  facet normal 0 0 1
    outer loop
      vertex 6.33684 7.73931 30.4
      vertex 6.33684 5.26069 30.4
      vertex 6.5 5.25 30.4
    endloop
  endfacet
  facet normal -0 0 1
    outer loop
      vertex 6.17648 7.70741 30.4
      vertex 6.33684 5.26069 30.4
      vertex 6.33684 7.73931 30.4
    endloop
  endfacet
  facet normal 0 0 1
    outer loop
      vertex 6.17648 7.70741 30.4
      vertex 6.17648 5.29259 30.4
      vertex 6.33684 5.26069 30.4
    endloop
  endfacet
  facet normal -0 0 1
    outer loop
      vertex 6.02165 7.65485 30.4
      vertex 6.17648 5.29259 30.4
      vertex 6.17648 7.70741 30.4
    endloop
  endfacet
  facet normal 0 0 1
    outer loop
      vertex 6.02165 7.65485 30.4
      vertex 6.02165 5.34515 30.4
      vertex 6.17648 5.29259 30.4
    endloop
  endfacet
  facet normal -0 0 1
    outer loop
      vertex 5.875 7.58253 30.4
      vertex 6.02165 5.34515 30.4
      vertex 6.02165 7.65485 30.4
    endloop
  endfacet
  facet normal 0 0 1
    outer loop
      vertex 5.875 7.58253 30.4
      vertex 5.875 5.41747 30.4
      vertex 6.02165 5.34515 30.4
    endloop
  endfacet
  facet normal -0 0 1
    outer loop
      vertex 5.73905 7.49169 30.4
      vertex 5.875 5.41747 30.4
      vertex 5.875 7.58253 30.4
    endloop
  endfacet
  facet normal 0 0 1
    outer loop
      vertex 5.73905 7.49169 30.4
      vertex 5.73905 5.50831 30.4
      vertex 5.875 5.41747 30.4
    endloop
  endfacet
  facet normal -0 0 1
    outer loop
      vertex 5.61612 7.38388 30.4
      vertex 5.73905 5.50831 30.4
      vertex 5.73905 7.49169 30.4
    endloop
  endfacet
  facet normal 0 0 1
    outer loop
      vertex 5.61612 7.38388 30.4
      vertex 5.61612 5.61612 30.4
      vertex 5.73905 5.50831 30.4
    endloop
  endfacet
  facet normal -0 0 1
    outer loop
      vertex 5.50831 7.26095 30.4
      vertex 5.61612 5.61612 30.4
      vertex 5.61612 7.38388 30.4
    endloop
  endfacet
  facet normal 0 0 1
    outer loop
      vertex 5.50831 7.26095 30.4
      vertex 5.50831 5.73905 30.4
      vertex 5.61612 5.61612 30.4
    endloop
  endfacet
  facet normal -0 0 1
    outer loop
      vertex 5.41747 7.125 30.4
      vertex 5.50831 5.73905 30.4
      vertex 5.50831 7.26095 30.4
    endloop
  endfacet
  facet normal 0 0 1
    outer loop
      vertex 5.41747 7.125 30.4
      vertex 5.41747 5.875 30.4
      vertex 5.50831 5.73905 30.4
    endloop
  endfacet
  facet normal -0 0 1
    outer loop
      vertex 5.34515 6.97835 30.4
      vertex 5.41747 5.875 30.4
      vertex 5.41747 7.125 30.4
    endloop
  endfacet
  facet normal 0 0 1
    outer loop
      vertex 5.34515 6.97835 30.4
      vertex 5.34515 6.02165 30.4
      vertex 5.41747 5.875 30.4
    endloop
  endfacet
  facet normal -0 0 1
    outer loop
      vertex 5.29259 6.82352 30.4
      vertex 5.34515 6.02165 30.4
      vertex 5.34515 6.97835 30.4
    endloop
  endfacet
  facet normal 0 0 1
    outer loop
      vertex 5.29259 6.82352 30.4
      vertex 5.29259 6.17648 30.4
      vertex 5.34515 6.02165 30.4
    endloop
  endfacet
  facet normal -0 0 1
    outer loop
      vertex 5.26069 6.66316 30.4
      vertex 5.29259 6.17648 30.4
      vertex 5.29259 6.82352 30.4
    endloop
  endfacet
  facet normal 0 0 1
    outer loop
      vertex 5.26069 6.66316 30.4
      vertex 5.26069 6.33684 30.4
      vertex 5.29259 6.17648 30.4
    endloop
  endfacet
  facet normal 0 -0 1
    outer loop
      vertex 5.26069 6.33684 30.4
      vertex 5.26069 6.66316 30.4
      vertex 5.25 6.5 30.4
    endloop
  endfacet
  facet normal 0.831466 -0.555575 0
    outer loop
      vertex 5.41747 7.125 42.4
      vertex 5.50831 7.26095 30.4
      vertex 5.50831 7.26095 42.4
    endloop
  endfacet
  facet normal 0.831466 -0.555575 0
    outer loop
      vertex 5.50831 7.26095 30.4
      vertex 5.41747 7.125 42.4
      vertex 5.41747 7.125 30.4
    endloop
  endfacet
  facet normal 0.997861 -0.0653783 0
    outer loop
      vertex 5.25 6.5 42.4
      vertex 5.26069 6.66316 30.4
      vertex 5.26069 6.66316 42.4
    endloop
  endfacet
  facet normal 0.997861 -0.0653783 0
    outer loop
      vertex 5.26069 6.66316 30.4
      vertex 5.25 6.5 42.4
      vertex 5.25 6.5 30.4
    endloop
  endfacet
  facet normal 0.555575 -0.831466 0
    outer loop
      vertex 5.73905 7.49169 30.4
      vertex 5.875 7.58253 42.4
      vertex 5.73905 7.49169 42.4
    endloop
  endfacet
  facet normal 0.555575 -0.831466 0
    outer loop
      vertex 5.875 7.58253 42.4
      vertex 5.73905 7.49169 30.4
      vertex 5.875 7.58253 30.4
    endloop
  endfacet
  facet normal 0.321452 -0.946926 0
    outer loop
      vertex 6.02165 7.65485 30.4
      vertex 6.17648 7.70741 42.4
      vertex 6.02165 7.65485 42.4
    endloop
  endfacet
  facet normal 0.321452 -0.946926 0
    outer loop
      vertex 6.17648 7.70741 42.4
      vertex 6.02165 7.65485 30.4
      vertex 6.17648 7.70741 30.4
    endloop
  endfacet
  facet normal -0.555575 0.831466 0
    outer loop
      vertex 7.26095 5.50831 30.4
      vertex 7.125 5.41747 42.4
      vertex 7.26095 5.50831 42.4
    endloop
  endfacet
  facet normal -0.555575 0.831466 0
    outer loop
      vertex 7.125 5.41747 42.4
      vertex 7.26095 5.50831 30.4
      vertex 7.125 5.41747 30.4
    endloop
  endfacet
  facet normal -0.75183 0.659357 0
    outer loop
      vertex 7.38388 5.61612 30.4
      vertex 7.49169 5.73905 42.4
      vertex 7.49169 5.73905 30.4
    endloop
  endfacet
  facet normal -0.75183 0.659357 0
    outer loop
      vertex 7.49169 5.73905 42.4
      vertex 7.38388 5.61612 30.4
      vertex 7.38388 5.61612 42.4
    endloop
  endfacet
  facet normal -0.946926 0.321452 0
    outer loop
      vertex 7.65485 6.02165 30.4
      vertex 7.70741 6.17648 42.4
      vertex 7.70741 6.17648 30.4
    endloop
  endfacet
  facet normal -0.946926 0.321452 0
    outer loop
      vertex 7.70741 6.17648 42.4
      vertex 7.65485 6.02165 30.4
      vertex 7.65485 6.02165 42.4
    endloop
  endfacet
  facet normal -0.831466 0.555575 0
    outer loop
      vertex 7.49169 5.73905 30.4
      vertex 7.58253 5.875 42.4
      vertex 7.58253 5.875 30.4
    endloop
  endfacet
  facet normal -0.831466 0.555575 0
    outer loop
      vertex 7.58253 5.875 42.4
      vertex 7.49169 5.73905 30.4
      vertex 7.49169 5.73905 42.4
    endloop
  endfacet
  facet normal -0.896872 0.44229 0
    outer loop
      vertex 7.58253 5.875 30.4
      vertex 7.65485 6.02165 42.4
      vertex 7.65485 6.02165 30.4
    endloop
  endfacet
  facet normal -0.896872 0.44229 0
    outer loop
      vertex 7.65485 6.02165 42.4
      vertex 7.58253 5.875 30.4
      vertex 7.58253 5.875 42.4
    endloop
  endfacet
  facet normal 0.555575 0.831466 -0
    outer loop
      vertex 5.875 5.41747 30.4
      vertex 5.73905 5.50831 42.4
      vertex 5.875 5.41747 42.4
    endloop
  endfacet
  facet normal 0.555575 0.831466 0
    outer loop
      vertex 5.73905 5.50831 42.4
      vertex 5.875 5.41747 30.4
      vertex 5.73905 5.50831 30.4
    endloop
  endfacet
  facet normal 0.44229 0.896872 -0
    outer loop
      vertex 6.02165 5.34515 30.4
      vertex 5.875 5.41747 42.4
      vertex 6.02165 5.34515 42.4
    endloop
  endfacet
  facet normal 0.44229 0.896872 0
    outer loop
      vertex 5.875 5.41747 42.4
      vertex 6.02165 5.34515 30.4
      vertex 5.875 5.41747 30.4
    endloop
  endfacet
  facet normal 0.0653783 0.997861 -0
    outer loop
      vertex 6.5 5.25 30.4
      vertex 6.33684 5.26069 42.4
      vertex 6.5 5.25 42.4
    endloop
  endfacet
  facet normal 0.0653783 0.997861 0
    outer loop
      vertex 6.33684 5.26069 42.4
      vertex 6.5 5.25 30.4
      vertex 6.33684 5.26069 30.4
    endloop
  endfacet
  facet normal 0.831466 0.555575 0
    outer loop
      vertex 5.50831 5.73905 42.4
      vertex 5.41747 5.875 30.4
      vertex 5.41747 5.875 42.4
    endloop
  endfacet
  facet normal 0.831466 0.555575 0
    outer loop
      vertex 5.41747 5.875 30.4
      vertex 5.50831 5.73905 42.4
      vertex 5.50831 5.73905 30.4
    endloop
  endfacet
  facet normal -0.195105 -0.980782 0
    outer loop
      vertex 6.66316 7.73931 30.4
      vertex 6.82352 7.70741 42.4
      vertex 6.66316 7.73931 42.4
    endloop
  endfacet
  facet normal -0.195105 -0.980782 -0
    outer loop
      vertex 6.82352 7.70741 42.4
      vertex 6.66316 7.73931 30.4
      vertex 6.82352 7.70741 30.4
    endloop
  endfacet
  facet normal 0.997861 0.0653783 0
    outer loop
      vertex 5.26069 6.33684 42.4
      vertex 5.25 6.5 30.4
      vertex 5.25 6.5 42.4
    endloop
  endfacet
  facet normal 0.997861 0.0653783 0
    outer loop
      vertex 5.25 6.5 30.4
      vertex 5.26069 6.33684 42.4
      vertex 5.26069 6.33684 30.4
    endloop
  endfacet
  facet normal -0.997861 0.0653783 0
    outer loop
      vertex 7.73931 6.33684 30.4
      vertex 7.75 6.5 42.4
      vertex 7.75 6.5 30.4
    endloop
  endfacet
  facet normal -0.997861 0.0653783 0
    outer loop
      vertex 7.75 6.5 42.4
      vertex 7.73931 6.33684 30.4
      vertex 7.73931 6.33684 42.4
    endloop
  endfacet
  facet normal -0.44229 0.896872 0
    outer loop
      vertex 7.125 5.41747 30.4
      vertex 6.97835 5.34515 42.4
      vertex 7.125 5.41747 42.4
    endloop
  endfacet
  facet normal -0.44229 0.896872 0
    outer loop
      vertex 6.97835 5.34515 42.4
      vertex 7.125 5.41747 30.4
      vertex 6.97835 5.34515 30.4
    endloop
  endfacet
  facet normal -0.659357 0.75183 0
    outer loop
      vertex 7.38388 5.61612 30.4
      vertex 7.26095 5.50831 42.4
      vertex 7.38388 5.61612 42.4
    endloop
  endfacet
  facet normal -0.659357 0.75183 0
    outer loop
      vertex 7.26095 5.50831 42.4
      vertex 7.38388 5.61612 30.4
      vertex 7.26095 5.50831 30.4
    endloop
  endfacet
  facet normal -0.0653783 0.997861 0
    outer loop
      vertex 6.66316 5.26069 30.4
      vertex 6.5 5.25 42.4
      vertex 6.66316 5.26069 42.4
    endloop
  endfacet
  facet normal -0.0653783 0.997861 0
    outer loop
      vertex 6.5 5.25 42.4
      vertex 6.66316 5.26069 30.4
      vertex 6.5 5.25 30.4
    endloop
  endfacet
  facet normal 0.75183 0.659357 0
    outer loop
      vertex 5.61612 5.61612 42.4
      vertex 5.50831 5.73905 30.4
      vertex 5.50831 5.73905 42.4
    endloop
  endfacet
  facet normal 0.75183 0.659357 0
    outer loop
      vertex 5.50831 5.73905 30.4
      vertex 5.61612 5.61612 42.4
      vertex 5.61612 5.61612 30.4
    endloop
  endfacet
  facet normal 0.896872 0.44229 0
    outer loop
      vertex 5.41747 5.875 42.4
      vertex 5.34515 6.02165 30.4
      vertex 5.34515 6.02165 42.4
    endloop
  endfacet
  facet normal 0.896872 0.44229 0
    outer loop
      vertex 5.34515 6.02165 30.4
      vertex 5.41747 5.875 42.4
      vertex 5.41747 5.875 30.4
    endloop
  endfacet
  facet normal -0.997857 -0.0654392 0
    outer loop
      vertex 84.75 6.5 30.4
      vertex 84.7393 6.66316 42.4
      vertex 84.7393 6.66316 30.4
    endloop
  endfacet
  facet normal -0.997857 -0.0654392 0
    outer loop
      vertex 84.7393 6.66316 42.4
      vertex 84.75 6.5 30.4
      vertex 84.75 6.5 42.4
    endloop
  endfacet
  facet normal 0.0653624 -0.997862 0
    outer loop
      vertex 83.3368 7.73931 30.4
      vertex 83.5 7.75 42.4
      vertex 83.3368 7.73931 42.4
    endloop
  endfacet
  facet normal 0.0653624 -0.997862 0
    outer loop
      vertex 83.5 7.75 42.4
      vertex 83.3368 7.73931 30.4
      vertex 83.5 7.75 30.4
    endloop
  endfacet
  facet normal -0.0653624 0.997862 0
    outer loop
      vertex 83.6632 5.26069 30.4
      vertex 83.5 5.25 42.4
      vertex 83.6632 5.26069 42.4
    endloop
  endfacet
  facet normal -0.0653624 0.997862 0
    outer loop
      vertex 83.5 5.25 42.4
      vertex 83.6632 5.26069 30.4
      vertex 83.5 5.25 30.4
    endloop
  endfacet
  facet normal -0.659145 -0.752016 0
    outer loop
      vertex 84.2609 7.49169 30.4
      vertex 84.3839 7.38388 42.4
      vertex 84.2609 7.49169 42.4
    endloop
  endfacet
  facet normal -0.659145 -0.752016 -0
    outer loop
      vertex 84.3839 7.38388 42.4
      vertex 84.2609 7.49169 30.4
      vertex 84.3839 7.38388 30.4
    endloop
  endfacet
  facet normal 0.75186 -0.659323 0
    outer loop
      vertex 82.5083 7.26095 42.4
      vertex 82.6161 7.38388 30.4
      vertex 82.6161 7.38388 42.4
    endloop
  endfacet
  facet normal 0.75186 -0.659323 0
    outer loop
      vertex 82.6161 7.38388 30.4
      vertex 82.5083 7.26095 42.4
      vertex 82.5083 7.26095 30.4
    endloop
  endfacet
  facet normal 0.442411 -0.896812 0
    outer loop
      vertex 82.875 7.58253 30.4
      vertex 83.0216 7.65485 42.4
      vertex 82.875 7.58253 42.4
    endloop
  endfacet
  facet normal 0.442411 -0.896812 0
    outer loop
      vertex 83.0216 7.65485 42.4
      vertex 82.875 7.58253 30.4
      vertex 83.0216 7.65485 30.4
    endloop
  endfacet
  facet normal 0.896921 0.442191 0
    outer loop
      vertex 82.4175 5.875 42.4
      vertex 82.3452 6.02165 30.4
      vertex 82.3452 6.02165 42.4
    endloop
  endfacet
  facet normal 0.896921 0.442191 0
    outer loop
      vertex 82.3452 6.02165 30.4
      vertex 82.4175 5.875 42.4
      vertex 82.4175 5.875 30.4
    endloop
  endfacet
  facet normal -0.896921 -0.442191 0
    outer loop
      vertex 84.6548 6.97835 30.4
      vertex 84.5825 7.125 42.4
      vertex 84.5825 7.125 30.4
    endloop
  endfacet
  facet normal -0.896921 -0.442191 0
    outer loop
      vertex 84.5825 7.125 42.4
      vertex 84.6548 6.97835 30.4
      vertex 84.6548 6.97835 42.4
    endloop
  endfacet
  facet normal -0.980782 -0.195105 0
    outer loop
      vertex 84.7393 6.66316 30.4
      vertex 84.7074 6.82352 42.4
      vertex 84.7074 6.82352 30.4
    endloop
  endfacet
  facet normal -0.980782 -0.195105 0
    outer loop
      vertex 84.7074 6.82352 42.4
      vertex 84.7393 6.66316 30.4
      vertex 84.7393 6.66316 42.4
    endloop
  endfacet
  facet normal -0.321322 -0.94697 0
    outer loop
      vertex 83.8235 7.70741 30.4
      vertex 83.9784 7.65485 42.4
      vertex 83.8235 7.70741 42.4
    endloop
  endfacet
  facet normal -0.321322 -0.94697 -0
    outer loop
      vertex 83.9784 7.65485 42.4
      vertex 83.8235 7.70741 30.4
      vertex 83.9784 7.65485 30.4
    endloop
  endfacet
  facet normal -0.442411 -0.896812 0
    outer loop
      vertex 83.9784 7.65485 30.4
      vertex 84.125 7.58253 42.4
      vertex 83.9784 7.65485 42.4
    endloop
  endfacet
  facet normal -0.442411 -0.896812 -0
    outer loop
      vertex 84.125 7.58253 42.4
      vertex 83.9784 7.65485 30.4
      vertex 84.125 7.58253 30.4
    endloop
  endfacet
  facet normal 0.946851 -0.321671 0
    outer loop
      vertex 82.2926 6.82352 42.4
      vertex 82.3452 6.97835 30.4
      vertex 82.3452 6.97835 42.4
    endloop
  endfacet
  facet normal 0.946851 -0.321671 0
    outer loop
      vertex 82.3452 6.97835 30.4
      vertex 82.2926 6.82352 42.4
      vertex 82.2926 6.82352 30.4
    endloop
  endfacet
  facet normal 0.980782 -0.195105 0
    outer loop
      vertex 82.2607 6.66316 42.4
      vertex 82.2926 6.82352 30.4
      vertex 82.2926 6.82352 42.4
    endloop
  endfacet
  facet normal 0.980782 -0.195105 0
    outer loop
      vertex 82.2926 6.82352 30.4
      vertex 82.2607 6.66316 42.4
      vertex 82.2607 6.66316 30.4
    endloop
  endfacet
  facet normal 0.195175 -0.980768 0
    outer loop
      vertex 83.1765 7.70741 30.4
      vertex 83.3368 7.73931 42.4
      vertex 83.1765 7.70741 42.4
    endloop
  endfacet
  facet normal 0.195175 -0.980768 0
    outer loop
      vertex 83.3368 7.73931 42.4
      vertex 83.1765 7.70741 30.4
      vertex 83.3368 7.73931 30.4
    endloop
  endfacet
  facet normal -0.195175 0.980768 0
    outer loop
      vertex 83.8235 5.29259 30.4
      vertex 83.6632 5.26069 42.4
      vertex 83.8235 5.29259 42.4
    endloop
  endfacet
  facet normal -0.195175 0.980768 0
    outer loop
      vertex 83.6632 5.26069 42.4
      vertex 83.8235 5.29259 30.4
      vertex 83.6632 5.26069 30.4
    endloop
  endfacet
  facet normal -0.980782 0.195105 0
    outer loop
      vertex 84.7074 6.17648 30.4
      vertex 84.7393 6.33684 42.4
      vertex 84.7393 6.33684 30.4
    endloop
  endfacet
  facet normal -0.980782 0.195105 0
    outer loop
      vertex 84.7393 6.33684 42.4
      vertex 84.7074 6.17648 30.4
      vertex 84.7074 6.17648 42.4
    endloop
  endfacet
  facet normal 0.195175 0.980768 -0
    outer loop
      vertex 83.3368 5.26069 30.4
      vertex 83.1765 5.29259 42.4
      vertex 83.3368 5.26069 42.4
    endloop
  endfacet
  facet normal 0.195175 0.980768 0
    outer loop
      vertex 83.1765 5.29259 42.4
      vertex 83.3368 5.26069 30.4
      vertex 83.1765 5.29259 30.4
    endloop
  endfacet
  facet normal 0.980782 0.195105 0
    outer loop
      vertex 82.2926 6.17648 42.4
      vertex 82.2607 6.33684 30.4
      vertex 82.2607 6.33684 42.4
    endloop
  endfacet
  facet normal 0.980782 0.195105 0
    outer loop
      vertex 82.2607 6.33684 30.4
      vertex 82.2926 6.17648 42.4
      vertex 82.2926 6.17648 30.4
    endloop
  endfacet
  facet normal -0.946851 -0.321671 0
    outer loop
      vertex 84.7074 6.82352 30.4
      vertex 84.6548 6.97835 42.4
      vertex 84.6548 6.97835 30.4
    endloop
  endfacet
  facet normal -0.946851 -0.321671 0
    outer loop
      vertex 84.6548 6.97835 42.4
      vertex 84.7074 6.82352 30.4
      vertex 84.7074 6.82352 42.4
    endloop
  endfacet
  facet normal -0.75186 -0.659323 0
    outer loop
      vertex 84.4917 7.26095 30.4
      vertex 84.3839 7.38388 42.4
      vertex 84.3839 7.38388 30.4
    endloop
  endfacet
  facet normal -0.75186 -0.659323 0
    outer loop
      vertex 84.3839 7.38388 42.4
      vertex 84.4917 7.26095 30.4
      vertex 84.4917 7.26095 42.4
    endloop
  endfacet
  facet normal -0.831579 -0.555406 0
    outer loop
      vertex 84.5825 7.125 30.4
      vertex 84.4917 7.26095 42.4
      vertex 84.4917 7.26095 30.4
    endloop
  endfacet
  facet normal -0.831579 -0.555406 0
    outer loop
      vertex 84.4917 7.26095 42.4
      vertex 84.5825 7.125 30.4
      vertex 84.5825 7.125 42.4
    endloop
  endfacet
  facet normal -0.195175 -0.980768 0
    outer loop
      vertex 83.6632 7.73931 30.4
      vertex 83.8235 7.70741 42.4
      vertex 83.6632 7.73931 42.4
    endloop
  endfacet
  facet normal -0.195175 -0.980768 -0
    outer loop
      vertex 83.8235 7.70741 42.4
      vertex 83.6632 7.73931 30.4
      vertex 83.8235 7.70741 30.4
    endloop
  endfacet
  facet normal -0.0653624 -0.997862 0
    outer loop
      vertex 83.5 7.75 30.4
      vertex 83.6632 7.73931 42.4
      vertex 83.5 7.75 42.4
    endloop
  endfacet
  facet normal -0.0653624 -0.997862 -0
    outer loop
      vertex 83.6632 7.73931 42.4
      vertex 83.5 7.75 30.4
      vertex 83.6632 7.73931 30.4
    endloop
  endfacet
  facet normal -0.555716 -0.831372 0
    outer loop
      vertex 84.125 7.58253 30.4
      vertex 84.2609 7.49169 42.4
      vertex 84.125 7.58253 42.4
    endloop
  endfacet
  facet normal -0.555716 -0.831372 -0
    outer loop
      vertex 84.2609 7.49169 42.4
      vertex 84.125 7.58253 30.4
      vertex 84.2609 7.49169 30.4
    endloop
  endfacet
  facet normal 0 0 1
    outer loop
      vertex 84.7393 6.66316 30.4
      vertex 84.7393 6.33684 30.4
      vertex 84.75 6.5 30.4
    endloop
  endfacet
  facet normal 0 0 1
    outer loop
      vertex 84.7074 6.82352 30.4
      vertex 84.7393 6.33684 30.4
      vertex 84.7393 6.66316 30.4
    endloop
  endfacet
  facet normal 0 0 1
    outer loop
      vertex 84.7074 6.82352 30.4
      vertex 84.7074 6.17648 30.4
      vertex 84.7393 6.33684 30.4
    endloop
  endfacet
  facet normal 0 0 1
    outer loop
      vertex 84.6548 6.97835 30.4
      vertex 84.7074 6.17648 30.4
      vertex 84.7074 6.82352 30.4
    endloop
  endfacet
  facet normal 0 0 1
    outer loop
      vertex 84.6548 6.97835 30.4
      vertex 84.6548 6.02165 30.4
      vertex 84.7074 6.17648 30.4
    endloop
  endfacet
  facet normal 0 0 1
    outer loop
      vertex 84.5825 7.125 30.4
      vertex 84.6548 6.02165 30.4
      vertex 84.6548 6.97835 30.4
    endloop
  endfacet
  facet normal 0 0 1
    outer loop
      vertex 84.5825 7.125 30.4
      vertex 84.5825 5.875 30.4
      vertex 84.6548 6.02165 30.4
    endloop
  endfacet
  facet normal 0 0 1
    outer loop
      vertex 84.4917 7.26095 30.4
      vertex 84.5825 5.875 30.4
      vertex 84.5825 7.125 30.4
    endloop
  endfacet
  facet normal 0 0 1
    outer loop
      vertex 84.4917 7.26095 30.4
      vertex 84.4917 5.73905 30.4
      vertex 84.5825 5.875 30.4
    endloop
  endfacet
  facet normal 0 0 1
    outer loop
      vertex 84.3839 7.38388 30.4
      vertex 84.4917 5.73905 30.4
      vertex 84.4917 7.26095 30.4
    endloop
  endfacet
  facet normal 0 0 1
    outer loop
      vertex 84.3839 7.38388 30.4
      vertex 84.3839 5.61612 30.4
      vertex 84.4917 5.73905 30.4
    endloop
  endfacet
  facet normal 0 0 1
    outer loop
      vertex 84.2609 7.49169 30.4
      vertex 84.3839 5.61612 30.4
      vertex 84.3839 7.38388 30.4
    endloop
  endfacet
  facet normal 0 0 1
    outer loop
      vertex 84.2609 7.49169 30.4
      vertex 84.2609 5.50831 30.4
      vertex 84.3839 5.61612 30.4
    endloop
  endfacet
  facet normal 0 0 1
    outer loop
      vertex 84.125 7.58253 30.4
      vertex 84.2609 5.50831 30.4
      vertex 84.2609 7.49169 30.4
    endloop
  endfacet
  facet normal 0 0 1
    outer loop
      vertex 84.125 7.58253 30.4
      vertex 84.125 5.41747 30.4
      vertex 84.2609 5.50831 30.4
    endloop
  endfacet
  facet normal 0 0 1
    outer loop
      vertex 83.9784 7.65485 30.4
      vertex 84.125 5.41747 30.4
      vertex 84.125 7.58253 30.4
    endloop
  endfacet
  facet normal 0 0 1
    outer loop
      vertex 83.9784 7.65485 30.4
      vertex 83.9784 5.34515 30.4
      vertex 84.125 5.41747 30.4
    endloop
  endfacet
  facet normal 0 0 1
    outer loop
      vertex 83.8235 7.70741 30.4
      vertex 83.9784 5.34515 30.4
      vertex 83.9784 7.65485 30.4
    endloop
  endfacet
  facet normal 0 0 1
    outer loop
      vertex 83.8235 7.70741 30.4
      vertex 83.8235 5.29259 30.4
      vertex 83.9784 5.34515 30.4
    endloop
  endfacet
  facet normal 0 0 1
    outer loop
      vertex 83.6632 7.73931 30.4
      vertex 83.8235 5.29259 30.4
      vertex 83.8235 7.70741 30.4
    endloop
  endfacet
  facet normal 0 0 1
    outer loop
      vertex 83.6632 7.73931 30.4
      vertex 83.6632 5.26069 30.4
      vertex 83.8235 5.29259 30.4
    endloop
  endfacet
  facet normal 0 0 1
    outer loop
      vertex 83.5 7.75 30.4
      vertex 83.6632 5.26069 30.4
      vertex 83.6632 7.73931 30.4
    endloop
  endfacet
  facet normal 0 0 1
    outer loop
      vertex 83.5 7.75 30.4
      vertex 83.5 5.25 30.4
      vertex 83.6632 5.26069 30.4
    endloop
  endfacet
  facet normal -0 0 1
    outer loop
      vertex 83.3368 7.73931 30.4
      vertex 83.5 5.25 30.4
      vertex 83.5 7.75 30.4
    endloop
  endfacet
  facet normal 0 0 1
    outer loop
      vertex 83.3368 7.73931 30.4
      vertex 83.3368 5.26069 30.4
      vertex 83.5 5.25 30.4
    endloop
  endfacet
  facet normal -0 0 1
    outer loop
      vertex 83.1765 7.70741 30.4
      vertex 83.3368 5.26069 30.4
      vertex 83.3368 7.73931 30.4
    endloop
  endfacet
  facet normal 0 0 1
    outer loop
      vertex 83.1765 7.70741 30.4
      vertex 83.1765 5.29259 30.4
      vertex 83.3368 5.26069 30.4
    endloop
  endfacet
  facet normal -0 0 1
    outer loop
      vertex 83.0216 7.65485 30.4
      vertex 83.1765 5.29259 30.4
      vertex 83.1765 7.70741 30.4
    endloop
  endfacet
  facet normal 0 0 1
    outer loop
      vertex 83.0216 7.65485 30.4
      vertex 83.0216 5.34515 30.4
      vertex 83.1765 5.29259 30.4
    endloop
  endfacet
  facet normal -0 0 1
    outer loop
      vertex 82.875 7.58253 30.4
      vertex 83.0216 5.34515 30.4
      vertex 83.0216 7.65485 30.4
    endloop
  endfacet
  facet normal 0 0 1
    outer loop
      vertex 82.875 7.58253 30.4
      vertex 82.875 5.41747 30.4
      vertex 83.0216 5.34515 30.4
    endloop
  endfacet
  facet normal -0 0 1
    outer loop
      vertex 82.739 7.49169 30.4
      vertex 82.875 5.41747 30.4
      vertex 82.875 7.58253 30.4
    endloop
  endfacet
  facet normal 0 0 1
    outer loop
      vertex 82.739 7.49169 30.4
      vertex 82.739 5.50831 30.4
      vertex 82.875 5.41747 30.4
    endloop
  endfacet
  facet normal -0 0 1
    outer loop
      vertex 82.6161 7.38388 30.4
      vertex 82.739 5.50831 30.4
      vertex 82.739 7.49169 30.4
    endloop
  endfacet
  facet normal 0 0 1
    outer loop
      vertex 82.6161 7.38388 30.4
      vertex 82.6161 5.61612 30.4
      vertex 82.739 5.50831 30.4
    endloop
  endfacet
  facet normal -0 0 1
    outer loop
      vertex 82.5083 7.26095 30.4
      vertex 82.6161 5.61612 30.4
      vertex 82.6161 7.38388 30.4
    endloop
  endfacet
  facet normal 0 0 1
    outer loop
      vertex 82.5083 7.26095 30.4
      vertex 82.5083 5.73905 30.4
      vertex 82.6161 5.61612 30.4
    endloop
  endfacet
  facet normal -0 0 1
    outer loop
      vertex 82.4175 7.125 30.4
      vertex 82.5083 5.73905 30.4
      vertex 82.5083 7.26095 30.4
    endloop
  endfacet
  facet normal 0 0 1
    outer loop
      vertex 82.4175 7.125 30.4
      vertex 82.4175 5.875 30.4
      vertex 82.5083 5.73905 30.4
    endloop
  endfacet
  facet normal -0 0 1
    outer loop
      vertex 82.3452 6.97835 30.4
      vertex 82.4175 5.875 30.4
      vertex 82.4175 7.125 30.4
    endloop
  endfacet
  facet normal 0 0 1
    outer loop
      vertex 82.3452 6.97835 30.4
      vertex 82.3452 6.02165 30.4
      vertex 82.4175 5.875 30.4
    endloop
  endfacet
  facet normal -0 0 1
    outer loop
      vertex 82.2926 6.82352 30.4
      vertex 82.3452 6.02165 30.4
      vertex 82.3452 6.97835 30.4
    endloop
  endfacet
  facet normal 0 0 1
    outer loop
      vertex 82.2926 6.82352 30.4
      vertex 82.2926 6.17648 30.4
      vertex 82.3452 6.02165 30.4
    endloop
  endfacet
  facet normal -0 0 1
    outer loop
      vertex 82.2607 6.66316 30.4
      vertex 82.2926 6.17648 30.4
      vertex 82.2926 6.82352 30.4
    endloop
  endfacet
  facet normal 0 0 1
    outer loop
      vertex 82.2607 6.66316 30.4
      vertex 82.2607 6.33684 30.4
      vertex 82.2926 6.17648 30.4
    endloop
  endfacet
  facet normal 0 -0 1
    outer loop
      vertex 82.2607 6.33684 30.4
      vertex 82.2607 6.66316 30.4
      vertex 82.25 6.5 30.4
    endloop
  endfacet
  facet normal 0.896921 -0.442191 0
    outer loop
      vertex 82.3452 6.97835 42.4
      vertex 82.4175 7.125 30.4
      vertex 82.4175 7.125 42.4
    endloop
  endfacet
  facet normal 0.896921 -0.442191 0
    outer loop
      vertex 82.4175 7.125 30.4
      vertex 82.3452 6.97835 42.4
      vertex 82.3452 6.97835 30.4
    endloop
  endfacet
  facet normal 0.831579 -0.555406 0
    outer loop
      vertex 82.4175 7.125 42.4
      vertex 82.5083 7.26095 30.4
      vertex 82.5083 7.26095 42.4
    endloop
  endfacet
  facet normal 0.831579 -0.555406 0
    outer loop
      vertex 82.5083 7.26095 30.4
      vertex 82.4175 7.125 42.4
      vertex 82.4175 7.125 30.4
    endloop
  endfacet
  facet normal 0.997857 -0.0654392 0
    outer loop
      vertex 82.25 6.5 42.4
      vertex 82.2607 6.66316 30.4
      vertex 82.2607 6.66316 42.4
    endloop
  endfacet
  facet normal 0.997857 -0.0654392 0
    outer loop
      vertex 82.2607 6.66316 30.4
      vertex 82.25 6.5 42.4
      vertex 82.25 6.5 30.4
    endloop
  endfacet
  facet normal 0.555434 -0.831561 0
    outer loop
      vertex 82.739 7.49169 30.4
      vertex 82.875 7.58253 42.4
      vertex 82.739 7.49169 42.4
    endloop
  endfacet
  facet normal 0.555434 -0.831561 0
    outer loop
      vertex 82.875 7.58253 42.4
      vertex 82.739 7.49169 30.4
      vertex 82.875 7.58253 30.4
    endloop
  endfacet
  facet normal 0.659448 -0.75175 0
    outer loop
      vertex 82.6161 7.38388 30.4
      vertex 82.739 7.49169 42.4
      vertex 82.6161 7.38388 42.4
    endloop
  endfacet
  facet normal 0.659448 -0.75175 0
    outer loop
      vertex 82.739 7.49169 42.4
      vertex 82.6161 7.38388 30.4
      vertex 82.739 7.49169 30.4
    endloop
  endfacet
  facet normal 0.321322 -0.94697 0
    outer loop
      vertex 83.0216 7.65485 30.4
      vertex 83.1765 7.70741 42.4
      vertex 83.0216 7.65485 42.4
    endloop
  endfacet
  facet normal 0.321322 -0.94697 0
    outer loop
      vertex 83.1765 7.70741 42.4
      vertex 83.0216 7.65485 30.4
      vertex 83.1765 7.70741 30.4
    endloop
  endfacet
  facet normal -0.321322 0.94697 0
    outer loop
      vertex 83.9784 5.34515 30.4
      vertex 83.8235 5.29259 42.4
      vertex 83.9784 5.34515 42.4
    endloop
  endfacet
  facet normal -0.321322 0.94697 0
    outer loop
      vertex 83.8235 5.29259 42.4
      vertex 83.9784 5.34515 30.4
      vertex 83.8235 5.29259 30.4
    endloop
  endfacet
  facet normal -0.75186 0.659323 0
    outer loop
      vertex 84.3839 5.61612 30.4
      vertex 84.4917 5.73905 42.4
      vertex 84.4917 5.73905 30.4
    endloop
  endfacet
  facet normal -0.75186 0.659323 0
    outer loop
      vertex 84.4917 5.73905 42.4
      vertex 84.3839 5.61612 30.4
      vertex 84.3839 5.61612 42.4
    endloop
  endfacet
  facet normal -0.555716 0.831372 0
    outer loop
      vertex 84.2609 5.50831 30.4
      vertex 84.125 5.41747 42.4
      vertex 84.2609 5.50831 42.4
    endloop
  endfacet
  facet normal -0.555716 0.831372 0
    outer loop
      vertex 84.125 5.41747 42.4
      vertex 84.2609 5.50831 30.4
      vertex 84.125 5.41747 30.4
    endloop
  endfacet
  facet normal -0.831579 0.555406 0
    outer loop
      vertex 84.4917 5.73905 30.4
      vertex 84.5825 5.875 42.4
      vertex 84.5825 5.875 30.4
    endloop
  endfacet
  facet normal -0.831579 0.555406 0
    outer loop
      vertex 84.5825 5.875 42.4
      vertex 84.4917 5.73905 30.4
      vertex 84.4917 5.73905 42.4
    endloop
  endfacet
  facet normal -0.946851 0.321671 0
    outer loop
      vertex 84.6548 6.02165 30.4
      vertex 84.7074 6.17648 42.4
      vertex 84.7074 6.17648 30.4
    endloop
  endfacet
  facet normal -0.946851 0.321671 0
    outer loop
      vertex 84.7074 6.17648 42.4
      vertex 84.6548 6.02165 30.4
      vertex 84.6548 6.02165 42.4
    endloop
  endfacet
  facet normal 0.555434 0.831561 -0
    outer loop
      vertex 82.875 5.41747 30.4
      vertex 82.739 5.50831 42.4
      vertex 82.875 5.41747 42.4
    endloop
  endfacet
  facet normal 0.555434 0.831561 0
    outer loop
      vertex 82.739 5.50831 42.4
      vertex 82.875 5.41747 30.4
      vertex 82.739 5.50831 30.4
    endloop
  endfacet
  facet normal 0.321322 0.94697 -0
    outer loop
      vertex 83.1765 5.29259 30.4
      vertex 83.0216 5.34515 42.4
      vertex 83.1765 5.29259 42.4
    endloop
  endfacet
  facet normal 0.321322 0.94697 0
    outer loop
      vertex 83.0216 5.34515 42.4
      vertex 83.1765 5.29259 30.4
      vertex 83.0216 5.34515 30.4
    endloop
  endfacet
  facet normal 0.0653624 0.997862 -0
    outer loop
      vertex 83.5 5.25 30.4
      vertex 83.3368 5.26069 42.4
      vertex 83.5 5.25 42.4
    endloop
  endfacet
  facet normal 0.0653624 0.997862 0
    outer loop
      vertex 83.3368 5.26069 42.4
      vertex 83.5 5.25 30.4
      vertex 83.3368 5.26069 30.4
    endloop
  endfacet
  facet normal 0.831579 0.555406 0
    outer loop
      vertex 82.5083 5.73905 42.4
      vertex 82.4175 5.875 30.4
      vertex 82.4175 5.875 42.4
    endloop
  endfacet
  facet normal 0.831579 0.555406 0
    outer loop
      vertex 82.4175 5.875 30.4
      vertex 82.5083 5.73905 42.4
      vertex 82.5083 5.73905 30.4
    endloop
  endfacet
  facet normal 0.659448 0.75175 -0
    outer loop
      vertex 82.739 5.50831 30.4
      vertex 82.6161 5.61612 42.4
      vertex 82.739 5.50831 42.4
    endloop
  endfacet
  facet normal 0.659448 0.75175 0
    outer loop
      vertex 82.6161 5.61612 42.4
      vertex 82.739 5.50831 30.4
      vertex 82.6161 5.61612 30.4
    endloop
  endfacet
  facet normal 0.946851 0.321671 0
    outer loop
      vertex 82.3452 6.02165 42.4
      vertex 82.2926 6.17648 30.4
      vertex 82.2926 6.17648 42.4
    endloop
  endfacet
  facet normal 0.946851 0.321671 0
    outer loop
      vertex 82.2926 6.17648 30.4
      vertex 82.3452 6.02165 42.4
      vertex 82.3452 6.02165 30.4
    endloop
  endfacet
  facet normal 0.997857 0.0654392 0
    outer loop
      vertex 82.2607 6.33684 42.4
      vertex 82.25 6.5 30.4
      vertex 82.25 6.5 42.4
    endloop
  endfacet
  facet normal 0.997857 0.0654392 0
    outer loop
      vertex 82.25 6.5 30.4
      vertex 82.2607 6.33684 42.4
      vertex 82.2607 6.33684 30.4
    endloop
  endfacet
  facet normal -0.997857 0.0654392 0
    outer loop
      vertex 84.7393 6.33684 30.4
      vertex 84.75 6.5 42.4
      vertex 84.75 6.5 30.4
    endloop
  endfacet
  facet normal -0.997857 0.0654392 0
    outer loop
      vertex 84.75 6.5 42.4
      vertex 84.7393 6.33684 30.4
      vertex 84.7393 6.33684 42.4
    endloop
  endfacet
  facet normal -0.442411 0.896812 0
    outer loop
      vertex 84.125 5.41747 30.4
      vertex 83.9784 5.34515 42.4
      vertex 84.125 5.41747 42.4
    endloop
  endfacet
  facet normal -0.442411 0.896812 0
    outer loop
      vertex 83.9784 5.34515 42.4
      vertex 84.125 5.41747 30.4
      vertex 83.9784 5.34515 30.4
    endloop
  endfacet
  facet normal -0.659145 0.752016 0
    outer loop
      vertex 84.3839 5.61612 30.4
      vertex 84.2609 5.50831 42.4
      vertex 84.3839 5.61612 42.4
    endloop
  endfacet
  facet normal -0.659145 0.752016 0
    outer loop
      vertex 84.2609 5.50831 42.4
      vertex 84.3839 5.61612 30.4
      vertex 84.2609 5.50831 30.4
    endloop
  endfacet
  facet normal -0.896921 0.442191 0
    outer loop
      vertex 84.5825 5.875 30.4
      vertex 84.6548 6.02165 42.4
      vertex 84.6548 6.02165 30.4
    endloop
  endfacet
  facet normal -0.896921 0.442191 0
    outer loop
      vertex 84.6548 6.02165 42.4
      vertex 84.5825 5.875 30.4
      vertex 84.5825 5.875 42.4
    endloop
  endfacet
  facet normal 0.442411 0.896812 -0
    outer loop
      vertex 83.0216 5.34515 30.4
      vertex 82.875 5.41747 42.4
      vertex 83.0216 5.34515 42.4
    endloop
  endfacet
  facet normal 0.442411 0.896812 0
    outer loop
      vertex 82.875 5.41747 42.4
      vertex 83.0216 5.34515 30.4
      vertex 82.875 5.41747 30.4
    endloop
  endfacet
  facet normal 0.75186 0.659323 0
    outer loop
      vertex 82.6161 5.61612 42.4
      vertex 82.5083 5.73905 30.4
      vertex 82.5083 5.73905 42.4
    endloop
  endfacet
  facet normal 0.75186 0.659323 0
    outer loop
      vertex 82.5083 5.73905 30.4
      vertex 82.6161 5.61612 42.4
      vertex 82.6161 5.61612 30.4
    endloop
  endfacet
  facet normal -0.997856 -0.0654422 0
    outer loop
      vertex 7.75 169.5 30.4
      vertex 7.73931 169.663 42.4
      vertex 7.73931 169.663 30.4
    endloop
  endfacet
  facet normal -0.997856 -0.0654422 0
    outer loop
      vertex 7.73931 169.663 42.4
      vertex 7.75 169.5 30.4
      vertex 7.75 169.5 42.4
    endloop
  endfacet
  facet normal 0.0672658 -0.997735 0
    outer loop
      vertex 6.33684 170.739 30.4
      vertex 6.5 170.75 42.4
      vertex 6.33684 170.739 42.4
    endloop
  endfacet
  facet normal 0.0672658 -0.997735 0
    outer loop
      vertex 6.5 170.75 42.4
      vertex 6.33684 170.739 30.4
      vertex 6.5 170.75 30.4
    endloop
  endfacet
  facet normal -0.0672658 0.997735 0
    outer loop
      vertex 6.66316 168.261 30.4
      vertex 6.5 168.25 42.4
      vertex 6.66316 168.261 42.4
    endloop
  endfacet
  facet normal -0.0672658 0.997735 0
    outer loop
      vertex 6.5 168.25 42.4
      vertex 6.66316 168.261 30.4
      vertex 6.5 168.25 30.4
    endloop
  endfacet
  facet normal -0.660013 -0.751254 0
    outer loop
      vertex 7.26095 170.492 30.4
      vertex 7.38388 170.384 42.4
      vertex 7.26095 170.492 42.4
    endloop
  endfacet
  facet normal -0.660013 -0.751254 -0
    outer loop
      vertex 7.38388 170.384 42.4
      vertex 7.26095 170.492 30.4
      vertex 7.38388 170.384 30.4
    endloop
  endfacet
  facet normal 0.752016 -0.659145 0
    outer loop
      vertex 5.50831 170.261 42.4
      vertex 5.61612 170.384 30.4
      vertex 5.61612 170.384 42.4
    endloop
  endfacet
  facet normal 0.752016 -0.659145 0
    outer loop
      vertex 5.61612 170.384 30.4
      vertex 5.50831 170.261 42.4
      vertex 5.50831 170.261 30.4
    endloop
  endfacet
  facet normal 0.440714 -0.897648 0
    outer loop
      vertex 5.875 170.583 30.4
      vertex 6.02165 170.655 42.4
      vertex 5.875 170.583 42.4
    endloop
  endfacet
  facet normal 0.440714 -0.897648 0
    outer loop
      vertex 6.02165 170.655 42.4
      vertex 5.875 170.583 30.4
      vertex 6.02165 170.655 30.4
    endloop
  endfacet
  facet normal -0.89729 -0.441442 0
    outer loop
      vertex 7.65485 169.978 30.4
      vertex 7.58253 170.125 42.4
      vertex 7.58253 170.125 30.4
    endloop
  endfacet
  facet normal -0.89729 -0.441442 0
    outer loop
      vertex 7.58253 170.125 42.4
      vertex 7.65485 169.978 30.4
      vertex 7.65485 169.978 42.4
    endloop
  endfacet
  facet normal -0.980931 -0.194358 0
    outer loop
      vertex 7.73931 169.663 30.4
      vertex 7.70741 169.824 42.4
      vertex 7.70741 169.824 30.4
    endloop
  endfacet
  facet normal -0.980931 -0.194358 0
    outer loop
      vertex 7.70741 169.824 42.4
      vertex 7.73931 169.663 30.4
      vertex 7.73931 169.663 42.4
    endloop
  endfacet
  facet normal -0.318376 -0.947965 0
    outer loop
      vertex 6.82352 170.707 30.4
      vertex 6.97835 170.655 42.4
      vertex 6.82352 170.707 42.4
    endloop
  endfacet
  facet normal -0.318376 -0.947965 -0
    outer loop
      vertex 6.97835 170.655 42.4
      vertex 6.82352 170.707 30.4
      vertex 6.97835 170.655 30.4
    endloop
  endfacet
  facet normal -0.440714 -0.897648 0
    outer loop
      vertex 6.97835 170.655 30.4
      vertex 7.125 170.583 42.4
      vertex 6.97835 170.655 42.4
    endloop
  endfacet
  facet normal -0.440714 -0.897648 -0
    outer loop
      vertex 7.125 170.583 42.4
      vertex 6.97835 170.655 30.4
      vertex 7.125 170.583 30.4
    endloop
  endfacet
  facet normal 0.946398 -0.323004 0
    outer loop
      vertex 5.29259 169.824 42.4
      vertex 5.34515 169.978 30.4
      vertex 5.34515 169.978 42.4
    endloop
  endfacet
  facet normal 0.946398 -0.323004 0
    outer loop
      vertex 5.34515 169.978 30.4
      vertex 5.29259 169.824 42.4
      vertex 5.29259 169.824 30.4
    endloop
  endfacet
  facet normal 0.980931 -0.194358 0
    outer loop
      vertex 5.26069 169.663 42.4
      vertex 5.29259 169.824 30.4
      vertex 5.29259 169.824 42.4
    endloop
  endfacet
  facet normal 0.980931 -0.194358 0
    outer loop
      vertex 5.29259 169.824 30.4
      vertex 5.26069 169.663 42.4
      vertex 5.26069 169.663 30.4
    endloop
  endfacet
  facet normal 0.195693 -0.980665 0
    outer loop
      vertex 6.17648 170.707 30.4
      vertex 6.33684 170.739 42.4
      vertex 6.17648 170.707 42.4
    endloop
  endfacet
  facet normal 0.195693 -0.980665 0
    outer loop
      vertex 6.33684 170.739 42.4
      vertex 6.17648 170.707 30.4
      vertex 6.33684 170.739 30.4
    endloop
  endfacet
  facet normal -0.195693 0.980665 0
    outer loop
      vertex 6.82352 168.293 30.4
      vertex 6.66316 168.261 42.4
      vertex 6.82352 168.293 42.4
    endloop
  endfacet
  facet normal -0.195693 0.980665 0
    outer loop
      vertex 6.66316 168.261 42.4
      vertex 6.82352 168.293 30.4
      vertex 6.66316 168.261 30.4
    endloop
  endfacet
  facet normal -0.980931 0.194358 0
    outer loop
      vertex 7.70741 169.176 30.4
      vertex 7.73931 169.337 42.4
      vertex 7.73931 169.337 30.4
    endloop
  endfacet
  facet normal -0.980931 0.194358 0
    outer loop
      vertex 7.73931 169.337 42.4
      vertex 7.70741 169.176 30.4
      vertex 7.70741 169.176 42.4
    endloop
  endfacet
  facet normal 0.195693 0.980665 -0
    outer loop
      vertex 6.33684 168.261 30.4
      vertex 6.17648 168.293 42.4
      vertex 6.33684 168.261 42.4
    endloop
  endfacet
  facet normal 0.195693 0.980665 0
    outer loop
      vertex 6.17648 168.293 42.4
      vertex 6.33684 168.261 30.4
      vertex 6.17648 168.293 30.4
    endloop
  endfacet
  facet normal 0.980931 0.194358 0
    outer loop
      vertex 5.29259 169.176 42.4
      vertex 5.26069 169.337 30.4
      vertex 5.26069 169.337 42.4
    endloop
  endfacet
  facet normal 0.980931 0.194358 0
    outer loop
      vertex 5.26069 169.337 30.4
      vertex 5.29259 169.176 42.4
      vertex 5.29259 169.176 30.4
    endloop
  endfacet
  facet normal -0.946398 -0.323004 0
    outer loop
      vertex 7.70741 169.824 30.4
      vertex 7.65485 169.978 42.4
      vertex 7.65485 169.978 30.4
    endloop
  endfacet
  facet normal -0.946398 -0.323004 0
    outer loop
      vertex 7.65485 169.978 42.4
      vertex 7.70741 169.824 30.4
      vertex 7.70741 169.824 42.4
    endloop
  endfacet
  facet normal -0.752016 -0.659145 0
    outer loop
      vertex 7.49169 170.261 30.4
      vertex 7.38388 170.384 42.4
      vertex 7.38388 170.384 30.4
    endloop
  endfacet
  facet normal -0.752016 -0.659145 0
    outer loop
      vertex 7.38388 170.384 42.4
      vertex 7.49169 170.261 30.4
      vertex 7.49169 170.261 42.4
    endloop
  endfacet
  facet normal -0.831561 -0.555434 0
    outer loop
      vertex 7.58253 170.125 30.4
      vertex 7.49169 170.261 42.4
      vertex 7.49169 170.261 30.4
    endloop
  endfacet
  facet normal -0.831561 -0.555434 0
    outer loop
      vertex 7.49169 170.261 42.4
      vertex 7.58253 170.125 30.4
      vertex 7.58253 170.125 42.4
    endloop
  endfacet
  facet normal -0.195693 -0.980665 0
    outer loop
      vertex 6.66316 170.739 30.4
      vertex 6.82352 170.707 42.4
      vertex 6.66316 170.739 42.4
    endloop
  endfacet
  facet normal -0.195693 -0.980665 -0
    outer loop
      vertex 6.82352 170.707 42.4
      vertex 6.66316 170.739 30.4
      vertex 6.82352 170.707 30.4
    endloop
  endfacet
  facet normal -0.0672658 -0.997735 0
    outer loop
      vertex 6.5 170.75 30.4
      vertex 6.66316 170.739 42.4
      vertex 6.5 170.75 42.4
    endloop
  endfacet
  facet normal -0.0672658 -0.997735 -0
    outer loop
      vertex 6.66316 170.739 42.4
      vertex 6.5 170.75 30.4
      vertex 6.66316 170.739 30.4
    endloop
  endfacet
  facet normal -0.556251 -0.831014 0
    outer loop
      vertex 7.125 170.583 30.4
      vertex 7.26095 170.492 42.4
      vertex 7.125 170.583 42.4
    endloop
  endfacet
  facet normal -0.556251 -0.831014 -0
    outer loop
      vertex 7.26095 170.492 42.4
      vertex 7.125 170.583 30.4
      vertex 7.26095 170.492 30.4
    endloop
  endfacet
  facet normal 0 0 1
    outer loop
      vertex 7.73931 169.663 30.4
      vertex 7.73931 169.337 30.4
      vertex 7.75 169.5 30.4
    endloop
  endfacet
  facet normal 0 0 1
    outer loop
      vertex 7.70741 169.824 30.4
      vertex 7.73931 169.337 30.4
      vertex 7.73931 169.663 30.4
    endloop
  endfacet
  facet normal 0 0 1
    outer loop
      vertex 7.70741 169.824 30.4
      vertex 7.70741 169.176 30.4
      vertex 7.73931 169.337 30.4
    endloop
  endfacet
  facet normal 0 0 1
    outer loop
      vertex 7.65485 169.978 30.4
      vertex 7.70741 169.176 30.4
      vertex 7.70741 169.824 30.4
    endloop
  endfacet
  facet normal 0 0 1
    outer loop
      vertex 7.65485 169.978 30.4
      vertex 7.65485 169.022 30.4
      vertex 7.70741 169.176 30.4
    endloop
  endfacet
  facet normal 0 0 1
    outer loop
      vertex 7.58253 170.125 30.4
      vertex 7.65485 169.022 30.4
      vertex 7.65485 169.978 30.4
    endloop
  endfacet
  facet normal 0 0 1
    outer loop
      vertex 7.58253 170.125 30.4
      vertex 7.58253 168.875 30.4
      vertex 7.65485 169.022 30.4
    endloop
  endfacet
  facet normal 0 0 1
    outer loop
      vertex 7.49169 170.261 30.4
      vertex 7.58253 168.875 30.4
      vertex 7.58253 170.125 30.4
    endloop
  endfacet
  facet normal 0 0 1
    outer loop
      vertex 7.49169 170.261 30.4
      vertex 7.49169 168.739 30.4
      vertex 7.58253 168.875 30.4
    endloop
  endfacet
  facet normal 0 0 1
    outer loop
      vertex 7.38388 170.384 30.4
      vertex 7.49169 168.739 30.4
      vertex 7.49169 170.261 30.4
    endloop
  endfacet
  facet normal 0 0 1
    outer loop
      vertex 7.38388 170.384 30.4
      vertex 7.38388 168.616 30.4
      vertex 7.49169 168.739 30.4
    endloop
  endfacet
  facet normal 0 0 1
    outer loop
      vertex 7.26095 170.492 30.4
      vertex 7.38388 168.616 30.4
      vertex 7.38388 170.384 30.4
    endloop
  endfacet
  facet normal 0 0 1
    outer loop
      vertex 7.26095 170.492 30.4
      vertex 7.26095 168.508 30.4
      vertex 7.38388 168.616 30.4
    endloop
  endfacet
  facet normal 0 0 1
    outer loop
      vertex 7.125 170.583 30.4
      vertex 7.26095 168.508 30.4
      vertex 7.26095 170.492 30.4
    endloop
  endfacet
  facet normal 0 0 1
    outer loop
      vertex 7.125 170.583 30.4
      vertex 7.125 168.417 30.4
      vertex 7.26095 168.508 30.4
    endloop
  endfacet
  facet normal 0 0 1
    outer loop
      vertex 6.97835 170.655 30.4
      vertex 7.125 168.417 30.4
      vertex 7.125 170.583 30.4
    endloop
  endfacet
  facet normal 0 0 1
    outer loop
      vertex 6.97835 170.655 30.4
      vertex 6.97835 168.345 30.4
      vertex 7.125 168.417 30.4
    endloop
  endfacet
  facet normal 0 0 1
    outer loop
      vertex 6.82352 170.707 30.4
      vertex 6.97835 168.345 30.4
      vertex 6.97835 170.655 30.4
    endloop
  endfacet
  facet normal 0 0 1
    outer loop
      vertex 6.82352 170.707 30.4
      vertex 6.82352 168.293 30.4
      vertex 6.97835 168.345 30.4
    endloop
  endfacet
  facet normal 0 0 1
    outer loop
      vertex 6.66316 170.739 30.4
      vertex 6.82352 168.293 30.4
      vertex 6.82352 170.707 30.4
    endloop
  endfacet
  facet normal 0 0 1
    outer loop
      vertex 6.66316 170.739 30.4
      vertex 6.66316 168.261 30.4
      vertex 6.82352 168.293 30.4
    endloop
  endfacet
  facet normal 0 0 1
    outer loop
      vertex 6.5 170.75 30.4
      vertex 6.66316 168.261 30.4
      vertex 6.66316 170.739 30.4
    endloop
  endfacet
  facet normal 0 0 1
    outer loop
      vertex 6.5 170.75 30.4
      vertex 6.5 168.25 30.4
      vertex 6.66316 168.261 30.4
    endloop
  endfacet
  facet normal -0 0 1
    outer loop
      vertex 6.33684 170.739 30.4
      vertex 6.5 168.25 30.4
      vertex 6.5 170.75 30.4
    endloop
  endfacet
  facet normal 0 0 1
    outer loop
      vertex 6.33684 170.739 30.4
      vertex 6.33684 168.261 30.4
      vertex 6.5 168.25 30.4
    endloop
  endfacet
  facet normal -0 0 1
    outer loop
      vertex 6.17648 170.707 30.4
      vertex 6.33684 168.261 30.4
      vertex 6.33684 170.739 30.4
    endloop
  endfacet
  facet normal 0 0 1
    outer loop
      vertex 6.17648 170.707 30.4
      vertex 6.17648 168.293 30.4
      vertex 6.33684 168.261 30.4
    endloop
  endfacet
  facet normal -0 0 1
    outer loop
      vertex 6.02165 170.655 30.4
      vertex 6.17648 168.293 30.4
      vertex 6.17648 170.707 30.4
    endloop
  endfacet
  facet normal 0 0 1
    outer loop
      vertex 6.02165 170.655 30.4
      vertex 6.02165 168.345 30.4
      vertex 6.17648 168.293 30.4
    endloop
  endfacet
  facet normal -0 0 1
    outer loop
      vertex 5.875 170.583 30.4
      vertex 6.02165 168.345 30.4
      vertex 6.02165 170.655 30.4
    endloop
  endfacet
  facet normal 0 0 1
    outer loop
      vertex 5.875 170.583 30.4
      vertex 5.875 168.417 30.4
      vertex 6.02165 168.345 30.4
    endloop
  endfacet
  facet normal -0 0 1
    outer loop
      vertex 5.73905 170.492 30.4
      vertex 5.875 168.417 30.4
      vertex 5.875 170.583 30.4
    endloop
  endfacet
  facet normal 0 0 1
    outer loop
      vertex 5.73905 170.492 30.4
      vertex 5.73905 168.508 30.4
      vertex 5.875 168.417 30.4
    endloop
  endfacet
  facet normal -0 0 1
    outer loop
      vertex 5.61612 170.384 30.4
      vertex 5.73905 168.508 30.4
      vertex 5.73905 170.492 30.4
    endloop
  endfacet
  facet normal 0 0 1
    outer loop
      vertex 5.61612 170.384 30.4
      vertex 5.61612 168.616 30.4
      vertex 5.73905 168.508 30.4
    endloop
  endfacet
  facet normal -0 0 1
    outer loop
      vertex 5.50831 170.261 30.4
      vertex 5.61612 168.616 30.4
      vertex 5.61612 170.384 30.4
    endloop
  endfacet
  facet normal 0 0 1
    outer loop
      vertex 5.50831 170.261 30.4
      vertex 5.50831 168.739 30.4
      vertex 5.61612 168.616 30.4
    endloop
  endfacet
  facet normal -0 0 1
    outer loop
      vertex 5.41747 170.125 30.4
      vertex 5.50831 168.739 30.4
      vertex 5.50831 170.261 30.4
    endloop
  endfacet
  facet normal 0 0 1
    outer loop
      vertex 5.41747 170.125 30.4
      vertex 5.41747 168.875 30.4
      vertex 5.50831 168.739 30.4
    endloop
  endfacet
  facet normal -0 0 1
    outer loop
      vertex 5.34515 169.978 30.4
      vertex 5.41747 168.875 30.4
      vertex 5.41747 170.125 30.4
    endloop
  endfacet
  facet normal 0 0 1
    outer loop
      vertex 5.34515 169.978 30.4
      vertex 5.34515 169.022 30.4
      vertex 5.41747 168.875 30.4
    endloop
  endfacet
  facet normal -0 0 1
    outer loop
      vertex 5.29259 169.824 30.4
      vertex 5.34515 169.022 30.4
      vertex 5.34515 169.978 30.4
    endloop
  endfacet
  facet normal 0 0 1
    outer loop
      vertex 5.29259 169.824 30.4
      vertex 5.29259 169.176 30.4
      vertex 5.34515 169.022 30.4
    endloop
  endfacet
  facet normal -0 0 1
    outer loop
      vertex 5.26069 169.663 30.4
      vertex 5.29259 169.176 30.4
      vertex 5.29259 169.824 30.4
    endloop
  endfacet
  facet normal 0 0 1
    outer loop
      vertex 5.26069 169.663 30.4
      vertex 5.26069 169.337 30.4
      vertex 5.29259 169.176 30.4
    endloop
  endfacet
  facet normal 0 -0 1
    outer loop
      vertex 5.26069 169.337 30.4
      vertex 5.26069 169.663 30.4
      vertex 5.25 169.5 30.4
    endloop
  endfacet
  facet normal 0.89729 -0.441442 0
    outer loop
      vertex 5.34515 169.978 42.4
      vertex 5.41747 170.125 30.4
      vertex 5.41747 170.125 42.4
    endloop
  endfacet
  facet normal 0.89729 -0.441442 0
    outer loop
      vertex 5.41747 170.125 30.4
      vertex 5.34515 169.978 42.4
      vertex 5.34515 169.978 30.4
    endloop
  endfacet
  facet normal 0.831561 -0.555434 0
    outer loop
      vertex 5.41747 170.125 42.4
      vertex 5.50831 170.261 30.4
      vertex 5.50831 170.261 42.4
    endloop
  endfacet
  facet normal 0.831561 -0.555434 0
    outer loop
      vertex 5.50831 170.261 30.4
      vertex 5.41747 170.125 42.4
      vertex 5.41747 170.125 30.4
    endloop
  endfacet
  facet normal 0.997856 -0.0654422 0
    outer loop
      vertex 5.25 169.5 42.4
      vertex 5.26069 169.663 30.4
      vertex 5.26069 169.663 42.4
    endloop
  endfacet
  facet normal 0.997856 -0.0654422 0
    outer loop
      vertex 5.26069 169.663 30.4
      vertex 5.25 169.5 42.4
      vertex 5.25 169.5 30.4
    endloop
  endfacet
  facet normal 0.556251 -0.831014 0
    outer loop
      vertex 5.73905 170.492 30.4
      vertex 5.875 170.583 42.4
      vertex 5.73905 170.492 42.4
    endloop
  endfacet
  facet normal 0.556251 -0.831014 0
    outer loop
      vertex 5.875 170.583 42.4
      vertex 5.73905 170.492 30.4
      vertex 5.875 170.583 30.4
    endloop
  endfacet
  facet normal 0.660013 -0.751254 0
    outer loop
      vertex 5.61612 170.384 30.4
      vertex 5.73905 170.492 42.4
      vertex 5.61612 170.384 42.4
    endloop
  endfacet
  facet normal 0.660013 -0.751254 0
    outer loop
      vertex 5.73905 170.492 42.4
      vertex 5.61612 170.384 30.4
      vertex 5.73905 170.492 30.4
    endloop
  endfacet
  facet normal 0.318376 -0.947965 0
    outer loop
      vertex 6.02165 170.655 30.4
      vertex 6.17648 170.707 42.4
      vertex 6.02165 170.655 42.4
    endloop
  endfacet
  facet normal 0.318376 -0.947965 0
    outer loop
      vertex 6.17648 170.707 42.4
      vertex 6.02165 170.655 30.4
      vertex 6.17648 170.707 30.4
    endloop
  endfacet
  facet normal -0.997856 0.0654422 0
    outer loop
      vertex 7.73931 169.337 30.4
      vertex 7.75 169.5 42.4
      vertex 7.75 169.5 30.4
    endloop
  endfacet
  facet normal -0.997856 0.0654422 0
    outer loop
      vertex 7.75 169.5 42.4
      vertex 7.73931 169.337 30.4
      vertex 7.73931 169.337 42.4
    endloop
  endfacet
  facet normal -0.318376 0.947965 0
    outer loop
      vertex 6.97835 168.345 30.4
      vertex 6.82352 168.293 42.4
      vertex 6.97835 168.345 42.4
    endloop
  endfacet
  facet normal -0.318376 0.947965 0
    outer loop
      vertex 6.82352 168.293 42.4
      vertex 6.97835 168.345 30.4
      vertex 6.82352 168.293 30.4
    endloop
  endfacet
  facet normal -0.752016 0.659145 0
    outer loop
      vertex 7.38388 168.616 30.4
      vertex 7.49169 168.739 42.4
      vertex 7.49169 168.739 30.4
    endloop
  endfacet
  facet normal -0.752016 0.659145 0
    outer loop
      vertex 7.49169 168.739 42.4
      vertex 7.38388 168.616 30.4
      vertex 7.38388 168.616 42.4
    endloop
  endfacet
  facet normal -0.556251 0.831014 0
    outer loop
      vertex 7.26095 168.508 30.4
      vertex 7.125 168.417 42.4
      vertex 7.26095 168.508 42.4
    endloop
  endfacet
  facet normal -0.556251 0.831014 0
    outer loop
      vertex 7.125 168.417 42.4
      vertex 7.26095 168.508 30.4
      vertex 7.125 168.417 30.4
    endloop
  endfacet
  facet normal -0.831561 0.555434 0
    outer loop
      vertex 7.49169 168.739 30.4
      vertex 7.58253 168.875 42.4
      vertex 7.58253 168.875 30.4
    endloop
  endfacet
  facet normal -0.831561 0.555434 0
    outer loop
      vertex 7.58253 168.875 42.4
      vertex 7.49169 168.739 30.4
      vertex 7.49169 168.739 42.4
    endloop
  endfacet
  facet normal -0.946398 0.323004 0
    outer loop
      vertex 7.65485 169.022 30.4
      vertex 7.70741 169.176 42.4
      vertex 7.70741 169.176 30.4
    endloop
  endfacet
  facet normal -0.946398 0.323004 0
    outer loop
      vertex 7.70741 169.176 42.4
      vertex 7.65485 169.022 30.4
      vertex 7.65485 169.022 42.4
    endloop
  endfacet
  facet normal 0.556251 0.831014 -0
    outer loop
      vertex 5.875 168.417 30.4
      vertex 5.73905 168.508 42.4
      vertex 5.875 168.417 42.4
    endloop
  endfacet
  facet normal 0.556251 0.831014 0
    outer loop
      vertex 5.73905 168.508 42.4
      vertex 5.875 168.417 30.4
      vertex 5.73905 168.508 30.4
    endloop
  endfacet
  facet normal 0.318376 0.947965 -0
    outer loop
      vertex 6.17648 168.293 30.4
      vertex 6.02165 168.345 42.4
      vertex 6.17648 168.293 42.4
    endloop
  endfacet
  facet normal 0.318376 0.947965 0
    outer loop
      vertex 6.02165 168.345 42.4
      vertex 6.17648 168.293 30.4
      vertex 6.02165 168.345 30.4
    endloop
  endfacet
  facet normal 0.0672658 0.997735 -0
    outer loop
      vertex 6.5 168.25 30.4
      vertex 6.33684 168.261 42.4
      vertex 6.5 168.25 42.4
    endloop
  endfacet
  facet normal 0.0672658 0.997735 0
    outer loop
      vertex 6.33684 168.261 42.4
      vertex 6.5 168.25 30.4
      vertex 6.33684 168.261 30.4
    endloop
  endfacet
  facet normal 0.831561 0.555434 0
    outer loop
      vertex 5.50831 168.739 42.4
      vertex 5.41747 168.875 30.4
      vertex 5.41747 168.875 42.4
    endloop
  endfacet
  facet normal 0.831561 0.555434 0
    outer loop
      vertex 5.41747 168.875 30.4
      vertex 5.50831 168.739 42.4
      vertex 5.50831 168.739 30.4
    endloop
  endfacet
  facet normal 0.660013 0.751254 -0
    outer loop
      vertex 5.73905 168.508 30.4
      vertex 5.61612 168.616 42.4
      vertex 5.73905 168.508 42.4
    endloop
  endfacet
  facet normal 0.660013 0.751254 0
    outer loop
      vertex 5.61612 168.616 42.4
      vertex 5.73905 168.508 30.4
      vertex 5.61612 168.616 30.4
    endloop
  endfacet
  facet normal 0.946398 0.323004 0
    outer loop
      vertex 5.34515 169.022 42.4
      vertex 5.29259 169.176 30.4
      vertex 5.29259 169.176 42.4
    endloop
  endfacet
  facet normal 0.946398 0.323004 0
    outer loop
      vertex 5.29259 169.176 30.4
      vertex 5.34515 169.022 42.4
      vertex 5.34515 169.022 30.4
    endloop
  endfacet
  facet normal 0.997856 0.0654422 0
    outer loop
      vertex 5.26069 169.337 42.4
      vertex 5.25 169.5 30.4
      vertex 5.25 169.5 42.4
    endloop
  endfacet
  facet normal 0.997856 0.0654422 0
    outer loop
      vertex 5.25 169.5 30.4
      vertex 5.26069 169.337 42.4
      vertex 5.26069 169.337 30.4
    endloop
  endfacet
  facet normal -0.440714 0.897648 0
    outer loop
      vertex 7.125 168.417 30.4
      vertex 6.97835 168.345 42.4
      vertex 7.125 168.417 42.4
    endloop
  endfacet
  facet normal -0.440714 0.897648 0
    outer loop
      vertex 6.97835 168.345 42.4
      vertex 7.125 168.417 30.4
      vertex 6.97835 168.345 30.4
    endloop
  endfacet
  facet normal -0.660013 0.751254 0
    outer loop
      vertex 7.38388 168.616 30.4
      vertex 7.26095 168.508 42.4
      vertex 7.38388 168.616 42.4
    endloop
  endfacet
  facet normal -0.660013 0.751254 0
    outer loop
      vertex 7.26095 168.508 42.4
      vertex 7.38388 168.616 30.4
      vertex 7.26095 168.508 30.4
    endloop
  endfacet
  facet normal -0.89729 0.441442 0
    outer loop
      vertex 7.58253 168.875 30.4
      vertex 7.65485 169.022 42.4
      vertex 7.65485 169.022 30.4
    endloop
  endfacet
  facet normal -0.89729 0.441442 0
    outer loop
      vertex 7.65485 169.022 42.4
      vertex 7.58253 168.875 30.4
      vertex 7.58253 168.875 42.4
    endloop
  endfacet
  facet normal 0.440714 0.897648 -0
    outer loop
      vertex 6.02165 168.345 30.4
      vertex 5.875 168.417 42.4
      vertex 6.02165 168.345 42.4
    endloop
  endfacet
  facet normal 0.440714 0.897648 0
    outer loop
      vertex 5.875 168.417 42.4
      vertex 6.02165 168.345 30.4
      vertex 5.875 168.417 30.4
    endloop
  endfacet
  facet normal 0.752016 0.659145 0
    outer loop
      vertex 5.61612 168.616 42.4
      vertex 5.50831 168.739 30.4
      vertex 5.50831 168.739 42.4
    endloop
  endfacet
  facet normal 0.752016 0.659145 0
    outer loop
      vertex 5.50831 168.739 30.4
      vertex 5.61612 168.616 42.4
      vertex 5.61612 168.616 30.4
    endloop
  endfacet
  facet normal 0.89729 0.441442 0
    outer loop
      vertex 5.41747 168.875 42.4
      vertex 5.34515 169.022 30.4
      vertex 5.34515 169.022 42.4
    endloop
  endfacet
  facet normal 0.89729 0.441442 0
    outer loop
      vertex 5.34515 169.022 30.4
      vertex 5.41747 168.875 42.4
      vertex 5.41747 168.875 30.4
    endloop
  endfacet
  facet normal -0.997852 -0.0655032 0
    outer loop
      vertex 84.75 169.5 30.4
      vertex 84.7393 169.663 42.4
      vertex 84.7393 169.663 30.4
    endloop
  endfacet
  facet normal -0.997852 -0.0655032 0
    outer loop
      vertex 84.7393 169.663 42.4
      vertex 84.75 169.5 30.4
      vertex 84.75 169.5 42.4
    endloop
  endfacet
  facet normal 0.997852 0.0655032 0
    outer loop
      vertex 82.2607 169.337 42.4
      vertex 82.25 169.5 30.4
      vertex 82.25 169.5 42.4
    endloop
  endfacet
  facet normal 0.997852 0.0655032 0
    outer loop
      vertex 82.25 169.5 30.4
      vertex 82.2607 169.337 42.4
      vertex 82.2607 169.337 30.4
    endloop
  endfacet
  facet normal 0.0672494 -0.997736 0
    outer loop
      vertex 83.3368 170.739 30.4
      vertex 83.5 170.75 42.4
      vertex 83.3368 170.739 42.4
    endloop
  endfacet
  facet normal 0.0672494 -0.997736 0
    outer loop
      vertex 83.5 170.75 42.4
      vertex 83.3368 170.739 30.4
      vertex 83.5 170.75 30.4
    endloop
  endfacet
  facet normal -0.0672494 0.997736 0
    outer loop
      vertex 83.6632 168.261 30.4
      vertex 83.5 168.25 42.4
      vertex 83.6632 168.261 42.4
    endloop
  endfacet
  facet normal -0.0672494 0.997736 0
    outer loop
      vertex 83.5 168.25 42.4
      vertex 83.6632 168.261 30.4
      vertex 83.5 168.25 30.4
    endloop
  endfacet
  facet normal -0.659801 -0.75144 0
    outer loop
      vertex 84.2609 170.492 30.4
      vertex 84.3839 170.384 42.4
      vertex 84.2609 170.492 42.4
    endloop
  endfacet
  facet normal -0.659801 -0.75144 -0
    outer loop
      vertex 84.3839 170.384 42.4
      vertex 84.2609 170.492 30.4
      vertex 84.3839 170.384 30.4
    endloop
  endfacet
  facet normal 0.752046 -0.65911 0
    outer loop
      vertex 82.5083 170.261 42.4
      vertex 82.6161 170.384 30.4
      vertex 82.6161 170.384 42.4
    endloop
  endfacet
  facet normal 0.752046 -0.65911 0
    outer loop
      vertex 82.6161 170.384 30.4
      vertex 82.5083 170.261 42.4
      vertex 82.5083 170.261 30.4
    endloop
  endfacet
  facet normal 0.440835 -0.897588 0
    outer loop
      vertex 82.875 170.583 30.4
      vertex 83.0216 170.655 42.4
      vertex 82.875 170.583 42.4
    endloop
  endfacet
  facet normal 0.440835 -0.897588 0
    outer loop
      vertex 83.0216 170.655 42.4
      vertex 82.875 170.583 30.4
      vertex 83.0216 170.655 30.4
    endloop
  endfacet
  facet normal 0.897338 0.441344 0
    outer loop
      vertex 82.4175 168.875 42.4
      vertex 82.3452 169.022 30.4
      vertex 82.3452 169.022 42.4
    endloop
  endfacet
  facet normal 0.897338 0.441344 0
    outer loop
      vertex 82.3452 169.022 30.4
      vertex 82.4175 168.875 42.4
      vertex 82.4175 168.875 30.4
    endloop
  endfacet
  facet normal -0.897338 -0.441344 0
    outer loop
      vertex 84.6548 169.978 30.4
      vertex 84.5825 170.125 42.4
      vertex 84.5825 170.125 30.4
    endloop
  endfacet
  facet normal -0.897338 -0.441344 0
    outer loop
      vertex 84.5825 170.125 42.4
      vertex 84.6548 169.978 30.4
      vertex 84.6548 169.978 42.4
    endloop
  endfacet
  facet normal -0.980931 -0.194358 0
    outer loop
      vertex 84.7393 169.663 30.4
      vertex 84.7074 169.824 42.4
      vertex 84.7074 169.824 30.4
    endloop
  endfacet
  facet normal -0.980931 -0.194358 0
    outer loop
      vertex 84.7074 169.824 42.4
      vertex 84.7393 169.663 30.4
      vertex 84.7393 169.663 42.4
    endloop
  endfacet
  facet normal -0.318247 -0.948008 0
    outer loop
      vertex 83.8235 170.707 30.4
      vertex 83.9784 170.655 42.4
      vertex 83.8235 170.707 42.4
    endloop
  endfacet
  facet normal -0.318247 -0.948008 -0
    outer loop
      vertex 83.9784 170.655 42.4
      vertex 83.8235 170.707 30.4
      vertex 83.9784 170.655 30.4
    endloop
  endfacet
  facet normal -0.440835 -0.897588 0
    outer loop
      vertex 83.9784 170.655 30.4
      vertex 84.125 170.583 42.4
      vertex 83.9784 170.655 42.4
    endloop
  endfacet
  facet normal -0.440835 -0.897588 -0
    outer loop
      vertex 84.125 170.583 42.4
      vertex 83.9784 170.655 30.4
      vertex 84.125 170.583 30.4
    endloop
  endfacet
  facet normal 0.946322 -0.323224 0
    outer loop
      vertex 82.2926 169.824 42.4
      vertex 82.3452 169.978 30.4
      vertex 82.3452 169.978 42.4
    endloop
  endfacet
  facet normal 0.946322 -0.323224 0
    outer loop
      vertex 82.3452 169.978 30.4
      vertex 82.2926 169.824 42.4
      vertex 82.2926 169.824 30.4
    endloop
  endfacet
  facet normal 0.980931 -0.194358 0
    outer loop
      vertex 82.2607 169.663 42.4
      vertex 82.2926 169.824 30.4
      vertex 82.2926 169.824 42.4
    endloop
  endfacet
  facet normal 0.980931 -0.194358 0
    outer loop
      vertex 82.2926 169.824 30.4
      vertex 82.2607 169.663 42.4
      vertex 82.2607 169.663 30.4
    endloop
  endfacet
  facet normal 0.195763 -0.980651 0
    outer loop
      vertex 83.1765 170.707 30.4
      vertex 83.3368 170.739 42.4
      vertex 83.1765 170.707 42.4
    endloop
  endfacet
  facet normal 0.195763 -0.980651 0
    outer loop
      vertex 83.3368 170.739 42.4
      vertex 83.1765 170.707 30.4
      vertex 83.3368 170.739 30.4
    endloop
  endfacet
  facet normal -0.195763 0.980651 0
    outer loop
      vertex 83.8235 168.293 30.4
      vertex 83.6632 168.261 42.4
      vertex 83.8235 168.293 42.4
    endloop
  endfacet
  facet normal -0.195763 0.980651 0
    outer loop
      vertex 83.6632 168.261 42.4
      vertex 83.8235 168.293 30.4
      vertex 83.6632 168.261 30.4
    endloop
  endfacet
  facet normal -0.980931 0.194358 0
    outer loop
      vertex 84.7074 169.176 30.4
      vertex 84.7393 169.337 42.4
      vertex 84.7393 169.337 30.4
    endloop
  endfacet
  facet normal -0.980931 0.194358 0
    outer loop
      vertex 84.7393 169.337 42.4
      vertex 84.7074 169.176 30.4
      vertex 84.7074 169.176 42.4
    endloop
  endfacet
  facet normal 0.195763 0.980651 -0
    outer loop
      vertex 83.3368 168.261 30.4
      vertex 83.1765 168.293 42.4
      vertex 83.3368 168.261 42.4
    endloop
  endfacet
  facet normal 0.195763 0.980651 0
    outer loop
      vertex 83.1765 168.293 42.4
      vertex 83.3368 168.261 30.4
      vertex 83.1765 168.293 30.4
    endloop
  endfacet
  facet normal 0.980931 0.194358 0
    outer loop
      vertex 82.2926 169.176 42.4
      vertex 82.2607 169.337 30.4
      vertex 82.2607 169.337 42.4
    endloop
  endfacet
  facet normal 0.980931 0.194358 0
    outer loop
      vertex 82.2607 169.337 30.4
      vertex 82.2926 169.176 42.4
      vertex 82.2926 169.176 30.4
    endloop
  endfacet
  facet normal -0.946322 -0.323224 0
    outer loop
      vertex 84.7074 169.824 30.4
      vertex 84.6548 169.978 42.4
      vertex 84.6548 169.978 30.4
    endloop
  endfacet
  facet normal -0.946322 -0.323224 0
    outer loop
      vertex 84.6548 169.978 42.4
      vertex 84.7074 169.824 30.4
      vertex 84.7074 169.824 42.4
    endloop
  endfacet
  facet normal -0.752046 -0.65911 0
    outer loop
      vertex 84.4917 170.261 30.4
      vertex 84.3839 170.384 42.4
      vertex 84.3839 170.384 30.4
    endloop
  endfacet
  facet normal -0.752046 -0.65911 0
    outer loop
      vertex 84.3839 170.384 42.4
      vertex 84.4917 170.261 30.4
      vertex 84.4917 170.261 42.4
    endloop
  endfacet
  facet normal -0.831674 -0.555265 0
    outer loop
      vertex 84.5825 170.125 30.4
      vertex 84.4917 170.261 42.4
      vertex 84.4917 170.261 30.4
    endloop
  endfacet
  facet normal -0.831674 -0.555265 0
    outer loop
      vertex 84.4917 170.261 42.4
      vertex 84.5825 170.125 30.4
      vertex 84.5825 170.125 42.4
    endloop
  endfacet
  facet normal -0.195763 -0.980651 0
    outer loop
      vertex 83.6632 170.739 30.4
      vertex 83.8235 170.707 42.4
      vertex 83.6632 170.739 42.4
    endloop
  endfacet
  facet normal -0.195763 -0.980651 -0
    outer loop
      vertex 83.8235 170.707 42.4
      vertex 83.6632 170.739 30.4
      vertex 83.8235 170.707 30.4
    endloop
  endfacet
  facet normal -0.0672494 -0.997736 0
    outer loop
      vertex 83.5 170.75 30.4
      vertex 83.6632 170.739 42.4
      vertex 83.5 170.75 42.4
    endloop
  endfacet
  facet normal -0.0672494 -0.997736 -0
    outer loop
      vertex 83.6632 170.739 42.4
      vertex 83.5 170.75 30.4
      vertex 83.6632 170.739 30.4
    endloop
  endfacet
  facet normal -0.556392 -0.83092 0
    outer loop
      vertex 84.125 170.583 30.4
      vertex 84.2609 170.492 42.4
      vertex 84.125 170.583 42.4
    endloop
  endfacet
  facet normal -0.556392 -0.83092 -0
    outer loop
      vertex 84.2609 170.492 42.4
      vertex 84.125 170.583 30.4
      vertex 84.2609 170.492 30.4
    endloop
  endfacet
  facet normal 0 0 1
    outer loop
      vertex 84.7393 169.663 30.4
      vertex 84.7393 169.337 30.4
      vertex 84.75 169.5 30.4
    endloop
  endfacet
  facet normal 0 0 1
    outer loop
      vertex 84.7074 169.824 30.4
      vertex 84.7393 169.337 30.4
      vertex 84.7393 169.663 30.4
    endloop
  endfacet
  facet normal 0 0 1
    outer loop
      vertex 84.7074 169.824 30.4
      vertex 84.7074 169.176 30.4
      vertex 84.7393 169.337 30.4
    endloop
  endfacet
  facet normal 0 0 1
    outer loop
      vertex 84.6548 169.978 30.4
      vertex 84.7074 169.176 30.4
      vertex 84.7074 169.824 30.4
    endloop
  endfacet
  facet normal 0 0 1
    outer loop
      vertex 84.6548 169.978 30.4
      vertex 84.6548 169.022 30.4
      vertex 84.7074 169.176 30.4
    endloop
  endfacet
  facet normal 0 0 1
    outer loop
      vertex 84.5825 170.125 30.4
      vertex 84.6548 169.022 30.4
      vertex 84.6548 169.978 30.4
    endloop
  endfacet
  facet normal 0 0 1
    outer loop
      vertex 84.5825 170.125 30.4
      vertex 84.5825 168.875 30.4
      vertex 84.6548 169.022 30.4
    endloop
  endfacet
  facet normal 0 0 1
    outer loop
      vertex 84.4917 170.261 30.4
      vertex 84.5825 168.875 30.4
      vertex 84.5825 170.125 30.4
    endloop
  endfacet
  facet normal 0 0 1
    outer loop
      vertex 84.4917 170.261 30.4
      vertex 84.4917 168.739 30.4
      vertex 84.5825 168.875 30.4
    endloop
  endfacet
  facet normal 0 0 1
    outer loop
      vertex 84.3839 170.384 30.4
      vertex 84.4917 168.739 30.4
      vertex 84.4917 170.261 30.4
    endloop
  endfacet
  facet normal 0 0 1
    outer loop
      vertex 84.3839 170.384 30.4
      vertex 84.3839 168.616 30.4
      vertex 84.4917 168.739 30.4
    endloop
  endfacet
  facet normal 0 0 1
    outer loop
      vertex 84.2609 170.492 30.4
      vertex 84.3839 168.616 30.4
      vertex 84.3839 170.384 30.4
    endloop
  endfacet
  facet normal 0 0 1
    outer loop
      vertex 84.2609 170.492 30.4
      vertex 84.2609 168.508 30.4
      vertex 84.3839 168.616 30.4
    endloop
  endfacet
  facet normal 0 0 1
    outer loop
      vertex 84.125 170.583 30.4
      vertex 84.2609 168.508 30.4
      vertex 84.2609 170.492 30.4
    endloop
  endfacet
  facet normal 0 0 1
    outer loop
      vertex 84.125 170.583 30.4
      vertex 84.125 168.417 30.4
      vertex 84.2609 168.508 30.4
    endloop
  endfacet
  facet normal 0 0 1
    outer loop
      vertex 83.9784 170.655 30.4
      vertex 84.125 168.417 30.4
      vertex 84.125 170.583 30.4
    endloop
  endfacet
  facet normal 0 0 1
    outer loop
      vertex 83.9784 170.655 30.4
      vertex 83.9784 168.345 30.4
      vertex 84.125 168.417 30.4
    endloop
  endfacet
  facet normal 0 0 1
    outer loop
      vertex 83.8235 170.707 30.4
      vertex 83.9784 168.345 30.4
      vertex 83.9784 170.655 30.4
    endloop
  endfacet
  facet normal 0 0 1
    outer loop
      vertex 83.8235 170.707 30.4
      vertex 83.8235 168.293 30.4
      vertex 83.9784 168.345 30.4
    endloop
  endfacet
  facet normal 0 0 1
    outer loop
      vertex 83.6632 170.739 30.4
      vertex 83.8235 168.293 30.4
      vertex 83.8235 170.707 30.4
    endloop
  endfacet
  facet normal 0 0 1
    outer loop
      vertex 83.6632 170.739 30.4
      vertex 83.6632 168.261 30.4
      vertex 83.8235 168.293 30.4
    endloop
  endfacet
  facet normal 0 0 1
    outer loop
      vertex 83.5 170.75 30.4
      vertex 83.6632 168.261 30.4
      vertex 83.6632 170.739 30.4
    endloop
  endfacet
  facet normal 0 0 1
    outer loop
      vertex 83.5 170.75 30.4
      vertex 83.5 168.25 30.4
      vertex 83.6632 168.261 30.4
    endloop
  endfacet
  facet normal -0 0 1
    outer loop
      vertex 83.3368 170.739 30.4
      vertex 83.5 168.25 30.4
      vertex 83.5 170.75 30.4
    endloop
  endfacet
  facet normal 0 0 1
    outer loop
      vertex 83.3368 170.739 30.4
      vertex 83.3368 168.261 30.4
      vertex 83.5 168.25 30.4
    endloop
  endfacet
  facet normal -0 0 1
    outer loop
      vertex 83.1765 170.707 30.4
      vertex 83.3368 168.261 30.4
      vertex 83.3368 170.739 30.4
    endloop
  endfacet
  facet normal 0 0 1
    outer loop
      vertex 83.1765 170.707 30.4
      vertex 83.1765 168.293 30.4
      vertex 83.3368 168.261 30.4
    endloop
  endfacet
  facet normal -0 0 1
    outer loop
      vertex 83.0216 170.655 30.4
      vertex 83.1765 168.293 30.4
      vertex 83.1765 170.707 30.4
    endloop
  endfacet
  facet normal 0 0 1
    outer loop
      vertex 83.0216 170.655 30.4
      vertex 83.0216 168.345 30.4
      vertex 83.1765 168.293 30.4
    endloop
  endfacet
  facet normal -0 0 1
    outer loop
      vertex 82.875 170.583 30.4
      vertex 83.0216 168.345 30.4
      vertex 83.0216 170.655 30.4
    endloop
  endfacet
  facet normal 0 0 1
    outer loop
      vertex 82.875 170.583 30.4
      vertex 82.875 168.417 30.4
      vertex 83.0216 168.345 30.4
    endloop
  endfacet
  facet normal -0 0 1
    outer loop
      vertex 82.739 170.492 30.4
      vertex 82.875 168.417 30.4
      vertex 82.875 170.583 30.4
    endloop
  endfacet
  facet normal 0 0 1
    outer loop
      vertex 82.739 170.492 30.4
      vertex 82.739 168.508 30.4
      vertex 82.875 168.417 30.4
    endloop
  endfacet
  facet normal -0 0 1
    outer loop
      vertex 82.6161 170.384 30.4
      vertex 82.739 168.508 30.4
      vertex 82.739 170.492 30.4
    endloop
  endfacet
  facet normal 0 0 1
    outer loop
      vertex 82.6161 170.384 30.4
      vertex 82.6161 168.616 30.4
      vertex 82.739 168.508 30.4
    endloop
  endfacet
  facet normal -0 0 1
    outer loop
      vertex 82.5083 170.261 30.4
      vertex 82.6161 168.616 30.4
      vertex 82.6161 170.384 30.4
    endloop
  endfacet
  facet normal 0 0 1
    outer loop
      vertex 82.5083 170.261 30.4
      vertex 82.5083 168.739 30.4
      vertex 82.6161 168.616 30.4
    endloop
  endfacet
  facet normal -0 0 1
    outer loop
      vertex 82.4175 170.125 30.4
      vertex 82.5083 168.739 30.4
      vertex 82.5083 170.261 30.4
    endloop
  endfacet
  facet normal 0 0 1
    outer loop
      vertex 82.4175 170.125 30.4
      vertex 82.4175 168.875 30.4
      vertex 82.5083 168.739 30.4
    endloop
  endfacet
  facet normal -0 0 1
    outer loop
      vertex 82.3452 169.978 30.4
      vertex 82.4175 168.875 30.4
      vertex 82.4175 170.125 30.4
    endloop
  endfacet
  facet normal 0 0 1
    outer loop
      vertex 82.3452 169.978 30.4
      vertex 82.3452 169.022 30.4
      vertex 82.4175 168.875 30.4
    endloop
  endfacet
  facet normal -0 0 1
    outer loop
      vertex 82.2926 169.824 30.4
      vertex 82.3452 169.022 30.4
      vertex 82.3452 169.978 30.4
    endloop
  endfacet
  facet normal 0 0 1
    outer loop
      vertex 82.2926 169.824 30.4
      vertex 82.2926 169.176 30.4
      vertex 82.3452 169.022 30.4
    endloop
  endfacet
  facet normal -0 0 1
    outer loop
      vertex 82.2607 169.663 30.4
      vertex 82.2926 169.176 30.4
      vertex 82.2926 169.824 30.4
    endloop
  endfacet
  facet normal 0 0 1
    outer loop
      vertex 82.2607 169.663 30.4
      vertex 82.2607 169.337 30.4
      vertex 82.2926 169.176 30.4
    endloop
  endfacet
  facet normal 0 -0 1
    outer loop
      vertex 82.2607 169.337 30.4
      vertex 82.2607 169.663 30.4
      vertex 82.25 169.5 30.4
    endloop
  endfacet
  facet normal 0.897338 -0.441344 0
    outer loop
      vertex 82.3452 169.978 42.4
      vertex 82.4175 170.125 30.4
      vertex 82.4175 170.125 42.4
    endloop
  endfacet
  facet normal 0.897338 -0.441344 0
    outer loop
      vertex 82.4175 170.125 30.4
      vertex 82.3452 169.978 42.4
      vertex 82.3452 169.978 30.4
    endloop
  endfacet
  facet normal 0.831674 -0.555265 0
    outer loop
      vertex 82.4175 170.125 42.4
      vertex 82.5083 170.261 30.4
      vertex 82.5083 170.261 42.4
    endloop
  endfacet
  facet normal 0.831674 -0.555265 0
    outer loop
      vertex 82.5083 170.261 30.4
      vertex 82.4175 170.125 42.4
      vertex 82.4175 170.125 30.4
    endloop
  endfacet
  facet normal 0.997852 -0.0655032 0
    outer loop
      vertex 82.25 169.5 42.4
      vertex 82.2607 169.663 30.4
      vertex 82.2607 169.663 42.4
    endloop
  endfacet
  facet normal 0.997852 -0.0655032 0
    outer loop
      vertex 82.2607 169.663 30.4
      vertex 82.25 169.5 42.4
      vertex 82.25 169.5 30.4
    endloop
  endfacet
  facet normal 0.55611 -0.831109 0
    outer loop
      vertex 82.739 170.492 30.4
      vertex 82.875 170.583 42.4
      vertex 82.739 170.492 42.4
    endloop
  endfacet
  facet normal 0.55611 -0.831109 0
    outer loop
      vertex 82.875 170.583 42.4
      vertex 82.739 170.492 30.4
      vertex 82.875 170.583 30.4
    endloop
  endfacet
  facet normal 0.660104 -0.751174 0
    outer loop
      vertex 82.6161 170.384 30.4
      vertex 82.739 170.492 42.4
      vertex 82.6161 170.384 42.4
    endloop
  endfacet
  facet normal 0.660104 -0.751174 0
    outer loop
      vertex 82.739 170.492 42.4
      vertex 82.6161 170.384 30.4
      vertex 82.739 170.492 30.4
    endloop
  endfacet
  facet normal 0.318247 -0.948008 0
    outer loop
      vertex 83.0216 170.655 30.4
      vertex 83.1765 170.707 42.4
      vertex 83.0216 170.655 42.4
    endloop
  endfacet
  facet normal 0.318247 -0.948008 0
    outer loop
      vertex 83.1765 170.707 42.4
      vertex 83.0216 170.655 30.4
      vertex 83.1765 170.707 30.4
    endloop
  endfacet
  facet normal -0.997852 0.0655032 0
    outer loop
      vertex 84.7393 169.337 30.4
      vertex 84.75 169.5 42.4
      vertex 84.75 169.5 30.4
    endloop
  endfacet
  facet normal -0.997852 0.0655032 0
    outer loop
      vertex 84.75 169.5 42.4
      vertex 84.7393 169.337 30.4
      vertex 84.7393 169.337 42.4
    endloop
  endfacet
  facet normal -0.318247 0.948008 0
    outer loop
      vertex 83.9784 168.345 30.4
      vertex 83.8235 168.293 42.4
      vertex 83.9784 168.345 42.4
    endloop
  endfacet
  facet normal -0.318247 0.948008 0
    outer loop
      vertex 83.8235 168.293 42.4
      vertex 83.9784 168.345 30.4
      vertex 83.8235 168.293 30.4
    endloop
  endfacet
  facet normal -0.752046 0.65911 0
    outer loop
      vertex 84.3839 168.616 30.4
      vertex 84.4917 168.739 42.4
      vertex 84.4917 168.739 30.4
    endloop
  endfacet
  facet normal -0.752046 0.65911 0
    outer loop
      vertex 84.4917 168.739 42.4
      vertex 84.3839 168.616 30.4
      vertex 84.3839 168.616 42.4
    endloop
  endfacet
  facet normal -0.556392 0.83092 0
    outer loop
      vertex 84.2609 168.508 30.4
      vertex 84.125 168.417 42.4
      vertex 84.2609 168.508 42.4
    endloop
  endfacet
  facet normal -0.556392 0.83092 0
    outer loop
      vertex 84.125 168.417 42.4
      vertex 84.2609 168.508 30.4
      vertex 84.125 168.417 30.4
    endloop
  endfacet
  facet normal -0.831674 0.555265 0
    outer loop
      vertex 84.4917 168.739 30.4
      vertex 84.5825 168.875 42.4
      vertex 84.5825 168.875 30.4
    endloop
  endfacet
  facet normal -0.831674 0.555265 0
    outer loop
      vertex 84.5825 168.875 42.4
      vertex 84.4917 168.739 30.4
      vertex 84.4917 168.739 42.4
    endloop
  endfacet
  facet normal -0.946322 0.323224 0
    outer loop
      vertex 84.6548 169.022 30.4
      vertex 84.7074 169.176 42.4
      vertex 84.7074 169.176 30.4
    endloop
  endfacet
  facet normal -0.946322 0.323224 0
    outer loop
      vertex 84.7074 169.176 42.4
      vertex 84.6548 169.022 30.4
      vertex 84.6548 169.022 42.4
    endloop
  endfacet
  facet normal 0.55611 0.831109 -0
    outer loop
      vertex 82.875 168.417 30.4
      vertex 82.739 168.508 42.4
      vertex 82.875 168.417 42.4
    endloop
  endfacet
  facet normal 0.55611 0.831109 0
    outer loop
      vertex 82.739 168.508 42.4
      vertex 82.875 168.417 30.4
      vertex 82.739 168.508 30.4
    endloop
  endfacet
  facet normal 0.318247 0.948008 -0
    outer loop
      vertex 83.1765 168.293 30.4
      vertex 83.0216 168.345 42.4
      vertex 83.1765 168.293 42.4
    endloop
  endfacet
  facet normal 0.318247 0.948008 0
    outer loop
      vertex 83.0216 168.345 42.4
      vertex 83.1765 168.293 30.4
      vertex 83.0216 168.345 30.4
    endloop
  endfacet
  facet normal 0.0672494 0.997736 -0
    outer loop
      vertex 83.5 168.25 30.4
      vertex 83.3368 168.261 42.4
      vertex 83.5 168.25 42.4
    endloop
  endfacet
  facet normal 0.0672494 0.997736 0
    outer loop
      vertex 83.3368 168.261 42.4
      vertex 83.5 168.25 30.4
      vertex 83.3368 168.261 30.4
    endloop
  endfacet
  facet normal 0.831674 0.555265 0
    outer loop
      vertex 82.5083 168.739 42.4
      vertex 82.4175 168.875 30.4
      vertex 82.4175 168.875 42.4
    endloop
  endfacet
  facet normal 0.831674 0.555265 0
    outer loop
      vertex 82.4175 168.875 30.4
      vertex 82.5083 168.739 42.4
      vertex 82.5083 168.739 30.4
    endloop
  endfacet
  facet normal 0.660104 0.751174 -0
    outer loop
      vertex 82.739 168.508 30.4
      vertex 82.6161 168.616 42.4
      vertex 82.739 168.508 42.4
    endloop
  endfacet
  facet normal 0.660104 0.751174 0
    outer loop
      vertex 82.6161 168.616 42.4
      vertex 82.739 168.508 30.4
      vertex 82.6161 168.616 30.4
    endloop
  endfacet
  facet normal 0.946322 0.323224 0
    outer loop
      vertex 82.3452 169.022 42.4
      vertex 82.2926 169.176 30.4
      vertex 82.2926 169.176 42.4
    endloop
  endfacet
  facet normal 0.946322 0.323224 0
    outer loop
      vertex 82.2926 169.176 30.4
      vertex 82.3452 169.022 42.4
      vertex 82.3452 169.022 30.4
    endloop
  endfacet
  facet normal -0.440835 0.897588 0
    outer loop
      vertex 84.125 168.417 30.4
      vertex 83.9784 168.345 42.4
      vertex 84.125 168.417 42.4
    endloop
  endfacet
  facet normal -0.440835 0.897588 0
    outer loop
      vertex 83.9784 168.345 42.4
      vertex 84.125 168.417 30.4
      vertex 83.9784 168.345 30.4
    endloop
  endfacet
  facet normal -0.659801 0.75144 0
    outer loop
      vertex 84.3839 168.616 30.4
      vertex 84.2609 168.508 42.4
      vertex 84.3839 168.616 42.4
    endloop
  endfacet
  facet normal -0.659801 0.75144 0
    outer loop
      vertex 84.2609 168.508 42.4
      vertex 84.3839 168.616 30.4
      vertex 84.2609 168.508 30.4
    endloop
  endfacet
  facet normal -0.897338 0.441344 0
    outer loop
      vertex 84.5825 168.875 30.4
      vertex 84.6548 169.022 42.4
      vertex 84.6548 169.022 30.4
    endloop
  endfacet
  facet normal -0.897338 0.441344 0
    outer loop
      vertex 84.6548 169.022 42.4
      vertex 84.5825 168.875 30.4
      vertex 84.5825 168.875 42.4
    endloop
  endfacet
  facet normal 0.440835 0.897588 -0
    outer loop
      vertex 83.0216 168.345 30.4
      vertex 82.875 168.417 42.4
      vertex 83.0216 168.345 42.4
    endloop
  endfacet
  facet normal 0.440835 0.897588 0
    outer loop
      vertex 82.875 168.417 42.4
      vertex 83.0216 168.345 30.4
      vertex 82.875 168.417 30.4
    endloop
  endfacet
  facet normal 0.752046 0.65911 0
    outer loop
      vertex 82.6161 168.616 42.4
      vertex 82.5083 168.739 30.4
      vertex 82.5083 168.739 42.4
    endloop
  endfacet
  facet normal 0.752046 0.65911 0
    outer loop
      vertex 82.5083 168.739 30.4
      vertex 82.6161 168.616 42.4
      vertex 82.6161 168.616 30.4
    endloop
  endfacet
  facet normal 0.555523 0.831501 -0
    outer loop
      vertex 22.6963 26.6201 2.4
      vertex 22.37 26.8381 7.4
      vertex 22.6963 26.6201 7.4
    endloop
  endfacet
  facet normal 0.555523 0.831501 0
    outer loop
      vertex 22.37 26.8381 7.4
      vertex 22.6963 26.6201 2.4
      vertex 22.37 26.8381 2.4
    endloop
  endfacet
  facet normal -0.980815 0.19494 0
    outer loop
      vertex 17.8957 24.6316 2.4
      vertex 17.9722 25.0165 7.4
      vertex 17.9722 25.0165 2.4
    endloop
  endfacet
  facet normal -0.980815 0.19494 0
    outer loop
      vertex 17.9722 25.0165 7.4
      vertex 17.8957 24.6316 2.4
      vertex 17.8957 24.6316 7.4
    endloop
  endfacet
  facet normal -0.19494 -0.980815 0
    outer loop
      vertex 20.0935 21.3422 2.4
      vertex 20.4784 21.2657 7.4
      vertex 20.0935 21.3422 7.4
    endloop
  endfacet
  facet normal -0.19494 -0.980815 -0
    outer loop
      vertex 20.4784 21.2657 7.4
      vertex 20.0935 21.3422 2.4
      vertex 20.4784 21.2657 2.4
    endloop
  endfacet
  facet normal -0.44211 0.896961 0
    outer loop
      vertex 19.722 27.0116 2.4
      vertex 19.37 26.8381 7.4
      vertex 19.722 27.0116 7.4
    endloop
  endfacet
  facet normal -0.44211 0.896961 0
    outer loop
      vertex 19.37 26.8381 7.4
      vertex 19.722 27.0116 2.4
      vertex 19.37 26.8381 2.4
    endloop
  endfacet
  facet normal -0.946885 0.321574 0
    outer loop
      vertex 17.9722 25.0165 2.4
      vertex 18.0984 25.3881 7.4
      vertex 18.0984 25.3881 2.4
    endloop
  endfacet
  facet normal -0.946885 0.321574 0
    outer loop
      vertex 18.0984 25.3881 7.4
      vertex 17.9722 25.0165 2.4
      vertex 17.9722 25.0165 7.4
    endloop
  endfacet
  facet normal 0.946885 -0.321574 0
    outer loop
      vertex 23.6416 23.0919 7.4
      vertex 23.7678 23.4635 2.4
      vertex 23.7678 23.4635 7.4
    endloop
  endfacet
  facet normal 0.946885 -0.321574 0
    outer loop
      vertex 23.7678 23.4635 2.4
      vertex 23.6416 23.0919 7.4
      vertex 23.6416 23.0919 2.4
    endloop
  endfacet
  facet normal -0.321651 -0.946858 0
    outer loop
      vertex 19.722 21.4684 2.4
      vertex 20.0935 21.3422 7.4
      vertex 19.722 21.4684 7.4
    endloop
  endfacet
  facet normal -0.321651 -0.946858 -0
    outer loop
      vertex 20.0935 21.3422 7.4
      vertex 19.722 21.4684 2.4
      vertex 20.0935 21.3422 2.4
    endloop
  endfacet
  facet normal 0.896911 0.442211 0
    outer loop
      vertex 23.6416 25.3881 7.4
      vertex 23.4681 25.74 2.4
      vertex 23.4681 25.74 7.4
    endloop
  endfacet
  facet normal 0.896911 0.442211 0
    outer loop
      vertex 23.4681 25.74 2.4
      vertex 23.6416 25.3881 7.4
      vertex 23.6416 25.3881 2.4
    endloop
  endfacet
  facet normal 0.980815 0.19494 0
    outer loop
      vertex 23.8443 24.6316 7.4
      vertex 23.7678 25.0165 2.4
      vertex 23.7678 25.0165 7.4
    endloop
  endfacet
  facet normal 0.980815 0.19494 0
    outer loop
      vertex 23.7678 25.0165 2.4
      vertex 23.8443 24.6316 7.4
      vertex 23.8443 24.6316 2.4
    endloop
  endfacet
  facet normal 0.831501 0.555523 0
    outer loop
      vertex 23.4681 25.74 7.4
      vertex 23.2501 26.0663 2.4
      vertex 23.2501 26.0663 7.4
    endloop
  endfacet
  facet normal 0.831501 0.555523 0
    outer loop
      vertex 23.2501 26.0663 2.4
      vertex 23.4681 25.74 7.4
      vertex 23.4681 25.74 2.4
    endloop
  endfacet
  facet normal 0.321574 0.946885 -0
    outer loop
      vertex 22.0181 27.0116 2.4
      vertex 21.6465 27.1378 7.4
      vertex 22.0181 27.0116 7.4
    endloop
  endfacet
  facet normal 0.321574 0.946885 0
    outer loop
      vertex 21.6465 27.1378 7.4
      vertex 22.0181 27.0116 2.4
      vertex 21.6465 27.1378 2.4
    endloop
  endfacet
  facet normal 0.19494 0.980815 -0
    outer loop
      vertex 21.6465 27.1378 2.4
      vertex 21.2616 27.2143 7.4
      vertex 21.6465 27.1378 7.4
    endloop
  endfacet
  facet normal 0.19494 0.980815 0
    outer loop
      vertex 21.2616 27.2143 7.4
      vertex 21.6465 27.1378 2.4
      vertex 21.2616 27.2143 2.4
    endloop
  endfacet
  facet normal -0.831501 0.555523 0
    outer loop
      vertex 18.2719 25.74 2.4
      vertex 18.4899 26.0663 7.4
      vertex 18.4899 26.0663 2.4
    endloop
  endfacet
  facet normal -0.831501 0.555523 0
    outer loop
      vertex 18.4899 26.0663 7.4
      vertex 18.2719 25.74 2.4
      vertex 18.2719 25.74 7.4
    endloop
  endfacet
  facet normal -0.555523 0.831501 0
    outer loop
      vertex 19.37 26.8381 2.4
      vertex 19.0437 26.6201 7.4
      vertex 19.37 26.8381 7.4
    endloop
  endfacet
  facet normal -0.555523 0.831501 0
    outer loop
      vertex 19.0437 26.6201 7.4
      vertex 19.37 26.8381 2.4
      vertex 19.0437 26.6201 2.4
    endloop
  endfacet
  facet normal -0.19494 0.980815 0
    outer loop
      vertex 20.4784 27.2143 2.4
      vertex 20.0935 27.1378 7.4
      vertex 20.4784 27.2143 7.4
    endloop
  endfacet
  facet normal -0.19494 0.980815 0
    outer loop
      vertex 20.0935 27.1378 7.4
      vertex 20.4784 27.2143 2.4
      vertex 20.0935 27.1378 2.4
    endloop
  endfacet
  facet normal 0.997853 0.0654873 0
    outer loop
      vertex 23.87 24.24 7.4
      vertex 23.8443 24.6316 2.4
      vertex 23.8443 24.6316 7.4
    endloop
  endfacet
  facet normal 0.997853 0.0654873 0
    outer loop
      vertex 23.8443 24.6316 2.4
      vertex 23.87 24.24 7.4
      vertex 23.87 24.24 2.4
    endloop
  endfacet
  facet normal 0.442211 -0.896911 0
    outer loop
      vertex 22.0181 21.4684 2.4
      vertex 22.37 21.6419 7.4
      vertex 22.0181 21.4684 7.4
    endloop
  endfacet
  facet normal 0.442211 -0.896911 0
    outer loop
      vertex 22.37 21.6419 7.4
      vertex 22.0181 21.4684 2.4
      vertex 22.37 21.6419 2.4
    endloop
  endfacet
  facet normal 0.831501 -0.555523 0
    outer loop
      vertex 23.2501 22.4137 7.4
      vertex 23.4681 22.74 2.4
      vertex 23.4681 22.74 7.4
    endloop
  endfacet
  facet normal 0.831501 -0.555523 0
    outer loop
      vertex 23.4681 22.74 2.4
      vertex 23.2501 22.4137 7.4
      vertex 23.2501 22.4137 2.4
    endloop
  endfacet
  facet normal -0.0654873 -0.997853 0
    outer loop
      vertex 20.4784 21.2657 2.4
      vertex 20.87 21.24 7.4
      vertex 20.4784 21.2657 7.4
    endloop
  endfacet
  facet normal -0.0654873 -0.997853 -0
    outer loop
      vertex 20.87 21.24 7.4
      vertex 20.4784 21.2657 2.4
      vertex 20.87 21.24 2.4
    endloop
  endfacet
  facet normal -0.555523 -0.831501 0
    outer loop
      vertex 19.0437 21.8599 2.4
      vertex 19.37 21.6419 7.4
      vertex 19.0437 21.8599 7.4
    endloop
  endfacet
  facet normal -0.555523 -0.831501 -0
    outer loop
      vertex 19.37 21.6419 7.4
      vertex 19.0437 21.8599 2.4
      vertex 19.37 21.6419 2.4
    endloop
  endfacet
  facet normal -0.980815 -0.19494 0
    outer loop
      vertex 17.9722 23.4635 2.4
      vertex 17.8957 23.8484 7.4
      vertex 17.8957 23.8484 2.4
    endloop
  endfacet
  facet normal -0.980815 -0.19494 0
    outer loop
      vertex 17.8957 23.8484 7.4
      vertex 17.9722 23.4635 2.4
      vertex 17.9722 23.4635 7.4
    endloop
  endfacet
  facet normal 0.946885 0.321574 0
    outer loop
      vertex 23.7678 25.0165 7.4
      vertex 23.6416 25.3881 2.4
      vertex 23.6416 25.3881 7.4
    endloop
  endfacet
  facet normal 0.946885 0.321574 0
    outer loop
      vertex 23.6416 25.3881 2.4
      vertex 23.7678 25.0165 7.4
      vertex 23.7678 25.0165 2.4
    endloop
  endfacet
  facet normal 0.751724 0.659478 0
    outer loop
      vertex 23.2501 26.0663 7.4
      vertex 22.9913 26.3613 2.4
      vertex 22.9913 26.3613 7.4
    endloop
  endfacet
  facet normal 0.751724 0.659478 0
    outer loop
      vertex 22.9913 26.3613 2.4
      vertex 23.2501 26.0663 7.4
      vertex 23.2501 26.0663 2.4
    endloop
  endfacet
  facet normal 0.659478 0.751724 -0
    outer loop
      vertex 22.9913 26.3613 2.4
      vertex 22.6963 26.6201 7.4
      vertex 22.9913 26.3613 7.4
    endloop
  endfacet
  facet normal 0.659478 0.751724 0
    outer loop
      vertex 22.6963 26.6201 7.4
      vertex 22.9913 26.3613 2.4
      vertex 22.6963 26.6201 2.4
    endloop
  endfacet
  facet normal -0.0654873 0.997853 0
    outer loop
      vertex 20.87 27.24 2.4
      vertex 20.4784 27.2143 7.4
      vertex 20.87 27.24 7.4
    endloop
  endfacet
  facet normal -0.0654873 0.997853 0
    outer loop
      vertex 20.4784 27.2143 7.4
      vertex 20.87 27.24 2.4
      vertex 20.4784 27.2143 2.4
    endloop
  endfacet
  facet normal 0.442211 0.896911 -0
    outer loop
      vertex 22.37 26.8381 2.4
      vertex 22.0181 27.0116 7.4
      vertex 22.37 26.8381 7.4
    endloop
  endfacet
  facet normal 0.442211 0.896911 0
    outer loop
      vertex 22.0181 27.0116 7.4
      vertex 22.37 26.8381 2.4
      vertex 22.0181 27.0116 2.4
    endloop
  endfacet
  facet normal -0.997853 -0.0654873 0
    outer loop
      vertex 17.8957 23.8484 2.4
      vertex 17.87 24.24 7.4
      vertex 17.87 24.24 2.4
    endloop
  endfacet
  facet normal -0.997853 -0.0654873 0
    outer loop
      vertex 17.87 24.24 7.4
      vertex 17.8957 23.8484 2.4
      vertex 17.8957 23.8484 7.4
    endloop
  endfacet
  facet normal -0.896911 0.442211 0
    outer loop
      vertex 18.0984 25.3881 2.4
      vertex 18.2719 25.74 7.4
      vertex 18.2719 25.74 2.4
    endloop
  endfacet
  facet normal -0.896911 0.442211 0
    outer loop
      vertex 18.2719 25.74 7.4
      vertex 18.0984 25.3881 2.4
      vertex 18.0984 25.3881 7.4
    endloop
  endfacet
  facet normal -0.321651 0.946858 0
    outer loop
      vertex 20.0935 27.1378 2.4
      vertex 19.722 27.0116 7.4
      vertex 20.0935 27.1378 7.4
    endloop
  endfacet
  facet normal -0.321651 0.946858 0
    outer loop
      vertex 19.722 27.0116 7.4
      vertex 20.0935 27.1378 2.4
      vertex 19.722 27.0116 2.4
    endloop
  endfacet
  facet normal -0.659478 0.751724 0
    outer loop
      vertex 19.0437 26.6201 2.4
      vertex 18.7487 26.3613 7.4
      vertex 19.0437 26.6201 7.4
    endloop
  endfacet
  facet normal -0.659478 0.751724 0
    outer loop
      vertex 18.7487 26.3613 7.4
      vertex 19.0437 26.6201 2.4
      vertex 18.7487 26.3613 2.4
    endloop
  endfacet
  facet normal -0.751724 0.659478 0
    outer loop
      vertex 18.4899 26.0663 2.4
      vertex 18.7487 26.3613 7.4
      vertex 18.7487 26.3613 2.4
    endloop
  endfacet
  facet normal -0.751724 0.659478 0
    outer loop
      vertex 18.7487 26.3613 7.4
      vertex 18.4899 26.0663 2.4
      vertex 18.4899 26.0663 7.4
    endloop
  endfacet
  facet normal 0.980815 -0.19494 0
    outer loop
      vertex 23.7678 23.4635 7.4
      vertex 23.8443 23.8484 2.4
      vertex 23.8443 23.8484 7.4
    endloop
  endfacet
  facet normal 0.980815 -0.19494 0
    outer loop
      vertex 23.8443 23.8484 2.4
      vertex 23.7678 23.4635 7.4
      vertex 23.7678 23.4635 2.4
    endloop
  endfacet
  facet normal 0.19494 -0.980815 0
    outer loop
      vertex 21.2616 21.2657 2.4
      vertex 21.6465 21.3422 7.4
      vertex 21.2616 21.2657 7.4
    endloop
  endfacet
  facet normal 0.19494 -0.980815 0
    outer loop
      vertex 21.6465 21.3422 7.4
      vertex 21.2616 21.2657 2.4
      vertex 21.6465 21.3422 2.4
    endloop
  endfacet
  facet normal 0.321574 -0.946885 0
    outer loop
      vertex 21.6465 21.3422 2.4
      vertex 22.0181 21.4684 7.4
      vertex 21.6465 21.3422 7.4
    endloop
  endfacet
  facet normal 0.321574 -0.946885 0
    outer loop
      vertex 22.0181 21.4684 7.4
      vertex 21.6465 21.3422 2.4
      vertex 22.0181 21.4684 2.4
    endloop
  endfacet
  facet normal 0.751724 -0.659478 0
    outer loop
      vertex 22.9913 22.1187 7.4
      vertex 23.2501 22.4137 2.4
      vertex 23.2501 22.4137 7.4
    endloop
  endfacet
  facet normal 0.751724 -0.659478 0
    outer loop
      vertex 23.2501 22.4137 2.4
      vertex 22.9913 22.1187 7.4
      vertex 22.9913 22.1187 2.4
    endloop
  endfacet
  facet normal 0.555523 -0.831501 0
    outer loop
      vertex 22.37 21.6419 2.4
      vertex 22.6963 21.8599 7.4
      vertex 22.37 21.6419 7.4
    endloop
  endfacet
  facet normal 0.555523 -0.831501 0
    outer loop
      vertex 22.6963 21.8599 7.4
      vertex 22.37 21.6419 2.4
      vertex 22.6963 21.8599 2.4
    endloop
  endfacet
  facet normal 0.896911 -0.442211 0
    outer loop
      vertex 23.4681 22.74 7.4
      vertex 23.6416 23.0919 2.4
      vertex 23.6416 23.0919 7.4
    endloop
  endfacet
  facet normal 0.896911 -0.442211 0
    outer loop
      vertex 23.6416 23.0919 2.4
      vertex 23.4681 22.74 7.4
      vertex 23.4681 22.74 2.4
    endloop
  endfacet
  facet normal 0.0654873 -0.997853 0
    outer loop
      vertex 20.87 21.24 2.4
      vertex 21.2616 21.2657 7.4
      vertex 20.87 21.24 7.4
    endloop
  endfacet
  facet normal 0.0654873 -0.997853 0
    outer loop
      vertex 21.2616 21.2657 7.4
      vertex 20.87 21.24 2.4
      vertex 21.2616 21.2657 2.4
    endloop
  endfacet
  facet normal -0.44211 -0.896961 0
    outer loop
      vertex 19.37 21.6419 2.4
      vertex 19.722 21.4684 7.4
      vertex 19.37 21.6419 7.4
    endloop
  endfacet
  facet normal -0.44211 -0.896961 -0
    outer loop
      vertex 19.722 21.4684 7.4
      vertex 19.37 21.6419 2.4
      vertex 19.722 21.4684 2.4
    endloop
  endfacet
  facet normal -0.946885 -0.321574 0
    outer loop
      vertex 18.0984 23.0919 2.4
      vertex 17.9722 23.4635 7.4
      vertex 17.9722 23.4635 2.4
    endloop
  endfacet
  facet normal -0.946885 -0.321574 0
    outer loop
      vertex 17.9722 23.4635 7.4
      vertex 18.0984 23.0919 2.4
      vertex 18.0984 23.0919 7.4
    endloop
  endfacet
  facet normal -0.659478 -0.751724 0
    outer loop
      vertex 18.7487 22.1187 2.4
      vertex 19.0437 21.8599 7.4
      vertex 18.7487 22.1187 7.4
    endloop
  endfacet
  facet normal -0.659478 -0.751724 -0
    outer loop
      vertex 19.0437 21.8599 7.4
      vertex 18.7487 22.1187 2.4
      vertex 19.0437 21.8599 2.4
    endloop
  endfacet
  facet normal -0.831501 -0.555523 0
    outer loop
      vertex 18.4899 22.4137 2.4
      vertex 18.2719 22.74 7.4
      vertex 18.2719 22.74 2.4
    endloop
  endfacet
  facet normal -0.831501 -0.555523 0
    outer loop
      vertex 18.2719 22.74 7.4
      vertex 18.4899 22.4137 2.4
      vertex 18.4899 22.4137 7.4
    endloop
  endfacet
  facet normal 0.0654873 0.997853 -0
    outer loop
      vertex 21.2616 27.2143 2.4
      vertex 20.87 27.24 7.4
      vertex 21.2616 27.2143 7.4
    endloop
  endfacet
  facet normal 0.0654873 0.997853 0
    outer loop
      vertex 20.87 27.24 7.4
      vertex 21.2616 27.2143 2.4
      vertex 20.87 27.24 2.4
    endloop
  endfacet
  facet normal 0 0 1
    outer loop
      vertex 22.12 24.24 7.4
      vertex 23.87 24.24 7.4
      vertex 23.8443 24.6316 7.4
    endloop
  endfacet
  facet normal 0 0 1
    outer loop
      vertex 22.1093 24.4032 7.4
      vertex 23.8443 24.6316 7.4
      vertex 23.7678 25.0165 7.4
    endloop
  endfacet
  facet normal 0 0 1
    outer loop
      vertex 23.87 24.24 7.4
      vertex 22.12 24.24 7.4
      vertex 23.8443 23.8484 7.4
    endloop
  endfacet
  facet normal 0 0 1
    outer loop
      vertex 22.0774 24.5635 7.4
      vertex 23.7678 25.0165 7.4
      vertex 23.6416 25.3881 7.4
    endloop
  endfacet
  facet normal -0 0 1
    outer loop
      vertex 22.1093 24.0768 7.4
      vertex 23.8443 23.8484 7.4
      vertex 22.12 24.24 7.4
    endloop
  endfacet
  facet normal 0 0 1
    outer loop
      vertex 22.0248 24.7184 7.4
      vertex 23.6416 25.3881 7.4
      vertex 23.4681 25.74 7.4
    endloop
  endfacet
  facet normal 0 0 1
    outer loop
      vertex 23.8443 23.8484 7.4
      vertex 22.1093 24.0768 7.4
      vertex 23.7678 23.4635 7.4
    endloop
  endfacet
  facet normal 0 0 1
    outer loop
      vertex 21.9525 24.865 7.4
      vertex 23.4681 25.74 7.4
      vertex 23.2501 26.0663 7.4
    endloop
  endfacet
  facet normal -0 0 1
    outer loop
      vertex 22.0774 23.9165 7.4
      vertex 23.7678 23.4635 7.4
      vertex 22.1093 24.0768 7.4
    endloop
  endfacet
  facet normal 0 0 1
    outer loop
      vertex 21.8617 25.001 7.4
      vertex 23.2501 26.0663 7.4
      vertex 22.9913 26.3613 7.4
    endloop
  endfacet
  facet normal 0 0 1
    outer loop
      vertex 23.7678 23.4635 7.4
      vertex 22.0774 23.9165 7.4
      vertex 23.6416 23.0919 7.4
    endloop
  endfacet
  facet normal 0 0 1
    outer loop
      vertex 21.7539 25.1239 7.4
      vertex 22.9913 26.3613 7.4
      vertex 22.6963 26.6201 7.4
    endloop
  endfacet
  facet normal -0 0 1
    outer loop
      vertex 22.0248 23.7616 7.4
      vertex 23.6416 23.0919 7.4
      vertex 22.0774 23.9165 7.4
    endloop
  endfacet
  facet normal 0 0 1
    outer loop
      vertex 21.631 25.2317 7.4
      vertex 22.6963 26.6201 7.4
      vertex 22.37 26.8381 7.4
    endloop
  endfacet
  facet normal 0 0 1
    outer loop
      vertex 23.6416 23.0919 7.4
      vertex 22.0248 23.7616 7.4
      vertex 23.4681 22.74 7.4
    endloop
  endfacet
  facet normal -0 0 1
    outer loop
      vertex 21.9525 23.615 7.4
      vertex 23.4681 22.74 7.4
      vertex 22.0248 23.7616 7.4
    endloop
  endfacet
  facet normal 0 0 1
    outer loop
      vertex 23.8443 24.6316 7.4
      vertex 22.1093 24.4032 7.4
      vertex 22.12 24.24 7.4
    endloop
  endfacet
  facet normal 0 0 1
    outer loop
      vertex 23.7678 25.0165 7.4
      vertex 22.0774 24.5635 7.4
      vertex 22.1093 24.4032 7.4
    endloop
  endfacet
  facet normal 0 0 1
    outer loop
      vertex 23.6416 25.3881 7.4
      vertex 22.0248 24.7184 7.4
      vertex 22.0774 24.5635 7.4
    endloop
  endfacet
  facet normal 0 0 1
    outer loop
      vertex 21.495 25.3225 7.4
      vertex 22.37 26.8381 7.4
      vertex 22.0181 27.0116 7.4
    endloop
  endfacet
  facet normal 0 0 1
    outer loop
      vertex 23.4681 25.74 7.4
      vertex 21.9525 24.865 7.4
      vertex 22.0248 24.7184 7.4
    endloop
  endfacet
  facet normal 0 0 1
    outer loop
      vertex 23.2501 26.0663 7.4
      vertex 21.8617 25.001 7.4
      vertex 21.9525 24.865 7.4
    endloop
  endfacet
  facet normal 0 0 1
    outer loop
      vertex 22.9913 26.3613 7.4
      vertex 21.7539 25.1239 7.4
      vertex 21.8617 25.001 7.4
    endloop
  endfacet
  facet normal 0 0 1
    outer loop
      vertex 21.3484 25.3948 7.4
      vertex 22.0181 27.0116 7.4
      vertex 21.6465 27.1378 7.4
    endloop
  endfacet
  facet normal 0 0 1
    outer loop
      vertex 22.6963 26.6201 7.4
      vertex 21.631 25.2317 7.4
      vertex 21.7539 25.1239 7.4
    endloop
  endfacet
  facet normal 0 0 1
    outer loop
      vertex 22.37 26.8381 7.4
      vertex 21.495 25.3225 7.4
      vertex 21.631 25.2317 7.4
    endloop
  endfacet
  facet normal 0 0 1
    outer loop
      vertex 22.0181 27.0116 7.4
      vertex 21.3484 25.3948 7.4
      vertex 21.495 25.3225 7.4
    endloop
  endfacet
  facet normal 0 0 1
    outer loop
      vertex 21.1935 25.4474 7.4
      vertex 21.6465 27.1378 7.4
      vertex 21.2616 27.2143 7.4
    endloop
  endfacet
  facet normal 0 0 1
    outer loop
      vertex 21.6465 27.1378 7.4
      vertex 21.1935 25.4474 7.4
      vertex 21.3484 25.3948 7.4
    endloop
  endfacet
  facet normal 0 0 1
    outer loop
      vertex 21.2616 27.2143 7.4
      vertex 21.0332 25.4793 7.4
      vertex 21.1935 25.4474 7.4
    endloop
  endfacet
  facet normal 0 0 1
    outer loop
      vertex 20.87 27.24 7.4
      vertex 21.0332 25.4793 7.4
      vertex 21.2616 27.2143 7.4
    endloop
  endfacet
  facet normal 0 0 1
    outer loop
      vertex 20.87 27.24 7.4
      vertex 20.87 25.49 7.4
      vertex 21.0332 25.4793 7.4
    endloop
  endfacet
  facet normal 0 0 1
    outer loop
      vertex 20.87 27.24 7.4
      vertex 20.7068 25.4793 7.4
      vertex 20.87 25.49 7.4
    endloop
  endfacet
  facet normal -0 0 1
    outer loop
      vertex 20.4784 27.2143 7.4
      vertex 20.7068 25.4793 7.4
      vertex 20.87 27.24 7.4
    endloop
  endfacet
  facet normal 0 0 1
    outer loop
      vertex 20.7068 25.4793 7.4
      vertex 20.4784 27.2143 7.4
      vertex 20.5465 25.4474 7.4
    endloop
  endfacet
  facet normal -0 0 1
    outer loop
      vertex 20.0935 27.1378 7.4
      vertex 20.5465 25.4474 7.4
      vertex 20.4784 27.2143 7.4
    endloop
  endfacet
  facet normal 0 0 1
    outer loop
      vertex 20.5465 25.4474 7.4
      vertex 20.0935 27.1378 7.4
      vertex 20.3916 25.3948 7.4
    endloop
  endfacet
  facet normal -0 0 1
    outer loop
      vertex 19.722 27.0116 7.4
      vertex 20.3916 25.3948 7.4
      vertex 20.0935 27.1378 7.4
    endloop
  endfacet
  facet normal 0 0 1
    outer loop
      vertex 20.3916 25.3948 7.4
      vertex 19.722 27.0116 7.4
      vertex 20.245 25.3225 7.4
    endloop
  endfacet
  facet normal -0 0 1
    outer loop
      vertex 19.37 26.8381 7.4
      vertex 20.245 25.3225 7.4
      vertex 19.722 27.0116 7.4
    endloop
  endfacet
  facet normal 0 0 1
    outer loop
      vertex 20.245 25.3225 7.4
      vertex 19.37 26.8381 7.4
      vertex 20.109 25.2317 7.4
    endloop
  endfacet
  facet normal -0 0 1
    outer loop
      vertex 19.0437 26.6201 7.4
      vertex 20.109 25.2317 7.4
      vertex 19.37 26.8381 7.4
    endloop
  endfacet
  facet normal 0 0 1
    outer loop
      vertex 20.109 25.2317 7.4
      vertex 19.0437 26.6201 7.4
      vertex 19.9861 25.1239 7.4
    endloop
  endfacet
  facet normal -0 0 1
    outer loop
      vertex 18.7487 26.3613 7.4
      vertex 19.9861 25.1239 7.4
      vertex 19.0437 26.6201 7.4
    endloop
  endfacet
  facet normal 0 0 1
    outer loop
      vertex 19.9861 25.1239 7.4
      vertex 18.7487 26.3613 7.4
      vertex 19.8783 25.001 7.4
    endloop
  endfacet
  facet normal -0 0 1
    outer loop
      vertex 18.4899 26.0663 7.4
      vertex 19.8783 25.001 7.4
      vertex 18.7487 26.3613 7.4
    endloop
  endfacet
  facet normal 0 0 1
    outer loop
      vertex 19.8783 25.001 7.4
      vertex 18.4899 26.0663 7.4
      vertex 19.7875 24.865 7.4
    endloop
  endfacet
  facet normal -0 0 1
    outer loop
      vertex 18.2719 25.74 7.4
      vertex 19.7875 24.865 7.4
      vertex 18.4899 26.0663 7.4
    endloop
  endfacet
  facet normal 0 0 1
    outer loop
      vertex 23.4681 22.74 7.4
      vertex 21.9525 23.615 7.4
      vertex 23.2501 22.4137 7.4
    endloop
  endfacet
  facet normal -0 0 1
    outer loop
      vertex 21.8617 23.479 7.4
      vertex 23.2501 22.4137 7.4
      vertex 21.9525 23.615 7.4
    endloop
  endfacet
  facet normal 0 0 1
    outer loop
      vertex 23.2501 22.4137 7.4
      vertex 21.8617 23.479 7.4
      vertex 22.9913 22.1187 7.4
    endloop
  endfacet
  facet normal -0 0 1
    outer loop
      vertex 21.7539 23.3561 7.4
      vertex 22.9913 22.1187 7.4
      vertex 21.8617 23.479 7.4
    endloop
  endfacet
  facet normal 0 0 1
    outer loop
      vertex 22.9913 22.1187 7.4
      vertex 21.7539 23.3561 7.4
      vertex 22.6963 21.8599 7.4
    endloop
  endfacet
  facet normal -0 0 1
    outer loop
      vertex 21.631 23.2483 7.4
      vertex 22.6963 21.8599 7.4
      vertex 21.7539 23.3561 7.4
    endloop
  endfacet
  facet normal 0 0 1
    outer loop
      vertex 22.6963 21.8599 7.4
      vertex 21.631 23.2483 7.4
      vertex 22.37 21.6419 7.4
    endloop
  endfacet
  facet normal -0 0 1
    outer loop
      vertex 21.495 23.1575 7.4
      vertex 22.37 21.6419 7.4
      vertex 21.631 23.2483 7.4
    endloop
  endfacet
  facet normal 0 0 1
    outer loop
      vertex 22.37 21.6419 7.4
      vertex 21.495 23.1575 7.4
      vertex 22.0181 21.4684 7.4
    endloop
  endfacet
  facet normal -0 0 1
    outer loop
      vertex 21.3484 23.0851 7.4
      vertex 22.0181 21.4684 7.4
      vertex 21.495 23.1575 7.4
    endloop
  endfacet
  facet normal 0 0 1
    outer loop
      vertex 22.0181 21.4684 7.4
      vertex 21.3484 23.0851 7.4
      vertex 21.6465 21.3422 7.4
    endloop
  endfacet
  facet normal -0 0 1
    outer loop
      vertex 21.1935 23.0326 7.4
      vertex 21.6465 21.3422 7.4
      vertex 21.3484 23.0851 7.4
    endloop
  endfacet
  facet normal 0 0 1
    outer loop
      vertex 21.6465 21.3422 7.4
      vertex 21.1935 23.0326 7.4
      vertex 21.2616 21.2657 7.4
    endloop
  endfacet
  facet normal -0 0 1
    outer loop
      vertex 21.0332 23.0007 7.4
      vertex 21.2616 21.2657 7.4
      vertex 21.1935 23.0326 7.4
    endloop
  endfacet
  facet normal -0 0 1
    outer loop
      vertex 20.87 22.99 7.4
      vertex 21.2616 21.2657 7.4
      vertex 21.0332 23.0007 7.4
    endloop
  endfacet
  facet normal 0 0 1
    outer loop
      vertex 20.87 22.99 7.4
      vertex 20.87 21.24 7.4
      vertex 21.2616 21.2657 7.4
    endloop
  endfacet
  facet normal 0 0 1
    outer loop
      vertex 20.7068 23.0007 7.4
      vertex 20.87 21.24 7.4
      vertex 20.87 22.99 7.4
    endloop
  endfacet
  facet normal 0 0 1
    outer loop
      vertex 20.4784 21.2657 7.4
      vertex 20.7068 23.0007 7.4
      vertex 20.5465 23.0326 7.4
    endloop
  endfacet
  facet normal 0 0 1
    outer loop
      vertex 20.7068 23.0007 7.4
      vertex 20.4784 21.2657 7.4
      vertex 20.87 21.24 7.4
    endloop
  endfacet
  facet normal 0 0 1
    outer loop
      vertex 20.0935 21.3422 7.4
      vertex 20.5465 23.0326 7.4
      vertex 20.3916 23.0851 7.4
    endloop
  endfacet
  facet normal 0 0 1
    outer loop
      vertex 19.722 21.4684 7.4
      vertex 20.3916 23.0851 7.4
      vertex 20.245 23.1575 7.4
    endloop
  endfacet
  facet normal 0 0 1
    outer loop
      vertex 19.37 21.6419 7.4
      vertex 20.245 23.1575 7.4
      vertex 20.109 23.2483 7.4
    endloop
  endfacet
  facet normal 0 0 1
    outer loop
      vertex 20.5465 23.0326 7.4
      vertex 20.0935 21.3422 7.4
      vertex 20.4784 21.2657 7.4
    endloop
  endfacet
  facet normal 0 0 1
    outer loop
      vertex 19.0437 21.8599 7.4
      vertex 20.109 23.2483 7.4
      vertex 19.9861 23.3561 7.4
    endloop
  endfacet
  facet normal 0 0 1
    outer loop
      vertex 18.7487 22.1187 7.4
      vertex 19.9861 23.3561 7.4
      vertex 19.8783 23.479 7.4
    endloop
  endfacet
  facet normal 0 0 1
    outer loop
      vertex 18.4899 22.4137 7.4
      vertex 19.8783 23.479 7.4
      vertex 19.7875 23.615 7.4
    endloop
  endfacet
  facet normal 0 0 1
    outer loop
      vertex 20.3916 23.0851 7.4
      vertex 19.722 21.4684 7.4
      vertex 20.0935 21.3422 7.4
    endloop
  endfacet
  facet normal 0 0 1
    outer loop
      vertex 18.2719 22.74 7.4
      vertex 19.7875 23.615 7.4
      vertex 19.7151 23.7616 7.4
    endloop
  endfacet
  facet normal 0 0 1
    outer loop
      vertex 18.0984 23.0919 7.4
      vertex 19.7151 23.7616 7.4
      vertex 19.6626 23.9165 7.4
    endloop
  endfacet
  facet normal 0 0 1
    outer loop
      vertex 17.9722 23.4635 7.4
      vertex 19.6626 23.9165 7.4
      vertex 19.6307 24.0768 7.4
    endloop
  endfacet
  facet normal 0 0 1
    outer loop
      vertex 17.8957 23.8484 7.4
      vertex 19.6307 24.0768 7.4
      vertex 19.62 24.24 7.4
    endloop
  endfacet
  facet normal 0 0 1
    outer loop
      vertex 19.7875 24.865 7.4
      vertex 18.2719 25.74 7.4
      vertex 19.7151 24.7184 7.4
    endloop
  endfacet
  facet normal 0 0 1
    outer loop
      vertex 20.245 23.1575 7.4
      vertex 19.37 21.6419 7.4
      vertex 19.722 21.4684 7.4
    endloop
  endfacet
  facet normal -0 0 1
    outer loop
      vertex 18.0984 25.3881 7.4
      vertex 19.7151 24.7184 7.4
      vertex 18.2719 25.74 7.4
    endloop
  endfacet
  facet normal 0 0 1
    outer loop
      vertex 20.109 23.2483 7.4
      vertex 19.0437 21.8599 7.4
      vertex 19.37 21.6419 7.4
    endloop
  endfacet
  facet normal 0 0 1
    outer loop
      vertex 19.7151 24.7184 7.4
      vertex 18.0984 25.3881 7.4
      vertex 19.6626 24.5635 7.4
    endloop
  endfacet
  facet normal 0 0 1
    outer loop
      vertex 19.9861 23.3561 7.4
      vertex 18.7487 22.1187 7.4
      vertex 19.0437 21.8599 7.4
    endloop
  endfacet
  facet normal -0 0 1
    outer loop
      vertex 17.9722 25.0165 7.4
      vertex 19.6626 24.5635 7.4
      vertex 18.0984 25.3881 7.4
    endloop
  endfacet
  facet normal 0 0 1
    outer loop
      vertex 19.8783 23.479 7.4
      vertex 18.4899 22.4137 7.4
      vertex 18.7487 22.1187 7.4
    endloop
  endfacet
  facet normal 0 0 1
    outer loop
      vertex 19.6626 24.5635 7.4
      vertex 17.9722 25.0165 7.4
      vertex 19.6307 24.4032 7.4
    endloop
  endfacet
  facet normal 0 0 1
    outer loop
      vertex 19.7875 23.615 7.4
      vertex 18.2719 22.74 7.4
      vertex 18.4899 22.4137 7.4
    endloop
  endfacet
  facet normal -0 0 1
    outer loop
      vertex 17.8957 24.6316 7.4
      vertex 19.6307 24.4032 7.4
      vertex 17.9722 25.0165 7.4
    endloop
  endfacet
  facet normal 0 0 1
    outer loop
      vertex 19.7151 23.7616 7.4
      vertex 18.0984 23.0919 7.4
      vertex 18.2719 22.74 7.4
    endloop
  endfacet
  facet normal 0 0 1
    outer loop
      vertex 19.6307 24.4032 7.4
      vertex 17.8957 24.6316 7.4
      vertex 19.62 24.24 7.4
    endloop
  endfacet
  facet normal 0 0 1
    outer loop
      vertex 19.6626 23.9165 7.4
      vertex 17.9722 23.4635 7.4
      vertex 18.0984 23.0919 7.4
    endloop
  endfacet
  facet normal 0 0 1
    outer loop
      vertex 17.87 24.24 7.4
      vertex 19.62 24.24 7.4
      vertex 17.8957 24.6316 7.4
    endloop
  endfacet
  facet normal 0 0 1
    outer loop
      vertex 19.6307 24.0768 7.4
      vertex 17.8957 23.8484 7.4
      vertex 17.9722 23.4635 7.4
    endloop
  endfacet
  facet normal 0 0 1
    outer loop
      vertex 19.62 24.24 7.4
      vertex 17.87 24.24 7.4
      vertex 17.8957 23.8484 7.4
    endloop
  endfacet
  facet normal -0.997853 0.0654873 0
    outer loop
      vertex 17.87 24.24 2.4
      vertex 17.8957 24.6316 7.4
      vertex 17.8957 24.6316 2.4
    endloop
  endfacet
  facet normal -0.997853 0.0654873 0
    outer loop
      vertex 17.8957 24.6316 7.4
      vertex 17.87 24.24 2.4
      vertex 17.87 24.24 7.4
    endloop
  endfacet
  facet normal 0.997853 -0.0654873 0
    outer loop
      vertex 23.8443 23.8484 7.4
      vertex 23.87 24.24 2.4
      vertex 23.87 24.24 7.4
    endloop
  endfacet
  facet normal 0.997853 -0.0654873 0
    outer loop
      vertex 23.87 24.24 2.4
      vertex 23.8443 23.8484 7.4
      vertex 23.8443 23.8484 2.4
    endloop
  endfacet
  facet normal 0.659478 -0.751724 0
    outer loop
      vertex 22.6963 21.8599 2.4
      vertex 22.9913 22.1187 7.4
      vertex 22.6963 21.8599 7.4
    endloop
  endfacet
  facet normal 0.659478 -0.751724 0
    outer loop
      vertex 22.9913 22.1187 7.4
      vertex 22.6963 21.8599 2.4
      vertex 22.9913 22.1187 2.4
    endloop
  endfacet
  facet normal -0.896911 -0.442211 0
    outer loop
      vertex 18.2719 22.74 2.4
      vertex 18.0984 23.0919 7.4
      vertex 18.0984 23.0919 2.4
    endloop
  endfacet
  facet normal -0.896911 -0.442211 0
    outer loop
      vertex 18.0984 23.0919 7.4
      vertex 18.2719 22.74 2.4
      vertex 18.2719 22.74 7.4
    endloop
  endfacet
  facet normal -0.751724 -0.659478 0
    outer loop
      vertex 18.7487 22.1187 2.4
      vertex 18.4899 22.4137 7.4
      vertex 18.4899 22.4137 2.4
    endloop
  endfacet
  facet normal -0.751724 -0.659478 0
    outer loop
      vertex 18.4899 22.4137 7.4
      vertex 18.7487 22.1187 2.4
      vertex 18.7487 22.1187 7.4
    endloop
  endfacet
  facet normal 0.555523 0.831501 -0
    outer loop
      vertex 37.9363 77.4201 2.4
      vertex 37.61 77.6381 7.4
      vertex 37.9363 77.4201 7.4
    endloop
  endfacet
  facet normal 0.555523 0.831501 0
    outer loop
      vertex 37.61 77.6381 7.4
      vertex 37.9363 77.4201 2.4
      vertex 37.61 77.6381 2.4
    endloop
  endfacet
  facet normal 0.980815 -0.19494 0
    outer loop
      vertex 39.0078 74.2635 7.4
      vertex 39.0843 74.6484 2.4
      vertex 39.0843 74.6484 7.4
    endloop
  endfacet
  facet normal 0.980815 -0.19494 0
    outer loop
      vertex 39.0843 74.6484 2.4
      vertex 39.0078 74.2635 7.4
      vertex 39.0078 74.2635 2.4
    endloop
  endfacet
  facet normal -0.19494 -0.980815 0
    outer loop
      vertex 35.3335 72.1422 2.4
      vertex 35.7184 72.0657 7.4
      vertex 35.3335 72.1422 7.4
    endloop
  endfacet
  facet normal -0.19494 -0.980815 -0
    outer loop
      vertex 35.7184 72.0657 7.4
      vertex 35.3335 72.1422 2.4
      vertex 35.7184 72.0657 2.4
    endloop
  endfacet
  facet normal -0.442211 0.896911 0
    outer loop
      vertex 34.9619 77.8116 2.4
      vertex 34.61 77.6381 7.4
      vertex 34.9619 77.8116 7.4
    endloop
  endfacet
  facet normal -0.442211 0.896911 0
    outer loop
      vertex 34.61 77.6381 7.4
      vertex 34.9619 77.8116 2.4
      vertex 34.61 77.6381 2.4
    endloop
  endfacet
  facet normal -0.946858 0.321651 0
    outer loop
      vertex 33.2122 75.8165 2.4
      vertex 33.3384 76.188 7.4
      vertex 33.3384 76.188 2.4
    endloop
  endfacet
  facet normal -0.946858 0.321651 0
    outer loop
      vertex 33.3384 76.188 7.4
      vertex 33.2122 75.8165 2.4
      vertex 33.2122 75.8165 7.4
    endloop
  endfacet
  facet normal 0.896961 0.44211 0
    outer loop
      vertex 38.8816 76.188 7.4
      vertex 38.7081 76.54 2.4
      vertex 38.7081 76.54 7.4
    endloop
  endfacet
  facet normal 0.896961 0.44211 0
    outer loop
      vertex 38.7081 76.54 2.4
      vertex 38.8816 76.188 7.4
      vertex 38.8816 76.188 2.4
    endloop
  endfacet
  facet normal 0.831501 0.555523 0
    outer loop
      vertex 38.7081 76.54 7.4
      vertex 38.4901 76.8663 2.4
      vertex 38.4901 76.8663 7.4
    endloop
  endfacet
  facet normal 0.831501 0.555523 0
    outer loop
      vertex 38.4901 76.8663 2.4
      vertex 38.7081 76.54 7.4
      vertex 38.7081 76.54 2.4
    endloop
  endfacet
  facet normal 0.321651 0.946858 -0
    outer loop
      vertex 37.258 77.8116 2.4
      vertex 36.8865 77.9378 7.4
      vertex 37.258 77.8116 7.4
    endloop
  endfacet
  facet normal 0.321651 0.946858 0
    outer loop
      vertex 36.8865 77.9378 7.4
      vertex 37.258 77.8116 2.4
      vertex 36.8865 77.9378 2.4
    endloop
  endfacet
  facet normal -0.0654873 0.997853 0
    outer loop
      vertex 36.11 78.04 2.4
      vertex 35.7184 78.0143 7.4
      vertex 36.11 78.04 7.4
    endloop
  endfacet
  facet normal -0.0654873 0.997853 0
    outer loop
      vertex 35.7184 78.0143 7.4
      vertex 36.11 78.04 2.4
      vertex 35.7184 78.0143 2.4
    endloop
  endfacet
  facet normal -0.997853 0.0654873 0
    outer loop
      vertex 33.11 75.04 2.4
      vertex 33.1357 75.4316 7.4
      vertex 33.1357 75.4316 2.4
    endloop
  endfacet
  facet normal -0.997853 0.0654873 0
    outer loop
      vertex 33.1357 75.4316 7.4
      vertex 33.11 75.04 2.4
      vertex 33.11 75.04 7.4
    endloop
  endfacet
  facet normal -0.831501 0.555523 0
    outer loop
      vertex 33.5119 76.54 2.4
      vertex 33.7299 76.8663 7.4
      vertex 33.7299 76.8663 2.4
    endloop
  endfacet
  facet normal -0.831501 0.555523 0
    outer loop
      vertex 33.7299 76.8663 7.4
      vertex 33.5119 76.54 2.4
      vertex 33.5119 76.54 7.4
    endloop
  endfacet
  facet normal -0.321574 0.946885 0
    outer loop
      vertex 35.3335 77.9378 2.4
      vertex 34.9619 77.8116 7.4
      vertex 35.3335 77.9378 7.4
    endloop
  endfacet
  facet normal -0.321574 0.946885 0
    outer loop
      vertex 34.9619 77.8116 7.4
      vertex 35.3335 77.9378 2.4
      vertex 34.9619 77.8116 2.4
    endloop
  endfacet
  facet normal -0.751724 0.659478 0
    outer loop
      vertex 33.7299 76.8663 2.4
      vertex 33.9887 77.1613 7.4
      vertex 33.9887 77.1613 2.4
    endloop
  endfacet
  facet normal -0.751724 0.659478 0
    outer loop
      vertex 33.9887 77.1613 7.4
      vertex 33.7299 76.8663 2.4
      vertex 33.7299 76.8663 7.4
    endloop
  endfacet
  facet normal 0.997853 -0.0654873 0
    outer loop
      vertex 39.0843 74.6484 7.4
      vertex 39.11 75.04 2.4
      vertex 39.11 75.04 7.4
    endloop
  endfacet
  facet normal 0.997853 -0.0654873 0
    outer loop
      vertex 39.11 75.04 2.4
      vertex 39.0843 74.6484 7.4
      vertex 39.0843 74.6484 2.4
    endloop
  endfacet
  facet normal 0.44211 -0.896961 0
    outer loop
      vertex 37.258 72.2684 2.4
      vertex 37.61 72.4419 7.4
      vertex 37.258 72.2684 7.4
    endloop
  endfacet
  facet normal 0.44211 -0.896961 0
    outer loop
      vertex 37.61 72.4419 7.4
      vertex 37.258 72.2684 2.4
      vertex 37.61 72.4419 2.4
    endloop
  endfacet
  facet normal 0.555523 -0.831501 0
    outer loop
      vertex 37.61 72.4419 2.4
      vertex 37.9363 72.6599 7.4
      vertex 37.61 72.4419 7.4
    endloop
  endfacet
  facet normal 0.555523 -0.831501 0
    outer loop
      vertex 37.9363 72.6599 7.4
      vertex 37.61 72.4419 2.4
      vertex 37.9363 72.6599 2.4
    endloop
  endfacet
  facet normal 0.831501 -0.555523 0
    outer loop
      vertex 38.4901 73.2137 7.4
      vertex 38.7081 73.54 2.4
      vertex 38.7081 73.54 7.4
    endloop
  endfacet
  facet normal 0.831501 -0.555523 0
    outer loop
      vertex 38.7081 73.54 2.4
      vertex 38.4901 73.2137 7.4
      vertex 38.4901 73.2137 2.4
    endloop
  endfacet
  facet normal -0.0654873 -0.997853 0
    outer loop
      vertex 35.7184 72.0657 2.4
      vertex 36.11 72.04 7.4
      vertex 35.7184 72.0657 7.4
    endloop
  endfacet
  facet normal -0.0654873 -0.997853 -0
    outer loop
      vertex 36.11 72.04 7.4
      vertex 35.7184 72.0657 2.4
      vertex 36.11 72.04 2.4
    endloop
  endfacet
  facet normal -0.555523 -0.831501 0
    outer loop
      vertex 34.2837 72.6599 2.4
      vertex 34.61 72.4419 7.4
      vertex 34.2837 72.6599 7.4
    endloop
  endfacet
  facet normal -0.555523 -0.831501 -0
    outer loop
      vertex 34.61 72.4419 7.4
      vertex 34.2837 72.6599 2.4
      vertex 34.61 72.4419 2.4
    endloop
  endfacet
  facet normal -0.980815 -0.19494 0
    outer loop
      vertex 33.2122 74.2635 2.4
      vertex 33.1357 74.6484 7.4
      vertex 33.1357 74.6484 2.4
    endloop
  endfacet
  facet normal -0.980815 -0.19494 0
    outer loop
      vertex 33.1357 74.6484 7.4
      vertex 33.2122 74.2635 2.4
      vertex 33.2122 74.2635 7.4
    endloop
  endfacet
  facet normal -0.659478 -0.751724 0
    outer loop
      vertex 33.9887 72.9187 2.4
      vertex 34.2837 72.6599 7.4
      vertex 33.9887 72.9187 7.4
    endloop
  endfacet
  facet normal -0.659478 -0.751724 -0
    outer loop
      vertex 34.2837 72.6599 7.4
      vertex 33.9887 72.9187 2.4
      vertex 34.2837 72.6599 2.4
    endloop
  endfacet
  facet normal 0.946858 0.321651 0
    outer loop
      vertex 39.0078 75.8165 7.4
      vertex 38.8816 76.188 2.4
      vertex 38.8816 76.188 7.4
    endloop
  endfacet
  facet normal 0.946858 0.321651 0
    outer loop
      vertex 38.8816 76.188 2.4
      vertex 39.0078 75.8165 7.4
      vertex 39.0078 75.8165 2.4
    endloop
  endfacet
  facet normal 0.751724 0.659478 0
    outer loop
      vertex 38.4901 76.8663 7.4
      vertex 38.2313 77.1613 2.4
      vertex 38.2313 77.1613 7.4
    endloop
  endfacet
  facet normal 0.751724 0.659478 0
    outer loop
      vertex 38.2313 77.1613 2.4
      vertex 38.4901 76.8663 7.4
      vertex 38.4901 76.8663 2.4
    endloop
  endfacet
  facet normal 0.659478 0.751724 -0
    outer loop
      vertex 38.2313 77.1613 2.4
      vertex 37.9363 77.4201 7.4
      vertex 38.2313 77.1613 7.4
    endloop
  endfacet
  facet normal 0.659478 0.751724 0
    outer loop
      vertex 37.9363 77.4201 7.4
      vertex 38.2313 77.1613 2.4
      vertex 37.9363 77.4201 2.4
    endloop
  endfacet
  facet normal 0.44211 0.896961 -0
    outer loop
      vertex 37.61 77.6381 2.4
      vertex 37.258 77.8116 7.4
      vertex 37.61 77.6381 7.4
    endloop
  endfacet
  facet normal 0.44211 0.896961 0
    outer loop
      vertex 37.258 77.8116 7.4
      vertex 37.61 77.6381 2.4
      vertex 37.258 77.8116 2.4
    endloop
  endfacet
  facet normal 0.19494 0.980815 -0
    outer loop
      vertex 36.8865 77.9378 2.4
      vertex 36.5016 78.0143 7.4
      vertex 36.8865 77.9378 7.4
    endloop
  endfacet
  facet normal 0.19494 0.980815 0
    outer loop
      vertex 36.5016 78.0143 7.4
      vertex 36.8865 77.9378 2.4
      vertex 36.5016 78.0143 2.4
    endloop
  endfacet
  facet normal 0.0654873 0.997853 -0
    outer loop
      vertex 36.5016 78.0143 2.4
      vertex 36.11 78.04 7.4
      vertex 36.5016 78.0143 7.4
    endloop
  endfacet
  facet normal 0.0654873 0.997853 0
    outer loop
      vertex 36.11 78.04 7.4
      vertex 36.5016 78.0143 2.4
      vertex 36.11 78.04 2.4
    endloop
  endfacet
  facet normal -0.997853 -0.0654873 0
    outer loop
      vertex 33.1357 74.6484 2.4
      vertex 33.11 75.04 7.4
      vertex 33.11 75.04 2.4
    endloop
  endfacet
  facet normal -0.997853 -0.0654873 0
    outer loop
      vertex 33.11 75.04 7.4
      vertex 33.1357 74.6484 2.4
      vertex 33.1357 74.6484 7.4
    endloop
  endfacet
  facet normal -0.980815 0.19494 0
    outer loop
      vertex 33.1357 75.4316 2.4
      vertex 33.2122 75.8165 7.4
      vertex 33.2122 75.8165 2.4
    endloop
  endfacet
  facet normal -0.980815 0.19494 0
    outer loop
      vertex 33.2122 75.8165 7.4
      vertex 33.1357 75.4316 2.4
      vertex 33.1357 75.4316 7.4
    endloop
  endfacet
  facet normal -0.896961 0.44211 0
    outer loop
      vertex 33.3384 76.188 2.4
      vertex 33.5119 76.54 7.4
      vertex 33.5119 76.54 2.4
    endloop
  endfacet
  facet normal -0.896961 0.44211 0
    outer loop
      vertex 33.5119 76.54 7.4
      vertex 33.3384 76.188 2.4
      vertex 33.3384 76.188 7.4
    endloop
  endfacet
  facet normal -0.19494 0.980815 0
    outer loop
      vertex 35.7184 78.0143 2.4
      vertex 35.3335 77.9378 7.4
      vertex 35.7184 78.0143 7.4
    endloop
  endfacet
  facet normal -0.19494 0.980815 0
    outer loop
      vertex 35.3335 77.9378 7.4
      vertex 35.7184 78.0143 2.4
      vertex 35.3335 77.9378 2.4
    endloop
  endfacet
  facet normal -0.659478 0.751724 0
    outer loop
      vertex 34.2837 77.4201 2.4
      vertex 33.9887 77.1613 7.4
      vertex 34.2837 77.4201 7.4
    endloop
  endfacet
  facet normal -0.659478 0.751724 0
    outer loop
      vertex 33.9887 77.1613 7.4
      vertex 34.2837 77.4201 2.4
      vertex 33.9887 77.1613 2.4
    endloop
  endfacet
  facet normal -0.555523 0.831501 0
    outer loop
      vertex 34.61 77.6381 2.4
      vertex 34.2837 77.4201 7.4
      vertex 34.61 77.6381 7.4
    endloop
  endfacet
  facet normal -0.555523 0.831501 0
    outer loop
      vertex 34.2837 77.4201 7.4
      vertex 34.61 77.6381 2.4
      vertex 34.2837 77.4201 2.4
    endloop
  endfacet
  facet normal 0.997853 0.0654873 0
    outer loop
      vertex 39.11 75.04 7.4
      vertex 39.0843 75.4316 2.4
      vertex 39.0843 75.4316 7.4
    endloop
  endfacet
  facet normal 0.997853 0.0654873 0
    outer loop
      vertex 39.0843 75.4316 2.4
      vertex 39.11 75.04 7.4
      vertex 39.11 75.04 2.4
    endloop
  endfacet
  facet normal 0.19494 -0.980815 0
    outer loop
      vertex 36.5016 72.0657 2.4
      vertex 36.8865 72.1422 7.4
      vertex 36.5016 72.0657 7.4
    endloop
  endfacet
  facet normal 0.19494 -0.980815 0
    outer loop
      vertex 36.8865 72.1422 7.4
      vertex 36.5016 72.0657 2.4
      vertex 36.8865 72.1422 2.4
    endloop
  endfacet
  facet normal 0.321651 -0.946858 0
    outer loop
      vertex 36.8865 72.1422 2.4
      vertex 37.258 72.2684 7.4
      vertex 36.8865 72.1422 7.4
    endloop
  endfacet
  facet normal 0.321651 -0.946858 0
    outer loop
      vertex 37.258 72.2684 7.4
      vertex 36.8865 72.1422 2.4
      vertex 37.258 72.2684 2.4
    endloop
  endfacet
  facet normal 0.659478 -0.751724 0
    outer loop
      vertex 37.9363 72.6599 2.4
      vertex 38.2313 72.9187 7.4
      vertex 37.9363 72.6599 7.4
    endloop
  endfacet
  facet normal 0.659478 -0.751724 0
    outer loop
      vertex 38.2313 72.9187 7.4
      vertex 37.9363 72.6599 2.4
      vertex 38.2313 72.9187 2.4
    endloop
  endfacet
  facet normal 0.946858 -0.321651 0
    outer loop
      vertex 38.8816 73.892 7.4
      vertex 39.0078 74.2635 2.4
      vertex 39.0078 74.2635 7.4
    endloop
  endfacet
  facet normal 0.946858 -0.321651 0
    outer loop
      vertex 39.0078 74.2635 2.4
      vertex 38.8816 73.892 7.4
      vertex 38.8816 73.892 2.4
    endloop
  endfacet
  facet normal 0.0654873 -0.997853 0
    outer loop
      vertex 36.11 72.04 2.4
      vertex 36.5016 72.0657 7.4
      vertex 36.11 72.04 7.4
    endloop
  endfacet
  facet normal 0.0654873 -0.997853 0
    outer loop
      vertex 36.5016 72.0657 7.4
      vertex 36.11 72.04 2.4
      vertex 36.5016 72.0657 2.4
    endloop
  endfacet
  facet normal -0.442211 -0.896911 0
    outer loop
      vertex 34.61 72.4419 2.4
      vertex 34.9619 72.2684 7.4
      vertex 34.61 72.4419 7.4
    endloop
  endfacet
  facet normal -0.442211 -0.896911 -0
    outer loop
      vertex 34.9619 72.2684 7.4
      vertex 34.61 72.4419 2.4
      vertex 34.9619 72.2684 2.4
    endloop
  endfacet
  facet normal -0.946858 -0.321651 0
    outer loop
      vertex 33.3384 73.892 2.4
      vertex 33.2122 74.2635 7.4
      vertex 33.2122 74.2635 2.4
    endloop
  endfacet
  facet normal -0.946858 -0.321651 0
    outer loop
      vertex 33.2122 74.2635 7.4
      vertex 33.3384 73.892 2.4
      vertex 33.3384 73.892 7.4
    endloop
  endfacet
  facet normal -0.831501 -0.555523 0
    outer loop
      vertex 33.7299 73.2137 2.4
      vertex 33.5119 73.54 7.4
      vertex 33.5119 73.54 2.4
    endloop
  endfacet
  facet normal -0.831501 -0.555523 0
    outer loop
      vertex 33.5119 73.54 7.4
      vertex 33.7299 73.2137 2.4
      vertex 33.7299 73.2137 7.4
    endloop
  endfacet
  facet normal 0.980815 0.19494 0
    outer loop
      vertex 39.0843 75.4316 7.4
      vertex 39.0078 75.8165 2.4
      vertex 39.0078 75.8165 7.4
    endloop
  endfacet
  facet normal 0.980815 0.19494 0
    outer loop
      vertex 39.0078 75.8165 2.4
      vertex 39.0843 75.4316 7.4
      vertex 39.0843 75.4316 2.4
    endloop
  endfacet
  facet normal 0 0 1
    outer loop
      vertex 37.36 75.04 7.4
      vertex 39.11 75.04 7.4
      vertex 39.0843 75.4316 7.4
    endloop
  endfacet
  facet normal 0 0 1
    outer loop
      vertex 37.3493 75.2032 7.4
      vertex 39.0843 75.4316 7.4
      vertex 39.0078 75.8165 7.4
    endloop
  endfacet
  facet normal 0 0 1
    outer loop
      vertex 39.11 75.04 7.4
      vertex 37.36 75.04 7.4
      vertex 39.0843 74.6484 7.4
    endloop
  endfacet
  facet normal 0 0 1
    outer loop
      vertex 37.3174 75.3635 7.4
      vertex 39.0078 75.8165 7.4
      vertex 38.8816 76.188 7.4
    endloop
  endfacet
  facet normal -0 0 1
    outer loop
      vertex 37.3493 74.8768 7.4
      vertex 39.0843 74.6484 7.4
      vertex 37.36 75.04 7.4
    endloop
  endfacet
  facet normal 0 0 1
    outer loop
      vertex 37.2648 75.5184 7.4
      vertex 38.8816 76.188 7.4
      vertex 38.7081 76.54 7.4
    endloop
  endfacet
  facet normal 0 0 1
    outer loop
      vertex 39.0843 74.6484 7.4
      vertex 37.3493 74.8768 7.4
      vertex 39.0078 74.2635 7.4
    endloop
  endfacet
  facet normal 0 0 1
    outer loop
      vertex 37.1925 75.665 7.4
      vertex 38.7081 76.54 7.4
      vertex 38.4901 76.8663 7.4
    endloop
  endfacet
  facet normal -0 0 1
    outer loop
      vertex 37.3174 74.7165 7.4
      vertex 39.0078 74.2635 7.4
      vertex 37.3493 74.8768 7.4
    endloop
  endfacet
  facet normal 0 0 1
    outer loop
      vertex 37.1017 75.8009 7.4
      vertex 38.4901 76.8663 7.4
      vertex 38.2313 77.1613 7.4
    endloop
  endfacet
  facet normal 0 0 1
    outer loop
      vertex 39.0078 74.2635 7.4
      vertex 37.3174 74.7165 7.4
      vertex 38.8816 73.892 7.4
    endloop
  endfacet
  facet normal 0 0 1
    outer loop
      vertex 36.9939 75.9239 7.4
      vertex 38.2313 77.1613 7.4
      vertex 37.9363 77.4201 7.4
    endloop
  endfacet
  facet normal -0 0 1
    outer loop
      vertex 37.2648 74.5616 7.4
      vertex 38.8816 73.892 7.4
      vertex 37.3174 74.7165 7.4
    endloop
  endfacet
  facet normal 0 0 1
    outer loop
      vertex 36.871 76.0317 7.4
      vertex 37.9363 77.4201 7.4
      vertex 37.61 77.6381 7.4
    endloop
  endfacet
  facet normal 0 0 1
    outer loop
      vertex 38.8816 73.892 7.4
      vertex 37.2648 74.5616 7.4
      vertex 38.7081 73.54 7.4
    endloop
  endfacet
  facet normal -0 0 1
    outer loop
      vertex 37.1925 74.415 7.4
      vertex 38.7081 73.54 7.4
      vertex 37.2648 74.5616 7.4
    endloop
  endfacet
  facet normal 0 0 1
    outer loop
      vertex 39.0843 75.4316 7.4
      vertex 37.3493 75.2032 7.4
      vertex 37.36 75.04 7.4
    endloop
  endfacet
  facet normal 0 0 1
    outer loop
      vertex 39.0078 75.8165 7.4
      vertex 37.3174 75.3635 7.4
      vertex 37.3493 75.2032 7.4
    endloop
  endfacet
  facet normal 0 0 1
    outer loop
      vertex 38.8816 76.188 7.4
      vertex 37.2648 75.5184 7.4
      vertex 37.3174 75.3635 7.4
    endloop
  endfacet
  facet normal 0 0 1
    outer loop
      vertex 36.735 76.1225 7.4
      vertex 37.61 77.6381 7.4
      vertex 37.258 77.8116 7.4
    endloop
  endfacet
  facet normal 0 0 1
    outer loop
      vertex 38.7081 76.54 7.4
      vertex 37.1925 75.665 7.4
      vertex 37.2648 75.5184 7.4
    endloop
  endfacet
  facet normal 0 0 1
    outer loop
      vertex 38.4901 76.8663 7.4
      vertex 37.1017 75.8009 7.4
      vertex 37.1925 75.665 7.4
    endloop
  endfacet
  facet normal 0 0 1
    outer loop
      vertex 38.2313 77.1613 7.4
      vertex 36.9939 75.9239 7.4
      vertex 37.1017 75.8009 7.4
    endloop
  endfacet
  facet normal 0 0 1
    outer loop
      vertex 36.5884 76.1948 7.4
      vertex 37.258 77.8116 7.4
      vertex 36.8865 77.9378 7.4
    endloop
  endfacet
  facet normal 0 0 1
    outer loop
      vertex 37.9363 77.4201 7.4
      vertex 36.871 76.0317 7.4
      vertex 36.9939 75.9239 7.4
    endloop
  endfacet
  facet normal 0 0 1
    outer loop
      vertex 37.61 77.6381 7.4
      vertex 36.735 76.1225 7.4
      vertex 36.871 76.0317 7.4
    endloop
  endfacet
  facet normal 0 0 1
    outer loop
      vertex 37.258 77.8116 7.4
      vertex 36.5884 76.1948 7.4
      vertex 36.735 76.1225 7.4
    endloop
  endfacet
  facet normal 0 0 1
    outer loop
      vertex 36.4335 76.2474 7.4
      vertex 36.8865 77.9378 7.4
      vertex 36.5016 78.0143 7.4
    endloop
  endfacet
  facet normal 0 0 1
    outer loop
      vertex 36.8865 77.9378 7.4
      vertex 36.4335 76.2474 7.4
      vertex 36.5884 76.1948 7.4
    endloop
  endfacet
  facet normal 0 0 1
    outer loop
      vertex 36.5016 78.0143 7.4
      vertex 36.2732 76.2793 7.4
      vertex 36.4335 76.2474 7.4
    endloop
  endfacet
  facet normal 0 0 1
    outer loop
      vertex 36.11 78.04 7.4
      vertex 36.2732 76.2793 7.4
      vertex 36.5016 78.0143 7.4
    endloop
  endfacet
  facet normal 0 0 1
    outer loop
      vertex 36.11 78.04 7.4
      vertex 36.11 76.29 7.4
      vertex 36.2732 76.2793 7.4
    endloop
  endfacet
  facet normal 0 0 1
    outer loop
      vertex 36.11 78.04 7.4
      vertex 35.9468 76.2793 7.4
      vertex 36.11 76.29 7.4
    endloop
  endfacet
  facet normal -0 0 1
    outer loop
      vertex 35.7184 78.0143 7.4
      vertex 35.9468 76.2793 7.4
      vertex 36.11 78.04 7.4
    endloop
  endfacet
  facet normal 0 0 1
    outer loop
      vertex 35.9468 76.2793 7.4
      vertex 35.7184 78.0143 7.4
      vertex 35.7865 76.2474 7.4
    endloop
  endfacet
  facet normal -0 0 1
    outer loop
      vertex 35.3335 77.9378 7.4
      vertex 35.7865 76.2474 7.4
      vertex 35.7184 78.0143 7.4
    endloop
  endfacet
  facet normal 0 0 1
    outer loop
      vertex 35.7865 76.2474 7.4
      vertex 35.3335 77.9378 7.4
      vertex 35.6316 76.1948 7.4
    endloop
  endfacet
  facet normal -0 0 1
    outer loop
      vertex 34.9619 77.8116 7.4
      vertex 35.6316 76.1948 7.4
      vertex 35.3335 77.9378 7.4
    endloop
  endfacet
  facet normal 0 0 1
    outer loop
      vertex 35.6316 76.1948 7.4
      vertex 34.9619 77.8116 7.4
      vertex 35.485 76.1225 7.4
    endloop
  endfacet
  facet normal -0 0 1
    outer loop
      vertex 34.61 77.6381 7.4
      vertex 35.485 76.1225 7.4
      vertex 34.9619 77.8116 7.4
    endloop
  endfacet
  facet normal 0 0 1
    outer loop
      vertex 35.485 76.1225 7.4
      vertex 34.61 77.6381 7.4
      vertex 35.349 76.0317 7.4
    endloop
  endfacet
  facet normal -0 0 1
    outer loop
      vertex 34.2837 77.4201 7.4
      vertex 35.349 76.0317 7.4
      vertex 34.61 77.6381 7.4
    endloop
  endfacet
  facet normal 0 0 1
    outer loop
      vertex 35.349 76.0317 7.4
      vertex 34.2837 77.4201 7.4
      vertex 35.2261 75.9239 7.4
    endloop
  endfacet
  facet normal -0 0 1
    outer loop
      vertex 33.9887 77.1613 7.4
      vertex 35.2261 75.9239 7.4
      vertex 34.2837 77.4201 7.4
    endloop
  endfacet
  facet normal 0 0 1
    outer loop
      vertex 35.2261 75.9239 7.4
      vertex 33.9887 77.1613 7.4
      vertex 35.1183 75.8009 7.4
    endloop
  endfacet
  facet normal -0 0 1
    outer loop
      vertex 33.7299 76.8663 7.4
      vertex 35.1183 75.8009 7.4
      vertex 33.9887 77.1613 7.4
    endloop
  endfacet
  facet normal 0 0 1
    outer loop
      vertex 35.1183 75.8009 7.4
      vertex 33.7299 76.8663 7.4
      vertex 35.0275 75.665 7.4
    endloop
  endfacet
  facet normal -0 0 1
    outer loop
      vertex 33.5119 76.54 7.4
      vertex 35.0275 75.665 7.4
      vertex 33.7299 76.8663 7.4
    endloop
  endfacet
  facet normal 0 0 1
    outer loop
      vertex 38.7081 73.54 7.4
      vertex 37.1925 74.415 7.4
      vertex 38.4901 73.2137 7.4
    endloop
  endfacet
  facet normal -0 0 1
    outer loop
      vertex 37.1017 74.279 7.4
      vertex 38.4901 73.2137 7.4
      vertex 37.1925 74.415 7.4
    endloop
  endfacet
  facet normal 0 0 1
    outer loop
      vertex 38.4901 73.2137 7.4
      vertex 37.1017 74.279 7.4
      vertex 38.2313 72.9187 7.4
    endloop
  endfacet
  facet normal -0 0 1
    outer loop
      vertex 36.9939 74.1561 7.4
      vertex 38.2313 72.9187 7.4
      vertex 37.1017 74.279 7.4
    endloop
  endfacet
  facet normal 0 0 1
    outer loop
      vertex 38.2313 72.9187 7.4
      vertex 36.9939 74.1561 7.4
      vertex 37.9363 72.6599 7.4
    endloop
  endfacet
  facet normal -0 0 1
    outer loop
      vertex 36.871 74.0483 7.4
      vertex 37.9363 72.6599 7.4
      vertex 36.9939 74.1561 7.4
    endloop
  endfacet
  facet normal 0 0 1
    outer loop
      vertex 37.9363 72.6599 7.4
      vertex 36.871 74.0483 7.4
      vertex 37.61 72.4419 7.4
    endloop
  endfacet
  facet normal -0 0 1
    outer loop
      vertex 36.735 73.9575 7.4
      vertex 37.61 72.4419 7.4
      vertex 36.871 74.0483 7.4
    endloop
  endfacet
  facet normal 0 0 1
    outer loop
      vertex 37.61 72.4419 7.4
      vertex 36.735 73.9575 7.4
      vertex 37.258 72.2684 7.4
    endloop
  endfacet
  facet normal -0 0 1
    outer loop
      vertex 36.5884 73.8851 7.4
      vertex 37.258 72.2684 7.4
      vertex 36.735 73.9575 7.4
    endloop
  endfacet
  facet normal 0 0 1
    outer loop
      vertex 37.258 72.2684 7.4
      vertex 36.5884 73.8851 7.4
      vertex 36.8865 72.1422 7.4
    endloop
  endfacet
  facet normal -0 0 1
    outer loop
      vertex 36.4335 73.8326 7.4
      vertex 36.8865 72.1422 7.4
      vertex 36.5884 73.8851 7.4
    endloop
  endfacet
  facet normal 0 0 1
    outer loop
      vertex 36.8865 72.1422 7.4
      vertex 36.4335 73.8326 7.4
      vertex 36.5016 72.0657 7.4
    endloop
  endfacet
  facet normal -0 0 1
    outer loop
      vertex 36.2732 73.8007 7.4
      vertex 36.5016 72.0657 7.4
      vertex 36.4335 73.8326 7.4
    endloop
  endfacet
  facet normal -0 0 1
    outer loop
      vertex 36.11 73.79 7.4
      vertex 36.5016 72.0657 7.4
      vertex 36.2732 73.8007 7.4
    endloop
  endfacet
  facet normal 0 0 1
    outer loop
      vertex 36.11 73.79 7.4
      vertex 36.11 72.04 7.4
      vertex 36.5016 72.0657 7.4
    endloop
  endfacet
  facet normal 0 0 1
    outer loop
      vertex 35.9468 73.8007 7.4
      vertex 36.11 72.04 7.4
      vertex 36.11 73.79 7.4
    endloop
  endfacet
  facet normal 0 0 1
    outer loop
      vertex 35.7184 72.0657 7.4
      vertex 35.9468 73.8007 7.4
      vertex 35.7865 73.8326 7.4
    endloop
  endfacet
  facet normal 0 0 1
    outer loop
      vertex 35.9468 73.8007 7.4
      vertex 35.7184 72.0657 7.4
      vertex 36.11 72.04 7.4
    endloop
  endfacet
  facet normal 0 0 1
    outer loop
      vertex 35.3335 72.1422 7.4
      vertex 35.7865 73.8326 7.4
      vertex 35.6316 73.8851 7.4
    endloop
  endfacet
  facet normal 0 0 1
    outer loop
      vertex 34.9619 72.2684 7.4
      vertex 35.6316 73.8851 7.4
      vertex 35.485 73.9575 7.4
    endloop
  endfacet
  facet normal 0 0 1
    outer loop
      vertex 34.61 72.4419 7.4
      vertex 35.485 73.9575 7.4
      vertex 35.349 74.0483 7.4
    endloop
  endfacet
  facet normal 0 0 1
    outer loop
      vertex 35.7865 73.8326 7.4
      vertex 35.3335 72.1422 7.4
      vertex 35.7184 72.0657 7.4
    endloop
  endfacet
  facet normal 0 0 1
    outer loop
      vertex 34.2837 72.6599 7.4
      vertex 35.349 74.0483 7.4
      vertex 35.2261 74.1561 7.4
    endloop
  endfacet
  facet normal 0 0 1
    outer loop
      vertex 33.9887 72.9187 7.4
      vertex 35.2261 74.1561 7.4
      vertex 35.1183 74.279 7.4
    endloop
  endfacet
  facet normal 0 0 1
    outer loop
      vertex 33.7299 73.2137 7.4
      vertex 35.1183 74.279 7.4
      vertex 35.0275 74.415 7.4
    endloop
  endfacet
  facet normal 0 0 1
    outer loop
      vertex 35.6316 73.8851 7.4
      vertex 34.9619 72.2684 7.4
      vertex 35.3335 72.1422 7.4
    endloop
  endfacet
  facet normal 0 0 1
    outer loop
      vertex 33.5119 73.54 7.4
      vertex 35.0275 74.415 7.4
      vertex 34.9552 74.5616 7.4
    endloop
  endfacet
  facet normal 0 0 1
    outer loop
      vertex 33.3384 73.892 7.4
      vertex 34.9552 74.5616 7.4
      vertex 34.9026 74.7165 7.4
    endloop
  endfacet
  facet normal 0 0 1
    outer loop
      vertex 33.2122 74.2635 7.4
      vertex 34.9026 74.7165 7.4
      vertex 34.8707 74.8768 7.4
    endloop
  endfacet
  facet normal 0 0 1
    outer loop
      vertex 33.1357 74.6484 7.4
      vertex 34.8707 74.8768 7.4
      vertex 34.86 75.04 7.4
    endloop
  endfacet
  facet normal 0 0 1
    outer loop
      vertex 35.0275 75.665 7.4
      vertex 33.5119 76.54 7.4
      vertex 34.9552 75.5184 7.4
    endloop
  endfacet
  facet normal 0 0 1
    outer loop
      vertex 35.485 73.9575 7.4
      vertex 34.61 72.4419 7.4
      vertex 34.9619 72.2684 7.4
    endloop
  endfacet
  facet normal -0 0 1
    outer loop
      vertex 33.3384 76.188 7.4
      vertex 34.9552 75.5184 7.4
      vertex 33.5119 76.54 7.4
    endloop
  endfacet
  facet normal 0 0 1
    outer loop
      vertex 35.349 74.0483 7.4
      vertex 34.2837 72.6599 7.4
      vertex 34.61 72.4419 7.4
    endloop
  endfacet
  facet normal 0 0 1
    outer loop
      vertex 34.9552 75.5184 7.4
      vertex 33.3384 76.188 7.4
      vertex 34.9026 75.3635 7.4
    endloop
  endfacet
  facet normal 0 0 1
    outer loop
      vertex 35.2261 74.1561 7.4
      vertex 33.9887 72.9187 7.4
      vertex 34.2837 72.6599 7.4
    endloop
  endfacet
  facet normal -0 0 1
    outer loop
      vertex 33.2122 75.8165 7.4
      vertex 34.9026 75.3635 7.4
      vertex 33.3384 76.188 7.4
    endloop
  endfacet
  facet normal 0 0 1
    outer loop
      vertex 35.1183 74.279 7.4
      vertex 33.7299 73.2137 7.4
      vertex 33.9887 72.9187 7.4
    endloop
  endfacet
  facet normal 0 0 1
    outer loop
      vertex 34.9026 75.3635 7.4
      vertex 33.2122 75.8165 7.4
      vertex 34.8707 75.2032 7.4
    endloop
  endfacet
  facet normal 0 0 1
    outer loop
      vertex 35.0275 74.415 7.4
      vertex 33.5119 73.54 7.4
      vertex 33.7299 73.2137 7.4
    endloop
  endfacet
  facet normal -0 0 1
    outer loop
      vertex 33.1357 75.4316 7.4
      vertex 34.8707 75.2032 7.4
      vertex 33.2122 75.8165 7.4
    endloop
  endfacet
  facet normal 0 0 1
    outer loop
      vertex 34.9552 74.5616 7.4
      vertex 33.3384 73.892 7.4
      vertex 33.5119 73.54 7.4
    endloop
  endfacet
  facet normal 0 0 1
    outer loop
      vertex 34.8707 75.2032 7.4
      vertex 33.1357 75.4316 7.4
      vertex 34.86 75.04 7.4
    endloop
  endfacet
  facet normal 0 0 1
    outer loop
      vertex 34.9026 74.7165 7.4
      vertex 33.2122 74.2635 7.4
      vertex 33.3384 73.892 7.4
    endloop
  endfacet
  facet normal 0 0 1
    outer loop
      vertex 33.11 75.04 7.4
      vertex 34.86 75.04 7.4
      vertex 33.1357 75.4316 7.4
    endloop
  endfacet
  facet normal 0 0 1
    outer loop
      vertex 34.8707 74.8768 7.4
      vertex 33.1357 74.6484 7.4
      vertex 33.2122 74.2635 7.4
    endloop
  endfacet
  facet normal 0 0 1
    outer loop
      vertex 34.86 75.04 7.4
      vertex 33.11 75.04 7.4
      vertex 33.1357 74.6484 7.4
    endloop
  endfacet
  facet normal 0.751724 -0.659478 0
    outer loop
      vertex 38.2313 72.9187 7.4
      vertex 38.4901 73.2137 2.4
      vertex 38.4901 73.2137 7.4
    endloop
  endfacet
  facet normal 0.751724 -0.659478 0
    outer loop
      vertex 38.4901 73.2137 2.4
      vertex 38.2313 72.9187 7.4
      vertex 38.2313 72.9187 2.4
    endloop
  endfacet
  facet normal 0.896961 -0.44211 0
    outer loop
      vertex 38.7081 73.54 7.4
      vertex 38.8816 73.892 2.4
      vertex 38.8816 73.892 7.4
    endloop
  endfacet
  facet normal 0.896961 -0.44211 0
    outer loop
      vertex 38.8816 73.892 2.4
      vertex 38.7081 73.54 7.4
      vertex 38.7081 73.54 2.4
    endloop
  endfacet
  facet normal -0.321574 -0.946885 0
    outer loop
      vertex 34.9619 72.2684 2.4
      vertex 35.3335 72.1422 7.4
      vertex 34.9619 72.2684 7.4
    endloop
  endfacet
  facet normal -0.321574 -0.946885 -0
    outer loop
      vertex 35.3335 72.1422 7.4
      vertex 34.9619 72.2684 2.4
      vertex 35.3335 72.1422 2.4
    endloop
  endfacet
  facet normal -0.896961 -0.44211 0
    outer loop
      vertex 33.5119 73.54 2.4
      vertex 33.3384 73.892 7.4
      vertex 33.3384 73.892 2.4
    endloop
  endfacet
  facet normal -0.896961 -0.44211 0
    outer loop
      vertex 33.3384 73.892 7.4
      vertex 33.5119 73.54 2.4
      vertex 33.5119 73.54 7.4
    endloop
  endfacet
  facet normal -0.751724 -0.659478 0
    outer loop
      vertex 33.9887 72.9187 2.4
      vertex 33.7299 73.2137 7.4
      vertex 33.7299 73.2137 2.4
    endloop
  endfacet
  facet normal -0.751724 -0.659478 0
    outer loop
      vertex 33.7299 73.2137 7.4
      vertex 33.9887 72.9187 2.4
      vertex 33.9887 72.9187 7.4
    endloop
  endfacet
  facet normal 0.555523 0.831501 -0
    outer loop
      vertex 65.8763 77.4201 2.4
      vertex 65.55 77.6381 7.4
      vertex 65.8763 77.4201 7.4
    endloop
  endfacet
  facet normal 0.555523 0.831501 0
    outer loop
      vertex 65.55 77.6381 7.4
      vertex 65.8763 77.4201 2.4
      vertex 65.55 77.6381 2.4
    endloop
  endfacet
  facet normal 0.980815 -0.19494 0
    outer loop
      vertex 66.9478 74.2635 7.4
      vertex 67.0243 74.6484 2.4
      vertex 67.0243 74.6484 7.4
    endloop
  endfacet
  facet normal 0.980815 -0.19494 0
    outer loop
      vertex 67.0243 74.6484 2.4
      vertex 66.9478 74.2635 7.4
      vertex 66.9478 74.2635 2.4
    endloop
  endfacet
  facet normal -0.19494 -0.980815 0
    outer loop
      vertex 63.2735 72.1422 2.4
      vertex 63.6584 72.0657 7.4
      vertex 63.2735 72.1422 7.4
    endloop
  endfacet
  facet normal -0.19494 -0.980815 -0
    outer loop
      vertex 63.6584 72.0657 7.4
      vertex 63.2735 72.1422 2.4
      vertex 63.6584 72.0657 2.4
    endloop
  endfacet
  facet normal -0.442211 0.896911 0
    outer loop
      vertex 62.9019 77.8116 2.4
      vertex 62.55 77.6381 7.4
      vertex 62.9019 77.8116 7.4
    endloop
  endfacet
  facet normal -0.442211 0.896911 0
    outer loop
      vertex 62.55 77.6381 7.4
      vertex 62.9019 77.8116 2.4
      vertex 62.55 77.6381 2.4
    endloop
  endfacet
  facet normal -0.946858 0.321651 0
    outer loop
      vertex 61.1522 75.8165 2.4
      vertex 61.2784 76.188 7.4
      vertex 61.2784 76.188 2.4
    endloop
  endfacet
  facet normal -0.946858 0.321651 0
    outer loop
      vertex 61.2784 76.188 7.4
      vertex 61.1522 75.8165 2.4
      vertex 61.1522 75.8165 7.4
    endloop
  endfacet
  facet normal 0.946858 -0.321651 0
    outer loop
      vertex 66.8216 73.892 7.4
      vertex 66.9478 74.2635 2.4
      vertex 66.9478 74.2635 7.4
    endloop
  endfacet
  facet normal 0.946858 -0.321651 0
    outer loop
      vertex 66.9478 74.2635 2.4
      vertex 66.8216 73.892 7.4
      vertex 66.8216 73.892 2.4
    endloop
  endfacet
  facet normal -0.896961 -0.44211 0
    outer loop
      vertex 61.4519 73.54 2.4
      vertex 61.2784 73.892 7.4
      vertex 61.2784 73.892 2.4
    endloop
  endfacet
  facet normal -0.896961 -0.44211 0
    outer loop
      vertex 61.2784 73.892 7.4
      vertex 61.4519 73.54 2.4
      vertex 61.4519 73.54 7.4
    endloop
  endfacet
  facet normal -0.321574 -0.946885 0
    outer loop
      vertex 62.9019 72.2684 2.4
      vertex 63.2735 72.1422 7.4
      vertex 62.9019 72.2684 7.4
    endloop
  endfacet
  facet normal -0.321574 -0.946885 -0
    outer loop
      vertex 63.2735 72.1422 7.4
      vertex 62.9019 72.2684 2.4
      vertex 63.2735 72.1422 2.4
    endloop
  endfacet
  facet normal 0.896961 0.44211 0
    outer loop
      vertex 66.8216 76.188 7.4
      vertex 66.6481 76.54 2.4
      vertex 66.6481 76.54 7.4
    endloop
  endfacet
  facet normal 0.896961 0.44211 0
    outer loop
      vertex 66.6481 76.54 2.4
      vertex 66.8216 76.188 7.4
      vertex 66.8216 76.188 2.4
    endloop
  endfacet
  facet normal 0.831501 0.555523 0
    outer loop
      vertex 66.6481 76.54 7.4
      vertex 66.4301 76.8663 2.4
      vertex 66.4301 76.8663 7.4
    endloop
  endfacet
  facet normal 0.831501 0.555523 0
    outer loop
      vertex 66.4301 76.8663 2.4
      vertex 66.6481 76.54 7.4
      vertex 66.6481 76.54 2.4
    endloop
  endfacet
  facet normal 0.659478 0.751724 -0
    outer loop
      vertex 66.1713 77.1613 2.4
      vertex 65.8763 77.4201 7.4
      vertex 66.1713 77.1613 7.4
    endloop
  endfacet
  facet normal 0.659478 0.751724 0
    outer loop
      vertex 65.8763 77.4201 7.4
      vertex 66.1713 77.1613 2.4
      vertex 65.8763 77.4201 2.4
    endloop
  endfacet
  facet normal 0.321574 0.946885 -0
    outer loop
      vertex 65.1981 77.8116 2.4
      vertex 64.8265 77.9378 7.4
      vertex 65.1981 77.8116 7.4
    endloop
  endfacet
  facet normal 0.321574 0.946885 0
    outer loop
      vertex 64.8265 77.9378 7.4
      vertex 65.1981 77.8116 2.4
      vertex 64.8265 77.9378 2.4
    endloop
  endfacet
  facet normal -0.0654873 0.997853 0
    outer loop
      vertex 64.05 78.04 2.4
      vertex 63.6584 78.0143 7.4
      vertex 64.05 78.04 7.4
    endloop
  endfacet
  facet normal -0.0654873 0.997853 0
    outer loop
      vertex 63.6584 78.0143 7.4
      vertex 64.05 78.04 2.4
      vertex 63.6584 78.0143 2.4
    endloop
  endfacet
  facet normal -0.997853 0.0654873 0
    outer loop
      vertex 61.05 75.04 2.4
      vertex 61.0757 75.4316 7.4
      vertex 61.0757 75.4316 2.4
    endloop
  endfacet
  facet normal -0.997853 0.0654873 0
    outer loop
      vertex 61.0757 75.4316 7.4
      vertex 61.05 75.04 2.4
      vertex 61.05 75.04 7.4
    endloop
  endfacet
  facet normal -0.831501 0.555523 0
    outer loop
      vertex 61.4519 76.54 2.4
      vertex 61.6699 76.8663 7.4
      vertex 61.6699 76.8663 2.4
    endloop
  endfacet
  facet normal -0.831501 0.555523 0
    outer loop
      vertex 61.6699 76.8663 7.4
      vertex 61.4519 76.54 2.4
      vertex 61.4519 76.54 7.4
    endloop
  endfacet
  facet normal -0.555523 0.831501 0
    outer loop
      vertex 62.55 77.6381 2.4
      vertex 62.2237 77.4201 7.4
      vertex 62.55 77.6381 7.4
    endloop
  endfacet
  facet normal -0.555523 0.831501 0
    outer loop
      vertex 62.2237 77.4201 7.4
      vertex 62.55 77.6381 2.4
      vertex 62.2237 77.4201 2.4
    endloop
  endfacet
  facet normal -0.321574 0.946885 0
    outer loop
      vertex 63.2735 77.9378 2.4
      vertex 62.9019 77.8116 7.4
      vertex 63.2735 77.9378 7.4
    endloop
  endfacet
  facet normal -0.321574 0.946885 0
    outer loop
      vertex 62.9019 77.8116 7.4
      vertex 63.2735 77.9378 2.4
      vertex 62.9019 77.8116 2.4
    endloop
  endfacet
  facet normal 0.997853 -0.0654873 0
    outer loop
      vertex 67.0243 74.6484 7.4
      vertex 67.05 75.04 2.4
      vertex 67.05 75.04 7.4
    endloop
  endfacet
  facet normal 0.997853 -0.0654873 0
    outer loop
      vertex 67.05 75.04 2.4
      vertex 67.0243 74.6484 7.4
      vertex 67.0243 74.6484 2.4
    endloop
  endfacet
  facet normal 0.19494 -0.980815 0
    outer loop
      vertex 64.4416 72.0657 2.4
      vertex 64.8265 72.1422 7.4
      vertex 64.4416 72.0657 7.4
    endloop
  endfacet
  facet normal 0.19494 -0.980815 0
    outer loop
      vertex 64.8265 72.1422 7.4
      vertex 64.4416 72.0657 2.4
      vertex 64.8265 72.1422 2.4
    endloop
  endfacet
  facet normal 0.831501 -0.555523 0
    outer loop
      vertex 66.4301 73.2137 7.4
      vertex 66.6481 73.54 2.4
      vertex 66.6481 73.54 7.4
    endloop
  endfacet
  facet normal 0.831501 -0.555523 0
    outer loop
      vertex 66.6481 73.54 2.4
      vertex 66.4301 73.2137 7.4
      vertex 66.4301 73.2137 2.4
    endloop
  endfacet
  facet normal -0.0654873 -0.997853 0
    outer loop
      vertex 63.6584 72.0657 2.4
      vertex 64.05 72.04 7.4
      vertex 63.6584 72.0657 7.4
    endloop
  endfacet
  facet normal -0.0654873 -0.997853 -0
    outer loop
      vertex 64.05 72.04 7.4
      vertex 63.6584 72.0657 2.4
      vertex 64.05 72.04 2.4
    endloop
  endfacet
  facet normal -0.555523 -0.831501 0
    outer loop
      vertex 62.2237 72.6599 2.4
      vertex 62.55 72.4419 7.4
      vertex 62.2237 72.6599 7.4
    endloop
  endfacet
  facet normal -0.555523 -0.831501 -0
    outer loop
      vertex 62.55 72.4419 7.4
      vertex 62.2237 72.6599 2.4
      vertex 62.55 72.4419 2.4
    endloop
  endfacet
  facet normal -0.831501 -0.555523 0
    outer loop
      vertex 61.6699 73.2137 2.4
      vertex 61.4519 73.54 7.4
      vertex 61.4519 73.54 2.4
    endloop
  endfacet
  facet normal -0.831501 -0.555523 0
    outer loop
      vertex 61.4519 73.54 7.4
      vertex 61.6699 73.2137 2.4
      vertex 61.6699 73.2137 7.4
    endloop
  endfacet
  facet normal -0.980815 -0.19494 0
    outer loop
      vertex 61.1522 74.2635 2.4
      vertex 61.0757 74.6484 7.4
      vertex 61.0757 74.6484 2.4
    endloop
  endfacet
  facet normal -0.980815 -0.19494 0
    outer loop
      vertex 61.0757 74.6484 7.4
      vertex 61.1522 74.2635 2.4
      vertex 61.1522 74.2635 7.4
    endloop
  endfacet
  facet normal 0.980815 0.19494 0
    outer loop
      vertex 67.0243 75.4316 7.4
      vertex 66.9478 75.8165 2.4
      vertex 66.9478 75.8165 7.4
    endloop
  endfacet
  facet normal 0.980815 0.19494 0
    outer loop
      vertex 66.9478 75.8165 2.4
      vertex 67.0243 75.4316 7.4
      vertex 67.0243 75.4316 2.4
    endloop
  endfacet
  facet normal 0.946858 0.321651 0
    outer loop
      vertex 66.9478 75.8165 7.4
      vertex 66.8216 76.188 2.4
      vertex 66.8216 76.188 7.4
    endloop
  endfacet
  facet normal 0.946858 0.321651 0
    outer loop
      vertex 66.8216 76.188 2.4
      vertex 66.9478 75.8165 7.4
      vertex 66.9478 75.8165 2.4
    endloop
  endfacet
  facet normal 0.751724 0.659478 0
    outer loop
      vertex 66.4301 76.8663 7.4
      vertex 66.1713 77.1613 2.4
      vertex 66.1713 77.1613 7.4
    endloop
  endfacet
  facet normal 0.751724 0.659478 0
    outer loop
      vertex 66.1713 77.1613 2.4
      vertex 66.4301 76.8663 7.4
      vertex 66.4301 76.8663 2.4
    endloop
  endfacet
  facet normal 0.442211 0.896911 -0
    outer loop
      vertex 65.55 77.6381 2.4
      vertex 65.1981 77.8116 7.4
      vertex 65.55 77.6381 7.4
    endloop
  endfacet
  facet normal 0.442211 0.896911 0
    outer loop
      vertex 65.1981 77.8116 7.4
      vertex 65.55 77.6381 2.4
      vertex 65.1981 77.8116 2.4
    endloop
  endfacet
  facet normal 0.19494 0.980815 -0
    outer loop
      vertex 64.8265 77.9378 2.4
      vertex 64.4416 78.0143 7.4
      vertex 64.8265 77.9378 7.4
    endloop
  endfacet
  facet normal 0.19494 0.980815 0
    outer loop
      vertex 64.4416 78.0143 7.4
      vertex 64.8265 77.9378 2.4
      vertex 64.4416 78.0143 2.4
    endloop
  endfacet
  facet normal 0.0654873 0.997853 -0
    outer loop
      vertex 64.4416 78.0143 2.4
      vertex 64.05 78.04 7.4
      vertex 64.4416 78.0143 7.4
    endloop
  endfacet
  facet normal 0.0654873 0.997853 0
    outer loop
      vertex 64.05 78.04 7.4
      vertex 64.4416 78.0143 2.4
      vertex 64.05 78.04 2.4
    endloop
  endfacet
  facet normal -0.997853 -0.0654873 0
    outer loop
      vertex 61.0757 74.6484 2.4
      vertex 61.05 75.04 7.4
      vertex 61.05 75.04 2.4
    endloop
  endfacet
  facet normal -0.997853 -0.0654873 0
    outer loop
      vertex 61.05 75.04 7.4
      vertex 61.0757 74.6484 2.4
      vertex 61.0757 74.6484 7.4
    endloop
  endfacet
  facet normal 0 0 1
    outer loop
      vertex 65.3 75.04 7.4
      vertex 67.05 75.04 7.4
      vertex 67.0243 75.4316 7.4
    endloop
  endfacet
  facet normal 0 0 1
    outer loop
      vertex 65.2893 75.2032 7.4
      vertex 67.0243 75.4316 7.4
      vertex 66.9478 75.8165 7.4
    endloop
  endfacet
  facet normal 0 0 1
    outer loop
      vertex 67.05 75.04 7.4
      vertex 65.3 75.04 7.4
      vertex 67.0243 74.6484 7.4
    endloop
  endfacet
  facet normal 0 0 1
    outer loop
      vertex 65.2574 75.3635 7.4
      vertex 66.9478 75.8165 7.4
      vertex 66.8216 76.188 7.4
    endloop
  endfacet
  facet normal -0 0 1
    outer loop
      vertex 65.2893 74.8768 7.4
      vertex 67.0243 74.6484 7.4
      vertex 65.3 75.04 7.4
    endloop
  endfacet
  facet normal 0 0 1
    outer loop
      vertex 65.2048 75.5184 7.4
      vertex 66.8216 76.188 7.4
      vertex 66.6481 76.54 7.4
    endloop
  endfacet
  facet normal 0 0 1
    outer loop
      vertex 67.0243 74.6484 7.4
      vertex 65.2893 74.8768 7.4
      vertex 66.9478 74.2635 7.4
    endloop
  endfacet
  facet normal 0 0 1
    outer loop
      vertex 65.1325 75.665 7.4
      vertex 66.6481 76.54 7.4
      vertex 66.4301 76.8663 7.4
    endloop
  endfacet
  facet normal -0 0 1
    outer loop
      vertex 65.2574 74.7165 7.4
      vertex 66.9478 74.2635 7.4
      vertex 65.2893 74.8768 7.4
    endloop
  endfacet
  facet normal 0 0 1
    outer loop
      vertex 65.0417 75.8009 7.4
      vertex 66.4301 76.8663 7.4
      vertex 66.1713 77.1613 7.4
    endloop
  endfacet
  facet normal 0 0 1
    outer loop
      vertex 66.9478 74.2635 7.4
      vertex 65.2574 74.7165 7.4
      vertex 66.8216 73.892 7.4
    endloop
  endfacet
  facet normal 0 0 1
    outer loop
      vertex 64.9339 75.9239 7.4
      vertex 66.1713 77.1613 7.4
      vertex 65.8763 77.4201 7.4
    endloop
  endfacet
  facet normal -0 0 1
    outer loop
      vertex 65.2048 74.5616 7.4
      vertex 66.8216 73.892 7.4
      vertex 65.2574 74.7165 7.4
    endloop
  endfacet
  facet normal 0 0 1
    outer loop
      vertex 64.811 76.0317 7.4
      vertex 65.8763 77.4201 7.4
      vertex 65.55 77.6381 7.4
    endloop
  endfacet
  facet normal 0 0 1
    outer loop
      vertex 66.8216 73.892 7.4
      vertex 65.2048 74.5616 7.4
      vertex 66.6481 73.54 7.4
    endloop
  endfacet
  facet normal -0 0 1
    outer loop
      vertex 65.1325 74.415 7.4
      vertex 66.6481 73.54 7.4
      vertex 65.2048 74.5616 7.4
    endloop
  endfacet
  facet normal 0 0 1
    outer loop
      vertex 67.0243 75.4316 7.4
      vertex 65.2893 75.2032 7.4
      vertex 65.3 75.04 7.4
    endloop
  endfacet
  facet normal 0 0 1
    outer loop
      vertex 66.9478 75.8165 7.4
      vertex 65.2574 75.3635 7.4
      vertex 65.2893 75.2032 7.4
    endloop
  endfacet
  facet normal 0 0 1
    outer loop
      vertex 66.8216 76.188 7.4
      vertex 65.2048 75.5184 7.4
      vertex 65.2574 75.3635 7.4
    endloop
  endfacet
  facet normal 0 0 1
    outer loop
      vertex 64.675 76.1225 7.4
      vertex 65.55 77.6381 7.4
      vertex 65.1981 77.8116 7.4
    endloop
  endfacet
  facet normal 0 0 1
    outer loop
      vertex 66.6481 76.54 7.4
      vertex 65.1325 75.665 7.4
      vertex 65.2048 75.5184 7.4
    endloop
  endfacet
  facet normal 0 0 1
    outer loop
      vertex 66.4301 76.8663 7.4
      vertex 65.0417 75.8009 7.4
      vertex 65.1325 75.665 7.4
    endloop
  endfacet
  facet normal 0 0 1
    outer loop
      vertex 66.1713 77.1613 7.4
      vertex 64.9339 75.9239 7.4
      vertex 65.0417 75.8009 7.4
    endloop
  endfacet
  facet normal 0 0 1
    outer loop
      vertex 64.5284 76.1948 7.4
      vertex 65.1981 77.8116 7.4
      vertex 64.8265 77.9378 7.4
    endloop
  endfacet
  facet normal 0 0 1
    outer loop
      vertex 65.8763 77.4201 7.4
      vertex 64.811 76.0317 7.4
      vertex 64.9339 75.9239 7.4
    endloop
  endfacet
  facet normal 0 0 1
    outer loop
      vertex 65.55 77.6381 7.4
      vertex 64.675 76.1225 7.4
      vertex 64.811 76.0317 7.4
    endloop
  endfacet
  facet normal 0 0 1
    outer loop
      vertex 65.1981 77.8116 7.4
      vertex 64.5284 76.1948 7.4
      vertex 64.675 76.1225 7.4
    endloop
  endfacet
  facet normal 0 0 1
    outer loop
      vertex 64.3735 76.2474 7.4
      vertex 64.8265 77.9378 7.4
      vertex 64.4416 78.0143 7.4
    endloop
  endfacet
  facet normal 0 0 1
    outer loop
      vertex 64.8265 77.9378 7.4
      vertex 64.3735 76.2474 7.4
      vertex 64.5284 76.1948 7.4
    endloop
  endfacet
  facet normal 0 0 1
    outer loop
      vertex 64.4416 78.0143 7.4
      vertex 64.2132 76.2793 7.4
      vertex 64.3735 76.2474 7.4
    endloop
  endfacet
  facet normal 0 0 1
    outer loop
      vertex 64.05 78.04 7.4
      vertex 64.2132 76.2793 7.4
      vertex 64.4416 78.0143 7.4
    endloop
  endfacet
  facet normal 0 0 1
    outer loop
      vertex 64.05 78.04 7.4
      vertex 64.05 76.29 7.4
      vertex 64.2132 76.2793 7.4
    endloop
  endfacet
  facet normal 0 0 1
    outer loop
      vertex 64.05 78.04 7.4
      vertex 63.8868 76.2793 7.4
      vertex 64.05 76.29 7.4
    endloop
  endfacet
  facet normal -0 0 1
    outer loop
      vertex 63.6584 78.0143 7.4
      vertex 63.8868 76.2793 7.4
      vertex 64.05 78.04 7.4
    endloop
  endfacet
  facet normal 0 0 1
    outer loop
      vertex 63.8868 76.2793 7.4
      vertex 63.6584 78.0143 7.4
      vertex 63.7265 76.2474 7.4
    endloop
  endfacet
  facet normal -0 0 1
    outer loop
      vertex 63.2735 77.9378 7.4
      vertex 63.7265 76.2474 7.4
      vertex 63.6584 78.0143 7.4
    endloop
  endfacet
  facet normal 0 0 1
    outer loop
      vertex 63.7265 76.2474 7.4
      vertex 63.2735 77.9378 7.4
      vertex 63.5716 76.1948 7.4
    endloop
  endfacet
  facet normal -0 0 1
    outer loop
      vertex 62.9019 77.8116 7.4
      vertex 63.5716 76.1948 7.4
      vertex 63.2735 77.9378 7.4
    endloop
  endfacet
  facet normal 0 0 1
    outer loop
      vertex 63.5716 76.1948 7.4
      vertex 62.9019 77.8116 7.4
      vertex 63.425 76.1225 7.4
    endloop
  endfacet
  facet normal -0 0 1
    outer loop
      vertex 62.55 77.6381 7.4
      vertex 63.425 76.1225 7.4
      vertex 62.9019 77.8116 7.4
    endloop
  endfacet
  facet normal 0 0 1
    outer loop
      vertex 63.425 76.1225 7.4
      vertex 62.55 77.6381 7.4
      vertex 63.289 76.0317 7.4
    endloop
  endfacet
  facet normal -0 0 1
    outer loop
      vertex 62.2237 77.4201 7.4
      vertex 63.289 76.0317 7.4
      vertex 62.55 77.6381 7.4
    endloop
  endfacet
  facet normal 0 0 1
    outer loop
      vertex 63.289 76.0317 7.4
      vertex 62.2237 77.4201 7.4
      vertex 63.1661 75.9239 7.4
    endloop
  endfacet
  facet normal -0 0 1
    outer loop
      vertex 61.9287 77.1613 7.4
      vertex 63.1661 75.9239 7.4
      vertex 62.2237 77.4201 7.4
    endloop
  endfacet
  facet normal 0 0 1
    outer loop
      vertex 63.1661 75.9239 7.4
      vertex 61.9287 77.1613 7.4
      vertex 63.0583 75.8009 7.4
    endloop
  endfacet
  facet normal -0 0 1
    outer loop
      vertex 61.6699 76.8663 7.4
      vertex 63.0583 75.8009 7.4
      vertex 61.9287 77.1613 7.4
    endloop
  endfacet
  facet normal 0 0 1
    outer loop
      vertex 63.0583 75.8009 7.4
      vertex 61.6699 76.8663 7.4
      vertex 62.9675 75.665 7.4
    endloop
  endfacet
  facet normal -0 0 1
    outer loop
      vertex 61.4519 76.54 7.4
      vertex 62.9675 75.665 7.4
      vertex 61.6699 76.8663 7.4
    endloop
  endfacet
  facet normal 0 0 1
    outer loop
      vertex 66.6481 73.54 7.4
      vertex 65.1325 74.415 7.4
      vertex 66.4301 73.2137 7.4
    endloop
  endfacet
  facet normal -0 0 1
    outer loop
      vertex 65.0417 74.279 7.4
      vertex 66.4301 73.2137 7.4
      vertex 65.1325 74.415 7.4
    endloop
  endfacet
  facet normal 0 0 1
    outer loop
      vertex 66.4301 73.2137 7.4
      vertex 65.0417 74.279 7.4
      vertex 66.1713 72.9187 7.4
    endloop
  endfacet
  facet normal -0 0 1
    outer loop
      vertex 64.9339 74.1561 7.4
      vertex 66.1713 72.9187 7.4
      vertex 65.0417 74.279 7.4
    endloop
  endfacet
  facet normal 0 0 1
    outer loop
      vertex 66.1713 72.9187 7.4
      vertex 64.9339 74.1561 7.4
      vertex 65.8763 72.6599 7.4
    endloop
  endfacet
  facet normal -0 0 1
    outer loop
      vertex 64.811 74.0483 7.4
      vertex 65.8763 72.6599 7.4
      vertex 64.9339 74.1561 7.4
    endloop
  endfacet
  facet normal 0 0 1
    outer loop
      vertex 65.8763 72.6599 7.4
      vertex 64.811 74.0483 7.4
      vertex 65.55 72.4419 7.4
    endloop
  endfacet
  facet normal -0 0 1
    outer loop
      vertex 64.675 73.9575 7.4
      vertex 65.55 72.4419 7.4
      vertex 64.811 74.0483 7.4
    endloop
  endfacet
  facet normal 0 0 1
    outer loop
      vertex 65.55 72.4419 7.4
      vertex 64.675 73.9575 7.4
      vertex 65.1981 72.2684 7.4
    endloop
  endfacet
  facet normal -0 0 1
    outer loop
      vertex 64.5284 73.8851 7.4
      vertex 65.1981 72.2684 7.4
      vertex 64.675 73.9575 7.4
    endloop
  endfacet
  facet normal 0 0 1
    outer loop
      vertex 65.1981 72.2684 7.4
      vertex 64.5284 73.8851 7.4
      vertex 64.8265 72.1422 7.4
    endloop
  endfacet
  facet normal -0 0 1
    outer loop
      vertex 64.3735 73.8326 7.4
      vertex 64.8265 72.1422 7.4
      vertex 64.5284 73.8851 7.4
    endloop
  endfacet
  facet normal 0 0 1
    outer loop
      vertex 64.8265 72.1422 7.4
      vertex 64.3735 73.8326 7.4
      vertex 64.4416 72.0657 7.4
    endloop
  endfacet
  facet normal -0 0 1
    outer loop
      vertex 64.2132 73.8007 7.4
      vertex 64.4416 72.0657 7.4
      vertex 64.3735 73.8326 7.4
    endloop
  endfacet
  facet normal -0 0 1
    outer loop
      vertex 64.05 73.79 7.4
      vertex 64.4416 72.0657 7.4
      vertex 64.2132 73.8007 7.4
    endloop
  endfacet
  facet normal 0 0 1
    outer loop
      vertex 64.05 73.79 7.4
      vertex 64.05 72.04 7.4
      vertex 64.4416 72.0657 7.4
    endloop
  endfacet
  facet normal 0 0 1
    outer loop
      vertex 63.8868 73.8007 7.4
      vertex 64.05 72.04 7.4
      vertex 64.05 73.79 7.4
    endloop
  endfacet
  facet normal 0 0 1
    outer loop
      vertex 63.6584 72.0657 7.4
      vertex 63.8868 73.8007 7.4
      vertex 63.7265 73.8326 7.4
    endloop
  endfacet
  facet normal 0 0 1
    outer loop
      vertex 63.8868 73.8007 7.4
      vertex 63.6584 72.0657 7.4
      vertex 64.05 72.04 7.4
    endloop
  endfacet
  facet normal 0 0 1
    outer loop
      vertex 63.2735 72.1422 7.4
      vertex 63.7265 73.8326 7.4
      vertex 63.5716 73.8851 7.4
    endloop
  endfacet
  facet normal 0 0 1
    outer loop
      vertex 62.9019 72.2684 7.4
      vertex 63.5716 73.8851 7.4
      vertex 63.425 73.9575 7.4
    endloop
  endfacet
  facet normal 0 0 1
    outer loop
      vertex 62.55 72.4419 7.4
      vertex 63.425 73.9575 7.4
      vertex 63.289 74.0483 7.4
    endloop
  endfacet
  facet normal 0 0 1
    outer loop
      vertex 63.7265 73.8326 7.4
      vertex 63.2735 72.1422 7.4
      vertex 63.6584 72.0657 7.4
    endloop
  endfacet
  facet normal 0 0 1
    outer loop
      vertex 62.2237 72.6599 7.4
      vertex 63.289 74.0483 7.4
      vertex 63.1661 74.1561 7.4
    endloop
  endfacet
  facet normal 0 0 1
    outer loop
      vertex 61.9287 72.9187 7.4
      vertex 63.1661 74.1561 7.4
      vertex 63.0583 74.279 7.4
    endloop
  endfacet
  facet normal 0 0 1
    outer loop
      vertex 61.6699 73.2137 7.4
      vertex 63.0583 74.279 7.4
      vertex 62.9675 74.415 7.4
    endloop
  endfacet
  facet normal 0 0 1
    outer loop
      vertex 63.5716 73.8851 7.4
      vertex 62.9019 72.2684 7.4
      vertex 63.2735 72.1422 7.4
    endloop
  endfacet
  facet normal 0 0 1
    outer loop
      vertex 61.4519 73.54 7.4
      vertex 62.9675 74.415 7.4
      vertex 62.8951 74.5616 7.4
    endloop
  endfacet
  facet normal 0 0 1
    outer loop
      vertex 61.2784 73.892 7.4
      vertex 62.8951 74.5616 7.4
      vertex 62.8426 74.7165 7.4
    endloop
  endfacet
  facet normal 0 0 1
    outer loop
      vertex 61.1522 74.2635 7.4
      vertex 62.8426 74.7165 7.4
      vertex 62.8107 74.8768 7.4
    endloop
  endfacet
  facet normal 0 0 1
    outer loop
      vertex 61.0757 74.6484 7.4
      vertex 62.8107 74.8768 7.4
      vertex 62.8 75.04 7.4
    endloop
  endfacet
  facet normal 0 0 1
    outer loop
      vertex 62.9675 75.665 7.4
      vertex 61.4519 76.54 7.4
      vertex 62.8951 75.5184 7.4
    endloop
  endfacet
  facet normal 0 0 1
    outer loop
      vertex 63.425 73.9575 7.4
      vertex 62.55 72.4419 7.4
      vertex 62.9019 72.2684 7.4
    endloop
  endfacet
  facet normal -0 0 1
    outer loop
      vertex 61.2784 76.188 7.4
      vertex 62.8951 75.5184 7.4
      vertex 61.4519 76.54 7.4
    endloop
  endfacet
  facet normal 0 0 1
    outer loop
      vertex 63.289 74.0483 7.4
      vertex 62.2237 72.6599 7.4
      vertex 62.55 72.4419 7.4
    endloop
  endfacet
  facet normal 0 0 1
    outer loop
      vertex 62.8951 75.5184 7.4
      vertex 61.2784 76.188 7.4
      vertex 62.8426 75.3635 7.4
    endloop
  endfacet
  facet normal 0 0 1
    outer loop
      vertex 63.1661 74.1561 7.4
      vertex 61.9287 72.9187 7.4
      vertex 62.2237 72.6599 7.4
    endloop
  endfacet
  facet normal -0 0 1
    outer loop
      vertex 61.1522 75.8165 7.4
      vertex 62.8426 75.3635 7.4
      vertex 61.2784 76.188 7.4
    endloop
  endfacet
  facet normal 0 0 1
    outer loop
      vertex 63.0583 74.279 7.4
      vertex 61.6699 73.2137 7.4
      vertex 61.9287 72.9187 7.4
    endloop
  endfacet
  facet normal 0 0 1
    outer loop
      vertex 62.8426 75.3635 7.4
      vertex 61.1522 75.8165 7.4
      vertex 62.8107 75.2032 7.4
    endloop
  endfacet
  facet normal 0 0 1
    outer loop
      vertex 62.9675 74.415 7.4
      vertex 61.4519 73.54 7.4
      vertex 61.6699 73.2137 7.4
    endloop
  endfacet
  facet normal -0 0 1
    outer loop
      vertex 61.0757 75.4316 7.4
      vertex 62.8107 75.2032 7.4
      vertex 61.1522 75.8165 7.4
    endloop
  endfacet
  facet normal 0 0 1
    outer loop
      vertex 62.8951 74.5616 7.4
      vertex 61.2784 73.892 7.4
      vertex 61.4519 73.54 7.4
    endloop
  endfacet
  facet normal 0 0 1
    outer loop
      vertex 62.8107 75.2032 7.4
      vertex 61.0757 75.4316 7.4
      vertex 62.8 75.04 7.4
    endloop
  endfacet
  facet normal 0 0 1
    outer loop
      vertex 62.8426 74.7165 7.4
      vertex 61.1522 74.2635 7.4
      vertex 61.2784 73.892 7.4
    endloop
  endfacet
  facet normal 0 0 1
    outer loop
      vertex 61.05 75.04 7.4
      vertex 62.8 75.04 7.4
      vertex 61.0757 75.4316 7.4
    endloop
  endfacet
  facet normal 0 0 1
    outer loop
      vertex 62.8107 74.8768 7.4
      vertex 61.0757 74.6484 7.4
      vertex 61.1522 74.2635 7.4
    endloop
  endfacet
  facet normal 0 0 1
    outer loop
      vertex 62.8 75.04 7.4
      vertex 61.05 75.04 7.4
      vertex 61.0757 74.6484 7.4
    endloop
  endfacet
  facet normal -0.980815 0.19494 0
    outer loop
      vertex 61.0757 75.4316 2.4
      vertex 61.1522 75.8165 7.4
      vertex 61.1522 75.8165 2.4
    endloop
  endfacet
  facet normal -0.980815 0.19494 0
    outer loop
      vertex 61.1522 75.8165 7.4
      vertex 61.0757 75.4316 2.4
      vertex 61.0757 75.4316 7.4
    endloop
  endfacet
  facet normal -0.896961 0.44211 0
    outer loop
      vertex 61.2784 76.188 2.4
      vertex 61.4519 76.54 7.4
      vertex 61.4519 76.54 2.4
    endloop
  endfacet
  facet normal -0.896961 0.44211 0
    outer loop
      vertex 61.4519 76.54 7.4
      vertex 61.2784 76.188 2.4
      vertex 61.2784 76.188 7.4
    endloop
  endfacet
  facet normal -0.19494 0.980815 0
    outer loop
      vertex 63.6584 78.0143 2.4
      vertex 63.2735 77.9378 7.4
      vertex 63.6584 78.0143 7.4
    endloop
  endfacet
  facet normal -0.19494 0.980815 0
    outer loop
      vertex 63.2735 77.9378 7.4
      vertex 63.6584 78.0143 2.4
      vertex 63.2735 77.9378 2.4
    endloop
  endfacet
  facet normal -0.659478 0.751724 0
    outer loop
      vertex 62.2237 77.4201 2.4
      vertex 61.9287 77.1613 7.4
      vertex 62.2237 77.4201 7.4
    endloop
  endfacet
  facet normal -0.659478 0.751724 0
    outer loop
      vertex 61.9287 77.1613 7.4
      vertex 62.2237 77.4201 2.4
      vertex 61.9287 77.1613 2.4
    endloop
  endfacet
  facet normal -0.751724 0.659478 0
    outer loop
      vertex 61.6699 76.8663 2.4
      vertex 61.9287 77.1613 7.4
      vertex 61.9287 77.1613 2.4
    endloop
  endfacet
  facet normal -0.751724 0.659478 0
    outer loop
      vertex 61.9287 77.1613 7.4
      vertex 61.6699 76.8663 2.4
      vertex 61.6699 76.8663 7.4
    endloop
  endfacet
  facet normal 0.997853 0.0654873 0
    outer loop
      vertex 67.05 75.04 7.4
      vertex 67.0243 75.4316 2.4
      vertex 67.0243 75.4316 7.4
    endloop
  endfacet
  facet normal 0.997853 0.0654873 0
    outer loop
      vertex 67.0243 75.4316 2.4
      vertex 67.05 75.04 7.4
      vertex 67.05 75.04 2.4
    endloop
  endfacet
  facet normal 0.321574 -0.946885 0
    outer loop
      vertex 64.8265 72.1422 2.4
      vertex 65.1981 72.2684 7.4
      vertex 64.8265 72.1422 7.4
    endloop
  endfacet
  facet normal 0.321574 -0.946885 0
    outer loop
      vertex 65.1981 72.2684 7.4
      vertex 64.8265 72.1422 2.4
      vertex 65.1981 72.2684 2.4
    endloop
  endfacet
  facet normal 0.751724 -0.659478 0
    outer loop
      vertex 66.1713 72.9187 7.4
      vertex 66.4301 73.2137 2.4
      vertex 66.4301 73.2137 7.4
    endloop
  endfacet
  facet normal 0.751724 -0.659478 0
    outer loop
      vertex 66.4301 73.2137 2.4
      vertex 66.1713 72.9187 7.4
      vertex 66.1713 72.9187 2.4
    endloop
  endfacet
  facet normal 0.555523 -0.831501 0
    outer loop
      vertex 65.55 72.4419 2.4
      vertex 65.8763 72.6599 7.4
      vertex 65.55 72.4419 7.4
    endloop
  endfacet
  facet normal 0.555523 -0.831501 0
    outer loop
      vertex 65.8763 72.6599 7.4
      vertex 65.55 72.4419 2.4
      vertex 65.8763 72.6599 2.4
    endloop
  endfacet
  facet normal 0.896961 -0.44211 0
    outer loop
      vertex 66.6481 73.54 7.4
      vertex 66.8216 73.892 2.4
      vertex 66.8216 73.892 7.4
    endloop
  endfacet
  facet normal 0.896961 -0.44211 0
    outer loop
      vertex 66.8216 73.892 2.4
      vertex 66.6481 73.54 7.4
      vertex 66.6481 73.54 2.4
    endloop
  endfacet
  facet normal 0.0654873 -0.997853 0
    outer loop
      vertex 64.05 72.04 2.4
      vertex 64.4416 72.0657 7.4
      vertex 64.05 72.04 7.4
    endloop
  endfacet
  facet normal 0.0654873 -0.997853 0
    outer loop
      vertex 64.4416 72.0657 7.4
      vertex 64.05 72.04 2.4
      vertex 64.4416 72.0657 2.4
    endloop
  endfacet
  facet normal -0.442211 -0.896911 0
    outer loop
      vertex 62.55 72.4419 2.4
      vertex 62.9019 72.2684 7.4
      vertex 62.55 72.4419 7.4
    endloop
  endfacet
  facet normal -0.442211 -0.896911 -0
    outer loop
      vertex 62.9019 72.2684 7.4
      vertex 62.55 72.4419 2.4
      vertex 62.9019 72.2684 2.4
    endloop
  endfacet
  facet normal -0.946858 -0.321651 0
    outer loop
      vertex 61.2784 73.892 2.4
      vertex 61.1522 74.2635 7.4
      vertex 61.1522 74.2635 2.4
    endloop
  endfacet
  facet normal -0.946858 -0.321651 0
    outer loop
      vertex 61.1522 74.2635 7.4
      vertex 61.2784 73.892 2.4
      vertex 61.2784 73.892 7.4
    endloop
  endfacet
  facet normal -0.751724 -0.659478 0
    outer loop
      vertex 61.9287 72.9187 2.4
      vertex 61.6699 73.2137 7.4
      vertex 61.6699 73.2137 2.4
    endloop
  endfacet
  facet normal -0.751724 -0.659478 0
    outer loop
      vertex 61.6699 73.2137 7.4
      vertex 61.9287 72.9187 2.4
      vertex 61.9287 72.9187 7.4
    endloop
  endfacet
  facet normal -0.659478 -0.751724 0
    outer loop
      vertex 61.9287 72.9187 2.4
      vertex 62.2237 72.6599 7.4
      vertex 61.9287 72.9187 7.4
    endloop
  endfacet
  facet normal -0.659478 -0.751724 -0
    outer loop
      vertex 62.2237 72.6599 7.4
      vertex 61.9287 72.9187 2.4
      vertex 62.2237 72.6599 2.4
    endloop
  endfacet
  facet normal 0.442211 -0.896911 0
    outer loop
      vertex 65.1981 72.2684 2.4
      vertex 65.55 72.4419 7.4
      vertex 65.1981 72.2684 7.4
    endloop
  endfacet
  facet normal 0.442211 -0.896911 0
    outer loop
      vertex 65.55 72.4419 7.4
      vertex 65.1981 72.2684 2.4
      vertex 65.55 72.4419 2.4
    endloop
  endfacet
  facet normal 0.659478 -0.751724 0
    outer loop
      vertex 65.8763 72.6599 2.4
      vertex 66.1713 72.9187 7.4
      vertex 65.8763 72.6599 7.4
    endloop
  endfacet
  facet normal 0.659478 -0.751724 0
    outer loop
      vertex 66.1713 72.9187 7.4
      vertex 65.8763 72.6599 2.4
      vertex 66.1713 72.9187 2.4
    endloop
  endfacet
  facet normal 0.831501 0.555523 0
    outer loop
      vertex 71.7281 24.47 7.4
      vertex 71.5101 24.7963 2.4
      vertex 71.5101 24.7963 7.4
    endloop
  endfacet
  facet normal 0.831501 0.555523 0
    outer loop
      vertex 71.5101 24.7963 2.4
      vertex 71.7281 24.47 7.4
      vertex 71.7281 24.47 2.4
    endloop
  endfacet
  facet normal 0.321651 0.946858 -0
    outer loop
      vertex 70.278 25.7416 2.4
      vertex 69.9065 25.8678 7.4
      vertex 70.278 25.7416 7.4
    endloop
  endfacet
  facet normal 0.321651 0.946858 0
    outer loop
      vertex 69.9065 25.8678 7.4
      vertex 70.278 25.7416 2.4
      vertex 69.9065 25.8678 2.4
    endloop
  endfacet
  facet normal -0.442211 0.896911 0
    outer loop
      vertex 67.9819 25.7416 2.4
      vertex 67.63 25.5681 7.4
      vertex 67.9819 25.7416 7.4
    endloop
  endfacet
  facet normal -0.442211 0.896911 0
    outer loop
      vertex 67.63 25.5681 7.4
      vertex 67.9819 25.7416 2.4
      vertex 67.63 25.5681 2.4
    endloop
  endfacet
  facet normal -0.896961 0.44211 0
    outer loop
      vertex 66.3584 24.118 2.4
      vertex 66.5319 24.47 7.4
      vertex 66.5319 24.47 2.4
    endloop
  endfacet
  facet normal -0.896961 0.44211 0
    outer loop
      vertex 66.5319 24.47 7.4
      vertex 66.3584 24.118 2.4
      vertex 66.3584 24.118 7.4
    endloop
  endfacet
  facet normal 0.659478 0.751724 -0
    outer loop
      vertex 71.2513 25.0913 2.4
      vertex 70.9563 25.3501 7.4
      vertex 71.2513 25.0913 7.4
    endloop
  endfacet
  facet normal 0.659478 0.751724 0
    outer loop
      vertex 70.9563 25.3501 7.4
      vertex 71.2513 25.0913 2.4
      vertex 70.9563 25.3501 2.4
    endloop
  endfacet
  facet normal 0.555523 0.831501 -0
    outer loop
      vertex 70.9563 25.3501 2.4
      vertex 70.63 25.5681 7.4
      vertex 70.9563 25.3501 7.4
    endloop
  endfacet
  facet normal 0.555523 0.831501 0
    outer loop
      vertex 70.63 25.5681 7.4
      vertex 70.9563 25.3501 2.4
      vertex 70.63 25.5681 2.4
    endloop
  endfacet
  facet normal -0.751724 0.659478 0
    outer loop
      vertex 66.7499 24.7963 2.4
      vertex 67.0087 25.0913 7.4
      vertex 67.0087 25.0913 2.4
    endloop
  endfacet
  facet normal -0.751724 0.659478 0
    outer loop
      vertex 67.0087 25.0913 7.4
      vertex 66.7499 24.7963 2.4
      vertex 66.7499 24.7963 7.4
    endloop
  endfacet
  facet normal -0.555523 0.831501 0
    outer loop
      vertex 67.63 25.5681 2.4
      vertex 67.3037 25.3501 7.4
      vertex 67.63 25.5681 7.4
    endloop
  endfacet
  facet normal -0.555523 0.831501 0
    outer loop
      vertex 67.3037 25.3501 7.4
      vertex 67.63 25.5681 2.4
      vertex 67.3037 25.3501 2.4
    endloop
  endfacet
  facet normal -0.321574 0.946885 0
    outer loop
      vertex 68.3535 25.8678 2.4
      vertex 67.9819 25.7416 7.4
      vertex 68.3535 25.8678 7.4
    endloop
  endfacet
  facet normal -0.321574 0.946885 0
    outer loop
      vertex 67.9819 25.7416 7.4
      vertex 68.3535 25.8678 2.4
      vertex 67.9819 25.7416 2.4
    endloop
  endfacet
  facet normal -0.659478 0.751724 0
    outer loop
      vertex 67.3037 25.3501 2.4
      vertex 67.0087 25.0913 7.4
      vertex 67.3037 25.3501 7.4
    endloop
  endfacet
  facet normal -0.659478 0.751724 0
    outer loop
      vertex 67.0087 25.0913 7.4
      vertex 67.3037 25.3501 2.4
      vertex 67.0087 25.0913 2.4
    endloop
  endfacet
  facet normal 0.751724 0.659478 0
    outer loop
      vertex 71.5101 24.7963 7.4
      vertex 71.2513 25.0913 2.4
      vertex 71.2513 25.0913 7.4
    endloop
  endfacet
  facet normal 0.751724 0.659478 0
    outer loop
      vertex 71.2513 25.0913 2.4
      vertex 71.5101 24.7963 7.4
      vertex 71.5101 24.7963 2.4
    endloop
  endfacet
  facet normal -0.0654873 0.997853 0
    outer loop
      vertex 69.13 25.97 2.4
      vertex 68.7384 25.9443 7.4
      vertex 69.13 25.97 7.4
    endloop
  endfacet
  facet normal -0.0654873 0.997853 0
    outer loop
      vertex 68.7384 25.9443 7.4
      vertex 69.13 25.97 2.4
      vertex 68.7384 25.9443 2.4
    endloop
  endfacet
  facet normal 0.19494 0.980815 -0
    outer loop
      vertex 69.9065 25.8678 2.4
      vertex 69.5216 25.9443 7.4
      vertex 69.9065 25.8678 7.4
    endloop
  endfacet
  facet normal 0.19494 0.980815 0
    outer loop
      vertex 69.5216 25.9443 7.4
      vertex 69.9065 25.8678 2.4
      vertex 69.5216 25.9443 2.4
    endloop
  endfacet
  facet normal 0.44211 0.896961 -0
    outer loop
      vertex 70.63 25.5681 2.4
      vertex 70.278 25.7416 7.4
      vertex 70.63 25.5681 7.4
    endloop
  endfacet
  facet normal 0.44211 0.896961 0
    outer loop
      vertex 70.278 25.7416 7.4
      vertex 70.63 25.5681 2.4
      vertex 70.278 25.7416 2.4
    endloop
  endfacet
  facet normal -0.997853 0.0654873 0
    outer loop
      vertex 66.13 22.97 2.4
      vertex 66.1557 23.3616 7.4
      vertex 66.1557 23.3616 2.4
    endloop
  endfacet
  facet normal -0.997853 0.0654873 0
    outer loop
      vertex 66.1557 23.3616 7.4
      vertex 66.13 22.97 2.4
      vertex 66.13 22.97 7.4
    endloop
  endfacet
  facet normal -0.946858 0.321651 0
    outer loop
      vertex 66.2322 23.7465 2.4
      vertex 66.3584 24.118 7.4
      vertex 66.3584 24.118 2.4
    endloop
  endfacet
  facet normal -0.946858 0.321651 0
    outer loop
      vertex 66.3584 24.118 7.4
      vertex 66.2322 23.7465 2.4
      vertex 66.2322 23.7465 7.4
    endloop
  endfacet
  facet normal -0.831501 0.555523 0
    outer loop
      vertex 66.5319 24.47 2.4
      vertex 66.7499 24.7963 7.4
      vertex 66.7499 24.7963 2.4
    endloop
  endfacet
  facet normal -0.831501 0.555523 0
    outer loop
      vertex 66.7499 24.7963 7.4
      vertex 66.5319 24.47 2.4
      vertex 66.5319 24.47 7.4
    endloop
  endfacet
  facet normal -0.19494 0.980815 0
    outer loop
      vertex 68.7384 25.9443 2.4
      vertex 68.3535 25.8678 7.4
      vertex 68.7384 25.9443 7.4
    endloop
  endfacet
  facet normal -0.19494 0.980815 0
    outer loop
      vertex 68.3535 25.8678 7.4
      vertex 68.7384 25.9443 2.4
      vertex 68.3535 25.8678 2.4
    endloop
  endfacet
  facet normal 0.997853 0.0654873 0
    outer loop
      vertex 72.13 22.97 7.4
      vertex 72.1043 23.3616 2.4
      vertex 72.1043 23.3616 7.4
    endloop
  endfacet
  facet normal 0.997853 0.0654873 0
    outer loop
      vertex 72.1043 23.3616 2.4
      vertex 72.13 22.97 7.4
      vertex 72.13 22.97 2.4
    endloop
  endfacet
  facet normal 0.997853 -0.0654873 0
    outer loop
      vertex 72.1043 22.5784 7.4
      vertex 72.13 22.97 2.4
      vertex 72.13 22.97 7.4
    endloop
  endfacet
  facet normal 0.997853 -0.0654873 0
    outer loop
      vertex 72.13 22.97 2.4
      vertex 72.1043 22.5784 7.4
      vertex 72.1043 22.5784 2.4
    endloop
  endfacet
  facet normal 0.980815 -0.19494 0
    outer loop
      vertex 72.0278 22.1935 7.4
      vertex 72.1043 22.5784 2.4
      vertex 72.1043 22.5784 7.4
    endloop
  endfacet
  facet normal 0.980815 -0.19494 0
    outer loop
      vertex 72.1043 22.5784 2.4
      vertex 72.0278 22.1935 7.4
      vertex 72.0278 22.1935 2.4
    endloop
  endfacet
  facet normal 0.831501 -0.555523 0
    outer loop
      vertex 71.5101 21.1437 7.4
      vertex 71.7281 21.47 2.4
      vertex 71.7281 21.47 7.4
    endloop
  endfacet
  facet normal 0.831501 -0.555523 0
    outer loop
      vertex 71.7281 21.47 2.4
      vertex 71.5101 21.1437 7.4
      vertex 71.5101 21.1437 2.4
    endloop
  endfacet
  facet normal 0.19494 -0.980815 0
    outer loop
      vertex 69.5216 19.9957 2.4
      vertex 69.9065 20.0722 7.4
      vertex 69.5216 19.9957 7.4
    endloop
  endfacet
  facet normal 0.19494 -0.980815 0
    outer loop
      vertex 69.9065 20.0722 7.4
      vertex 69.5216 19.9957 2.4
      vertex 69.9065 20.0722 2.4
    endloop
  endfacet
  facet normal 0.44211 -0.896961 0
    outer loop
      vertex 70.278 20.1984 2.4
      vertex 70.63 20.3719 7.4
      vertex 70.278 20.1984 7.4
    endloop
  endfacet
  facet normal 0.44211 -0.896961 0
    outer loop
      vertex 70.63 20.3719 7.4
      vertex 70.278 20.1984 2.4
      vertex 70.63 20.3719 2.4
    endloop
  endfacet
  facet normal 0.896961 0.44211 0
    outer loop
      vertex 71.9016 24.118 7.4
      vertex 71.7281 24.47 2.4
      vertex 71.7281 24.47 7.4
    endloop
  endfacet
  facet normal 0.896961 0.44211 0
    outer loop
      vertex 71.7281 24.47 2.4
      vertex 71.9016 24.118 7.4
      vertex 71.9016 24.118 2.4
    endloop
  endfacet
  facet normal 0.946858 0.321651 0
    outer loop
      vertex 72.0278 23.7465 7.4
      vertex 71.9016 24.118 2.4
      vertex 71.9016 24.118 7.4
    endloop
  endfacet
  facet normal 0.946858 0.321651 0
    outer loop
      vertex 71.9016 24.118 2.4
      vertex 72.0278 23.7465 7.4
      vertex 72.0278 23.7465 2.4
    endloop
  endfacet
  facet normal 0.980815 0.19494 0
    outer loop
      vertex 72.1043 23.3616 7.4
      vertex 72.0278 23.7465 2.4
      vertex 72.0278 23.7465 7.4
    endloop
  endfacet
  facet normal 0.980815 0.19494 0
    outer loop
      vertex 72.0278 23.7465 2.4
      vertex 72.1043 23.3616 7.4
      vertex 72.1043 23.3616 2.4
    endloop
  endfacet
  facet normal 0.0654873 0.997853 -0
    outer loop
      vertex 69.5216 25.9443 2.4
      vertex 69.13 25.97 7.4
      vertex 69.5216 25.9443 7.4
    endloop
  endfacet
  facet normal 0.0654873 0.997853 0
    outer loop
      vertex 69.13 25.97 7.4
      vertex 69.5216 25.9443 2.4
      vertex 69.13 25.97 2.4
    endloop
  endfacet
  facet normal 0 0 1
    outer loop
      vertex 70.38 22.97 7.4
      vertex 72.13 22.97 7.4
      vertex 72.1043 23.3616 7.4
    endloop
  endfacet
  facet normal 0 0 1
    outer loop
      vertex 70.3693 23.1332 7.4
      vertex 72.1043 23.3616 7.4
      vertex 72.0278 23.7465 7.4
    endloop
  endfacet
  facet normal 0 0 1
    outer loop
      vertex 72.13 22.97 7.4
      vertex 70.38 22.97 7.4
      vertex 72.1043 22.5784 7.4
    endloop
  endfacet
  facet normal 0 0 1
    outer loop
      vertex 70.3374 23.2935 7.4
      vertex 72.0278 23.7465 7.4
      vertex 71.9016 24.118 7.4
    endloop
  endfacet
  facet normal -0 0 1
    outer loop
      vertex 70.3693 22.8068 7.4
      vertex 72.1043 22.5784 7.4
      vertex 70.38 22.97 7.4
    endloop
  endfacet
  facet normal 0 0 1
    outer loop
      vertex 70.2849 23.4484 7.4
      vertex 71.9016 24.118 7.4
      vertex 71.7281 24.47 7.4
    endloop
  endfacet
  facet normal 0 0 1
    outer loop
      vertex 72.1043 22.5784 7.4
      vertex 70.3693 22.8068 7.4
      vertex 72.0278 22.1935 7.4
    endloop
  endfacet
  facet normal 0 0 1
    outer loop
      vertex 70.2125 23.595 7.4
      vertex 71.7281 24.47 7.4
      vertex 71.5101 24.7963 7.4
    endloop
  endfacet
  facet normal -0 0 1
    outer loop
      vertex 70.3374 22.6465 7.4
      vertex 72.0278 22.1935 7.4
      vertex 70.3693 22.8068 7.4
    endloop
  endfacet
  facet normal 0 0 1
    outer loop
      vertex 70.1217 23.731 7.4
      vertex 71.5101 24.7963 7.4
      vertex 71.2513 25.0913 7.4
    endloop
  endfacet
  facet normal 0 0 1
    outer loop
      vertex 72.0278 22.1935 7.4
      vertex 70.3374 22.6465 7.4
      vertex 71.9016 21.8219 7.4
    endloop
  endfacet
  facet normal 0 0 1
    outer loop
      vertex 70.0139 23.8539 7.4
      vertex 71.2513 25.0913 7.4
      vertex 70.9563 25.3501 7.4
    endloop
  endfacet
  facet normal -0 0 1
    outer loop
      vertex 70.2849 22.4916 7.4
      vertex 71.9016 21.8219 7.4
      vertex 70.3374 22.6465 7.4
    endloop
  endfacet
  facet normal 0 0 1
    outer loop
      vertex 69.891 23.9617 7.4
      vertex 70.9563 25.3501 7.4
      vertex 70.63 25.5681 7.4
    endloop
  endfacet
  facet normal 0 0 1
    outer loop
      vertex 71.9016 21.8219 7.4
      vertex 70.2849 22.4916 7.4
      vertex 71.7281 21.47 7.4
    endloop
  endfacet
  facet normal -0 0 1
    outer loop
      vertex 70.2125 22.345 7.4
      vertex 71.7281 21.47 7.4
      vertex 70.2849 22.4916 7.4
    endloop
  endfacet
  facet normal 0 0 1
    outer loop
      vertex 72.1043 23.3616 7.4
      vertex 70.3693 23.1332 7.4
      vertex 70.38 22.97 7.4
    endloop
  endfacet
  facet normal 0 0 1
    outer loop
      vertex 72.0278 23.7465 7.4
      vertex 70.3374 23.2935 7.4
      vertex 70.3693 23.1332 7.4
    endloop
  endfacet
  facet normal 0 0 1
    outer loop
      vertex 71.9016 24.118 7.4
      vertex 70.2849 23.4484 7.4
      vertex 70.3374 23.2935 7.4
    endloop
  endfacet
  facet normal 0 0 1
    outer loop
      vertex 69.755 24.0525 7.4
      vertex 70.63 25.5681 7.4
      vertex 70.278 25.7416 7.4
    endloop
  endfacet
  facet normal 0 0 1
    outer loop
      vertex 71.7281 24.47 7.4
      vertex 70.2125 23.595 7.4
      vertex 70.2849 23.4484 7.4
    endloop
  endfacet
  facet normal 0 0 1
    outer loop
      vertex 71.5101 24.7963 7.4
      vertex 70.1217 23.731 7.4
      vertex 70.2125 23.595 7.4
    endloop
  endfacet
  facet normal 0 0 1
    outer loop
      vertex 71.2513 25.0913 7.4
      vertex 70.0139 23.8539 7.4
      vertex 70.1217 23.731 7.4
    endloop
  endfacet
  facet normal 0 0 1
    outer loop
      vertex 69.6084 24.1248 7.4
      vertex 70.278 25.7416 7.4
      vertex 69.9065 25.8678 7.4
    endloop
  endfacet
  facet normal 0 0 1
    outer loop
      vertex 70.9563 25.3501 7.4
      vertex 69.891 23.9617 7.4
      vertex 70.0139 23.8539 7.4
    endloop
  endfacet
  facet normal 0 0 1
    outer loop
      vertex 70.63 25.5681 7.4
      vertex 69.755 24.0525 7.4
      vertex 69.891 23.9617 7.4
    endloop
  endfacet
  facet normal 0 0 1
    outer loop
      vertex 70.278 25.7416 7.4
      vertex 69.6084 24.1248 7.4
      vertex 69.755 24.0525 7.4
    endloop
  endfacet
  facet normal 0 0 1
    outer loop
      vertex 69.4535 24.1774 7.4
      vertex 69.9065 25.8678 7.4
      vertex 69.5216 25.9443 7.4
    endloop
  endfacet
  facet normal 0 0 1
    outer loop
      vertex 69.9065 25.8678 7.4
      vertex 69.4535 24.1774 7.4
      vertex 69.6084 24.1248 7.4
    endloop
  endfacet
  facet normal 0 0 1
    outer loop
      vertex 69.5216 25.9443 7.4
      vertex 69.2932 24.2093 7.4
      vertex 69.4535 24.1774 7.4
    endloop
  endfacet
  facet normal 0 0 1
    outer loop
      vertex 69.13 25.97 7.4
      vertex 69.2932 24.2093 7.4
      vertex 69.5216 25.9443 7.4
    endloop
  endfacet
  facet normal 0 0 1
    outer loop
      vertex 69.13 25.97 7.4
      vertex 69.13 24.22 7.4
      vertex 69.2932 24.2093 7.4
    endloop
  endfacet
  facet normal 0 0 1
    outer loop
      vertex 69.13 25.97 7.4
      vertex 68.9668 24.2093 7.4
      vertex 69.13 24.22 7.4
    endloop
  endfacet
  facet normal -0 0 1
    outer loop
      vertex 68.7384 25.9443 7.4
      vertex 68.9668 24.2093 7.4
      vertex 69.13 25.97 7.4
    endloop
  endfacet
  facet normal 0 0 1
    outer loop
      vertex 68.9668 24.2093 7.4
      vertex 68.7384 25.9443 7.4
      vertex 68.8065 24.1774 7.4
    endloop
  endfacet
  facet normal -0 0 1
    outer loop
      vertex 68.3535 25.8678 7.4
      vertex 68.8065 24.1774 7.4
      vertex 68.7384 25.9443 7.4
    endloop
  endfacet
  facet normal 0 0 1
    outer loop
      vertex 68.8065 24.1774 7.4
      vertex 68.3535 25.8678 7.4
      vertex 68.6516 24.1248 7.4
    endloop
  endfacet
  facet normal -0 0 1
    outer loop
      vertex 67.9819 25.7416 7.4
      vertex 68.6516 24.1248 7.4
      vertex 68.3535 25.8678 7.4
    endloop
  endfacet
  facet normal 0 0 1
    outer loop
      vertex 68.6516 24.1248 7.4
      vertex 67.9819 25.7416 7.4
      vertex 68.505 24.0525 7.4
    endloop
  endfacet
  facet normal -0 0 1
    outer loop
      vertex 67.63 25.5681 7.4
      vertex 68.505 24.0525 7.4
      vertex 67.9819 25.7416 7.4
    endloop
  endfacet
  facet normal 0 0 1
    outer loop
      vertex 68.505 24.0525 7.4
      vertex 67.63 25.5681 7.4
      vertex 68.369 23.9617 7.4
    endloop
  endfacet
  facet normal -0 0 1
    outer loop
      vertex 67.3037 25.3501 7.4
      vertex 68.369 23.9617 7.4
      vertex 67.63 25.5681 7.4
    endloop
  endfacet
  facet normal 0 0 1
    outer loop
      vertex 68.369 23.9617 7.4
      vertex 67.3037 25.3501 7.4
      vertex 68.2461 23.8539 7.4
    endloop
  endfacet
  facet normal -0 0 1
    outer loop
      vertex 67.0087 25.0913 7.4
      vertex 68.2461 23.8539 7.4
      vertex 67.3037 25.3501 7.4
    endloop
  endfacet
  facet normal 0 0 1
    outer loop
      vertex 68.2461 23.8539 7.4
      vertex 67.0087 25.0913 7.4
      vertex 68.1383 23.731 7.4
    endloop
  endfacet
  facet normal -0 0 1
    outer loop
      vertex 66.7499 24.7963 7.4
      vertex 68.1383 23.731 7.4
      vertex 67.0087 25.0913 7.4
    endloop
  endfacet
  facet normal 0 0 1
    outer loop
      vertex 68.1383 23.731 7.4
      vertex 66.7499 24.7963 7.4
      vertex 68.0475 23.595 7.4
    endloop
  endfacet
  facet normal -0 0 1
    outer loop
      vertex 66.5319 24.47 7.4
      vertex 68.0475 23.595 7.4
      vertex 66.7499 24.7963 7.4
    endloop
  endfacet
  facet normal 0 0 1
    outer loop
      vertex 71.7281 21.47 7.4
      vertex 70.2125 22.345 7.4
      vertex 71.5101 21.1437 7.4
    endloop
  endfacet
  facet normal -0 0 1
    outer loop
      vertex 70.1217 22.209 7.4
      vertex 71.5101 21.1437 7.4
      vertex 70.2125 22.345 7.4
    endloop
  endfacet
  facet normal 0 0 1
    outer loop
      vertex 71.5101 21.1437 7.4
      vertex 70.1217 22.209 7.4
      vertex 71.2513 20.8487 7.4
    endloop
  endfacet
  facet normal -0 0 1
    outer loop
      vertex 70.0139 22.0861 7.4
      vertex 71.2513 20.8487 7.4
      vertex 70.1217 22.209 7.4
    endloop
  endfacet
  facet normal 0 0 1
    outer loop
      vertex 71.2513 20.8487 7.4
      vertex 70.0139 22.0861 7.4
      vertex 70.9563 20.5899 7.4
    endloop
  endfacet
  facet normal -0 0 1
    outer loop
      vertex 69.891 21.9783 7.4
      vertex 70.9563 20.5899 7.4
      vertex 70.0139 22.0861 7.4
    endloop
  endfacet
  facet normal 0 0 1
    outer loop
      vertex 70.9563 20.5899 7.4
      vertex 69.891 21.9783 7.4
      vertex 70.63 20.3719 7.4
    endloop
  endfacet
  facet normal -0 0 1
    outer loop
      vertex 69.755 21.8875 7.4
      vertex 70.63 20.3719 7.4
      vertex 69.891 21.9783 7.4
    endloop
  endfacet
  facet normal 0 0 1
    outer loop
      vertex 70.63 20.3719 7.4
      vertex 69.755 21.8875 7.4
      vertex 70.278 20.1984 7.4
    endloop
  endfacet
  facet normal -0 0 1
    outer loop
      vertex 69.6084 21.8152 7.4
      vertex 70.278 20.1984 7.4
      vertex 69.755 21.8875 7.4
    endloop
  endfacet
  facet normal 0 0 1
    outer loop
      vertex 70.278 20.1984 7.4
      vertex 69.6084 21.8152 7.4
      vertex 69.9065 20.0722 7.4
    endloop
  endfacet
  facet normal -0 0 1
    outer loop
      vertex 69.4535 21.7626 7.4
      vertex 69.9065 20.0722 7.4
      vertex 69.6084 21.8152 7.4
    endloop
  endfacet
  facet normal 0 0 1
    outer loop
      vertex 69.9065 20.0722 7.4
      vertex 69.4535 21.7626 7.4
      vertex 69.5216 19.9957 7.4
    endloop
  endfacet
  facet normal -0 0 1
    outer loop
      vertex 69.2932 21.7307 7.4
      vertex 69.5216 19.9957 7.4
      vertex 69.4535 21.7626 7.4
    endloop
  endfacet
  facet normal -0 0 1
    outer loop
      vertex 69.13 21.72 7.4
      vertex 69.5216 19.9957 7.4
      vertex 69.2932 21.7307 7.4
    endloop
  endfacet
  facet normal 0 0 1
    outer loop
      vertex 69.13 21.72 7.4
      vertex 69.13 19.97 7.4
      vertex 69.5216 19.9957 7.4
    endloop
  endfacet
  facet normal 0 0 1
    outer loop
      vertex 68.9668 21.7307 7.4
      vertex 69.13 19.97 7.4
      vertex 69.13 21.72 7.4
    endloop
  endfacet
  facet normal 0 0 1
    outer loop
      vertex 68.7384 19.9957 7.4
      vertex 68.9668 21.7307 7.4
      vertex 68.8065 21.7626 7.4
    endloop
  endfacet
  facet normal 0 0 1
    outer loop
      vertex 68.9668 21.7307 7.4
      vertex 68.7384 19.9957 7.4
      vertex 69.13 19.97 7.4
    endloop
  endfacet
  facet normal 0 0 1
    outer loop
      vertex 68.3535 20.0722 7.4
      vertex 68.8065 21.7626 7.4
      vertex 68.6516 21.8152 7.4
    endloop
  endfacet
  facet normal 0 0 1
    outer loop
      vertex 67.9819 20.1984 7.4
      vertex 68.6516 21.8152 7.4
      vertex 68.505 21.8875 7.4
    endloop
  endfacet
  facet normal 0 0 1
    outer loop
      vertex 67.63 20.3719 7.4
      vertex 68.505 21.8875 7.4
      vertex 68.369 21.9783 7.4
    endloop
  endfacet
  facet normal 0 0 1
    outer loop
      vertex 68.8065 21.7626 7.4
      vertex 68.3535 20.0722 7.4
      vertex 68.7384 19.9957 7.4
    endloop
  endfacet
  facet normal 0 0 1
    outer loop
      vertex 67.3037 20.5899 7.4
      vertex 68.369 21.9783 7.4
      vertex 68.2461 22.0861 7.4
    endloop
  endfacet
  facet normal 0 0 1
    outer loop
      vertex 67.0087 20.8487 7.4
      vertex 68.2461 22.0861 7.4
      vertex 68.1383 22.209 7.4
    endloop
  endfacet
  facet normal 0 0 1
    outer loop
      vertex 66.7499 21.1437 7.4
      vertex 68.1383 22.209 7.4
      vertex 68.0475 22.345 7.4
    endloop
  endfacet
  facet normal 0 0 1
    outer loop
      vertex 68.6516 21.8152 7.4
      vertex 67.9819 20.1984 7.4
      vertex 68.3535 20.0722 7.4
    endloop
  endfacet
  facet normal 0 0 1
    outer loop
      vertex 66.5319 21.47 7.4
      vertex 68.0475 22.345 7.4
      vertex 67.9752 22.4916 7.4
    endloop
  endfacet
  facet normal 0 0 1
    outer loop
      vertex 66.3584 21.8219 7.4
      vertex 67.9752 22.4916 7.4
      vertex 67.9226 22.6465 7.4
    endloop
  endfacet
  facet normal 0 0 1
    outer loop
      vertex 66.2322 22.1935 7.4
      vertex 67.9226 22.6465 7.4
      vertex 67.8907 22.8068 7.4
    endloop
  endfacet
  facet normal 0 0 1
    outer loop
      vertex 66.1557 22.5784 7.4
      vertex 67.8907 22.8068 7.4
      vertex 67.88 22.97 7.4
    endloop
  endfacet
  facet normal 0 0 1
    outer loop
      vertex 68.0475 23.595 7.4
      vertex 66.5319 24.47 7.4
      vertex 67.9752 23.4484 7.4
    endloop
  endfacet
  facet normal 0 0 1
    outer loop
      vertex 68.505 21.8875 7.4
      vertex 67.63 20.3719 7.4
      vertex 67.9819 20.1984 7.4
    endloop
  endfacet
  facet normal -0 0 1
    outer loop
      vertex 66.3584 24.118 7.4
      vertex 67.9752 23.4484 7.4
      vertex 66.5319 24.47 7.4
    endloop
  endfacet
  facet normal 0 0 1
    outer loop
      vertex 68.369 21.9783 7.4
      vertex 67.3037 20.5899 7.4
      vertex 67.63 20.3719 7.4
    endloop
  endfacet
  facet normal 0 0 1
    outer loop
      vertex 67.9752 23.4484 7.4
      vertex 66.3584 24.118 7.4
      vertex 67.9226 23.2935 7.4
    endloop
  endfacet
  facet normal 0 0 1
    outer loop
      vertex 68.2461 22.0861 7.4
      vertex 67.0087 20.8487 7.4
      vertex 67.3037 20.5899 7.4
    endloop
  endfacet
  facet normal -0 0 1
    outer loop
      vertex 66.2322 23.7465 7.4
      vertex 67.9226 23.2935 7.4
      vertex 66.3584 24.118 7.4
    endloop
  endfacet
  facet normal 0 0 1
    outer loop
      vertex 68.1383 22.209 7.4
      vertex 66.7499 21.1437 7.4
      vertex 67.0087 20.8487 7.4
    endloop
  endfacet
  facet normal 0 0 1
    outer loop
      vertex 67.9226 23.2935 7.4
      vertex 66.2322 23.7465 7.4
      vertex 67.8907 23.1332 7.4
    endloop
  endfacet
  facet normal 0 0 1
    outer loop
      vertex 68.0475 22.345 7.4
      vertex 66.5319 21.47 7.4
      vertex 66.7499 21.1437 7.4
    endloop
  endfacet
  facet normal -0 0 1
    outer loop
      vertex 66.1557 23.3616 7.4
      vertex 67.8907 23.1332 7.4
      vertex 66.2322 23.7465 7.4
    endloop
  endfacet
  facet normal 0 0 1
    outer loop
      vertex 67.9752 22.4916 7.4
      vertex 66.3584 21.8219 7.4
      vertex 66.5319 21.47 7.4
    endloop
  endfacet
  facet normal 0 0 1
    outer loop
      vertex 67.8907 23.1332 7.4
      vertex 66.1557 23.3616 7.4
      vertex 67.88 22.97 7.4
    endloop
  endfacet
  facet normal 0 0 1
    outer loop
      vertex 67.9226 22.6465 7.4
      vertex 66.2322 22.1935 7.4
      vertex 66.3584 21.8219 7.4
    endloop
  endfacet
  facet normal 0 0 1
    outer loop
      vertex 66.13 22.97 7.4
      vertex 67.88 22.97 7.4
      vertex 66.1557 23.3616 7.4
    endloop
  endfacet
  facet normal 0 0 1
    outer loop
      vertex 67.8907 22.8068 7.4
      vertex 66.1557 22.5784 7.4
      vertex 66.2322 22.1935 7.4
    endloop
  endfacet
  facet normal 0 0 1
    outer loop
      vertex 67.88 22.97 7.4
      vertex 66.13 22.97 7.4
      vertex 66.1557 22.5784 7.4
    endloop
  endfacet
  facet normal -0.980815 0.19494 0
    outer loop
      vertex 66.1557 23.3616 2.4
      vertex 66.2322 23.7465 7.4
      vertex 66.2322 23.7465 2.4
    endloop
  endfacet
  facet normal -0.980815 0.19494 0
    outer loop
      vertex 66.2322 23.7465 7.4
      vertex 66.1557 23.3616 2.4
      vertex 66.1557 23.3616 7.4
    endloop
  endfacet
  facet normal 0.896911 -0.442211 0
    outer loop
      vertex 71.7281 21.47 7.4
      vertex 71.9016 21.8219 2.4
      vertex 71.9016 21.8219 7.4
    endloop
  endfacet
  facet normal 0.896911 -0.442211 0
    outer loop
      vertex 71.9016 21.8219 2.4
      vertex 71.7281 21.47 7.4
      vertex 71.7281 21.47 2.4
    endloop
  endfacet
  facet normal 0.946885 -0.321574 0
    outer loop
      vertex 71.9016 21.8219 7.4
      vertex 72.0278 22.1935 2.4
      vertex 72.0278 22.1935 7.4
    endloop
  endfacet
  facet normal 0.946885 -0.321574 0
    outer loop
      vertex 72.0278 22.1935 2.4
      vertex 71.9016 21.8219 7.4
      vertex 71.9016 21.8219 2.4
    endloop
  endfacet
  facet normal -0.19494 -0.980815 0
    outer loop
      vertex 68.3535 20.0722 2.4
      vertex 68.7384 19.9957 7.4
      vertex 68.3535 20.0722 7.4
    endloop
  endfacet
  facet normal -0.19494 -0.980815 -0
    outer loop
      vertex 68.7384 19.9957 7.4
      vertex 68.3535 20.0722 2.4
      vertex 68.7384 19.9957 2.4
    endloop
  endfacet
  facet normal -0.0654873 -0.997853 0
    outer loop
      vertex 68.7384 19.9957 2.4
      vertex 69.13 19.97 7.4
      vertex 68.7384 19.9957 7.4
    endloop
  endfacet
  facet normal -0.0654873 -0.997853 -0
    outer loop
      vertex 69.13 19.97 7.4
      vertex 68.7384 19.9957 2.4
      vertex 69.13 19.97 2.4
    endloop
  endfacet
  facet normal -0.997853 -0.0654873 0
    outer loop
      vertex 66.1557 22.5784 2.4
      vertex 66.13 22.97 7.4
      vertex 66.13 22.97 2.4
    endloop
  endfacet
  facet normal -0.997853 -0.0654873 0
    outer loop
      vertex 66.13 22.97 7.4
      vertex 66.1557 22.5784 2.4
      vertex 66.1557 22.5784 7.4
    endloop
  endfacet
  facet normal -0.980815 -0.19494 0
    outer loop
      vertex 66.2322 22.1935 2.4
      vertex 66.1557 22.5784 7.4
      vertex 66.1557 22.5784 2.4
    endloop
  endfacet
  facet normal -0.980815 -0.19494 0
    outer loop
      vertex 66.1557 22.5784 7.4
      vertex 66.2322 22.1935 2.4
      vertex 66.2322 22.1935 7.4
    endloop
  endfacet
  facet normal -0.831501 -0.555523 0
    outer loop
      vertex 66.7499 21.1437 2.4
      vertex 66.5319 21.47 7.4
      vertex 66.5319 21.47 2.4
    endloop
  endfacet
  facet normal -0.831501 -0.555523 0
    outer loop
      vertex 66.5319 21.47 7.4
      vertex 66.7499 21.1437 2.4
      vertex 66.7499 21.1437 7.4
    endloop
  endfacet
  facet normal -0.896911 -0.442211 0
    outer loop
      vertex 66.5319 21.47 2.4
      vertex 66.3584 21.8219 7.4
      vertex 66.3584 21.8219 2.4
    endloop
  endfacet
  facet normal -0.896911 -0.442211 0
    outer loop
      vertex 66.3584 21.8219 7.4
      vertex 66.5319 21.47 2.4
      vertex 66.5319 21.47 7.4
    endloop
  endfacet
  facet normal 0.321651 -0.946858 0
    outer loop
      vertex 69.9065 20.0722 2.4
      vertex 70.278 20.1984 7.4
      vertex 69.9065 20.0722 7.4
    endloop
  endfacet
  facet normal 0.321651 -0.946858 0
    outer loop
      vertex 70.278 20.1984 7.4
      vertex 69.9065 20.0722 2.4
      vertex 70.278 20.1984 2.4
    endloop
  endfacet
  facet normal 0.659478 -0.751724 0
    outer loop
      vertex 70.9563 20.5899 2.4
      vertex 71.2513 20.8487 7.4
      vertex 70.9563 20.5899 7.4
    endloop
  endfacet
  facet normal 0.659478 -0.751724 0
    outer loop
      vertex 71.2513 20.8487 7.4
      vertex 70.9563 20.5899 2.4
      vertex 71.2513 20.8487 2.4
    endloop
  endfacet
  facet normal 0.555523 -0.831501 0
    outer loop
      vertex 70.63 20.3719 2.4
      vertex 70.9563 20.5899 7.4
      vertex 70.63 20.3719 7.4
    endloop
  endfacet
  facet normal 0.555523 -0.831501 0
    outer loop
      vertex 70.9563 20.5899 7.4
      vertex 70.63 20.3719 2.4
      vertex 70.9563 20.5899 2.4
    endloop
  endfacet
  facet normal -0.555523 -0.831501 0
    outer loop
      vertex 67.3037 20.5899 2.4
      vertex 67.63 20.3719 7.4
      vertex 67.3037 20.5899 7.4
    endloop
  endfacet
  facet normal -0.555523 -0.831501 -0
    outer loop
      vertex 67.63 20.3719 7.4
      vertex 67.3037 20.5899 2.4
      vertex 67.63 20.3719 2.4
    endloop
  endfacet
  facet normal 0.0654873 -0.997853 0
    outer loop
      vertex 69.13 19.97 2.4
      vertex 69.5216 19.9957 7.4
      vertex 69.13 19.97 7.4
    endloop
  endfacet
  facet normal 0.0654873 -0.997853 0
    outer loop
      vertex 69.5216 19.9957 7.4
      vertex 69.13 19.97 2.4
      vertex 69.5216 19.9957 2.4
    endloop
  endfacet
  facet normal -0.751724 -0.659478 0
    outer loop
      vertex 67.0087 20.8487 2.4
      vertex 66.7499 21.1437 7.4
      vertex 66.7499 21.1437 2.4
    endloop
  endfacet
  facet normal -0.751724 -0.659478 0
    outer loop
      vertex 66.7499 21.1437 7.4
      vertex 67.0087 20.8487 2.4
      vertex 67.0087 20.8487 7.4
    endloop
  endfacet
  facet normal -0.659478 -0.751724 0
    outer loop
      vertex 67.0087 20.8487 2.4
      vertex 67.3037 20.5899 7.4
      vertex 67.0087 20.8487 7.4
    endloop
  endfacet
  facet normal -0.659478 -0.751724 -0
    outer loop
      vertex 67.3037 20.5899 7.4
      vertex 67.0087 20.8487 2.4
      vertex 67.3037 20.5899 2.4
    endloop
  endfacet
  facet normal 0.751724 -0.659478 0
    outer loop
      vertex 71.2513 20.8487 7.4
      vertex 71.5101 21.1437 2.4
      vertex 71.5101 21.1437 7.4
    endloop
  endfacet
  facet normal 0.751724 -0.659478 0
    outer loop
      vertex 71.5101 21.1437 2.4
      vertex 71.2513 20.8487 7.4
      vertex 71.2513 20.8487 2.4
    endloop
  endfacet
  facet normal -0.442211 -0.896911 0
    outer loop
      vertex 67.63 20.3719 2.4
      vertex 67.9819 20.1984 7.4
      vertex 67.63 20.3719 7.4
    endloop
  endfacet
  facet normal -0.442211 -0.896911 -0
    outer loop
      vertex 67.9819 20.1984 7.4
      vertex 67.63 20.3719 2.4
      vertex 67.9819 20.1984 2.4
    endloop
  endfacet
  facet normal -0.946885 -0.321574 0
    outer loop
      vertex 66.3584 21.8219 2.4
      vertex 66.2322 22.1935 7.4
      vertex 66.2322 22.1935 2.4
    endloop
  endfacet
  facet normal -0.946885 -0.321574 0
    outer loop
      vertex 66.2322 22.1935 7.4
      vertex 66.3584 21.8219 2.4
      vertex 66.3584 21.8219 7.4
    endloop
  endfacet
  facet normal -0.321574 -0.946885 0
    outer loop
      vertex 67.9819 20.1984 2.4
      vertex 68.3535 20.0722 7.4
      vertex 67.9819 20.1984 7.4
    endloop
  endfacet
  facet normal -0.321574 -0.946885 -0
    outer loop
      vertex 68.3535 20.0722 7.4
      vertex 67.9819 20.1984 2.4
      vertex 68.3535 20.0722 2.4
    endloop
  endfacet
  facet normal -0.997858 -0.0654233 0
    outer loop
      vertex 22.12 24.24 0.799999
      vertex 22.1093 24.4032 7.4
      vertex 22.1093 24.4032 0.799999
    endloop
  endfacet
  facet normal -0.997858 -0.0654233 0
    outer loop
      vertex 22.1093 24.4032 7.4
      vertex 22.12 24.24 0.799999
      vertex 22.12 24.24 7.4
    endloop
  endfacet
  facet normal 0.997858 0.0654233 0
    outer loop
      vertex 19.6307 24.0768 7.4
      vertex 19.62 24.24 0.799999
      vertex 19.62 24.24 7.4
    endloop
  endfacet
  facet normal 0.997858 0.0654233 0
    outer loop
      vertex 19.62 24.24 0.799999
      vertex 19.6307 24.0768 7.4
      vertex 19.6307 24.0768 0.799999
    endloop
  endfacet
  facet normal 0.0654233 -0.997858 0
    outer loop
      vertex 20.7068 25.4793 0.799999
      vertex 20.87 25.49 7.4
      vertex 20.7068 25.4793 7.4
    endloop
  endfacet
  facet normal 0.0654233 -0.997858 0
    outer loop
      vertex 20.87 25.49 7.4
      vertex 20.7068 25.4793 0.799999
      vertex 20.87 25.49 0.799999
    endloop
  endfacet
  facet normal -0.659414 -0.75178 0
    outer loop
      vertex 21.631 25.2317 0.799999
      vertex 21.7539 25.1239 7.4
      vertex 21.631 25.2317 7.4
    endloop
  endfacet
  facet normal -0.659414 -0.75178 -0
    outer loop
      vertex 21.7539 25.1239 7.4
      vertex 21.631 25.2317 0.799999
      vertex 21.7539 25.1239 0.799999
    endloop
  endfacet
  facet normal 0.75178 -0.659414 0
    outer loop
      vertex 19.8783 25.001 7.4
      vertex 19.9861 25.1239 0.799999
      vertex 19.9861 25.1239 7.4
    endloop
  endfacet
  facet normal 0.75178 -0.659414 0
    outer loop
      vertex 19.9861 25.1239 0.799999
      vertex 19.8783 25.001 7.4
      vertex 19.8783 25.001 0.799999
    endloop
  endfacet
  facet normal 0.442313 -0.896861 0
    outer loop
      vertex 20.245 25.3225 0.799999
      vertex 20.3916 25.3948 7.4
      vertex 20.245 25.3225 7.4
    endloop
  endfacet
  facet normal 0.442313 -0.896861 0
    outer loop
      vertex 20.3916 25.3948 7.4
      vertex 20.245 25.3225 0.799999
      vertex 20.3916 25.3948 0.799999
    endloop
  endfacet
  facet normal 0.896618 0.442805 0
    outer loop
      vertex 19.7875 23.615 7.4
      vertex 19.7151 23.7616 0.799999
      vertex 19.7151 23.7616 7.4
    endloop
  endfacet
  facet normal 0.896618 0.442805 0
    outer loop
      vertex 19.7151 23.7616 0.799999
      vertex 19.7875 23.615 7.4
      vertex 19.7875 23.615 0.799999
    endloop
  endfacet
  facet normal -0.896861 -0.442313 0
    outer loop
      vertex 22.0248 24.7184 0.799999
      vertex 21.9525 24.865 7.4
      vertex 21.9525 24.865 0.799999
    endloop
  endfacet
  facet normal -0.896861 -0.442313 0
    outer loop
      vertex 21.9525 24.865 7.4
      vertex 22.0248 24.7184 0.799999
      vertex 22.0248 24.7184 7.4
    endloop
  endfacet
  facet normal -0.831674 -0.555265 0
    outer loop
      vertex 21.9525 24.865 0.799999
      vertex 21.8617 25.001 7.4
      vertex 21.8617 25.001 0.799999
    endloop
  endfacet
  facet normal -0.831674 -0.555265 0
    outer loop
      vertex 21.8617 25.001 7.4
      vertex 21.9525 24.865 0.799999
      vertex 21.9525 24.865 7.4
    endloop
  endfacet
  facet normal -0.321541 -0.946896 0
    outer loop
      vertex 21.1935 25.4474 0.799999
      vertex 21.3484 25.3948 7.4
      vertex 21.1935 25.4474 7.4
    endloop
  endfacet
  facet normal -0.321541 -0.946896 -0
    outer loop
      vertex 21.3484 25.3948 7.4
      vertex 21.1935 25.4474 0.799999
      vertex 21.3484 25.3948 0.799999
    endloop
  endfacet
  facet normal -0.555265 -0.831674 0
    outer loop
      vertex 21.495 25.3225 0.799999
      vertex 21.631 25.2317 7.4
      vertex 21.495 25.3225 7.4
    endloop
  endfacet
  facet normal -0.555265 -0.831674 -0
    outer loop
      vertex 21.631 25.2317 7.4
      vertex 21.495 25.3225 0.799999
      vertex 21.631 25.2317 0.799999
    endloop
  endfacet
  facet normal 0.947082 -0.320993 0
    outer loop
      vertex 19.6626 24.5635 7.4
      vertex 19.7151 24.7184 0.799999
      vertex 19.7151 24.7184 7.4
    endloop
  endfacet
  facet normal 0.947082 -0.320993 0
    outer loop
      vertex 19.7151 24.7184 0.799999
      vertex 19.6626 24.5635 7.4
      vertex 19.6626 24.5635 0.799999
    endloop
  endfacet
  facet normal 0.980768 -0.195175 0
    outer loop
      vertex 19.6307 24.4032 7.4
      vertex 19.6626 24.5635 0.799999
      vertex 19.6626 24.5635 7.4
    endloop
  endfacet
  facet normal 0.980768 -0.195175 0
    outer loop
      vertex 19.6626 24.5635 0.799999
      vertex 19.6307 24.4032 7.4
      vertex 19.6307 24.4032 0.799999
    endloop
  endfacet
  facet normal 0.555265 -0.831674 0
    outer loop
      vertex 20.109 25.2317 0.799999
      vertex 20.245 25.3225 7.4
      vertex 20.109 25.2317 7.4
    endloop
  endfacet
  facet normal 0.555265 -0.831674 0
    outer loop
      vertex 20.245 25.3225 7.4
      vertex 20.109 25.2317 0.799999
      vertex 20.245 25.3225 0.799999
    endloop
  endfacet
  facet normal 0.195175 -0.980768 0
    outer loop
      vertex 20.5465 25.4474 0.799999
      vertex 20.7068 25.4793 7.4
      vertex 20.5465 25.4474 7.4
    endloop
  endfacet
  facet normal 0.195175 -0.980768 0
    outer loop
      vertex 20.7068 25.4793 7.4
      vertex 20.5465 25.4474 0.799999
      vertex 20.7068 25.4793 0.799999
    endloop
  endfacet
  facet normal -0.195175 0.980768 0
    outer loop
      vertex 21.1935 23.0326 0.799999
      vertex 21.0332 23.0007 7.4
      vertex 21.1935 23.0326 7.4
    endloop
  endfacet
  facet normal -0.195175 0.980768 0
    outer loop
      vertex 21.0332 23.0007 7.4
      vertex 21.1935 23.0326 0.799999
      vertex 21.0332 23.0007 0.799999
    endloop
  endfacet
  facet normal -0.980768 0.195175 0
    outer loop
      vertex 22.0774 23.9165 0.799999
      vertex 22.1093 24.0768 7.4
      vertex 22.1093 24.0768 0.799999
    endloop
  endfacet
  facet normal -0.980768 0.195175 0
    outer loop
      vertex 22.1093 24.0768 7.4
      vertex 22.0774 23.9165 0.799999
      vertex 22.0774 23.9165 7.4
    endloop
  endfacet
  facet normal 0.195175 0.980768 -0
    outer loop
      vertex 20.7068 23.0007 0.799999
      vertex 20.5465 23.0326 7.4
      vertex 20.7068 23.0007 7.4
    endloop
  endfacet
  facet normal 0.195175 0.980768 0
    outer loop
      vertex 20.5465 23.0326 7.4
      vertex 20.7068 23.0007 0.799999
      vertex 20.5465 23.0326 0.799999
    endloop
  endfacet
  facet normal 0.831674 0.555265 0
    outer loop
      vertex 19.8783 23.479 7.4
      vertex 19.7875 23.615 0.799999
      vertex 19.7875 23.615 7.4
    endloop
  endfacet
  facet normal 0.831674 0.555265 0
    outer loop
      vertex 19.7875 23.615 0.799999
      vertex 19.8783 23.479 7.4
      vertex 19.8783 23.479 0.799999
    endloop
  endfacet
  facet normal 0.980768 0.195175 0
    outer loop
      vertex 19.6626 23.9165 7.4
      vertex 19.6307 24.0768 0.799999
      vertex 19.6307 24.0768 7.4
    endloop
  endfacet
  facet normal 0.980768 0.195175 0
    outer loop
      vertex 19.6307 24.0768 0.799999
      vertex 19.6626 23.9165 7.4
      vertex 19.6626 23.9165 0.799999
    endloop
  endfacet
  facet normal -0.946896 -0.321541 0
    outer loop
      vertex 22.0774 24.5635 0.799999
      vertex 22.0248 24.7184 7.4
      vertex 22.0248 24.7184 0.799999
    endloop
  endfacet
  facet normal -0.946896 -0.321541 0
    outer loop
      vertex 22.0248 24.7184 7.4
      vertex 22.0774 24.5635 0.799999
      vertex 22.0774 24.5635 7.4
    endloop
  endfacet
  facet normal -0.980768 -0.195175 0
    outer loop
      vertex 22.1093 24.4032 0.799999
      vertex 22.0774 24.5635 7.4
      vertex 22.0774 24.5635 0.799999
    endloop
  endfacet
  facet normal -0.980768 -0.195175 0
    outer loop
      vertex 22.0774 24.5635 7.4
      vertex 22.1093 24.4032 0.799999
      vertex 22.1093 24.4032 7.4
    endloop
  endfacet
  facet normal -0.75178 -0.659414 0
    outer loop
      vertex 21.8617 25.001 0.799999
      vertex 21.7539 25.1239 7.4
      vertex 21.7539 25.1239 0.799999
    endloop
  endfacet
  facet normal -0.75178 -0.659414 0
    outer loop
      vertex 21.7539 25.1239 7.4
      vertex 21.8617 25.001 0.799999
      vertex 21.8617 25.001 7.4
    endloop
  endfacet
  facet normal -0.195175 -0.980768 0
    outer loop
      vertex 21.0332 25.4793 0.799999
      vertex 21.1935 25.4474 7.4
      vertex 21.0332 25.4793 7.4
    endloop
  endfacet
  facet normal -0.195175 -0.980768 -0
    outer loop
      vertex 21.1935 25.4474 7.4
      vertex 21.0332 25.4793 0.799999
      vertex 21.1935 25.4474 0.799999
    endloop
  endfacet
  facet normal -0.0654233 -0.997858 0
    outer loop
      vertex 20.87 25.49 0.799999
      vertex 21.0332 25.4793 7.4
      vertex 20.87 25.49 7.4
    endloop
  endfacet
  facet normal -0.0654233 -0.997858 -0
    outer loop
      vertex 21.0332 25.4793 7.4
      vertex 20.87 25.49 0.799999
      vertex 21.0332 25.4793 0.799999
    endloop
  endfacet
  facet normal -0.442313 -0.896861 0
    outer loop
      vertex 21.3484 25.3948 0.799999
      vertex 21.495 25.3225 7.4
      vertex 21.3484 25.3948 7.4
    endloop
  endfacet
  facet normal -0.442313 -0.896861 -0
    outer loop
      vertex 21.495 25.3225 7.4
      vertex 21.3484 25.3948 0.799999
      vertex 21.495 25.3225 0.799999
    endloop
  endfacet
  facet normal 0 0 1
    outer loop
      vertex 22.1093 24.4032 0.799999
      vertex 22.1093 24.0768 0.799999
      vertex 22.12 24.24 0.799999
    endloop
  endfacet
  facet normal 0 0 1
    outer loop
      vertex 22.0774 24.5635 0.799999
      vertex 22.1093 24.0768 0.799999
      vertex 22.1093 24.4032 0.799999
    endloop
  endfacet
  facet normal 0 0 1
    outer loop
      vertex 22.0774 24.5635 0.799999
      vertex 22.0774 23.9165 0.799999
      vertex 22.1093 24.0768 0.799999
    endloop
  endfacet
  facet normal 0 0 1
    outer loop
      vertex 22.0248 24.7184 0.799999
      vertex 22.0774 23.9165 0.799999
      vertex 22.0774 24.5635 0.799999
    endloop
  endfacet
  facet normal 0 0 1
    outer loop
      vertex 22.0248 24.7184 0.799999
      vertex 22.0248 23.7616 0.799999
      vertex 22.0774 23.9165 0.799999
    endloop
  endfacet
  facet normal 0 0 1
    outer loop
      vertex 21.9525 24.865 0.799999
      vertex 22.0248 23.7616 0.799999
      vertex 22.0248 24.7184 0.799999
    endloop
  endfacet
  facet normal 0 0 1
    outer loop
      vertex 21.9525 24.865 0.799999
      vertex 21.9525 23.615 0.799999
      vertex 22.0248 23.7616 0.799999
    endloop
  endfacet
  facet normal 0 0 1
    outer loop
      vertex 21.8617 25.001 0.799999
      vertex 21.9525 23.615 0.799999
      vertex 21.9525 24.865 0.799999
    endloop
  endfacet
  facet normal 0 0 1
    outer loop
      vertex 21.8617 25.001 0.799999
      vertex 21.8617 23.479 0.799999
      vertex 21.9525 23.615 0.799999
    endloop
  endfacet
  facet normal 0 0 1
    outer loop
      vertex 21.7539 25.1239 0.799999
      vertex 21.8617 23.479 0.799999
      vertex 21.8617 25.001 0.799999
    endloop
  endfacet
  facet normal 0 0 1
    outer loop
      vertex 21.7539 25.1239 0.799999
      vertex 21.7539 23.3561 0.799999
      vertex 21.8617 23.479 0.799999
    endloop
  endfacet
  facet normal 0 0 1
    outer loop
      vertex 21.631 25.2317 0.799999
      vertex 21.7539 23.3561 0.799999
      vertex 21.7539 25.1239 0.799999
    endloop
  endfacet
  facet normal 0 0 1
    outer loop
      vertex 21.631 25.2317 0.799999
      vertex 21.631 23.2483 0.799999
      vertex 21.7539 23.3561 0.799999
    endloop
  endfacet
  facet normal 0 0 1
    outer loop
      vertex 21.495 25.3225 0.799999
      vertex 21.631 23.2483 0.799999
      vertex 21.631 25.2317 0.799999
    endloop
  endfacet
  facet normal 0 0 1
    outer loop
      vertex 21.495 25.3225 0.799999
      vertex 21.495 23.1575 0.799999
      vertex 21.631 23.2483 0.799999
    endloop
  endfacet
  facet normal 0 0 1
    outer loop
      vertex 21.3484 25.3948 0.799999
      vertex 21.495 23.1575 0.799999
      vertex 21.495 25.3225 0.799999
    endloop
  endfacet
  facet normal 0 0 1
    outer loop
      vertex 21.3484 25.3948 0.799999
      vertex 21.3484 23.0851 0.799999
      vertex 21.495 23.1575 0.799999
    endloop
  endfacet
  facet normal 0 0 1
    outer loop
      vertex 21.1935 25.4474 0.799999
      vertex 21.3484 23.0851 0.799999
      vertex 21.3484 25.3948 0.799999
    endloop
  endfacet
  facet normal 0 0 1
    outer loop
      vertex 21.1935 25.4474 0.799999
      vertex 21.1935 23.0326 0.799999
      vertex 21.3484 23.0851 0.799999
    endloop
  endfacet
  facet normal 0 0 1
    outer loop
      vertex 21.0332 25.4793 0.799999
      vertex 21.1935 23.0326 0.799999
      vertex 21.1935 25.4474 0.799999
    endloop
  endfacet
  facet normal 0 0 1
    outer loop
      vertex 21.0332 25.4793 0.799999
      vertex 21.0332 23.0007 0.799999
      vertex 21.1935 23.0326 0.799999
    endloop
  endfacet
  facet normal 0 0 1
    outer loop
      vertex 20.87 25.49 0.799999
      vertex 21.0332 23.0007 0.799999
      vertex 21.0332 25.4793 0.799999
    endloop
  endfacet
  facet normal 0 0 1
    outer loop
      vertex 20.87 25.49 0.799999
      vertex 20.87 22.99 0.799999
      vertex 21.0332 23.0007 0.799999
    endloop
  endfacet
  facet normal -0 0 1
    outer loop
      vertex 20.7068 25.4793 0.799999
      vertex 20.87 22.99 0.799999
      vertex 20.87 25.49 0.799999
    endloop
  endfacet
  facet normal 0 0 1
    outer loop
      vertex 20.7068 25.4793 0.799999
      vertex 20.7068 23.0007 0.799999
      vertex 20.87 22.99 0.799999
    endloop
  endfacet
  facet normal -0 0 1
    outer loop
      vertex 20.5465 25.4474 0.799999
      vertex 20.7068 23.0007 0.799999
      vertex 20.7068 25.4793 0.799999
    endloop
  endfacet
  facet normal 0 0 1
    outer loop
      vertex 20.5465 25.4474 0.799999
      vertex 20.5465 23.0326 0.799999
      vertex 20.7068 23.0007 0.799999
    endloop
  endfacet
  facet normal -0 0 1
    outer loop
      vertex 20.3916 25.3948 0.799999
      vertex 20.5465 23.0326 0.799999
      vertex 20.5465 25.4474 0.799999
    endloop
  endfacet
  facet normal 0 0 1
    outer loop
      vertex 20.3916 25.3948 0.799999
      vertex 20.3916 23.0851 0.799999
      vertex 20.5465 23.0326 0.799999
    endloop
  endfacet
  facet normal -0 0 1
    outer loop
      vertex 20.245 25.3225 0.799999
      vertex 20.3916 23.0851 0.799999
      vertex 20.3916 25.3948 0.799999
    endloop
  endfacet
  facet normal 0 0 1
    outer loop
      vertex 20.245 25.3225 0.799999
      vertex 20.245 23.1575 0.799999
      vertex 20.3916 23.0851 0.799999
    endloop
  endfacet
  facet normal -0 0 1
    outer loop
      vertex 20.109 25.2317 0.799999
      vertex 20.245 23.1575 0.799999
      vertex 20.245 25.3225 0.799999
    endloop
  endfacet
  facet normal 0 0 1
    outer loop
      vertex 20.109 25.2317 0.799999
      vertex 20.109 23.2483 0.799999
      vertex 20.245 23.1575 0.799999
    endloop
  endfacet
  facet normal -0 0 1
    outer loop
      vertex 19.9861 25.1239 0.799999
      vertex 20.109 23.2483 0.799999
      vertex 20.109 25.2317 0.799999
    endloop
  endfacet
  facet normal 0 0 1
    outer loop
      vertex 19.9861 25.1239 0.799999
      vertex 19.9861 23.3561 0.799999
      vertex 20.109 23.2483 0.799999
    endloop
  endfacet
  facet normal -0 0 1
    outer loop
      vertex 19.8783 25.001 0.799999
      vertex 19.9861 23.3561 0.799999
      vertex 19.9861 25.1239 0.799999
    endloop
  endfacet
  facet normal 0 0 1
    outer loop
      vertex 19.8783 25.001 0.799999
      vertex 19.8783 23.479 0.799999
      vertex 19.9861 23.3561 0.799999
    endloop
  endfacet
  facet normal -0 0 1
    outer loop
      vertex 19.7875 24.865 0.799999
      vertex 19.8783 23.479 0.799999
      vertex 19.8783 25.001 0.799999
    endloop
  endfacet
  facet normal 0 0 1
    outer loop
      vertex 19.7875 24.865 0.799999
      vertex 19.7875 23.615 0.799999
      vertex 19.8783 23.479 0.799999
    endloop
  endfacet
  facet normal -0 0 1
    outer loop
      vertex 19.7151 24.7184 0.799999
      vertex 19.7875 23.615 0.799999
      vertex 19.7875 24.865 0.799999
    endloop
  endfacet
  facet normal 0 0 1
    outer loop
      vertex 19.7151 24.7184 0.799999
      vertex 19.7151 23.7616 0.799999
      vertex 19.7875 23.615 0.799999
    endloop
  endfacet
  facet normal -0 0 1
    outer loop
      vertex 19.6626 24.5635 0.799999
      vertex 19.7151 23.7616 0.799999
      vertex 19.7151 24.7184 0.799999
    endloop
  endfacet
  facet normal 0 0 1
    outer loop
      vertex 19.6626 24.5635 0.799999
      vertex 19.6626 23.9165 0.799999
      vertex 19.7151 23.7616 0.799999
    endloop
  endfacet
  facet normal -0 0 1
    outer loop
      vertex 19.6307 24.4032 0.799999
      vertex 19.6626 23.9165 0.799999
      vertex 19.6626 24.5635 0.799999
    endloop
  endfacet
  facet normal 0 0 1
    outer loop
      vertex 19.6307 24.4032 0.799999
      vertex 19.6307 24.0768 0.799999
      vertex 19.6626 23.9165 0.799999
    endloop
  endfacet
  facet normal 0 -0 1
    outer loop
      vertex 19.6307 24.0768 0.799999
      vertex 19.6307 24.4032 0.799999
      vertex 19.62 24.24 0.799999
    endloop
  endfacet
  facet normal 0.896618 -0.442805 0
    outer loop
      vertex 19.7151 24.7184 7.4
      vertex 19.7875 24.865 0.799999
      vertex 19.7875 24.865 7.4
    endloop
  endfacet
  facet normal 0.896618 -0.442805 0
    outer loop
      vertex 19.7875 24.865 0.799999
      vertex 19.7151 24.7184 7.4
      vertex 19.7151 24.7184 0.799999
    endloop
  endfacet
  facet normal 0.831674 -0.555265 0
    outer loop
      vertex 19.7875 24.865 7.4
      vertex 19.8783 25.001 0.799999
      vertex 19.8783 25.001 7.4
    endloop
  endfacet
  facet normal 0.831674 -0.555265 0
    outer loop
      vertex 19.8783 25.001 0.799999
      vertex 19.7875 24.865 7.4
      vertex 19.7875 24.865 0.799999
    endloop
  endfacet
  facet normal 0.997858 -0.0654233 0
    outer loop
      vertex 19.62 24.24 7.4
      vertex 19.6307 24.4032 0.799999
      vertex 19.6307 24.4032 7.4
    endloop
  endfacet
  facet normal 0.997858 -0.0654233 0
    outer loop
      vertex 19.6307 24.4032 0.799999
      vertex 19.62 24.24 7.4
      vertex 19.62 24.24 0.799999
    endloop
  endfacet
  facet normal 0.659414 -0.75178 0
    outer loop
      vertex 19.9861 25.1239 0.799999
      vertex 20.109 25.2317 7.4
      vertex 19.9861 25.1239 7.4
    endloop
  endfacet
  facet normal 0.659414 -0.75178 0
    outer loop
      vertex 20.109 25.2317 7.4
      vertex 19.9861 25.1239 0.799999
      vertex 20.109 25.2317 0.799999
    endloop
  endfacet
  facet normal 0.321541 -0.946896 0
    outer loop
      vertex 20.3916 25.3948 0.799999
      vertex 20.5465 25.4474 7.4
      vertex 20.3916 25.3948 7.4
    endloop
  endfacet
  facet normal 0.321541 -0.946896 0
    outer loop
      vertex 20.5465 25.4474 7.4
      vertex 20.3916 25.3948 0.799999
      vertex 20.5465 25.4474 0.799999
    endloop
  endfacet
  facet normal -0.320993 0.947082 0
    outer loop
      vertex 21.3484 23.0851 0.799999
      vertex 21.1935 23.0326 7.4
      vertex 21.3484 23.0851 7.4
    endloop
  endfacet
  facet normal -0.320993 0.947082 0
    outer loop
      vertex 21.1935 23.0326 7.4
      vertex 21.3484 23.0851 0.799999
      vertex 21.1935 23.0326 0.799999
    endloop
  endfacet
  facet normal -0.75178 0.659414 0
    outer loop
      vertex 21.7539 23.3561 0.799999
      vertex 21.8617 23.479 7.4
      vertex 21.8617 23.479 0.799999
    endloop
  endfacet
  facet normal -0.75178 0.659414 0
    outer loop
      vertex 21.8617 23.479 7.4
      vertex 21.7539 23.3561 0.799999
      vertex 21.7539 23.3561 7.4
    endloop
  endfacet
  facet normal -0.555265 0.831674 0
    outer loop
      vertex 21.631 23.2483 0.799999
      vertex 21.495 23.1575 7.4
      vertex 21.631 23.2483 7.4
    endloop
  endfacet
  facet normal -0.555265 0.831674 0
    outer loop
      vertex 21.495 23.1575 7.4
      vertex 21.631 23.2483 0.799999
      vertex 21.495 23.1575 0.799999
    endloop
  endfacet
  facet normal -0.831674 0.555265 0
    outer loop
      vertex 21.8617 23.479 0.799999
      vertex 21.9525 23.615 7.4
      vertex 21.9525 23.615 0.799999
    endloop
  endfacet
  facet normal -0.831674 0.555265 0
    outer loop
      vertex 21.9525 23.615 7.4
      vertex 21.8617 23.479 0.799999
      vertex 21.8617 23.479 7.4
    endloop
  endfacet
  facet normal -0.946896 0.321541 0
    outer loop
      vertex 22.0248 23.7616 0.799999
      vertex 22.0774 23.9165 7.4
      vertex 22.0774 23.9165 0.799999
    endloop
  endfacet
  facet normal -0.946896 0.321541 0
    outer loop
      vertex 22.0774 23.9165 7.4
      vertex 22.0248 23.7616 0.799999
      vertex 22.0248 23.7616 7.4
    endloop
  endfacet
  facet normal 0.555265 0.831674 -0
    outer loop
      vertex 20.245 23.1575 0.799999
      vertex 20.109 23.2483 7.4
      vertex 20.245 23.1575 7.4
    endloop
  endfacet
  facet normal 0.555265 0.831674 0
    outer loop
      vertex 20.109 23.2483 7.4
      vertex 20.245 23.1575 0.799999
      vertex 20.109 23.2483 0.799999
    endloop
  endfacet
  facet normal 0.320993 0.947082 -0
    outer loop
      vertex 20.5465 23.0326 0.799999
      vertex 20.3916 23.0851 7.4
      vertex 20.5465 23.0326 7.4
    endloop
  endfacet
  facet normal 0.320993 0.947082 0
    outer loop
      vertex 20.3916 23.0851 7.4
      vertex 20.5465 23.0326 0.799999
      vertex 20.3916 23.0851 0.799999
    endloop
  endfacet
  facet normal 0.0654233 0.997858 -0
    outer loop
      vertex 20.87 22.99 0.799999
      vertex 20.7068 23.0007 7.4
      vertex 20.87 22.99 7.4
    endloop
  endfacet
  facet normal 0.0654233 0.997858 0
    outer loop
      vertex 20.7068 23.0007 7.4
      vertex 20.87 22.99 0.799999
      vertex 20.7068 23.0007 0.799999
    endloop
  endfacet
  facet normal 0.75178 0.659414 0
    outer loop
      vertex 19.9861 23.3561 7.4
      vertex 19.8783 23.479 0.799999
      vertex 19.8783 23.479 7.4
    endloop
  endfacet
  facet normal 0.75178 0.659414 0
    outer loop
      vertex 19.8783 23.479 0.799999
      vertex 19.9861 23.3561 7.4
      vertex 19.9861 23.3561 0.799999
    endloop
  endfacet
  facet normal 0.947082 0.320993 0
    outer loop
      vertex 19.7151 23.7616 7.4
      vertex 19.6626 23.9165 0.799999
      vertex 19.6626 23.9165 7.4
    endloop
  endfacet
  facet normal 0.947082 0.320993 0
    outer loop
      vertex 19.6626 23.9165 0.799999
      vertex 19.7151 23.7616 7.4
      vertex 19.7151 23.7616 0.799999
    endloop
  endfacet
  facet normal -0.997858 0.0654233 0
    outer loop
      vertex 22.1093 24.0768 0.799999
      vertex 22.12 24.24 7.4
      vertex 22.12 24.24 0.799999
    endloop
  endfacet
  facet normal -0.997858 0.0654233 0
    outer loop
      vertex 22.12 24.24 7.4
      vertex 22.1093 24.0768 0.799999
      vertex 22.1093 24.0768 7.4
    endloop
  endfacet
  facet normal -0.442805 0.896618 0
    outer loop
      vertex 21.495 23.1575 0.799999
      vertex 21.3484 23.0851 7.4
      vertex 21.495 23.1575 7.4
    endloop
  endfacet
  facet normal -0.442805 0.896618 0
    outer loop
      vertex 21.3484 23.0851 7.4
      vertex 21.495 23.1575 0.799999
      vertex 21.3484 23.0851 0.799999
    endloop
  endfacet
  facet normal -0.659414 0.75178 0
    outer loop
      vertex 21.7539 23.3561 0.799999
      vertex 21.631 23.2483 7.4
      vertex 21.7539 23.3561 7.4
    endloop
  endfacet
  facet normal -0.659414 0.75178 0
    outer loop
      vertex 21.631 23.2483 7.4
      vertex 21.7539 23.3561 0.799999
      vertex 21.631 23.2483 0.799999
    endloop
  endfacet
  facet normal -0.896861 0.442313 0
    outer loop
      vertex 21.9525 23.615 0.799999
      vertex 22.0248 23.7616 7.4
      vertex 22.0248 23.7616 0.799999
    endloop
  endfacet
  facet normal -0.896861 0.442313 0
    outer loop
      vertex 22.0248 23.7616 7.4
      vertex 21.9525 23.615 0.799999
      vertex 21.9525 23.615 7.4
    endloop
  endfacet
  facet normal 0.442805 0.896618 -0
    outer loop
      vertex 20.3916 23.0851 0.799999
      vertex 20.245 23.1575 7.4
      vertex 20.3916 23.0851 7.4
    endloop
  endfacet
  facet normal 0.442805 0.896618 0
    outer loop
      vertex 20.245 23.1575 7.4
      vertex 20.3916 23.0851 0.799999
      vertex 20.245 23.1575 0.799999
    endloop
  endfacet
  facet normal -0.0654233 0.997858 0
    outer loop
      vertex 21.0332 23.0007 0.799999
      vertex 20.87 22.99 7.4
      vertex 21.0332 23.0007 7.4
    endloop
  endfacet
  facet normal -0.0654233 0.997858 0
    outer loop
      vertex 20.87 22.99 7.4
      vertex 21.0332 23.0007 0.799999
      vertex 20.87 22.99 0.799999
    endloop
  endfacet
  facet normal 0.659414 0.75178 -0
    outer loop
      vertex 20.109 23.2483 0.799999
      vertex 19.9861 23.3561 7.4
      vertex 20.109 23.2483 7.4
    endloop
  endfacet
  facet normal 0.659414 0.75178 0
    outer loop
      vertex 19.9861 23.3561 7.4
      vertex 20.109 23.2483 0.799999
      vertex 19.9861 23.3561 0.799999
    endloop
  endfacet
  facet normal -0.997858 -0.0654233 0
    outer loop
      vertex 37.36 75.04 0.799999
      vertex 37.3493 75.2032 7.4
      vertex 37.3493 75.2032 0.799999
    endloop
  endfacet
  facet normal -0.997858 -0.0654233 0
    outer loop
      vertex 37.3493 75.2032 7.4
      vertex 37.36 75.04 0.799999
      vertex 37.36 75.04 7.4
    endloop
  endfacet
  facet normal 0.0654233 -0.997858 0
    outer loop
      vertex 35.9468 76.2793 0.799999
      vertex 36.11 76.29 7.4
      vertex 35.9468 76.2793 7.4
    endloop
  endfacet
  facet normal 0.0654233 -0.997858 0
    outer loop
      vertex 36.11 76.29 7.4
      vertex 35.9468 76.2793 0.799999
      vertex 36.11 76.29 0.799999
    endloop
  endfacet
  facet normal -0.0654233 0.997858 0
    outer loop
      vertex 36.2732 73.8007 0.799999
      vertex 36.11 73.79 7.4
      vertex 36.2732 73.8007 7.4
    endloop
  endfacet
  facet normal -0.0654233 0.997858 0
    outer loop
      vertex 36.11 73.79 7.4
      vertex 36.2732 73.8007 0.799999
      vertex 36.11 73.79 0.799999
    endloop
  endfacet
  facet normal 0.659414 0.75178 -0
    outer loop
      vertex 35.349 74.0483 0.799999
      vertex 35.2261 74.1561 7.4
      vertex 35.349 74.0483 7.4
    endloop
  endfacet
  facet normal 0.659414 0.75178 0
    outer loop
      vertex 35.2261 74.1561 7.4
      vertex 35.349 74.0483 0.799999
      vertex 35.2261 74.1561 0.799999
    endloop
  endfacet
  facet normal -0.659414 -0.75178 0
    outer loop
      vertex 36.871 76.0317 0.799999
      vertex 36.9939 75.9239 7.4
      vertex 36.871 76.0317 7.4
    endloop
  endfacet
  facet normal -0.659414 -0.75178 -0
    outer loop
      vertex 36.9939 75.9239 7.4
      vertex 36.871 76.0317 0.799999
      vertex 36.9939 75.9239 0.799999
    endloop
  endfacet
  facet normal 0.752046 -0.65911 0
    outer loop
      vertex 35.1183 75.8009 7.4
      vertex 35.2261 75.9239 0.799999
      vertex 35.2261 75.9239 7.4
    endloop
  endfacet
  facet normal 0.752046 -0.65911 0
    outer loop
      vertex 35.2261 75.9239 0.799999
      vertex 35.1183 75.8009 7.4
      vertex 35.1183 75.8009 0.799999
    endloop
  endfacet
  facet normal 0.442313 -0.896861 0
    outer loop
      vertex 35.485 76.1225 0.799999
      vertex 35.6316 76.1948 7.4
      vertex 35.485 76.1225 7.4
    endloop
  endfacet
  facet normal 0.442313 -0.896861 0
    outer loop
      vertex 35.6316 76.1948 7.4
      vertex 35.485 76.1225 0.799999
      vertex 35.6316 76.1948 0.799999
    endloop
  endfacet
  facet normal -0.75178 0.659414 0
    outer loop
      vertex 36.9939 74.1561 0.799999
      vertex 37.1017 74.279 7.4
      vertex 37.1017 74.279 0.799999
    endloop
  endfacet
  facet normal -0.75178 0.659414 0
    outer loop
      vertex 37.1017 74.279 7.4
      vertex 36.9939 74.1561 0.799999
      vertex 36.9939 74.1561 7.4
    endloop
  endfacet
  facet normal -0.896861 -0.442313 0
    outer loop
      vertex 37.2648 75.5184 0.799999
      vertex 37.1925 75.665 7.4
      vertex 37.1925 75.665 0.799999
    endloop
  endfacet
  facet normal -0.896861 -0.442313 0
    outer loop
      vertex 37.1925 75.665 7.4
      vertex 37.2648 75.5184 0.799999
      vertex 37.2648 75.5184 7.4
    endloop
  endfacet
  facet normal -0.980768 -0.195175 0
    outer loop
      vertex 37.3493 75.2032 0.799999
      vertex 37.3174 75.3635 7.4
      vertex 37.3174 75.3635 0.799999
    endloop
  endfacet
  facet normal -0.980768 -0.195175 0
    outer loop
      vertex 37.3174 75.3635 7.4
      vertex 37.3493 75.2032 0.799999
      vertex 37.3493 75.2032 7.4
    endloop
  endfacet
  facet normal -0.321541 -0.946896 0
    outer loop
      vertex 36.4335 76.2474 0.799999
      vertex 36.5884 76.1948 7.4
      vertex 36.4335 76.2474 7.4
    endloop
  endfacet
  facet normal -0.321541 -0.946896 -0
    outer loop
      vertex 36.5884 76.1948 7.4
      vertex 36.4335 76.2474 0.799999
      vertex 36.5884 76.1948 0.799999
    endloop
  endfacet
  facet normal -0.442313 -0.896861 0
    outer loop
      vertex 36.5884 76.1948 0.799999
      vertex 36.735 76.1225 7.4
      vertex 36.5884 76.1948 7.4
    endloop
  endfacet
  facet normal -0.442313 -0.896861 -0
    outer loop
      vertex 36.735 76.1225 7.4
      vertex 36.5884 76.1948 0.799999
      vertex 36.735 76.1225 0.799999
    endloop
  endfacet
  facet normal 0.946896 -0.321541 0
    outer loop
      vertex 34.9026 75.3635 7.4
      vertex 34.9552 75.5184 0.799999
      vertex 34.9552 75.5184 7.4
    endloop
  endfacet
  facet normal 0.946896 -0.321541 0
    outer loop
      vertex 34.9552 75.5184 0.799999
      vertex 34.9026 75.3635 7.4
      vertex 34.9026 75.3635 0.799999
    endloop
  endfacet
  facet normal 0.980768 -0.195175 0
    outer loop
      vertex 34.8707 75.2032 7.4
      vertex 34.9026 75.3635 0.799999
      vertex 34.9026 75.3635 7.4
    endloop
  endfacet
  facet normal 0.980768 -0.195175 0
    outer loop
      vertex 34.9026 75.3635 0.799999
      vertex 34.8707 75.2032 7.4
      vertex 34.8707 75.2032 0.799999
    endloop
  endfacet
  facet normal 0.555265 -0.831674 0
    outer loop
      vertex 35.349 76.0317 0.799999
      vertex 35.485 76.1225 7.4
      vertex 35.349 76.0317 7.4
    endloop
  endfacet
  facet normal 0.555265 -0.831674 0
    outer loop
      vertex 35.485 76.1225 7.4
      vertex 35.349 76.0317 0.799999
      vertex 35.485 76.1225 0.799999
    endloop
  endfacet
  facet normal 0.321541 -0.946896 0
    outer loop
      vertex 35.6316 76.1948 0.799999
      vertex 35.7865 76.2474 7.4
      vertex 35.6316 76.1948 7.4
    endloop
  endfacet
  facet normal 0.321541 -0.946896 0
    outer loop
      vertex 35.7865 76.2474 7.4
      vertex 35.6316 76.1948 0.799999
      vertex 35.7865 76.2474 0.799999
    endloop
  endfacet
  facet normal -0.555265 0.831674 0
    outer loop
      vertex 36.871 74.0483 0.799999
      vertex 36.735 73.9575 7.4
      vertex 36.871 74.0483 7.4
    endloop
  endfacet
  facet normal -0.555265 0.831674 0
    outer loop
      vertex 36.735 73.9575 7.4
      vertex 36.871 74.0483 0.799999
      vertex 36.735 73.9575 0.799999
    endloop
  endfacet
  facet normal 0.195175 0.980768 -0
    outer loop
      vertex 35.9468 73.8007 0.799999
      vertex 35.7865 73.8326 7.4
      vertex 35.9468 73.8007 7.4
    endloop
  endfacet
  facet normal 0.195175 0.980768 0
    outer loop
      vertex 35.7865 73.8326 7.4
      vertex 35.9468 73.8007 0.799999
      vertex 35.7865 73.8326 0.799999
    endloop
  endfacet
  facet normal 0.831674 0.555265 0
    outer loop
      vertex 35.1183 74.279 7.4
      vertex 35.0275 74.415 0.799999
      vertex 35.0275 74.415 7.4
    endloop
  endfacet
  facet normal 0.831674 0.555265 0
    outer loop
      vertex 35.0275 74.415 0.799999
      vertex 35.1183 74.279 7.4
      vertex 35.1183 74.279 0.799999
    endloop
  endfacet
  facet normal -0.946896 -0.321541 0
    outer loop
      vertex 37.3174 75.3635 0.799999
      vertex 37.2648 75.5184 7.4
      vertex 37.2648 75.5184 0.799999
    endloop
  endfacet
  facet normal -0.946896 -0.321541 0
    outer loop
      vertex 37.2648 75.5184 7.4
      vertex 37.3174 75.3635 0.799999
      vertex 37.3174 75.3635 7.4
    endloop
  endfacet
  facet normal -0.752046 -0.65911 0
    outer loop
      vertex 37.1017 75.8009 0.799999
      vertex 36.9939 75.9239 7.4
      vertex 36.9939 75.9239 0.799999
    endloop
  endfacet
  facet normal -0.752046 -0.65911 0
    outer loop
      vertex 36.9939 75.9239 7.4
      vertex 37.1017 75.8009 0.799999
      vertex 37.1017 75.8009 7.4
    endloop
  endfacet
  facet normal -0.831485 -0.555547 0
    outer loop
      vertex 37.1925 75.665 0.799999
      vertex 37.1017 75.8009 7.4
      vertex 37.1017 75.8009 0.799999
    endloop
  endfacet
  facet normal -0.831485 -0.555547 0
    outer loop
      vertex 37.1017 75.8009 7.4
      vertex 37.1925 75.665 0.799999
      vertex 37.1925 75.665 7.4
    endloop
  endfacet
  facet normal -0.195175 -0.980768 0
    outer loop
      vertex 36.2732 76.2793 0.799999
      vertex 36.4335 76.2474 7.4
      vertex 36.2732 76.2793 7.4
    endloop
  endfacet
  facet normal -0.195175 -0.980768 -0
    outer loop
      vertex 36.4335 76.2474 7.4
      vertex 36.2732 76.2793 0.799999
      vertex 36.4335 76.2474 0.799999
    endloop
  endfacet
  facet normal -0.0654233 -0.997858 0
    outer loop
      vertex 36.11 76.29 0.799999
      vertex 36.2732 76.2793 7.4
      vertex 36.11 76.29 7.4
    endloop
  endfacet
  facet normal -0.0654233 -0.997858 -0
    outer loop
      vertex 36.2732 76.2793 7.4
      vertex 36.11 76.29 0.799999
      vertex 36.2732 76.2793 0.799999
    endloop
  endfacet
  facet normal -0.555265 -0.831674 0
    outer loop
      vertex 36.735 76.1225 0.799999
      vertex 36.871 76.0317 7.4
      vertex 36.735 76.1225 7.4
    endloop
  endfacet
  facet normal -0.555265 -0.831674 -0
    outer loop
      vertex 36.871 76.0317 7.4
      vertex 36.735 76.1225 0.799999
      vertex 36.871 76.0317 0.799999
    endloop
  endfacet
  facet normal 0 0 1
    outer loop
      vertex 37.3493 75.2032 0.799999
      vertex 37.3493 74.8768 0.799999
      vertex 37.36 75.04 0.799999
    endloop
  endfacet
  facet normal 0 0 1
    outer loop
      vertex 37.3174 75.3635 0.799999
      vertex 37.3493 74.8768 0.799999
      vertex 37.3493 75.2032 0.799999
    endloop
  endfacet
  facet normal 0 0 1
    outer loop
      vertex 37.3174 75.3635 0.799999
      vertex 37.3174 74.7165 0.799999
      vertex 37.3493 74.8768 0.799999
    endloop
  endfacet
  facet normal 0 0 1
    outer loop
      vertex 37.2648 75.5184 0.799999
      vertex 37.3174 74.7165 0.799999
      vertex 37.3174 75.3635 0.799999
    endloop
  endfacet
  facet normal 0 0 1
    outer loop
      vertex 37.2648 75.5184 0.799999
      vertex 37.2648 74.5616 0.799999
      vertex 37.3174 74.7165 0.799999
    endloop
  endfacet
  facet normal 0 0 1
    outer loop
      vertex 37.1925 75.665 0.799999
      vertex 37.2648 74.5616 0.799999
      vertex 37.2648 75.5184 0.799999
    endloop
  endfacet
  facet normal 0 0 1
    outer loop
      vertex 37.1925 75.665 0.799999
      vertex 37.1925 74.415 0.799999
      vertex 37.2648 74.5616 0.799999
    endloop
  endfacet
  facet normal 0 0 1
    outer loop
      vertex 37.1017 75.8009 0.799999
      vertex 37.1925 74.415 0.799999
      vertex 37.1925 75.665 0.799999
    endloop
  endfacet
  facet normal 0 0 1
    outer loop
      vertex 37.1017 75.8009 0.799999
      vertex 37.1017 74.279 0.799999
      vertex 37.1925 74.415 0.799999
    endloop
  endfacet
  facet normal 0 0 1
    outer loop
      vertex 36.9939 75.9239 0.799999
      vertex 37.1017 74.279 0.799999
      vertex 37.1017 75.8009 0.799999
    endloop
  endfacet
  facet normal 0 0 1
    outer loop
      vertex 36.9939 75.9239 0.799999
      vertex 36.9939 74.1561 0.799999
      vertex 37.1017 74.279 0.799999
    endloop
  endfacet
  facet normal 0 0 1
    outer loop
      vertex 36.871 76.0317 0.799999
      vertex 36.9939 74.1561 0.799999
      vertex 36.9939 75.9239 0.799999
    endloop
  endfacet
  facet normal 0 0 1
    outer loop
      vertex 36.871 76.0317 0.799999
      vertex 36.871 74.0483 0.799999
      vertex 36.9939 74.1561 0.799999
    endloop
  endfacet
  facet normal 0 0 1
    outer loop
      vertex 36.735 76.1225 0.799999
      vertex 36.871 74.0483 0.799999
      vertex 36.871 76.0317 0.799999
    endloop
  endfacet
  facet normal 0 0 1
    outer loop
      vertex 36.735 76.1225 0.799999
      vertex 36.735 73.9575 0.799999
      vertex 36.871 74.0483 0.799999
    endloop
  endfacet
  facet normal 0 0 1
    outer loop
      vertex 36.5884 76.1948 0.799999
      vertex 36.735 73.9575 0.799999
      vertex 36.735 76.1225 0.799999
    endloop
  endfacet
  facet normal 0 0 1
    outer loop
      vertex 36.5884 76.1948 0.799999
      vertex 36.5884 73.8851 0.799999
      vertex 36.735 73.9575 0.799999
    endloop
  endfacet
  facet normal 0 0 1
    outer loop
      vertex 36.4335 76.2474 0.799999
      vertex 36.5884 73.8851 0.799999
      vertex 36.5884 76.1948 0.799999
    endloop
  endfacet
  facet normal 0 0 1
    outer loop
      vertex 36.4335 76.2474 0.799999
      vertex 36.4335 73.8326 0.799999
      vertex 36.5884 73.8851 0.799999
    endloop
  endfacet
  facet normal 0 0 1
    outer loop
      vertex 36.2732 76.2793 0.799999
      vertex 36.4335 73.8326 0.799999
      vertex 36.4335 76.2474 0.799999
    endloop
  endfacet
  facet normal 0 0 1
    outer loop
      vertex 36.2732 76.2793 0.799999
      vertex 36.2732 73.8007 0.799999
      vertex 36.4335 73.8326 0.799999
    endloop
  endfacet
  facet normal 0 0 1
    outer loop
      vertex 36.11 76.29 0.799999
      vertex 36.2732 73.8007 0.799999
      vertex 36.2732 76.2793 0.799999
    endloop
  endfacet
  facet normal 0 0 1
    outer loop
      vertex 36.11 76.29 0.799999
      vertex 36.11 73.79 0.799999
      vertex 36.2732 73.8007 0.799999
    endloop
  endfacet
  facet normal -0 0 1
    outer loop
      vertex 35.9468 76.2793 0.799999
      vertex 36.11 73.79 0.799999
      vertex 36.11 76.29 0.799999
    endloop
  endfacet
  facet normal 0 0 1
    outer loop
      vertex 35.9468 76.2793 0.799999
      vertex 35.9468 73.8007 0.799999
      vertex 36.11 73.79 0.799999
    endloop
  endfacet
  facet normal -0 0 1
    outer loop
      vertex 35.7865 76.2474 0.799999
      vertex 35.9468 73.8007 0.799999
      vertex 35.9468 76.2793 0.799999
    endloop
  endfacet
  facet normal 0 0 1
    outer loop
      vertex 35.7865 76.2474 0.799999
      vertex 35.7865 73.8326 0.799999
      vertex 35.9468 73.8007 0.799999
    endloop
  endfacet
  facet normal -0 0 1
    outer loop
      vertex 35.6316 76.1948 0.799999
      vertex 35.7865 73.8326 0.799999
      vertex 35.7865 76.2474 0.799999
    endloop
  endfacet
  facet normal 0 0 1
    outer loop
      vertex 35.6316 76.1948 0.799999
      vertex 35.6316 73.8851 0.799999
      vertex 35.7865 73.8326 0.799999
    endloop
  endfacet
  facet normal -0 0 1
    outer loop
      vertex 35.485 76.1225 0.799999
      vertex 35.6316 73.8851 0.799999
      vertex 35.6316 76.1948 0.799999
    endloop
  endfacet
  facet normal 0 0 1
    outer loop
      vertex 35.485 76.1225 0.799999
      vertex 35.485 73.9575 0.799999
      vertex 35.6316 73.8851 0.799999
    endloop
  endfacet
  facet normal -0 0 1
    outer loop
      vertex 35.349 76.0317 0.799999
      vertex 35.485 73.9575 0.799999
      vertex 35.485 76.1225 0.799999
    endloop
  endfacet
  facet normal 0 0 1
    outer loop
      vertex 35.349 76.0317 0.799999
      vertex 35.349 74.0483 0.799999
      vertex 35.485 73.9575 0.799999
    endloop
  endfacet
  facet normal -0 0 1
    outer loop
      vertex 35.2261 75.9239 0.799999
      vertex 35.349 74.0483 0.799999
      vertex 35.349 76.0317 0.799999
    endloop
  endfacet
  facet normal 0 0 1
    outer loop
      vertex 35.2261 75.9239 0.799999
      vertex 35.2261 74.1561 0.799999
      vertex 35.349 74.0483 0.799999
    endloop
  endfacet
  facet normal -0 0 1
    outer loop
      vertex 35.1183 75.8009 0.799999
      vertex 35.2261 74.1561 0.799999
      vertex 35.2261 75.9239 0.799999
    endloop
  endfacet
  facet normal 0 0 1
    outer loop
      vertex 35.1183 75.8009 0.799999
      vertex 35.1183 74.279 0.799999
      vertex 35.2261 74.1561 0.799999
    endloop
  endfacet
  facet normal -0 0 1
    outer loop
      vertex 35.0275 75.665 0.799999
      vertex 35.1183 74.279 0.799999
      vertex 35.1183 75.8009 0.799999
    endloop
  endfacet
  facet normal 0 0 1
    outer loop
      vertex 35.0275 75.665 0.799999
      vertex 35.0275 74.415 0.799999
      vertex 35.1183 74.279 0.799999
    endloop
  endfacet
  facet normal -0 0 1
    outer loop
      vertex 34.9552 75.5184 0.799999
      vertex 35.0275 74.415 0.799999
      vertex 35.0275 75.665 0.799999
    endloop
  endfacet
  facet normal 0 0 1
    outer loop
      vertex 34.9552 75.5184 0.799999
      vertex 34.9552 74.5616 0.799999
      vertex 35.0275 74.415 0.799999
    endloop
  endfacet
  facet normal -0 0 1
    outer loop
      vertex 34.9026 75.3635 0.799999
      vertex 34.9552 74.5616 0.799999
      vertex 34.9552 75.5184 0.799999
    endloop
  endfacet
  facet normal 0 0 1
    outer loop
      vertex 34.9026 75.3635 0.799999
      vertex 34.9026 74.7165 0.799999
      vertex 34.9552 74.5616 0.799999
    endloop
  endfacet
  facet normal -0 0 1
    outer loop
      vertex 34.8707 75.2032 0.799999
      vertex 34.9026 74.7165 0.799999
      vertex 34.9026 75.3635 0.799999
    endloop
  endfacet
  facet normal 0 0 1
    outer loop
      vertex 34.8707 75.2032 0.799999
      vertex 34.8707 74.8768 0.799999
      vertex 34.9026 74.7165 0.799999
    endloop
  endfacet
  facet normal 0 -0 1
    outer loop
      vertex 34.8707 74.8768 0.799999
      vertex 34.8707 75.2032 0.799999
      vertex 34.86 75.04 0.799999
    endloop
  endfacet
  facet normal 0.896861 -0.442313 0
    outer loop
      vertex 34.9552 75.5184 7.4
      vertex 35.0275 75.665 0.799999
      vertex 35.0275 75.665 7.4
    endloop
  endfacet
  facet normal 0.896861 -0.442313 0
    outer loop
      vertex 35.0275 75.665 0.799999
      vertex 34.9552 75.5184 7.4
      vertex 34.9552 75.5184 0.799999
    endloop
  endfacet
  facet normal 0.831485 -0.555547 0
    outer loop
      vertex 35.0275 75.665 7.4
      vertex 35.1183 75.8009 0.799999
      vertex 35.1183 75.8009 7.4
    endloop
  endfacet
  facet normal 0.831485 -0.555547 0
    outer loop
      vertex 35.1183 75.8009 0.799999
      vertex 35.0275 75.665 7.4
      vertex 35.0275 75.665 0.799999
    endloop
  endfacet
  facet normal 0.997858 -0.0654233 0
    outer loop
      vertex 34.86 75.04 7.4
      vertex 34.8707 75.2032 0.799999
      vertex 34.8707 75.2032 7.4
    endloop
  endfacet
  facet normal 0.997858 -0.0654233 0
    outer loop
      vertex 34.8707 75.2032 0.799999
      vertex 34.86 75.04 7.4
      vertex 34.86 75.04 0.799999
    endloop
  endfacet
  facet normal 0.659414 -0.75178 0
    outer loop
      vertex 35.2261 75.9239 0.799999
      vertex 35.349 76.0317 7.4
      vertex 35.2261 75.9239 7.4
    endloop
  endfacet
  facet normal 0.659414 -0.75178 0
    outer loop
      vertex 35.349 76.0317 7.4
      vertex 35.2261 75.9239 0.799999
      vertex 35.349 76.0317 0.799999
    endloop
  endfacet
  facet normal 0.195175 -0.980768 0
    outer loop
      vertex 35.7865 76.2474 0.799999
      vertex 35.9468 76.2793 7.4
      vertex 35.7865 76.2474 7.4
    endloop
  endfacet
  facet normal 0.195175 -0.980768 0
    outer loop
      vertex 35.9468 76.2793 7.4
      vertex 35.7865 76.2474 0.799999
      vertex 35.9468 76.2793 0.799999
    endloop
  endfacet
  facet normal -0.997858 0.0654233 0
    outer loop
      vertex 37.3493 74.8768 0.799999
      vertex 37.36 75.04 7.4
      vertex 37.36 75.04 0.799999
    endloop
  endfacet
  facet normal -0.997858 0.0654233 0
    outer loop
      vertex 37.36 75.04 7.4
      vertex 37.3493 74.8768 0.799999
      vertex 37.3493 74.8768 7.4
    endloop
  endfacet
  facet normal -0.195175 0.980768 0
    outer loop
      vertex 36.4335 73.8326 0.799999
      vertex 36.2732 73.8007 7.4
      vertex 36.4335 73.8326 7.4
    endloop
  endfacet
  facet normal -0.195175 0.980768 0
    outer loop
      vertex 36.2732 73.8007 7.4
      vertex 36.4335 73.8326 0.799999
      vertex 36.2732 73.8007 0.799999
    endloop
  endfacet
  facet normal -0.442805 0.896618 0
    outer loop
      vertex 36.735 73.9575 0.799999
      vertex 36.5884 73.8851 7.4
      vertex 36.735 73.9575 7.4
    endloop
  endfacet
  facet normal -0.442805 0.896618 0
    outer loop
      vertex 36.5884 73.8851 7.4
      vertex 36.735 73.9575 0.799999
      vertex 36.5884 73.8851 0.799999
    endloop
  endfacet
  facet normal -0.659414 0.75178 0
    outer loop
      vertex 36.9939 74.1561 0.799999
      vertex 36.871 74.0483 7.4
      vertex 36.9939 74.1561 7.4
    endloop
  endfacet
  facet normal -0.659414 0.75178 0
    outer loop
      vertex 36.871 74.0483 7.4
      vertex 36.9939 74.1561 0.799999
      vertex 36.871 74.0483 0.799999
    endloop
  endfacet
  facet normal -0.831674 0.555265 0
    outer loop
      vertex 37.1017 74.279 0.799999
      vertex 37.1925 74.415 7.4
      vertex 37.1925 74.415 0.799999
    endloop
  endfacet
  facet normal -0.831674 0.555265 0
    outer loop
      vertex 37.1925 74.415 7.4
      vertex 37.1017 74.279 0.799999
      vertex 37.1017 74.279 7.4
    endloop
  endfacet
  facet normal -0.980768 0.195175 0
    outer loop
      vertex 37.3174 74.7165 0.799999
      vertex 37.3493 74.8768 7.4
      vertex 37.3493 74.8768 0.799999
    endloop
  endfacet
  facet normal -0.980768 0.195175 0
    outer loop
      vertex 37.3493 74.8768 7.4
      vertex 37.3174 74.7165 0.799999
      vertex 37.3174 74.7165 7.4
    endloop
  endfacet
  facet normal 0.555265 0.831674 -0
    outer loop
      vertex 35.485 73.9575 0.799999
      vertex 35.349 74.0483 7.4
      vertex 35.485 73.9575 7.4
    endloop
  endfacet
  facet normal 0.555265 0.831674 0
    outer loop
      vertex 35.349 74.0483 7.4
      vertex 35.485 73.9575 0.799999
      vertex 35.349 74.0483 0.799999
    endloop
  endfacet
  facet normal 0.320993 0.947082 -0
    outer loop
      vertex 35.7865 73.8326 0.799999
      vertex 35.6316 73.8851 7.4
      vertex 35.7865 73.8326 7.4
    endloop
  endfacet
  facet normal 0.320993 0.947082 0
    outer loop
      vertex 35.6316 73.8851 7.4
      vertex 35.7865 73.8326 0.799999
      vertex 35.6316 73.8851 0.799999
    endloop
  endfacet
  facet normal 0.0654233 0.997858 -0
    outer loop
      vertex 36.11 73.79 0.799999
      vertex 35.9468 73.8007 7.4
      vertex 36.11 73.79 7.4
    endloop
  endfacet
  facet normal 0.0654233 0.997858 0
    outer loop
      vertex 35.9468 73.8007 7.4
      vertex 36.11 73.79 0.799999
      vertex 35.9468 73.8007 0.799999
    endloop
  endfacet
  facet normal 0.75178 0.659414 0
    outer loop
      vertex 35.2261 74.1561 7.4
      vertex 35.1183 74.279 0.799999
      vertex 35.1183 74.279 7.4
    endloop
  endfacet
  facet normal 0.75178 0.659414 0
    outer loop
      vertex 35.1183 74.279 0.799999
      vertex 35.2261 74.1561 7.4
      vertex 35.2261 74.1561 0.799999
    endloop
  endfacet
  facet normal 0.896861 0.442313 0
    outer loop
      vertex 35.0275 74.415 7.4
      vertex 34.9552 74.5616 0.799999
      vertex 34.9552 74.5616 7.4
    endloop
  endfacet
  facet normal 0.896861 0.442313 0
    outer loop
      vertex 34.9552 74.5616 0.799999
      vertex 35.0275 74.415 7.4
      vertex 35.0275 74.415 0.799999
    endloop
  endfacet
  facet normal 0.980768 0.195175 0
    outer loop
      vertex 34.9026 74.7165 7.4
      vertex 34.8707 74.8768 0.799999
      vertex 34.8707 74.8768 7.4
    endloop
  endfacet
  facet normal 0.980768 0.195175 0
    outer loop
      vertex 34.8707 74.8768 0.799999
      vertex 34.9026 74.7165 7.4
      vertex 34.9026 74.7165 0.799999
    endloop
  endfacet
  facet normal 0.997858 0.0654233 0
    outer loop
      vertex 34.8707 74.8768 7.4
      vertex 34.86 75.04 0.799999
      vertex 34.86 75.04 7.4
    endloop
  endfacet
  facet normal 0.997858 0.0654233 0
    outer loop
      vertex 34.86 75.04 0.799999
      vertex 34.8707 74.8768 7.4
      vertex 34.8707 74.8768 0.799999
    endloop
  endfacet
  facet normal -0.320993 0.947082 0
    outer loop
      vertex 36.5884 73.8851 0.799999
      vertex 36.4335 73.8326 7.4
      vertex 36.5884 73.8851 7.4
    endloop
  endfacet
  facet normal -0.320993 0.947082 0
    outer loop
      vertex 36.4335 73.8326 7.4
      vertex 36.5884 73.8851 0.799999
      vertex 36.4335 73.8326 0.799999
    endloop
  endfacet
  facet normal -0.896861 0.442313 0
    outer loop
      vertex 37.1925 74.415 0.799999
      vertex 37.2648 74.5616 7.4
      vertex 37.2648 74.5616 0.799999
    endloop
  endfacet
  facet normal -0.896861 0.442313 0
    outer loop
      vertex 37.2648 74.5616 7.4
      vertex 37.1925 74.415 0.799999
      vertex 37.1925 74.415 7.4
    endloop
  endfacet
  facet normal 0.442805 0.896618 -0
    outer loop
      vertex 35.6316 73.8851 0.799999
      vertex 35.485 73.9575 7.4
      vertex 35.6316 73.8851 7.4
    endloop
  endfacet
  facet normal 0.442805 0.896618 0
    outer loop
      vertex 35.485 73.9575 7.4
      vertex 35.6316 73.8851 0.799999
      vertex 35.485 73.9575 0.799999
    endloop
  endfacet
  facet normal 0.946896 0.321541 0
    outer loop
      vertex 34.9552 74.5616 7.4
      vertex 34.9026 74.7165 0.799999
      vertex 34.9026 74.7165 7.4
    endloop
  endfacet
  facet normal 0.946896 0.321541 0
    outer loop
      vertex 34.9026 74.7165 0.799999
      vertex 34.9552 74.5616 7.4
      vertex 34.9552 74.5616 0.799999
    endloop
  endfacet
  facet normal -0.946896 0.321541 0
    outer loop
      vertex 37.2648 74.5616 0.799999
      vertex 37.3174 74.7165 7.4
      vertex 37.3174 74.7165 0.799999
    endloop
  endfacet
  facet normal -0.946896 0.321541 0
    outer loop
      vertex 37.3174 74.7165 7.4
      vertex 37.2648 74.5616 0.799999
      vertex 37.2648 74.5616 7.4
    endloop
  endfacet
  facet normal -0.997858 -0.0654233 0
    outer loop
      vertex 65.3 75.04 0.799999
      vertex 65.2893 75.2032 7.4
      vertex 65.2893 75.2032 0.799999
    endloop
  endfacet
  facet normal -0.997858 -0.0654233 0
    outer loop
      vertex 65.2893 75.2032 7.4
      vertex 65.3 75.04 0.799999
      vertex 65.3 75.04 7.4
    endloop
  endfacet
  facet normal 0.997858 -0.0654233 0
    outer loop
      vertex 62.8 75.04 7.4
      vertex 62.8107 75.2032 0.799999
      vertex 62.8107 75.2032 7.4
    endloop
  endfacet
  facet normal 0.997858 -0.0654233 0
    outer loop
      vertex 62.8107 75.2032 0.799999
      vertex 62.8 75.04 7.4
      vertex 62.8 75.04 0.799999
    endloop
  endfacet
  facet normal -0.0654233 -0.997858 0
    outer loop
      vertex 64.05 76.29 0.799999
      vertex 64.2132 76.2793 7.4
      vertex 64.05 76.29 7.4
    endloop
  endfacet
  facet normal -0.0654233 -0.997858 -0
    outer loop
      vertex 64.2132 76.2793 7.4
      vertex 64.05 76.29 0.799999
      vertex 64.2132 76.2793 0.799999
    endloop
  endfacet
  facet normal -0.0654233 0.997858 0
    outer loop
      vertex 64.2132 73.8007 0.799999
      vertex 64.05 73.79 7.4
      vertex 64.2132 73.8007 7.4
    endloop
  endfacet
  facet normal -0.0654233 0.997858 0
    outer loop
      vertex 64.05 73.79 7.4
      vertex 64.2132 73.8007 0.799999
      vertex 64.05 73.79 0.799999
    endloop
  endfacet
  facet normal -0.659414 -0.75178 0
    outer loop
      vertex 64.811 76.0317 0.799999
      vertex 64.9339 75.9239 7.4
      vertex 64.811 76.0317 7.4
    endloop
  endfacet
  facet normal -0.659414 -0.75178 -0
    outer loop
      vertex 64.9339 75.9239 7.4
      vertex 64.811 76.0317 0.799999
      vertex 64.9339 75.9239 0.799999
    endloop
  endfacet
  facet normal 0.659414 -0.75178 0
    outer loop
      vertex 63.1661 75.9239 0.799999
      vertex 63.289 76.0317 7.4
      vertex 63.1661 75.9239 7.4
    endloop
  endfacet
  facet normal 0.659414 -0.75178 0
    outer loop
      vertex 63.289 76.0317 7.4
      vertex 63.1661 75.9239 0.799999
      vertex 63.289 76.0317 0.799999
    endloop
  endfacet
  facet normal 0.321541 -0.946896 0
    outer loop
      vertex 63.5716 76.1948 0.799999
      vertex 63.7265 76.2474 7.4
      vertex 63.5716 76.1948 7.4
    endloop
  endfacet
  facet normal 0.321541 -0.946896 0
    outer loop
      vertex 63.7265 76.2474 7.4
      vertex 63.5716 76.1948 0.799999
      vertex 63.7265 76.2474 0.799999
    endloop
  endfacet
  facet normal -0.896861 -0.442313 0
    outer loop
      vertex 65.2048 75.5184 0.799999
      vertex 65.1325 75.665 7.4
      vertex 65.1325 75.665 0.799999
    endloop
  endfacet
  facet normal -0.896861 -0.442313 0
    outer loop
      vertex 65.1325 75.665 7.4
      vertex 65.2048 75.5184 0.799999
      vertex 65.2048 75.5184 7.4
    endloop
  endfacet
  facet normal -0.980768 -0.195175 0
    outer loop
      vertex 65.2893 75.2032 0.799999
      vertex 65.2574 75.3635 7.4
      vertex 65.2574 75.3635 0.799999
    endloop
  endfacet
  facet normal -0.980768 -0.195175 0
    outer loop
      vertex 65.2574 75.3635 7.4
      vertex 65.2893 75.2032 0.799999
      vertex 65.2893 75.2032 7.4
    endloop
  endfacet
  facet normal -0.321541 -0.946896 0
    outer loop
      vertex 64.3735 76.2474 0.799999
      vertex 64.5284 76.1948 7.4
      vertex 64.3735 76.2474 7.4
    endloop
  endfacet
  facet normal -0.321541 -0.946896 -0
    outer loop
      vertex 64.5284 76.1948 7.4
      vertex 64.3735 76.2474 0.799999
      vertex 64.5284 76.1948 0.799999
    endloop
  endfacet
  facet normal -0.195175 -0.980768 0
    outer loop
      vertex 64.2132 76.2793 0.799999
      vertex 64.3735 76.2474 7.4
      vertex 64.2132 76.2793 7.4
    endloop
  endfacet
  facet normal -0.195175 -0.980768 -0
    outer loop
      vertex 64.3735 76.2474 7.4
      vertex 64.2132 76.2793 0.799999
      vertex 64.3735 76.2474 0.799999
    endloop
  endfacet
  facet normal -0.442313 -0.896861 0
    outer loop
      vertex 64.5284 76.1948 0.799999
      vertex 64.675 76.1225 7.4
      vertex 64.5284 76.1948 7.4
    endloop
  endfacet
  facet normal -0.442313 -0.896861 -0
    outer loop
      vertex 64.675 76.1225 7.4
      vertex 64.5284 76.1948 0.799999
      vertex 64.675 76.1225 0.799999
    endloop
  endfacet
  facet normal 0.896618 -0.442805 0
    outer loop
      vertex 62.8951 75.5184 7.4
      vertex 62.9675 75.665 0.799999
      vertex 62.9675 75.665 7.4
    endloop
  endfacet
  facet normal 0.896618 -0.442805 0
    outer loop
      vertex 62.9675 75.665 0.799999
      vertex 62.8951 75.5184 7.4
      vertex 62.8951 75.5184 0.799999
    endloop
  endfacet
  facet normal 0.831485 -0.555547 0
    outer loop
      vertex 62.9675 75.665 7.4
      vertex 63.0583 75.8009 0.799999
      vertex 63.0583 75.8009 7.4
    endloop
  endfacet
  facet normal 0.831485 -0.555547 0
    outer loop
      vertex 63.0583 75.8009 0.799999
      vertex 62.9675 75.665 7.4
      vertex 62.9675 75.665 0.799999
    endloop
  endfacet
  facet normal 0.947082 -0.320993 0
    outer loop
      vertex 62.8426 75.3635 7.4
      vertex 62.8951 75.5184 0.799999
      vertex 62.8951 75.5184 7.4
    endloop
  endfacet
  facet normal 0.947082 -0.320993 0
    outer loop
      vertex 62.8951 75.5184 0.799999
      vertex 62.8426 75.3635 7.4
      vertex 62.8426 75.3635 0.799999
    endloop
  endfacet
  facet normal 0.555265 -0.831674 0
    outer loop
      vertex 63.289 76.0317 0.799999
      vertex 63.425 76.1225 7.4
      vertex 63.289 76.0317 7.4
    endloop
  endfacet
  facet normal 0.555265 -0.831674 0
    outer loop
      vertex 63.425 76.1225 7.4
      vertex 63.289 76.0317 0.799999
      vertex 63.425 76.1225 0.799999
    endloop
  endfacet
  facet normal 0.195175 -0.980768 0
    outer loop
      vertex 63.7265 76.2474 0.799999
      vertex 63.8868 76.2793 7.4
      vertex 63.7265 76.2474 7.4
    endloop
  endfacet
  facet normal 0.195175 -0.980768 0
    outer loop
      vertex 63.8868 76.2793 7.4
      vertex 63.7265 76.2474 0.799999
      vertex 63.8868 76.2793 0.799999
    endloop
  endfacet
  facet normal -0.195175 0.980768 0
    outer loop
      vertex 64.3735 73.8326 0.799999
      vertex 64.2132 73.8007 7.4
      vertex 64.3735 73.8326 7.4
    endloop
  endfacet
  facet normal -0.195175 0.980768 0
    outer loop
      vertex 64.2132 73.8007 7.4
      vertex 64.3735 73.8326 0.799999
      vertex 64.2132 73.8007 0.799999
    endloop
  endfacet
  facet normal -0.946896 -0.321541 0
    outer loop
      vertex 65.2574 75.3635 0.799999
      vertex 65.2048 75.5184 7.4
      vertex 65.2048 75.5184 0.799999
    endloop
  endfacet
  facet normal -0.946896 -0.321541 0
    outer loop
      vertex 65.2048 75.5184 7.4
      vertex 65.2574 75.3635 0.799999
      vertex 65.2574 75.3635 7.4
    endloop
  endfacet
  facet normal -0.752046 -0.65911 0
    outer loop
      vertex 65.0417 75.8009 0.799999
      vertex 64.9339 75.9239 7.4
      vertex 64.9339 75.9239 0.799999
    endloop
  endfacet
  facet normal -0.752046 -0.65911 0
    outer loop
      vertex 64.9339 75.9239 7.4
      vertex 65.0417 75.8009 0.799999
      vertex 65.0417 75.8009 7.4
    endloop
  endfacet
  facet normal -0.831485 -0.555547 0
    outer loop
      vertex 65.1325 75.665 0.799999
      vertex 65.0417 75.8009 7.4
      vertex 65.0417 75.8009 0.799999
    endloop
  endfacet
  facet normal -0.831485 -0.555547 0
    outer loop
      vertex 65.0417 75.8009 7.4
      vertex 65.1325 75.665 0.799999
      vertex 65.1325 75.665 7.4
    endloop
  endfacet
  facet normal -0.555265 -0.831674 0
    outer loop
      vertex 64.675 76.1225 0.799999
      vertex 64.811 76.0317 7.4
      vertex 64.675 76.1225 7.4
    endloop
  endfacet
  facet normal -0.555265 -0.831674 -0
    outer loop
      vertex 64.811 76.0317 7.4
      vertex 64.675 76.1225 0.799999
      vertex 64.811 76.0317 0.799999
    endloop
  endfacet
  facet normal 0.752046 -0.65911 0
    outer loop
      vertex 63.0583 75.8009 7.4
      vertex 63.1661 75.9239 0.799999
      vertex 63.1661 75.9239 7.4
    endloop
  endfacet
  facet normal 0.752046 -0.65911 0
    outer loop
      vertex 63.1661 75.9239 0.799999
      vertex 63.0583 75.8009 7.4
      vertex 63.0583 75.8009 0.799999
    endloop
  endfacet
  facet normal 0.980768 -0.195175 0
    outer loop
      vertex 62.8107 75.2032 7.4
      vertex 62.8426 75.3635 0.799999
      vertex 62.8426 75.3635 7.4
    endloop
  endfacet
  facet normal 0.980768 -0.195175 0
    outer loop
      vertex 62.8426 75.3635 0.799999
      vertex 62.8107 75.2032 7.4
      vertex 62.8107 75.2032 0.799999
    endloop
  endfacet
  facet normal 0.442313 -0.896861 0
    outer loop
      vertex 63.425 76.1225 0.799999
      vertex 63.5716 76.1948 7.4
      vertex 63.425 76.1225 7.4
    endloop
  endfacet
  facet normal 0.442313 -0.896861 0
    outer loop
      vertex 63.5716 76.1948 7.4
      vertex 63.425 76.1225 0.799999
      vertex 63.5716 76.1948 0.799999
    endloop
  endfacet
  facet normal 0.0654233 -0.997858 0
    outer loop
      vertex 63.8868 76.2793 0.799999
      vertex 64.05 76.29 7.4
      vertex 63.8868 76.2793 7.4
    endloop
  endfacet
  facet normal 0.0654233 -0.997858 0
    outer loop
      vertex 64.05 76.29 7.4
      vertex 63.8868 76.2793 0.799999
      vertex 64.05 76.29 0.799999
    endloop
  endfacet
  facet normal -0.997858 0.0654233 0
    outer loop
      vertex 65.2893 74.8768 0.799999
      vertex 65.3 75.04 7.4
      vertex 65.3 75.04 0.799999
    endloop
  endfacet
  facet normal -0.997858 0.0654233 0
    outer loop
      vertex 65.3 75.04 7.4
      vertex 65.2893 74.8768 0.799999
      vertex 65.2893 74.8768 7.4
    endloop
  endfacet
  facet normal -0.980768 0.195175 0
    outer loop
      vertex 65.2574 74.7165 0.799999
      vertex 65.2893 74.8768 7.4
      vertex 65.2893 74.8768 0.799999
    endloop
  endfacet
  facet normal -0.980768 0.195175 0
    outer loop
      vertex 65.2893 74.8768 7.4
      vertex 65.2574 74.7165 0.799999
      vertex 65.2574 74.7165 7.4
    endloop
  endfacet
  facet normal -0.75178 0.659414 0
    outer loop
      vertex 64.9339 74.1561 0.799999
      vertex 65.0417 74.279 7.4
      vertex 65.0417 74.279 0.799999
    endloop
  endfacet
  facet normal -0.75178 0.659414 0
    outer loop
      vertex 65.0417 74.279 7.4
      vertex 64.9339 74.1561 0.799999
      vertex 64.9339 74.1561 7.4
    endloop
  endfacet
  facet normal -0.946896 0.321541 0
    outer loop
      vertex 65.2048 74.5616 0.799999
      vertex 65.2574 74.7165 7.4
      vertex 65.2574 74.7165 0.799999
    endloop
  endfacet
  facet normal -0.946896 0.321541 0
    outer loop
      vertex 65.2574 74.7165 7.4
      vertex 65.2048 74.5616 0.799999
      vertex 65.2048 74.5616 7.4
    endloop
  endfacet
  facet normal 0.831674 0.555265 0
    outer loop
      vertex 63.0583 74.279 7.4
      vertex 62.9675 74.415 0.799999
      vertex 62.9675 74.415 7.4
    endloop
  endfacet
  facet normal 0.831674 0.555265 0
    outer loop
      vertex 62.9675 74.415 0.799999
      vertex 63.0583 74.279 7.4
      vertex 63.0583 74.279 0.799999
    endloop
  endfacet
  facet normal 0.896618 0.442805 0
    outer loop
      vertex 62.9675 74.415 7.4
      vertex 62.8951 74.5616 0.799999
      vertex 62.8951 74.5616 7.4
    endloop
  endfacet
  facet normal 0.896618 0.442805 0
    outer loop
      vertex 62.8951 74.5616 0.799999
      vertex 62.9675 74.415 7.4
      vertex 62.9675 74.415 0.799999
    endloop
  endfacet
  facet normal 0 0 1
    outer loop
      vertex 65.2893 75.2032 0.799999
      vertex 65.2893 74.8768 0.799999
      vertex 65.3 75.04 0.799999
    endloop
  endfacet
  facet normal 0 0 1
    outer loop
      vertex 65.2574 75.3635 0.799999
      vertex 65.2893 74.8768 0.799999
      vertex 65.2893 75.2032 0.799999
    endloop
  endfacet
  facet normal 0 0 1
    outer loop
      vertex 65.2574 75.3635 0.799999
      vertex 65.2574 74.7165 0.799999
      vertex 65.2893 74.8768 0.799999
    endloop
  endfacet
  facet normal 0 0 1
    outer loop
      vertex 65.2048 75.5184 0.799999
      vertex 65.2574 74.7165 0.799999
      vertex 65.2574 75.3635 0.799999
    endloop
  endfacet
  facet normal 0 0 1
    outer loop
      vertex 65.2048 75.5184 0.799999
      vertex 65.2048 74.5616 0.799999
      vertex 65.2574 74.7165 0.799999
    endloop
  endfacet
  facet normal 0 0 1
    outer loop
      vertex 65.1325 75.665 0.799999
      vertex 65.2048 74.5616 0.799999
      vertex 65.2048 75.5184 0.799999
    endloop
  endfacet
  facet normal 0 0 1
    outer loop
      vertex 65.1325 75.665 0.799999
      vertex 65.1325 74.415 0.799999
      vertex 65.2048 74.5616 0.799999
    endloop
  endfacet
  facet normal 0 0 1
    outer loop
      vertex 65.0417 75.8009 0.799999
      vertex 65.1325 74.415 0.799999
      vertex 65.1325 75.665 0.799999
    endloop
  endfacet
  facet normal 0 0 1
    outer loop
      vertex 65.0417 75.8009 0.799999
      vertex 65.0417 74.279 0.799999
      vertex 65.1325 74.415 0.799999
    endloop
  endfacet
  facet normal 0 0 1
    outer loop
      vertex 64.9339 75.9239 0.799999
      vertex 65.0417 74.279 0.799999
      vertex 65.0417 75.8009 0.799999
    endloop
  endfacet
  facet normal 0 0 1
    outer loop
      vertex 64.9339 75.9239 0.799999
      vertex 64.9339 74.1561 0.799999
      vertex 65.0417 74.279 0.799999
    endloop
  endfacet
  facet normal 0 0 1
    outer loop
      vertex 64.811 76.0317 0.799999
      vertex 64.9339 74.1561 0.799999
      vertex 64.9339 75.9239 0.799999
    endloop
  endfacet
  facet normal 0 0 1
    outer loop
      vertex 64.811 76.0317 0.799999
      vertex 64.811 74.0483 0.799999
      vertex 64.9339 74.1561 0.799999
    endloop
  endfacet
  facet normal 0 0 1
    outer loop
      vertex 64.675 76.1225 0.799999
      vertex 64.811 74.0483 0.799999
      vertex 64.811 76.0317 0.799999
    endloop
  endfacet
  facet normal 0 0 1
    outer loop
      vertex 64.675 76.1225 0.799999
      vertex 64.675 73.9575 0.799999
      vertex 64.811 74.0483 0.799999
    endloop
  endfacet
  facet normal 0 0 1
    outer loop
      vertex 64.5284 76.1948 0.799999
      vertex 64.675 73.9575 0.799999
      vertex 64.675 76.1225 0.799999
    endloop
  endfacet
  facet normal 0 0 1
    outer loop
      vertex 64.5284 76.1948 0.799999
      vertex 64.5284 73.8851 0.799999
      vertex 64.675 73.9575 0.799999
    endloop
  endfacet
  facet normal 0 0 1
    outer loop
      vertex 64.3735 76.2474 0.799999
      vertex 64.5284 73.8851 0.799999
      vertex 64.5284 76.1948 0.799999
    endloop
  endfacet
  facet normal 0 0 1
    outer loop
      vertex 64.3735 76.2474 0.799999
      vertex 64.3735 73.8326 0.799999
      vertex 64.5284 73.8851 0.799999
    endloop
  endfacet
  facet normal 0 0 1
    outer loop
      vertex 64.2132 76.2793 0.799999
      vertex 64.3735 73.8326 0.799999
      vertex 64.3735 76.2474 0.799999
    endloop
  endfacet
  facet normal 0 0 1
    outer loop
      vertex 64.2132 76.2793 0.799999
      vertex 64.2132 73.8007 0.799999
      vertex 64.3735 73.8326 0.799999
    endloop
  endfacet
  facet normal 0 0 1
    outer loop
      vertex 64.05 76.29 0.799999
      vertex 64.2132 73.8007 0.799999
      vertex 64.2132 76.2793 0.799999
    endloop
  endfacet
  facet normal 0 0 1
    outer loop
      vertex 64.05 76.29 0.799999
      vertex 64.05 73.79 0.799999
      vertex 64.2132 73.8007 0.799999
    endloop
  endfacet
  facet normal -0 0 1
    outer loop
      vertex 63.8868 76.2793 0.799999
      vertex 64.05 73.79 0.799999
      vertex 64.05 76.29 0.799999
    endloop
  endfacet
  facet normal 0 0 1
    outer loop
      vertex 63.8868 76.2793 0.799999
      vertex 63.8868 73.8007 0.799999
      vertex 64.05 73.79 0.799999
    endloop
  endfacet
  facet normal -0 0 1
    outer loop
      vertex 63.7265 76.2474 0.799999
      vertex 63.8868 73.8007 0.799999
      vertex 63.8868 76.2793 0.799999
    endloop
  endfacet
  facet normal 0 0 1
    outer loop
      vertex 63.7265 76.2474 0.799999
      vertex 63.7265 73.8326 0.799999
      vertex 63.8868 73.8007 0.799999
    endloop
  endfacet
  facet normal -0 0 1
    outer loop
      vertex 63.5716 76.1948 0.799999
      vertex 63.7265 73.8326 0.799999
      vertex 63.7265 76.2474 0.799999
    endloop
  endfacet
  facet normal 0 0 1
    outer loop
      vertex 63.5716 76.1948 0.799999
      vertex 63.5716 73.8851 0.799999
      vertex 63.7265 73.8326 0.799999
    endloop
  endfacet
  facet normal -0 0 1
    outer loop
      vertex 63.425 76.1225 0.799999
      vertex 63.5716 73.8851 0.799999
      vertex 63.5716 76.1948 0.799999
    endloop
  endfacet
  facet normal 0 0 1
    outer loop
      vertex 63.425 76.1225 0.799999
      vertex 63.425 73.9575 0.799999
      vertex 63.5716 73.8851 0.799999
    endloop
  endfacet
  facet normal -0 0 1
    outer loop
      vertex 63.289 76.0317 0.799999
      vertex 63.425 73.9575 0.799999
      vertex 63.425 76.1225 0.799999
    endloop
  endfacet
  facet normal 0 0 1
    outer loop
      vertex 63.289 76.0317 0.799999
      vertex 63.289 74.0483 0.799999
      vertex 63.425 73.9575 0.799999
    endloop
  endfacet
  facet normal -0 0 1
    outer loop
      vertex 63.1661 75.9239 0.799999
      vertex 63.289 74.0483 0.799999
      vertex 63.289 76.0317 0.799999
    endloop
  endfacet
  facet normal 0 0 1
    outer loop
      vertex 63.1661 75.9239 0.799999
      vertex 63.1661 74.1561 0.799999
      vertex 63.289 74.0483 0.799999
    endloop
  endfacet
  facet normal -0 0 1
    outer loop
      vertex 63.0583 75.8009 0.799999
      vertex 63.1661 74.1561 0.799999
      vertex 63.1661 75.9239 0.799999
    endloop
  endfacet
  facet normal 0 0 1
    outer loop
      vertex 63.0583 75.8009 0.799999
      vertex 63.0583 74.279 0.799999
      vertex 63.1661 74.1561 0.799999
    endloop
  endfacet
  facet normal -0 0 1
    outer loop
      vertex 62.9675 75.665 0.799999
      vertex 63.0583 74.279 0.799999
      vertex 63.0583 75.8009 0.799999
    endloop
  endfacet
  facet normal 0 0 1
    outer loop
      vertex 62.9675 75.665 0.799999
      vertex 62.9675 74.415 0.799999
      vertex 63.0583 74.279 0.799999
    endloop
  endfacet
  facet normal -0 0 1
    outer loop
      vertex 62.8951 75.5184 0.799999
      vertex 62.9675 74.415 0.799999
      vertex 62.9675 75.665 0.799999
    endloop
  endfacet
  facet normal 0 0 1
    outer loop
      vertex 62.8951 75.5184 0.799999
      vertex 62.8951 74.5616 0.799999
      vertex 62.9675 74.415 0.799999
    endloop
  endfacet
  facet normal -0 0 1
    outer loop
      vertex 62.8426 75.3635 0.799999
      vertex 62.8951 74.5616 0.799999
      vertex 62.8951 75.5184 0.799999
    endloop
  endfacet
  facet normal 0 0 1
    outer loop
      vertex 62.8426 75.3635 0.799999
      vertex 62.8426 74.7165 0.799999
      vertex 62.8951 74.5616 0.799999
    endloop
  endfacet
  facet normal -0 0 1
    outer loop
      vertex 62.8107 75.2032 0.799999
      vertex 62.8426 74.7165 0.799999
      vertex 62.8426 75.3635 0.799999
    endloop
  endfacet
  facet normal 0 0 1
    outer loop
      vertex 62.8107 75.2032 0.799999
      vertex 62.8107 74.8768 0.799999
      vertex 62.8426 74.7165 0.799999
    endloop
  endfacet
  facet normal 0 -0 1
    outer loop
      vertex 62.8107 74.8768 0.799999
      vertex 62.8107 75.2032 0.799999
      vertex 62.8 75.04 0.799999
    endloop
  endfacet
  facet normal -0.442805 0.896618 0
    outer loop
      vertex 64.675 73.9575 0.799999
      vertex 64.5284 73.8851 7.4
      vertex 64.675 73.9575 7.4
    endloop
  endfacet
  facet normal -0.442805 0.896618 0
    outer loop
      vertex 64.5284 73.8851 7.4
      vertex 64.675 73.9575 0.799999
      vertex 64.5284 73.8851 0.799999
    endloop
  endfacet
  facet normal -0.555265 0.831674 0
    outer loop
      vertex 64.811 74.0483 0.799999
      vertex 64.675 73.9575 7.4
      vertex 64.811 74.0483 7.4
    endloop
  endfacet
  facet normal -0.555265 0.831674 0
    outer loop
      vertex 64.675 73.9575 7.4
      vertex 64.811 74.0483 0.799999
      vertex 64.675 73.9575 0.799999
    endloop
  endfacet
  facet normal -0.659414 0.75178 0
    outer loop
      vertex 64.9339 74.1561 0.799999
      vertex 64.811 74.0483 7.4
      vertex 64.9339 74.1561 7.4
    endloop
  endfacet
  facet normal -0.659414 0.75178 0
    outer loop
      vertex 64.811 74.0483 7.4
      vertex 64.9339 74.1561 0.799999
      vertex 64.811 74.0483 0.799999
    endloop
  endfacet
  facet normal -0.831674 0.555265 0
    outer loop
      vertex 65.0417 74.279 0.799999
      vertex 65.1325 74.415 7.4
      vertex 65.1325 74.415 0.799999
    endloop
  endfacet
  facet normal -0.831674 0.555265 0
    outer loop
      vertex 65.1325 74.415 7.4
      vertex 65.0417 74.279 0.799999
      vertex 65.0417 74.279 7.4
    endloop
  endfacet
  facet normal 0.320993 0.947082 -0
    outer loop
      vertex 63.7265 73.8326 0.799999
      vertex 63.5716 73.8851 7.4
      vertex 63.7265 73.8326 7.4
    endloop
  endfacet
  facet normal 0.320993 0.947082 0
    outer loop
      vertex 63.5716 73.8851 7.4
      vertex 63.7265 73.8326 0.799999
      vertex 63.5716 73.8851 0.799999
    endloop
  endfacet
  facet normal 0.195175 0.980768 -0
    outer loop
      vertex 63.8868 73.8007 0.799999
      vertex 63.7265 73.8326 7.4
      vertex 63.8868 73.8007 7.4
    endloop
  endfacet
  facet normal 0.195175 0.980768 0
    outer loop
      vertex 63.7265 73.8326 7.4
      vertex 63.8868 73.8007 0.799999
      vertex 63.7265 73.8326 0.799999
    endloop
  endfacet
  facet normal 0.75178 0.659414 0
    outer loop
      vertex 63.1661 74.1561 7.4
      vertex 63.0583 74.279 0.799999
      vertex 63.0583 74.279 7.4
    endloop
  endfacet
  facet normal 0.75178 0.659414 0
    outer loop
      vertex 63.0583 74.279 0.799999
      vertex 63.1661 74.1561 7.4
      vertex 63.1661 74.1561 0.799999
    endloop
  endfacet
  facet normal 0.947082 0.320993 0
    outer loop
      vertex 62.8951 74.5616 7.4
      vertex 62.8426 74.7165 0.799999
      vertex 62.8426 74.7165 7.4
    endloop
  endfacet
  facet normal 0.947082 0.320993 0
    outer loop
      vertex 62.8426 74.7165 0.799999
      vertex 62.8951 74.5616 7.4
      vertex 62.8951 74.5616 0.799999
    endloop
  endfacet
  facet normal -0.320993 0.947082 0
    outer loop
      vertex 64.5284 73.8851 0.799999
      vertex 64.3735 73.8326 7.4
      vertex 64.5284 73.8851 7.4
    endloop
  endfacet
  facet normal -0.320993 0.947082 0
    outer loop
      vertex 64.3735 73.8326 7.4
      vertex 64.5284 73.8851 0.799999
      vertex 64.3735 73.8326 0.799999
    endloop
  endfacet
  facet normal -0.896861 0.442313 0
    outer loop
      vertex 65.1325 74.415 0.799999
      vertex 65.2048 74.5616 7.4
      vertex 65.2048 74.5616 0.799999
    endloop
  endfacet
  facet normal -0.896861 0.442313 0
    outer loop
      vertex 65.2048 74.5616 7.4
      vertex 65.1325 74.415 0.799999
      vertex 65.1325 74.415 7.4
    endloop
  endfacet
  facet normal 0.0654233 0.997858 -0
    outer loop
      vertex 64.05 73.79 0.799999
      vertex 63.8868 73.8007 7.4
      vertex 64.05 73.79 7.4
    endloop
  endfacet
  facet normal 0.0654233 0.997858 0
    outer loop
      vertex 63.8868 73.8007 7.4
      vertex 64.05 73.79 0.799999
      vertex 63.8868 73.8007 0.799999
    endloop
  endfacet
  facet normal 0.555265 0.831674 -0
    outer loop
      vertex 63.425 73.9575 0.799999
      vertex 63.289 74.0483 7.4
      vertex 63.425 73.9575 7.4
    endloop
  endfacet
  facet normal 0.555265 0.831674 0
    outer loop
      vertex 63.289 74.0483 7.4
      vertex 63.425 73.9575 0.799999
      vertex 63.289 74.0483 0.799999
    endloop
  endfacet
  facet normal 0.659414 0.75178 -0
    outer loop
      vertex 63.289 74.0483 0.799999
      vertex 63.1661 74.1561 7.4
      vertex 63.289 74.0483 7.4
    endloop
  endfacet
  facet normal 0.659414 0.75178 0
    outer loop
      vertex 63.1661 74.1561 7.4
      vertex 63.289 74.0483 0.799999
      vertex 63.1661 74.1561 0.799999
    endloop
  endfacet
  facet normal 0.980768 0.195175 0
    outer loop
      vertex 62.8426 74.7165 7.4
      vertex 62.8107 74.8768 0.799999
      vertex 62.8107 74.8768 7.4
    endloop
  endfacet
  facet normal 0.980768 0.195175 0
    outer loop
      vertex 62.8107 74.8768 0.799999
      vertex 62.8426 74.7165 7.4
      vertex 62.8426 74.7165 0.799999
    endloop
  endfacet
  facet normal 0.997858 0.0654233 0
    outer loop
      vertex 62.8107 74.8768 7.4
      vertex 62.8 75.04 0.799999
      vertex 62.8 75.04 7.4
    endloop
  endfacet
  facet normal 0.997858 0.0654233 0
    outer loop
      vertex 62.8 75.04 0.799999
      vertex 62.8107 74.8768 7.4
      vertex 62.8107 74.8768 0.799999
    endloop
  endfacet
  facet normal 0.442805 0.896618 -0
    outer loop
      vertex 63.5716 73.8851 0.799999
      vertex 63.425 73.9575 7.4
      vertex 63.5716 73.8851 7.4
    endloop
  endfacet
  facet normal 0.442805 0.896618 0
    outer loop
      vertex 63.425 73.9575 7.4
      vertex 63.5716 73.8851 0.799999
      vertex 63.425 73.9575 0.799999
    endloop
  endfacet
  facet normal -0.997858 -0.0654233 0
    outer loop
      vertex 70.38 22.97 0.799999
      vertex 70.3693 23.1332 7.4
      vertex 70.3693 23.1332 0.799999
    endloop
  endfacet
  facet normal -0.997858 -0.0654233 0
    outer loop
      vertex 70.3693 23.1332 7.4
      vertex 70.38 22.97 0.799999
      vertex 70.38 22.97 7.4
    endloop
  endfacet
  facet normal 0.997858 -0.0654233 0
    outer loop
      vertex 67.88 22.97 7.4
      vertex 67.8907 23.1332 0.799999
      vertex 67.8907 23.1332 7.4
    endloop
  endfacet
  facet normal 0.997858 -0.0654233 0
    outer loop
      vertex 67.8907 23.1332 0.799999
      vertex 67.88 22.97 7.4
      vertex 67.88 22.97 0.799999
    endloop
  endfacet
  facet normal 0.0654233 -0.997858 0
    outer loop
      vertex 68.9668 24.2093 0.799999
      vertex 69.13 24.22 7.4
      vertex 68.9668 24.2093 7.4
    endloop
  endfacet
  facet normal 0.0654233 -0.997858 0
    outer loop
      vertex 69.13 24.22 7.4
      vertex 68.9668 24.2093 0.799999
      vertex 69.13 24.22 0.799999
    endloop
  endfacet
  facet normal 0.0654233 0.997858 -0
    outer loop
      vertex 69.13 21.72 0.799999
      vertex 68.9668 21.7307 7.4
      vertex 69.13 21.72 7.4
    endloop
  endfacet
  facet normal 0.0654233 0.997858 0
    outer loop
      vertex 68.9668 21.7307 7.4
      vertex 69.13 21.72 0.799999
      vertex 68.9668 21.7307 0.799999
    endloop
  endfacet
  facet normal -0.659414 -0.75178 0
    outer loop
      vertex 69.891 23.9617 0.799999
      vertex 70.0139 23.8539 7.4
      vertex 69.891 23.9617 7.4
    endloop
  endfacet
  facet normal -0.659414 -0.75178 -0
    outer loop
      vertex 70.0139 23.8539 7.4
      vertex 69.891 23.9617 0.799999
      vertex 70.0139 23.8539 0.799999
    endloop
  endfacet
  facet normal 0.75178 -0.659414 0
    outer loop
      vertex 68.1383 23.731 7.4
      vertex 68.2461 23.8539 0.799999
      vertex 68.2461 23.8539 7.4
    endloop
  endfacet
  facet normal 0.75178 -0.659414 0
    outer loop
      vertex 68.2461 23.8539 0.799999
      vertex 68.1383 23.731 7.4
      vertex 68.1383 23.731 0.799999
    endloop
  endfacet
  facet normal 0.442313 -0.896861 0
    outer loop
      vertex 68.505 24.0525 0.799999
      vertex 68.6516 24.1248 7.4
      vertex 68.505 24.0525 7.4
    endloop
  endfacet
  facet normal 0.442313 -0.896861 0
    outer loop
      vertex 68.6516 24.1248 7.4
      vertex 68.505 24.0525 0.799999
      vertex 68.6516 24.1248 0.799999
    endloop
  endfacet
  facet normal -0.896618 -0.442805 0
    outer loop
      vertex 70.2849 23.4484 0.799999
      vertex 70.2125 23.595 7.4
      vertex 70.2125 23.595 0.799999
    endloop
  endfacet
  facet normal -0.896618 -0.442805 0
    outer loop
      vertex 70.2125 23.595 7.4
      vertex 70.2849 23.4484 0.799999
      vertex 70.2849 23.4484 7.4
    endloop
  endfacet
  facet normal -0.980768 -0.195175 0
    outer loop
      vertex 70.3693 23.1332 0.799999
      vertex 70.3374 23.2935 7.4
      vertex 70.3374 23.2935 0.799999
    endloop
  endfacet
  facet normal -0.980768 -0.195175 0
    outer loop
      vertex 70.3374 23.2935 7.4
      vertex 70.3693 23.1332 0.799999
      vertex 70.3693 23.1332 7.4
    endloop
  endfacet
  facet normal -0.831674 -0.555265 0
    outer loop
      vertex 70.2125 23.595 0.799999
      vertex 70.1217 23.731 7.4
      vertex 70.1217 23.731 0.799999
    endloop
  endfacet
  facet normal -0.831674 -0.555265 0
    outer loop
      vertex 70.1217 23.731 7.4
      vertex 70.2125 23.595 0.799999
      vertex 70.2125 23.595 7.4
    endloop
  endfacet
  facet normal -0.321541 -0.946896 0
    outer loop
      vertex 69.4535 24.1774 0.799999
      vertex 69.6084 24.1248 7.4
      vertex 69.4535 24.1774 7.4
    endloop
  endfacet
  facet normal -0.321541 -0.946896 -0
    outer loop
      vertex 69.6084 24.1248 7.4
      vertex 69.4535 24.1774 0.799999
      vertex 69.6084 24.1248 0.799999
    endloop
  endfacet
  facet normal -0.195175 -0.980768 0
    outer loop
      vertex 69.2932 24.2093 0.799999
      vertex 69.4535 24.1774 7.4
      vertex 69.2932 24.2093 7.4
    endloop
  endfacet
  facet normal -0.195175 -0.980768 -0
    outer loop
      vertex 69.4535 24.1774 7.4
      vertex 69.2932 24.2093 0.799999
      vertex 69.4535 24.1774 0.799999
    endloop
  endfacet
  facet normal -0.442313 -0.896861 0
    outer loop
      vertex 69.6084 24.1248 0.799999
      vertex 69.755 24.0525 7.4
      vertex 69.6084 24.1248 7.4
    endloop
  endfacet
  facet normal -0.442313 -0.896861 -0
    outer loop
      vertex 69.755 24.0525 7.4
      vertex 69.6084 24.1248 0.799999
      vertex 69.755 24.0525 0.799999
    endloop
  endfacet
  facet normal 0.946896 -0.321541 0
    outer loop
      vertex 67.9226 23.2935 7.4
      vertex 67.9752 23.4484 0.799999
      vertex 67.9752 23.4484 7.4
    endloop
  endfacet
  facet normal 0.946896 -0.321541 0
    outer loop
      vertex 67.9752 23.4484 0.799999
      vertex 67.9226 23.2935 7.4
      vertex 67.9226 23.2935 0.799999
    endloop
  endfacet
  facet normal 0.980768 -0.195175 0
    outer loop
      vertex 67.8907 23.1332 7.4
      vertex 67.9226 23.2935 0.799999
      vertex 67.9226 23.2935 7.4
    endloop
  endfacet
  facet normal 0.980768 -0.195175 0
    outer loop
      vertex 67.9226 23.2935 0.799999
      vertex 67.8907 23.1332 7.4
      vertex 67.8907 23.1332 0.799999
    endloop
  endfacet
  facet normal 0.195175 -0.980768 0
    outer loop
      vertex 68.8065 24.1774 0.799999
      vertex 68.9668 24.2093 7.4
      vertex 68.8065 24.1774 7.4
    endloop
  endfacet
  facet normal 0.195175 -0.980768 0
    outer loop
      vertex 68.9668 24.2093 7.4
      vertex 68.8065 24.1774 0.799999
      vertex 68.9668 24.2093 0.799999
    endloop
  endfacet
  facet normal -0.442313 0.896861 0
    outer loop
      vertex 69.755 21.8875 0.799999
      vertex 69.6084 21.8152 7.4
      vertex 69.755 21.8875 7.4
    endloop
  endfacet
  facet normal -0.442313 0.896861 0
    outer loop
      vertex 69.6084 21.8152 7.4
      vertex 69.755 21.8875 0.799999
      vertex 69.6084 21.8152 0.799999
    endloop
  endfacet
  facet normal -0.555265 0.831674 0
    outer loop
      vertex 69.891 21.9783 0.799999
      vertex 69.755 21.8875 7.4
      vertex 69.891 21.9783 7.4
    endloop
  endfacet
  facet normal -0.555265 0.831674 0
    outer loop
      vertex 69.755 21.8875 7.4
      vertex 69.891 21.9783 0.799999
      vertex 69.755 21.8875 0.799999
    endloop
  endfacet
  facet normal -0.980768 0.195175 0
    outer loop
      vertex 70.3374 22.6465 0.799999
      vertex 70.3693 22.8068 7.4
      vertex 70.3693 22.8068 0.799999
    endloop
  endfacet
  facet normal -0.980768 0.195175 0
    outer loop
      vertex 70.3693 22.8068 7.4
      vertex 70.3374 22.6465 0.799999
      vertex 70.3374 22.6465 7.4
    endloop
  endfacet
  facet normal 0.321541 0.946896 -0
    outer loop
      vertex 68.8065 21.7626 0.799999
      vertex 68.6516 21.8152 7.4
      vertex 68.8065 21.7626 7.4
    endloop
  endfacet
  facet normal 0.321541 0.946896 0
    outer loop
      vertex 68.6516 21.8152 7.4
      vertex 68.8065 21.7626 0.799999
      vertex 68.6516 21.8152 0.799999
    endloop
  endfacet
  facet normal 0 0 1
    outer loop
      vertex 70.3693 23.1332 0.799999
      vertex 70.3693 22.8068 0.799999
      vertex 70.38 22.97 0.799999
    endloop
  endfacet
  facet normal 0 0 1
    outer loop
      vertex 70.3374 23.2935 0.799999
      vertex 70.3693 22.8068 0.799999
      vertex 70.3693 23.1332 0.799999
    endloop
  endfacet
  facet normal 0 0 1
    outer loop
      vertex 70.3374 23.2935 0.799999
      vertex 70.3374 22.6465 0.799999
      vertex 70.3693 22.8068 0.799999
    endloop
  endfacet
  facet normal 0 0 1
    outer loop
      vertex 70.2849 23.4484 0.799999
      vertex 70.3374 22.6465 0.799999
      vertex 70.3374 23.2935 0.799999
    endloop
  endfacet
  facet normal 0 0 1
    outer loop
      vertex 70.2849 23.4484 0.799999
      vertex 70.2849 22.4916 0.799999
      vertex 70.3374 22.6465 0.799999
    endloop
  endfacet
  facet normal 0 0 1
    outer loop
      vertex 70.2125 23.595 0.799999
      vertex 70.2849 22.4916 0.799999
      vertex 70.2849 23.4484 0.799999
    endloop
  endfacet
  facet normal 0 0 1
    outer loop
      vertex 70.2125 23.595 0.799999
      vertex 70.2125 22.345 0.799999
      vertex 70.2849 22.4916 0.799999
    endloop
  endfacet
  facet normal 0 0 1
    outer loop
      vertex 70.1217 23.731 0.799999
      vertex 70.2125 22.345 0.799999
      vertex 70.2125 23.595 0.799999
    endloop
  endfacet
  facet normal 0 0 1
    outer loop
      vertex 70.1217 23.731 0.799999
      vertex 70.1217 22.209 0.799999
      vertex 70.2125 22.345 0.799999
    endloop
  endfacet
  facet normal 0 0 1
    outer loop
      vertex 70.0139 23.8539 0.799999
      vertex 70.1217 22.209 0.799999
      vertex 70.1217 23.731 0.799999
    endloop
  endfacet
  facet normal 0 0 1
    outer loop
      vertex 70.0139 23.8539 0.799999
      vertex 70.0139 22.0861 0.799999
      vertex 70.1217 22.209 0.799999
    endloop
  endfacet
  facet normal 0 0 1
    outer loop
      vertex 69.891 23.9617 0.799999
      vertex 70.0139 22.0861 0.799999
      vertex 70.0139 23.8539 0.799999
    endloop
  endfacet
  facet normal 0 0 1
    outer loop
      vertex 69.891 23.9617 0.799999
      vertex 69.891 21.9783 0.799999
      vertex 70.0139 22.0861 0.799999
    endloop
  endfacet
  facet normal 0 0 1
    outer loop
      vertex 69.755 24.0525 0.799999
      vertex 69.891 21.9783 0.799999
      vertex 69.891 23.9617 0.799999
    endloop
  endfacet
  facet normal 0 0 1
    outer loop
      vertex 69.755 24.0525 0.799999
      vertex 69.755 21.8875 0.799999
      vertex 69.891 21.9783 0.799999
    endloop
  endfacet
  facet normal 0 0 1
    outer loop
      vertex 69.6084 24.1248 0.799999
      vertex 69.755 21.8875 0.799999
      vertex 69.755 24.0525 0.799999
    endloop
  endfacet
  facet normal 0 0 1
    outer loop
      vertex 69.6084 24.1248 0.799999
      vertex 69.6084 21.8152 0.799999
      vertex 69.755 21.8875 0.799999
    endloop
  endfacet
  facet normal 0 0 1
    outer loop
      vertex 69.4535 24.1774 0.799999
      vertex 69.6084 21.8152 0.799999
      vertex 69.6084 24.1248 0.799999
    endloop
  endfacet
  facet normal 0 0 1
    outer loop
      vertex 69.4535 24.1774 0.799999
      vertex 69.4535 21.7626 0.799999
      vertex 69.6084 21.8152 0.799999
    endloop
  endfacet
  facet normal 0 0 1
    outer loop
      vertex 69.2932 24.2093 0.799999
      vertex 69.4535 21.7626 0.799999
      vertex 69.4535 24.1774 0.799999
    endloop
  endfacet
  facet normal 0 0 1
    outer loop
      vertex 69.2932 24.2093 0.799999
      vertex 69.2932 21.7307 0.799999
      vertex 69.4535 21.7626 0.799999
    endloop
  endfacet
  facet normal 0 0 1
    outer loop
      vertex 69.13 24.22 0.799999
      vertex 69.2932 21.7307 0.799999
      vertex 69.2932 24.2093 0.799999
    endloop
  endfacet
  facet normal 0 0 1
    outer loop
      vertex 69.13 24.22 0.799999
      vertex 69.13 21.72 0.799999
      vertex 69.2932 21.7307 0.799999
    endloop
  endfacet
  facet normal -0 0 1
    outer loop
      vertex 68.9668 24.2093 0.799999
      vertex 69.13 21.72 0.799999
      vertex 69.13 24.22 0.799999
    endloop
  endfacet
  facet normal 0 0 1
    outer loop
      vertex 68.9668 24.2093 0.799999
      vertex 68.9668 21.7307 0.799999
      vertex 69.13 21.72 0.799999
    endloop
  endfacet
  facet normal -0 0 1
    outer loop
      vertex 68.8065 24.1774 0.799999
      vertex 68.9668 21.7307 0.799999
      vertex 68.9668 24.2093 0.799999
    endloop
  endfacet
  facet normal 0 0 1
    outer loop
      vertex 68.8065 24.1774 0.799999
      vertex 68.8065 21.7626 0.799999
      vertex 68.9668 21.7307 0.799999
    endloop
  endfacet
  facet normal -0 0 1
    outer loop
      vertex 68.6516 24.1248 0.799999
      vertex 68.8065 21.7626 0.799999
      vertex 68.8065 24.1774 0.799999
    endloop
  endfacet
  facet normal 0 0 1
    outer loop
      vertex 68.6516 24.1248 0.799999
      vertex 68.6516 21.8152 0.799999
      vertex 68.8065 21.7626 0.799999
    endloop
  endfacet
  facet normal -0 0 1
    outer loop
      vertex 68.505 24.0525 0.799999
      vertex 68.6516 21.8152 0.799999
      vertex 68.6516 24.1248 0.799999
    endloop
  endfacet
  facet normal 0 0 1
    outer loop
      vertex 68.505 24.0525 0.799999
      vertex 68.505 21.8875 0.799999
      vertex 68.6516 21.8152 0.799999
    endloop
  endfacet
  facet normal -0 0 1
    outer loop
      vertex 68.369 23.9617 0.799999
      vertex 68.505 21.8875 0.799999
      vertex 68.505 24.0525 0.799999
    endloop
  endfacet
  facet normal 0 0 1
    outer loop
      vertex 68.369 23.9617 0.799999
      vertex 68.369 21.9783 0.799999
      vertex 68.505 21.8875 0.799999
    endloop
  endfacet
  facet normal -0 0 1
    outer loop
      vertex 68.2461 23.8539 0.799999
      vertex 68.369 21.9783 0.799999
      vertex 68.369 23.9617 0.799999
    endloop
  endfacet
  facet normal 0 0 1
    outer loop
      vertex 68.2461 23.8539 0.799999
      vertex 68.2461 22.0861 0.799999
      vertex 68.369 21.9783 0.799999
    endloop
  endfacet
  facet normal -0 0 1
    outer loop
      vertex 68.1383 23.731 0.799999
      vertex 68.2461 22.0861 0.799999
      vertex 68.2461 23.8539 0.799999
    endloop
  endfacet
  facet normal 0 0 1
    outer loop
      vertex 68.1383 23.731 0.799999
      vertex 68.1383 22.209 0.799999
      vertex 68.2461 22.0861 0.799999
    endloop
  endfacet
  facet normal -0 0 1
    outer loop
      vertex 68.0475 23.595 0.799999
      vertex 68.1383 22.209 0.799999
      vertex 68.1383 23.731 0.799999
    endloop
  endfacet
  facet normal 0 0 1
    outer loop
      vertex 68.0475 23.595 0.799999
      vertex 68.0475 22.345 0.799999
      vertex 68.1383 22.209 0.799999
    endloop
  endfacet
  facet normal -0 0 1
    outer loop
      vertex 67.9752 23.4484 0.799999
      vertex 68.0475 22.345 0.799999
      vertex 68.0475 23.595 0.799999
    endloop
  endfacet
  facet normal 0 0 1
    outer loop
      vertex 67.9752 23.4484 0.799999
      vertex 67.9752 22.4916 0.799999
      vertex 68.0475 22.345 0.799999
    endloop
  endfacet
  facet normal -0 0 1
    outer loop
      vertex 67.9226 23.2935 0.799999
      vertex 67.9752 22.4916 0.799999
      vertex 67.9752 23.4484 0.799999
    endloop
  endfacet
  facet normal 0 0 1
    outer loop
      vertex 67.9226 23.2935 0.799999
      vertex 67.9226 22.6465 0.799999
      vertex 67.9752 22.4916 0.799999
    endloop
  endfacet
  facet normal -0 0 1
    outer loop
      vertex 67.8907 23.1332 0.799999
      vertex 67.9226 22.6465 0.799999
      vertex 67.9226 23.2935 0.799999
    endloop
  endfacet
  facet normal 0 0 1
    outer loop
      vertex 67.8907 23.1332 0.799999
      vertex 67.8907 22.8068 0.799999
      vertex 67.9226 22.6465 0.799999
    endloop
  endfacet
  facet normal 0 -0 1
    outer loop
      vertex 67.8907 22.8068 0.799999
      vertex 67.8907 23.1332 0.799999
      vertex 67.88 22.97 0.799999
    endloop
  endfacet
  facet normal -0.947082 -0.320993 0
    outer loop
      vertex 70.3374 23.2935 0.799999
      vertex 70.2849 23.4484 7.4
      vertex 70.2849 23.4484 0.799999
    endloop
  endfacet
  facet normal -0.947082 -0.320993 0
    outer loop
      vertex 70.2849 23.4484 7.4
      vertex 70.3374 23.2935 0.799999
      vertex 70.3374 23.2935 7.4
    endloop
  endfacet
  facet normal -0.75178 -0.659414 0
    outer loop
      vertex 70.1217 23.731 0.799999
      vertex 70.0139 23.8539 7.4
      vertex 70.0139 23.8539 0.799999
    endloop
  endfacet
  facet normal -0.75178 -0.659414 0
    outer loop
      vertex 70.0139 23.8539 7.4
      vertex 70.1217 23.731 0.799999
      vertex 70.1217 23.731 7.4
    endloop
  endfacet
  facet normal -0.0654233 -0.997858 0
    outer loop
      vertex 69.13 24.22 0.799999
      vertex 69.2932 24.2093 7.4
      vertex 69.13 24.22 7.4
    endloop
  endfacet
  facet normal -0.0654233 -0.997858 -0
    outer loop
      vertex 69.2932 24.2093 7.4
      vertex 69.13 24.22 0.799999
      vertex 69.2932 24.2093 0.799999
    endloop
  endfacet
  facet normal -0.555265 -0.831674 0
    outer loop
      vertex 69.755 24.0525 0.799999
      vertex 69.891 23.9617 7.4
      vertex 69.755 24.0525 7.4
    endloop
  endfacet
  facet normal -0.555265 -0.831674 -0
    outer loop
      vertex 69.891 23.9617 7.4
      vertex 69.755 24.0525 0.799999
      vertex 69.891 23.9617 0.799999
    endloop
  endfacet
  facet normal 0.896861 -0.442313 0
    outer loop
      vertex 67.9752 23.4484 7.4
      vertex 68.0475 23.595 0.799999
      vertex 68.0475 23.595 7.4
    endloop
  endfacet
  facet normal 0.896861 -0.442313 0
    outer loop
      vertex 68.0475 23.595 0.799999
      vertex 67.9752 23.4484 7.4
      vertex 67.9752 23.4484 0.799999
    endloop
  endfacet
  facet normal 0.831674 -0.555265 0
    outer loop
      vertex 68.0475 23.595 7.4
      vertex 68.1383 23.731 0.799999
      vertex 68.1383 23.731 7.4
    endloop
  endfacet
  facet normal 0.831674 -0.555265 0
    outer loop
      vertex 68.1383 23.731 0.799999
      vertex 68.0475 23.595 7.4
      vertex 68.0475 23.595 0.799999
    endloop
  endfacet
  facet normal 0.555265 -0.831674 0
    outer loop
      vertex 68.369 23.9617 0.799999
      vertex 68.505 24.0525 7.4
      vertex 68.369 23.9617 7.4
    endloop
  endfacet
  facet normal 0.555265 -0.831674 0
    outer loop
      vertex 68.505 24.0525 7.4
      vertex 68.369 23.9617 0.799999
      vertex 68.505 24.0525 0.799999
    endloop
  endfacet
  facet normal 0.659414 -0.75178 0
    outer loop
      vertex 68.2461 23.8539 0.799999
      vertex 68.369 23.9617 7.4
      vertex 68.2461 23.8539 7.4
    endloop
  endfacet
  facet normal 0.659414 -0.75178 0
    outer loop
      vertex 68.369 23.9617 7.4
      vertex 68.2461 23.8539 0.799999
      vertex 68.369 23.9617 0.799999
    endloop
  endfacet
  facet normal 0.321541 -0.946896 0
    outer loop
      vertex 68.6516 24.1248 0.799999
      vertex 68.8065 24.1774 7.4
      vertex 68.6516 24.1248 7.4
    endloop
  endfacet
  facet normal 0.321541 -0.946896 0
    outer loop
      vertex 68.8065 24.1774 7.4
      vertex 68.6516 24.1248 0.799999
      vertex 68.8065 24.1774 0.799999
    endloop
  endfacet
  facet normal -0.997858 0.0654233 0
    outer loop
      vertex 70.3693 22.8068 0.799999
      vertex 70.38 22.97 7.4
      vertex 70.38 22.97 0.799999
    endloop
  endfacet
  facet normal -0.997858 0.0654233 0
    outer loop
      vertex 70.38 22.97 7.4
      vertex 70.3693 22.8068 0.799999
      vertex 70.3693 22.8068 7.4
    endloop
  endfacet
  facet normal -0.0654233 0.997858 0
    outer loop
      vertex 69.2932 21.7307 0.799999
      vertex 69.13 21.72 7.4
      vertex 69.2932 21.7307 7.4
    endloop
  endfacet
  facet normal -0.0654233 0.997858 0
    outer loop
      vertex 69.13 21.72 7.4
      vertex 69.2932 21.7307 0.799999
      vertex 69.13 21.72 0.799999
    endloop
  endfacet
  facet normal -0.321541 0.946896 0
    outer loop
      vertex 69.6084 21.8152 0.799999
      vertex 69.4535 21.7626 7.4
      vertex 69.6084 21.8152 7.4
    endloop
  endfacet
  facet normal -0.321541 0.946896 0
    outer loop
      vertex 69.4535 21.7626 7.4
      vertex 69.6084 21.8152 0.799999
      vertex 69.4535 21.7626 0.799999
    endloop
  endfacet
  facet normal -0.659414 0.75178 0
    outer loop
      vertex 70.0139 22.0861 0.799999
      vertex 69.891 21.9783 7.4
      vertex 70.0139 22.0861 7.4
    endloop
  endfacet
  facet normal -0.659414 0.75178 0
    outer loop
      vertex 69.891 21.9783 7.4
      vertex 70.0139 22.0861 0.799999
      vertex 69.891 21.9783 0.799999
    endloop
  endfacet
  facet normal -0.831674 0.555265 0
    outer loop
      vertex 70.1217 22.209 0.799999
      vertex 70.2125 22.345 7.4
      vertex 70.2125 22.345 0.799999
    endloop
  endfacet
  facet normal -0.831674 0.555265 0
    outer loop
      vertex 70.2125 22.345 7.4
      vertex 70.1217 22.209 0.799999
      vertex 70.1217 22.209 7.4
    endloop
  endfacet
  facet normal 0.659414 0.75178 -0
    outer loop
      vertex 68.369 21.9783 0.799999
      vertex 68.2461 22.0861 7.4
      vertex 68.369 21.9783 7.4
    endloop
  endfacet
  facet normal 0.659414 0.75178 0
    outer loop
      vertex 68.2461 22.0861 7.4
      vertex 68.369 21.9783 0.799999
      vertex 68.2461 22.0861 0.799999
    endloop
  endfacet
  facet normal 0.442313 0.896861 -0
    outer loop
      vertex 68.6516 21.8152 0.799999
      vertex 68.505 21.8875 7.4
      vertex 68.6516 21.8152 7.4
    endloop
  endfacet
  facet normal 0.442313 0.896861 0
    outer loop
      vertex 68.505 21.8875 7.4
      vertex 68.6516 21.8152 0.799999
      vertex 68.505 21.8875 0.799999
    endloop
  endfacet
  facet normal 0.195175 0.980768 -0
    outer loop
      vertex 68.9668 21.7307 0.799999
      vertex 68.8065 21.7626 7.4
      vertex 68.9668 21.7307 7.4
    endloop
  endfacet
  facet normal 0.195175 0.980768 0
    outer loop
      vertex 68.8065 21.7626 7.4
      vertex 68.9668 21.7307 0.799999
      vertex 68.8065 21.7626 0.799999
    endloop
  endfacet
  facet normal 0.896861 0.442313 0
    outer loop
      vertex 68.0475 22.345 7.4
      vertex 67.9752 22.4916 0.799999
      vertex 67.9752 22.4916 7.4
    endloop
  endfacet
  facet normal 0.896861 0.442313 0
    outer loop
      vertex 67.9752 22.4916 0.799999
      vertex 68.0475 22.345 7.4
      vertex 68.0475 22.345 0.799999
    endloop
  endfacet
  facet normal 0.75178 0.659414 0
    outer loop
      vertex 68.2461 22.0861 7.4
      vertex 68.1383 22.209 0.799999
      vertex 68.1383 22.209 7.4
    endloop
  endfacet
  facet normal 0.75178 0.659414 0
    outer loop
      vertex 68.1383 22.209 0.799999
      vertex 68.2461 22.0861 7.4
      vertex 68.2461 22.0861 0.799999
    endloop
  endfacet
  facet normal 0.946896 0.321541 0
    outer loop
      vertex 67.9752 22.4916 7.4
      vertex 67.9226 22.6465 0.799999
      vertex 67.9226 22.6465 7.4
    endloop
  endfacet
  facet normal 0.946896 0.321541 0
    outer loop
      vertex 67.9226 22.6465 0.799999
      vertex 67.9752 22.4916 7.4
      vertex 67.9752 22.4916 0.799999
    endloop
  endfacet
  facet normal 0.997858 0.0654233 0
    outer loop
      vertex 67.8907 22.8068 7.4
      vertex 67.88 22.97 0.799999
      vertex 67.88 22.97 7.4
    endloop
  endfacet
  facet normal 0.997858 0.0654233 0
    outer loop
      vertex 67.88 22.97 0.799999
      vertex 67.8907 22.8068 7.4
      vertex 67.8907 22.8068 0.799999
    endloop
  endfacet
  facet normal -0.947082 0.320993 0
    outer loop
      vertex 70.2849 22.4916 0.799999
      vertex 70.3374 22.6465 7.4
      vertex 70.3374 22.6465 0.799999
    endloop
  endfacet
  facet normal -0.947082 0.320993 0
    outer loop
      vertex 70.3374 22.6465 7.4
      vertex 70.2849 22.4916 0.799999
      vertex 70.2849 22.4916 7.4
    endloop
  endfacet
  facet normal -0.195175 0.980768 0
    outer loop
      vertex 69.4535 21.7626 0.799999
      vertex 69.2932 21.7307 7.4
      vertex 69.4535 21.7626 7.4
    endloop
  endfacet
  facet normal -0.195175 0.980768 0
    outer loop
      vertex 69.2932 21.7307 7.4
      vertex 69.4535 21.7626 0.799999
      vertex 69.2932 21.7307 0.799999
    endloop
  endfacet
  facet normal -0.75178 0.659414 0
    outer loop
      vertex 70.0139 22.0861 0.799999
      vertex 70.1217 22.209 7.4
      vertex 70.1217 22.209 0.799999
    endloop
  endfacet
  facet normal -0.75178 0.659414 0
    outer loop
      vertex 70.1217 22.209 7.4
      vertex 70.0139 22.0861 0.799999
      vertex 70.0139 22.0861 7.4
    endloop
  endfacet
  facet normal 0.555265 0.831674 -0
    outer loop
      vertex 68.505 21.8875 0.799999
      vertex 68.369 21.9783 7.4
      vertex 68.505 21.8875 7.4
    endloop
  endfacet
  facet normal 0.555265 0.831674 0
    outer loop
      vertex 68.369 21.9783 7.4
      vertex 68.505 21.8875 0.799999
      vertex 68.369 21.9783 0.799999
    endloop
  endfacet
  facet normal 0.831674 0.555265 0
    outer loop
      vertex 68.1383 22.209 7.4
      vertex 68.0475 22.345 0.799999
      vertex 68.0475 22.345 7.4
    endloop
  endfacet
  facet normal 0.831674 0.555265 0
    outer loop
      vertex 68.0475 22.345 0.799999
      vertex 68.1383 22.209 7.4
      vertex 68.1383 22.209 0.799999
    endloop
  endfacet
  facet normal 0.980768 0.195175 0
    outer loop
      vertex 67.9226 22.6465 7.4
      vertex 67.8907 22.8068 0.799999
      vertex 67.8907 22.8068 7.4
    endloop
  endfacet
  facet normal 0.980768 0.195175 0
    outer loop
      vertex 67.8907 22.8068 0.799999
      vertex 67.9226 22.6465 7.4
      vertex 67.9226 22.6465 0.799999
    endloop
  endfacet
  facet normal -0.896618 0.442805 0
    outer loop
      vertex 70.2125 22.345 0.799999
      vertex 70.2849 22.4916 7.4
      vertex 70.2849 22.4916 0.799999
    endloop
  endfacet
  facet normal -0.896618 0.442805 0
    outer loop
      vertex 70.2849 22.4916 7.4
      vertex 70.2125 22.345 0.799999
      vertex 70.2125 22.345 7.4
    endloop
  endfacet
  facet normal -0.997851 -0.0655283 0
    outer loop
      vertex 47.1 84.58 0
      vertex 47.082 84.8541 0.5
      vertex 47.082 84.8541 0
    endloop
  endfacet
  facet normal -0.997851 -0.0655283 0
    outer loop
      vertex 47.082 84.8541 0.5
      vertex 47.1 84.58 0
      vertex 47.1 84.58 0.5
    endloop
  endfacet
  facet normal 0.997851 -0.0655283 0
    outer loop
      vertex 42.9 84.58 0.5
      vertex 42.918 84.8541 0
      vertex 42.918 84.8541 0.5
    endloop
  endfacet
  facet normal 0.997851 -0.0655283 0
    outer loop
      vertex 42.918 84.8541 0
      vertex 42.9 84.58 0.5
      vertex 42.9 84.58 0
    endloop
  endfacet
  facet normal 0.0655283 -0.997851 0
    outer loop
      vertex 44.7259 86.662 0
      vertex 45 86.68 0.5
      vertex 44.7259 86.662 0.5
    endloop
  endfacet
  facet normal 0.0655283 -0.997851 0
    outer loop
      vertex 45 86.68 0.5
      vertex 44.7259 86.662 0
      vertex 45 86.68 0
    endloop
  endfacet
  facet normal -0.0655283 0.997851 0
    outer loop
      vertex 45.2741 82.498 0
      vertex 45 82.48 0.5
      vertex 45.2741 82.498 0.5
    endloop
  endfacet
  facet normal -0.0655283 0.997851 0
    outer loop
      vertex 45 82.48 0.5
      vertex 45.2741 82.498 0
      vertex 45 82.48 0
    endloop
  endfacet
  facet normal -0.659355 -0.751832 0
    outer loop
      vertex 46.2784 86.246 0
      vertex 46.4849 86.0649 0.5
      vertex 46.2784 86.246 0.5
    endloop
  endfacet
  facet normal -0.659355 -0.751832 -0
    outer loop
      vertex 46.4849 86.0649 0.5
      vertex 46.2784 86.246 0
      vertex 46.4849 86.0649 0
    endloop
  endfacet
  facet normal 0.751832 -0.659355 0
    outer loop
      vertex 43.334 85.8584 0.5
      vertex 43.5151 86.0649 0
      vertex 43.5151 86.0649 0.5
    endloop
  endfacet
  facet normal 0.751832 -0.659355 0
    outer loop
      vertex 43.5151 86.0649 0
      vertex 43.334 85.8584 0.5
      vertex 43.334 85.8584 0
    endloop
  endfacet
  facet normal 0.441964 -0.897033 0
    outer loop
      vertex 43.95 86.3987 0
      vertex 44.1964 86.5201 0.5
      vertex 43.95 86.3987 0.5
    endloop
  endfacet
  facet normal 0.441964 -0.897033 0
    outer loop
      vertex 44.1964 86.5201 0.5
      vertex 43.95 86.3987 0
      vertex 44.1964 86.5201 0
    endloop
  endfacet
  facet normal -0.831322 0.555792 0
    outer loop
      vertex 46.666 83.3016 0
      vertex 46.8187 83.53 0.5
      vertex 46.8187 83.53 0
    endloop
  endfacet
  facet normal -0.831322 0.555792 0
    outer loop
      vertex 46.8187 83.53 0.5
      vertex 46.666 83.3016 0
      vertex 46.666 83.3016 0.5
    endloop
  endfacet
  facet normal -0.897033 -0.441964 0
    outer loop
      vertex 46.9401 85.3836 0
      vertex 46.8187 85.63 0.5
      vertex 46.8187 85.63 0
    endloop
  endfacet
  facet normal -0.897033 -0.441964 0
    outer loop
      vertex 46.8187 85.63 0.5
      vertex 46.9401 85.3836 0
      vertex 46.9401 85.3836 0.5
    endloop
  endfacet
  facet normal -0.831322 -0.555792 0
    outer loop
      vertex 46.8187 85.63 0
      vertex 46.666 85.8584 0.5
      vertex 46.666 85.8584 0
    endloop
  endfacet
  facet normal -0.831322 -0.555792 0
    outer loop
      vertex 46.666 85.8584 0.5
      vertex 46.8187 85.63 0
      vertex 46.8187 85.63 0.5
    endloop
  endfacet
  facet normal -0.321465 -0.946921 0
    outer loop
      vertex 45.5435 86.6084 0
      vertex 45.8036 86.5201 0.5
      vertex 45.5435 86.6084 0.5
    endloop
  endfacet
  facet normal -0.321465 -0.946921 -0
    outer loop
      vertex 45.8036 86.5201 0.5
      vertex 45.5435 86.6084 0
      vertex 45.8036 86.5201 0
    endloop
  endfacet
  facet normal -0.195136 -0.980776 0
    outer loop
      vertex 45.2741 86.662 0
      vertex 45.5435 86.6084 0.5
      vertex 45.2741 86.662 0.5
    endloop
  endfacet
  facet normal -0.195136 -0.980776 -0
    outer loop
      vertex 45.5435 86.6084 0.5
      vertex 45.2741 86.662 0
      vertex 45.5435 86.6084 0
    endloop
  endfacet
  facet normal -0.555792 -0.831322 0
    outer loop
      vertex 46.05 86.3987 0
      vertex 46.2784 86.246 0.5
      vertex 46.05 86.3987 0.5
    endloop
  endfacet
  facet normal -0.555792 -0.831322 -0
    outer loop
      vertex 46.2784 86.246 0.5
      vertex 46.05 86.3987 0
      vertex 46.2784 86.246 0
    endloop
  endfacet
  facet normal 0.897033 -0.441964 0
    outer loop
      vertex 43.0599 85.3836 0.5
      vertex 43.1813 85.63 0
      vertex 43.1813 85.63 0.5
    endloop
  endfacet
  facet normal 0.897033 -0.441964 0
    outer loop
      vertex 43.1813 85.63 0
      vertex 43.0599 85.3836 0.5
      vertex 43.0599 85.3836 0
    endloop
  endfacet
  facet normal 0.831322 -0.555792 0
    outer loop
      vertex 43.1813 85.63 0.5
      vertex 43.334 85.8584 0
      vertex 43.334 85.8584 0.5
    endloop
  endfacet
  facet normal 0.831322 -0.555792 0
    outer loop
      vertex 43.334 85.8584 0
      vertex 43.1813 85.63 0.5
      vertex 43.1813 85.63 0
    endloop
  endfacet
  facet normal 0.555792 -0.831322 0
    outer loop
      vertex 43.7216 86.246 0
      vertex 43.95 86.3987 0.5
      vertex 43.7216 86.246 0.5
    endloop
  endfacet
  facet normal 0.555792 -0.831322 0
    outer loop
      vertex 43.95 86.3987 0.5
      vertex 43.7216 86.246 0
      vertex 43.95 86.3987 0
    endloop
  endfacet
  facet normal 0.321465 -0.946921 0
    outer loop
      vertex 44.1964 86.5201 0
      vertex 44.4565 86.6084 0.5
      vertex 44.1964 86.5201 0.5
    endloop
  endfacet
  facet normal 0.321465 -0.946921 0
    outer loop
      vertex 44.4565 86.6084 0.5
      vertex 44.1964 86.5201 0
      vertex 44.4565 86.6084 0
    endloop
  endfacet
  facet normal -0.195136 0.980776 0
    outer loop
      vertex 45.5435 82.5516 0
      vertex 45.2741 82.498 0.5
      vertex 45.5435 82.5516 0.5
    endloop
  endfacet
  facet normal -0.195136 0.980776 0
    outer loop
      vertex 45.2741 82.498 0.5
      vertex 45.5435 82.5516 0
      vertex 45.2741 82.498 0
    endloop
  endfacet
  facet normal -0.946921 -0.321465 0
    outer loop
      vertex 47.0284 85.1235 0
      vertex 46.9401 85.3836 0.5
      vertex 46.9401 85.3836 0
    endloop
  endfacet
  facet normal -0.946921 -0.321465 0
    outer loop
      vertex 46.9401 85.3836 0.5
      vertex 47.0284 85.1235 0
      vertex 47.0284 85.1235 0.5
    endloop
  endfacet
  facet normal -0.980776 -0.195136 0
    outer loop
      vertex 47.082 84.8541 0
      vertex 47.0284 85.1235 0.5
      vertex 47.0284 85.1235 0
    endloop
  endfacet
  facet normal -0.980776 -0.195136 0
    outer loop
      vertex 47.0284 85.1235 0.5
      vertex 47.082 84.8541 0
      vertex 47.082 84.8541 0.5
    endloop
  endfacet
  facet normal -0.751832 -0.659355 0
    outer loop
      vertex 46.666 85.8584 0
      vertex 46.4849 86.0649 0.5
      vertex 46.4849 86.0649 0
    endloop
  endfacet
  facet normal -0.751832 -0.659355 0
    outer loop
      vertex 46.4849 86.0649 0.5
      vertex 46.666 85.8584 0
      vertex 46.666 85.8584 0.5
    endloop
  endfacet
  facet normal -0.0655283 -0.997851 0
    outer loop
      vertex 45 86.68 0
      vertex 45.2741 86.662 0.5
      vertex 45 86.68 0.5
    endloop
  endfacet
  facet normal -0.0655283 -0.997851 -0
    outer loop
      vertex 45.2741 86.662 0.5
      vertex 45 86.68 0
      vertex 45.2741 86.662 0
    endloop
  endfacet
  facet normal 0.946921 -0.321465 0
    outer loop
      vertex 42.9716 85.1235 0.5
      vertex 43.0599 85.3836 0
      vertex 43.0599 85.3836 0.5
    endloop
  endfacet
  facet normal 0.946921 -0.321465 0
    outer loop
      vertex 43.0599 85.3836 0
      vertex 42.9716 85.1235 0.5
      vertex 42.9716 85.1235 0
    endloop
  endfacet
  facet normal 0.980776 -0.195136 0
    outer loop
      vertex 42.918 84.8541 0.5
      vertex 42.9716 85.1235 0
      vertex 42.9716 85.1235 0.5
    endloop
  endfacet
  facet normal 0.980776 -0.195136 0
    outer loop
      vertex 42.9716 85.1235 0
      vertex 42.918 84.8541 0.5
      vertex 42.918 84.8541 0
    endloop
  endfacet
  facet normal 0.195136 -0.980776 0
    outer loop
      vertex 44.4565 86.6084 0
      vertex 44.7259 86.662 0.5
      vertex 44.4565 86.6084 0.5
    endloop
  endfacet
  facet normal 0.195136 -0.980776 0
    outer loop
      vertex 44.7259 86.662 0.5
      vertex 44.4565 86.6084 0
      vertex 44.7259 86.662 0
    endloop
  endfacet
  facet normal -0.997851 0.0655283 0
    outer loop
      vertex 47.082 84.3059 0
      vertex 47.1 84.58 0.5
      vertex 47.1 84.58 0
    endloop
  endfacet
  facet normal -0.997851 0.0655283 0
    outer loop
      vertex 47.1 84.58 0.5
      vertex 47.082 84.3059 0
      vertex 47.082 84.3059 0.5
    endloop
  endfacet
  facet normal -0.980776 0.195136 0
    outer loop
      vertex 47.0284 84.0365 0
      vertex 47.082 84.3059 0.5
      vertex 47.082 84.3059 0
    endloop
  endfacet
  facet normal -0.980776 0.195136 0
    outer loop
      vertex 47.082 84.3059 0.5
      vertex 47.0284 84.0365 0
      vertex 47.0284 84.0365 0.5
    endloop
  endfacet
  facet normal -0.751832 0.659355 0
    outer loop
      vertex 46.4849 83.0951 0
      vertex 46.666 83.3016 0.5
      vertex 46.666 83.3016 0
    endloop
  endfacet
  facet normal -0.751832 0.659355 0
    outer loop
      vertex 46.666 83.3016 0.5
      vertex 46.4849 83.0951 0
      vertex 46.4849 83.0951 0.5
    endloop
  endfacet
  facet normal 0.831322 0.555792 0
    outer loop
      vertex 43.334 83.3016 0.5
      vertex 43.1813 83.53 0
      vertex 43.1813 83.53 0.5
    endloop
  endfacet
  facet normal 0.831322 0.555792 0
    outer loop
      vertex 43.1813 83.53 0
      vertex 43.334 83.3016 0.5
      vertex 43.334 83.3016 0
    endloop
  endfacet
  facet normal 0.897033 0.441964 0
    outer loop
      vertex 43.1813 83.53 0.5
      vertex 43.0599 83.7764 0
      vertex 43.0599 83.7764 0.5
    endloop
  endfacet
  facet normal 0.897033 0.441964 0
    outer loop
      vertex 43.0599 83.7764 0
      vertex 43.1813 83.53 0.5
      vertex 43.1813 83.53 0
    endloop
  endfacet
  facet normal -0.441964 0.897033 0
    outer loop
      vertex 46.05 82.7613 0
      vertex 45.8036 82.6399 0.5
      vertex 46.05 82.7613 0.5
    endloop
  endfacet
  facet normal -0.441964 0.897033 0
    outer loop
      vertex 45.8036 82.6399 0.5
      vertex 46.05 82.7613 0
      vertex 45.8036 82.6399 0
    endloop
  endfacet
  facet normal -0.441964 -0.897033 0
    outer loop
      vertex 45.8036 86.5201 0
      vertex 46.05 86.3987 0.5
      vertex 45.8036 86.5201 0.5
    endloop
  endfacet
  facet normal -0.441964 -0.897033 -0
    outer loop
      vertex 46.05 86.3987 0.5
      vertex 45.8036 86.5201 0
      vertex 46.05 86.3987 0
    endloop
  endfacet
  facet normal 0.659355 -0.751832 0
    outer loop
      vertex 43.5151 86.0649 0
      vertex 43.7216 86.246 0.5
      vertex 43.5151 86.0649 0.5
    endloop
  endfacet
  facet normal 0.659355 -0.751832 0
    outer loop
      vertex 43.7216 86.246 0.5
      vertex 43.5151 86.0649 0
      vertex 43.7216 86.246 0
    endloop
  endfacet
  facet normal -0.555792 0.831322 0
    outer loop
      vertex 46.2784 82.914 0
      vertex 46.05 82.7613 0.5
      vertex 46.2784 82.914 0.5
    endloop
  endfacet
  facet normal -0.555792 0.831322 0
    outer loop
      vertex 46.05 82.7613 0.5
      vertex 46.2784 82.914 0
      vertex 46.05 82.7613 0
    endloop
  endfacet
  facet normal -0.659355 0.751832 0
    outer loop
      vertex 46.4849 83.0951 0
      vertex 46.2784 82.914 0.5
      vertex 46.4849 83.0951 0.5
    endloop
  endfacet
  facet normal -0.659355 0.751832 0
    outer loop
      vertex 46.2784 82.914 0.5
      vertex 46.4849 83.0951 0
      vertex 46.2784 82.914 0
    endloop
  endfacet
  facet normal 0.751832 0.659355 0
    outer loop
      vertex 43.5151 83.0951 0.5
      vertex 43.334 83.3016 0
      vertex 43.334 83.3016 0.5
    endloop
  endfacet
  facet normal 0.751832 0.659355 0
    outer loop
      vertex 43.334 83.3016 0
      vertex 43.5151 83.0951 0.5
      vertex 43.5151 83.0951 0
    endloop
  endfacet
  facet normal -0.321465 0.946921 0
    outer loop
      vertex 45.8036 82.6399 0
      vertex 45.5435 82.5516 0.5
      vertex 45.8036 82.6399 0.5
    endloop
  endfacet
  facet normal -0.321465 0.946921 0
    outer loop
      vertex 45.5435 82.5516 0.5
      vertex 45.8036 82.6399 0
      vertex 45.5435 82.5516 0
    endloop
  endfacet
  facet normal -0.946921 0.321465 0
    outer loop
      vertex 46.9401 83.7764 0
      vertex 47.0284 84.0365 0.5
      vertex 47.0284 84.0365 0
    endloop
  endfacet
  facet normal -0.946921 0.321465 0
    outer loop
      vertex 47.0284 84.0365 0.5
      vertex 46.9401 83.7764 0
      vertex 46.9401 83.7764 0.5
    endloop
  endfacet
  facet normal -0.897033 0.441964 0
    outer loop
      vertex 46.8187 83.53 0
      vertex 46.9401 83.7764 0.5
      vertex 46.9401 83.7764 0
    endloop
  endfacet
  facet normal -0.897033 0.441964 0
    outer loop
      vertex 46.9401 83.7764 0.5
      vertex 46.8187 83.53 0
      vertex 46.8187 83.53 0.5
    endloop
  endfacet
  facet normal 0.441964 0.897033 -0
    outer loop
      vertex 44.1964 82.6399 0
      vertex 43.95 82.7613 0.5
      vertex 44.1964 82.6399 0.5
    endloop
  endfacet
  facet normal 0.441964 0.897033 0
    outer loop
      vertex 43.95 82.7613 0.5
      vertex 44.1964 82.6399 0
      vertex 43.95 82.7613 0
    endloop
  endfacet
  facet normal 0.195136 0.980776 -0
    outer loop
      vertex 44.7259 82.498 0
      vertex 44.4565 82.5516 0.5
      vertex 44.7259 82.498 0.5
    endloop
  endfacet
  facet normal 0.195136 0.980776 0
    outer loop
      vertex 44.4565 82.5516 0.5
      vertex 44.7259 82.498 0
      vertex 44.4565 82.5516 0
    endloop
  endfacet
  facet normal 0.659355 0.751832 -0
    outer loop
      vertex 43.7216 82.914 0
      vertex 43.5151 83.0951 0.5
      vertex 43.7216 82.914 0.5
    endloop
  endfacet
  facet normal 0.659355 0.751832 0
    outer loop
      vertex 43.5151 83.0951 0.5
      vertex 43.7216 82.914 0
      vertex 43.5151 83.0951 0
    endloop
  endfacet
  facet normal 0.946921 0.321465 0
    outer loop
      vertex 43.0599 83.7764 0.5
      vertex 42.9716 84.0365 0
      vertex 42.9716 84.0365 0.5
    endloop
  endfacet
  facet normal 0.946921 0.321465 0
    outer loop
      vertex 42.9716 84.0365 0
      vertex 43.0599 83.7764 0.5
      vertex 43.0599 83.7764 0
    endloop
  endfacet
  facet normal 0.980776 0.195136 0
    outer loop
      vertex 42.9716 84.0365 0.5
      vertex 42.918 84.3059 0
      vertex 42.918 84.3059 0.5
    endloop
  endfacet
  facet normal 0.980776 0.195136 0
    outer loop
      vertex 42.918 84.3059 0
      vertex 42.9716 84.0365 0.5
      vertex 42.9716 84.0365 0
    endloop
  endfacet
  facet normal 0.997851 0.0655283 0
    outer loop
      vertex 42.918 84.3059 0.5
      vertex 42.9 84.58 0
      vertex 42.9 84.58 0.5
    endloop
  endfacet
  facet normal 0.997851 0.0655283 0
    outer loop
      vertex 42.9 84.58 0
      vertex 42.918 84.3059 0.5
      vertex 42.918 84.3059 0
    endloop
  endfacet
  facet normal 0.555792 0.831322 -0
    outer loop
      vertex 43.95 82.7613 0
      vertex 43.7216 82.914 0.5
      vertex 43.95 82.7613 0.5
    endloop
  endfacet
  facet normal 0.555792 0.831322 0
    outer loop
      vertex 43.7216 82.914 0.5
      vertex 43.95 82.7613 0
      vertex 43.7216 82.914 0
    endloop
  endfacet
  facet normal 0.0655283 0.997851 -0
    outer loop
      vertex 45 82.48 0
      vertex 44.7259 82.498 0.5
      vertex 45 82.48 0.5
    endloop
  endfacet
  facet normal 0.0655283 0.997851 0
    outer loop
      vertex 44.7259 82.498 0.5
      vertex 45 82.48 0
      vertex 44.7259 82.498 0
    endloop
  endfacet
  facet normal 0.321465 0.946921 -0
    outer loop
      vertex 44.4565 82.5516 0
      vertex 44.1964 82.6399 0.5
      vertex 44.4565 82.5516 0.5
    endloop
  endfacet
  facet normal 0.321465 0.946921 0
    outer loop
      vertex 44.1964 82.6399 0.5
      vertex 44.4565 82.5516 0
      vertex 44.1964 82.6399 0
    endloop
  endfacet
  facet normal -0.708186 -0.0465062 0.704493
    outer loop
      vertex 47.1 84.58 0.5
      vertex 48.99 84.5814 2.4
      vertex 47.082 84.8541 0.5
    endloop
  endfacet
  facet normal -0.708044 -0.0505746 0.704355
    outer loop
      vertex 48.99 84.5814 2.4
      vertex 47.1 84.58 0.5
      vertex 48.9901 84.58 2.4
    endloop
  endfacet
  facet normal 0.708044 0.0505746 0.704355
    outer loop
      vertex 41.01 84.5786 2.4
      vertex 42.9 84.58 0.5
      vertex 41.0099 84.58 2.4
    endloop
  endfacet
  facet normal 0.708186 0.0465062 0.704493
    outer loop
      vertex 42.9 84.58 0.5
      vertex 41.01 84.5786 2.4
      vertex 42.918 84.3059 0.5
    endloop
  endfacet
  facet normal 0.0465062 -0.708186 0.704493
    outer loop
      vertex 45 86.68 0.5
      vertex 44.9986 88.57 2.4
      vertex 44.7259 86.662 0.5
    endloop
  endfacet
  facet normal 0.0505746 -0.708044 0.704355
    outer loop
      vertex 44.9986 88.57 2.4
      vertex 45 86.68 0.5
      vertex 45 88.5701 2.4
    endloop
  endfacet
  facet normal -0.708185 0.0464943 0.704494
    outer loop
      vertex 48.9559 84.0592 2.4
      vertex 48.99 84.5786 2.4
      vertex 47.082 84.3059 0.5
    endloop
  endfacet
  facet normal -0.0465062 0.708186 0.704493
    outer loop
      vertex 45 82.48 0.5
      vertex 45.0014 80.59 2.4
      vertex 45.2741 82.498 0.5
    endloop
  endfacet
  facet normal 0 0.70897 0.705239
    outer loop
      vertex 45.0014 80.59 2.4
      vertex 45 82.48 0.5
      vertex 45 80.59 2.4
    endloop
  endfacet
  facet normal 0.708185 -0.0464943 0.704494
    outer loop
      vertex 42.918 84.8541 0.5
      vertex 41.0441 85.1008 2.4
      vertex 41.01 84.5814 2.4
    endloop
  endfacet
  facet normal -0.67204 0.22815 0.704493
    outer loop
      vertex 48.6863 83.0531 2.4
      vertex 48.8536 83.5459 2.4
      vertex 46.9401 83.7764 0.5
    endloop
  endfacet
  facet normal -0.138399 0.696085 0.704493
    outer loop
      vertex 45.5208 80.6241 2.4
      vertex 46.0313 80.7256 2.4
      vertex 45.2741 82.498 0.5
    endloop
  endfacet
  facet normal 0.467955 0.533587 0.704488
    outer loop
      vertex 43.5151 83.0951 0.5
      vertex 42.1797 81.7577 2.4
      vertex 43.7216 82.914 0.5
    endloop
  endfacet
  facet normal 0.450045 0.550055 0.703491
    outer loop
      vertex 42.1797 81.7577 2.4
      vertex 43.5151 83.0951 0.5
      vertex 42.1786 81.7586 2.4
    endloop
  endfacet
  facet normal 0.67204 -0.22815 0.704493
    outer loop
      vertex 43.0599 85.3836 0.5
      vertex 41.3137 86.1069 2.4
      vertex 41.1464 85.6141 2.4
    endloop
  endfacet
  facet normal 0.138399 -0.696085 0.704493
    outer loop
      vertex 44.7259 86.662 0.5
      vertex 44.4792 88.5359 2.4
      vertex 43.9687 88.4344 2.4
    endloop
  endfacet
  facet normal -0.450045 -0.550055 0.703491
    outer loop
      vertex 47.8203 87.4023 2.4
      vertex 46.4849 86.0649 0.5
      vertex 47.8214 87.4014 2.4
    endloop
  endfacet
  facet normal -0.467955 -0.533587 0.704488
    outer loop
      vertex 46.4849 86.0649 0.5
      vertex 47.8203 87.4023 2.4
      vertex 46.2784 86.246 0.5
    endloop
  endfacet
  facet normal -0.708185 -0.0464943 0.704494
    outer loop
      vertex 48.99 84.5814 2.4
      vertex 48.9559 85.1008 2.4
      vertex 47.082 84.8541 0.5
    endloop
  endfacet
  facet normal -0.533587 0.467955 0.704488
    outer loop
      vertex 46.4849 83.0951 0.5
      vertex 47.8223 81.7597 2.4
      vertex 46.666 83.3016 0.5
    endloop
  endfacet
  facet normal -0.550055 0.450045 0.703491
    outer loop
      vertex 47.8223 81.7597 2.4
      vertex 46.4849 83.0951 0.5
      vertex 47.8214 81.7586 2.4
    endloop
  endfacet
  facet normal -0.313902 0.636532 0.70448
    outer loop
      vertex 46.5282 80.8943 2.4
      vertex 46.995 81.1245 2.4
      vertex 46.05 82.7613 0.5
    endloop
  endfacet
  facet normal 0.67204 0.22815 0.704493
    outer loop
      vertex 41.3137 83.0531 2.4
      vertex 43.0599 83.7764 0.5
      vertex 41.1464 83.5459 2.4
    endloop
  endfacet
  facet normal 0.589994 0.394449 0.704498
    outer loop
      vertex 41.8337 82.1522 2.4
      vertex 43.334 83.3016 0.5
      vertex 43.1813 83.53 0.5
    endloop
  endfacet
  facet normal 0.590536 0.393691 0.704468
    outer loop
      vertex 43.334 83.3016 0.5
      vertex 41.8337 82.1522 2.4
      vertex 41.8345 82.151 2.4
    endloop
  endfacet
  facet normal 0.550055 -0.450045 0.703491
    outer loop
      vertex 42.1777 87.4003 2.4
      vertex 43.5151 86.0649 0.5
      vertex 42.1786 87.4014 2.4
    endloop
  endfacet
  facet normal 0.533587 -0.467955 0.704488
    outer loop
      vertex 43.5151 86.0649 0.5
      vertex 42.1777 87.4003 2.4
      vertex 43.334 85.8584 0.5
    endloop
  endfacet
  facet normal 0.313902 -0.636532 0.70448
    outer loop
      vertex 43.95 86.3987 0.5
      vertex 43.4718 88.2657 2.4
      vertex 43.005 88.0355 2.4
    endloop
  endfacet
  facet normal -0.0464943 -0.708185 0.704494
    outer loop
      vertex 45.2741 86.662 0.5
      vertex 45.5208 88.5359 2.4
      vertex 45.0014 88.57 2.4
    endloop
  endfacet
  facet normal -0.22815 -0.67204 0.704493
    outer loop
      vertex 46.5269 88.2663 2.4
      vertex 46.0341 88.4336 2.4
      vertex 45.8036 86.5201 0.5
    endloop
  endfacet
  facet normal -0.67204 -0.22815 0.704493
    outer loop
      vertex 48.8536 85.6141 2.4
      vertex 48.6863 86.1069 2.4
      vertex 46.9401 85.3836 0.5
    endloop
  endfacet
  facet normal -0.590536 -0.393691 0.704468
    outer loop
      vertex 46.666 85.8584 0.5
      vertex 48.1663 87.0078 2.4
      vertex 48.1655 87.009 2.4
    endloop
  endfacet
  facet normal -0.589994 -0.394449 0.704498
    outer loop
      vertex 48.1663 87.0078 2.4
      vertex 46.666 85.8584 0.5
      vertex 46.8187 85.63 0.5
    endloop
  endfacet
  facet normal -0.693657 -0.148641 0.704802
    outer loop
      vertex 47.0284 85.1235 0.5
      vertex 48.8544 85.6113 2.4
      vertex 48.8541 85.6127 2.4
    endloop
  endfacet
  facet normal -0.696058 -0.138488 0.704503
    outer loop
      vertex 48.8544 85.6113 2.4
      vertex 47.0284 85.1235 0.5
      vertex 47.082 84.8541 0.5
    endloop
  endfacet
  facet normal -0.668744 -0.238837 0.704087
    outer loop
      vertex 48.8536 85.6141 2.4
      vertex 47.0284 85.1235 0.5
      vertex 48.8541 85.6127 2.4
    endloop
  endfacet
  facet normal -0.67204 -0.228147 0.704493
    outer loop
      vertex 47.0284 85.1235 0.5
      vertex 48.8536 85.6141 2.4
      vertex 46.9401 85.3836 0.5
    endloop
  endfacet
  facet normal -0.708044 0.0505746 0.704355
    outer loop
      vertex 47.1 84.58 0.5
      vertex 48.99 84.5786 2.4
      vertex 48.9901 84.58 2.4
    endloop
  endfacet
  facet normal -0.708186 0.0465062 0.704493
    outer loop
      vertex 48.99 84.5786 2.4
      vertex 47.1 84.58 0.5
      vertex 47.082 84.3059 0.5
    endloop
  endfacet
  facet normal -0.0464943 0.708185 0.704494
    outer loop
      vertex 45.5208 80.6241 2.4
      vertex 45.2741 82.498 0.5
      vertex 45.0014 80.59 2.4
    endloop
  endfacet
  facet normal -0.467976 0.533564 0.704491
    outer loop
      vertex 47.429 81.4145 2.4
      vertex 47.8203 81.7577 2.4
      vertex 46.2784 82.914 0.5
    endloop
  endfacet
  facet normal -0.393691 0.590536 0.704468
    outer loop
      vertex 46.2784 82.914 0.5
      vertex 47.4278 81.4137 2.4
      vertex 47.429 81.4145 2.4
    endloop
  endfacet
  facet normal -0.394449 0.589994 0.704498
    outer loop
      vertex 47.4278 81.4137 2.4
      vertex 46.2784 82.914 0.5
      vertex 46.05 82.7613 0.5
    endloop
  endfacet
  facet normal 0.708185 0.0464943 0.704494
    outer loop
      vertex 41.0441 84.0592 2.4
      vertex 42.918 84.3059 0.5
      vertex 41.01 84.5786 2.4
    endloop
  endfacet
  facet normal 0.533564 0.467976 0.704491
    outer loop
      vertex 42.1777 81.7597 2.4
      vertex 43.334 83.3016 0.5
      vertex 41.8345 82.151 2.4
    endloop
  endfacet
  facet normal 0.636532 0.313902 0.70448
    outer loop
      vertex 41.5445 82.585 2.4
      vertex 43.1813 83.53 0.5
      vertex 41.3143 83.0518 2.4
    endloop
  endfacet
  facet normal 0.394449 0.589994 0.704498
    outer loop
      vertex 43.7216 82.914 0.5
      vertex 42.5722 81.4137 2.4
      vertex 43.95 82.7613 0.5
    endloop
  endfacet
  facet normal 0.393691 0.590536 0.704468
    outer loop
      vertex 42.5722 81.4137 2.4
      vertex 43.7216 82.914 0.5
      vertex 42.571 81.4145 2.4
    endloop
  endfacet
  facet normal 0.467976 0.533564 0.704491
    outer loop
      vertex 42.571 81.4145 2.4
      vertex 43.7216 82.914 0.5
      vertex 42.1797 81.7577 2.4
    endloop
  endfacet
  facet normal 0.0464943 0.708185 0.704494
    outer loop
      vertex 44.9986 80.59 2.4
      vertex 44.7259 82.498 0.5
      vertex 44.4792 80.6241 2.4
    endloop
  endfacet
  facet normal 0.138399 0.696085 0.704493
    outer loop
      vertex 44.4792 80.6241 2.4
      vertex 44.7259 82.498 0.5
      vertex 43.9687 80.7256 2.4
    endloop
  endfacet
  facet normal 0.708044 -0.0505746 0.704355
    outer loop
      vertex 42.9 84.58 0.5
      vertex 41.01 84.5814 2.4
      vertex 41.0099 84.58 2.4
    endloop
  endfacet
  facet normal 0.708186 -0.0465062 0.704493
    outer loop
      vertex 41.01 84.5814 2.4
      vertex 42.9 84.58 0.5
      vertex 42.918 84.8541 0.5
    endloop
  endfacet
  facet normal 0.0464943 -0.708185 0.704494
    outer loop
      vertex 44.7259 86.662 0.5
      vertex 44.9986 88.57 2.4
      vertex 44.4792 88.5359 2.4
    endloop
  endfacet
  facet normal 0.467976 -0.533564 0.704491
    outer loop
      vertex 43.7216 86.246 0.5
      vertex 42.571 87.7455 2.4
      vertex 42.1797 87.4023 2.4
    endloop
  endfacet
  facet normal 0.394449 -0.589994 0.704498
    outer loop
      vertex 42.5722 87.7463 2.4
      vertex 43.7216 86.246 0.5
      vertex 43.95 86.3987 0.5
    endloop
  endfacet
  facet normal 0.393691 -0.590536 0.704468
    outer loop
      vertex 43.7216 86.246 0.5
      vertex 42.5722 87.7463 2.4
      vertex 42.571 87.7455 2.4
    endloop
  endfacet
  facet normal -0.0505746 -0.708044 0.704355
    outer loop
      vertex 45 86.68 0.5
      vertex 45.0014 88.57 2.4
      vertex 45 88.5701 2.4
    endloop
  endfacet
  facet normal -0.0465062 -0.708186 0.704493
    outer loop
      vertex 45.0014 88.57 2.4
      vertex 45 86.68 0.5
      vertex 45.2741 86.662 0.5
    endloop
  endfacet
  facet normal -0.533564 -0.467976 0.704491
    outer loop
      vertex 48.1655 87.009 2.4
      vertex 47.8223 87.4003 2.4
      vertex 46.666 85.8584 0.5
    endloop
  endfacet
  facet normal -0.636532 -0.313902 0.70448
    outer loop
      vertex 48.6857 86.1082 2.4
      vertex 48.4555 86.575 2.4
      vertex 46.8187 85.63 0.5
    endloop
  endfacet
  facet normal -0.696085 -0.138399 0.704493
    outer loop
      vertex 48.9559 85.1008 2.4
      vertex 48.8544 85.6113 2.4
      vertex 47.082 84.8541 0.5
    endloop
  endfacet
  facet normal -0.696085 0.138399 0.704493
    outer loop
      vertex 48.8544 83.5487 2.4
      vertex 48.9559 84.0592 2.4
      vertex 47.082 84.3059 0.5
    endloop
  endfacet
  facet normal -0.636532 0.313902 0.70448
    outer loop
      vertex 48.4555 82.585 2.4
      vertex 48.6857 83.0518 2.4
      vertex 46.8187 83.53 0.5
    endloop
  endfacet
  facet normal -0.533564 0.467976 0.704491
    outer loop
      vertex 47.8223 81.7597 2.4
      vertex 48.1655 82.151 2.4
      vertex 46.666 83.3016 0.5
    endloop
  endfacet
  facet normal -0.590106 0.394313 0.70448
    outer loop
      vertex 48.1663 82.1522 2.4
      vertex 48.4555 82.585 2.4
      vertex 46.8187 83.53 0.5
    endloop
  endfacet
  facet normal -0.589994 0.394449 0.704498
    outer loop
      vertex 46.666 83.3016 0.5
      vertex 48.1663 82.1522 2.4
      vertex 46.8187 83.53 0.5
    endloop
  endfacet
  facet normal -0.590536 0.393691 0.704468
    outer loop
      vertex 48.1663 82.1522 2.4
      vertex 46.666 83.3016 0.5
      vertex 48.1655 82.151 2.4
    endloop
  endfacet
  facet normal -0.31366 0.636621 0.704507
    outer loop
      vertex 45.8036 82.6399 0.5
      vertex 46.5282 80.8943 2.4
      vertex 46.05 82.7613 0.5
    endloop
  endfacet
  facet normal -0.29721 0.643956 0.704973
    outer loop
      vertex 46.5282 80.8943 2.4
      vertex 45.8036 82.6399 0.5
      vertex 46.5269 80.8937 2.4
    endloop
  endfacet
  facet normal -0.22815 0.67204 0.704493
    outer loop
      vertex 46.0341 80.7264 2.4
      vertex 46.5269 80.8937 2.4
      vertex 45.8036 82.6399 0.5
    endloop
  endfacet
  facet normal -0.394313 0.590106 0.70448
    outer loop
      vertex 46.995 81.1245 2.4
      vertex 47.4278 81.4137 2.4
      vertex 46.05 82.7613 0.5
    endloop
  endfacet
  facet normal -0.450045 0.550055 0.703491
    outer loop
      vertex 46.4849 83.0951 0.5
      vertex 47.8203 81.7577 2.4
      vertex 47.8214 81.7586 2.4
    endloop
  endfacet
  facet normal -0.467955 0.533587 0.704488
    outer loop
      vertex 47.8203 81.7577 2.4
      vertex 46.4849 83.0951 0.5
      vertex 46.2784 82.914 0.5
    endloop
  endfacet
  facet normal 0.696085 0.138399 0.704493
    outer loop
      vertex 41.1456 83.5487 2.4
      vertex 42.918 84.3059 0.5
      vertex 41.0441 84.0592 2.4
    endloop
  endfacet
  facet normal 0.636621 0.31366 0.704507
    outer loop
      vertex 43.0599 83.7764 0.5
      vertex 41.3143 83.0518 2.4
      vertex 43.1813 83.53 0.5
    endloop
  endfacet
  facet normal 0.643956 0.29721 0.704973
    outer loop
      vertex 41.3143 83.0518 2.4
      vertex 43.0599 83.7764 0.5
      vertex 41.3137 83.0531 2.4
    endloop
  endfacet
  facet normal 0.533587 0.467955 0.704488
    outer loop
      vertex 42.1777 81.7597 2.4
      vertex 43.5151 83.0951 0.5
      vertex 43.334 83.3016 0.5
    endloop
  endfacet
  facet normal 0.550055 0.450045 0.703491
    outer loop
      vertex 43.5151 83.0951 0.5
      vertex 42.1777 81.7597 2.4
      vertex 42.1786 81.7586 2.4
    endloop
  endfacet
  facet normal 0.590106 0.394313 0.70448
    outer loop
      vertex 41.8337 82.1522 2.4
      vertex 43.1813 83.53 0.5
      vertex 41.5445 82.585 2.4
    endloop
  endfacet
  facet normal 0.31366 0.636621 0.704507
    outer loop
      vertex 43.4718 80.8943 2.4
      vertex 44.1964 82.6399 0.5
      vertex 43.95 82.7613 0.5
    endloop
  endfacet
  facet normal 0.29721 0.643956 0.704973
    outer loop
      vertex 44.1964 82.6399 0.5
      vertex 43.4718 80.8943 2.4
      vertex 43.4731 80.8937 2.4
    endloop
  endfacet
  facet normal 0.138488 0.696058 0.704503
    outer loop
      vertex 44.4565 82.5516 0.5
      vertex 43.9687 80.7256 2.4
      vertex 44.7259 82.498 0.5
    endloop
  endfacet
  facet normal 0.148641 0.693657 0.704802
    outer loop
      vertex 43.9687 80.7256 2.4
      vertex 44.4565 82.5516 0.5
      vertex 43.9673 80.7259 2.4
    endloop
  endfacet
  facet normal 0 0.70897 0.705239
    outer loop
      vertex 45 82.48 0.5
      vertex 44.9986 80.59 2.4
      vertex 45 80.59 2.4
    endloop
  endfacet
  facet normal 0.0465062 0.708186 0.704493
    outer loop
      vertex 44.9986 80.59 2.4
      vertex 45 82.48 0.5
      vertex 44.7259 82.498 0.5
    endloop
  endfacet
  facet normal 0.696085 -0.138399 0.704493
    outer loop
      vertex 42.918 84.8541 0.5
      vertex 41.1456 85.6113 2.4
      vertex 41.0441 85.1008 2.4
    endloop
  endfacet
  facet normal 0.636532 -0.313902 0.70448
    outer loop
      vertex 43.1813 85.63 0.5
      vertex 41.5445 86.575 2.4
      vertex 41.3143 86.1082 2.4
    endloop
  endfacet
  facet normal 0.533564 -0.467976 0.704491
    outer loop
      vertex 43.334 85.8584 0.5
      vertex 42.1777 87.4003 2.4
      vertex 41.8345 87.009 2.4
    endloop
  endfacet
  facet normal 0.590106 -0.394313 0.70448
    outer loop
      vertex 43.1813 85.63 0.5
      vertex 41.8337 87.0078 2.4
      vertex 41.5445 86.575 2.4
    endloop
  endfacet
  facet normal 0.590536 -0.393691 0.704468
    outer loop
      vertex 41.8337 87.0078 2.4
      vertex 43.334 85.8584 0.5
      vertex 41.8345 87.009 2.4
    endloop
  endfacet
  facet normal 0.589994 -0.394449 0.704498
    outer loop
      vertex 43.334 85.8584 0.5
      vertex 41.8337 87.0078 2.4
      vertex 43.1813 85.63 0.5
    endloop
  endfacet
  facet normal 0.29721 -0.643956 0.704973
    outer loop
      vertex 43.4718 88.2657 2.4
      vertex 44.1964 86.5201 0.5
      vertex 43.4731 88.2663 2.4
    endloop
  endfacet
  facet normal 0.31366 -0.636621 0.704507
    outer loop
      vertex 44.1964 86.5201 0.5
      vertex 43.4718 88.2657 2.4
      vertex 43.95 86.3987 0.5
    endloop
  endfacet
  facet normal 0.22815 -0.67204 0.704493
    outer loop
      vertex 44.1964 86.5201 0.5
      vertex 43.9659 88.4336 2.4
      vertex 43.4731 88.2663 2.4
    endloop
  endfacet
  facet normal 0.394313 -0.590106 0.70448
    outer loop
      vertex 43.95 86.3987 0.5
      vertex 43.005 88.0355 2.4
      vertex 42.5722 87.7463 2.4
    endloop
  endfacet
  facet normal 0.467955 -0.533587 0.704488
    outer loop
      vertex 42.1797 87.4023 2.4
      vertex 43.5151 86.0649 0.5
      vertex 43.7216 86.246 0.5
    endloop
  endfacet
  facet normal 0.450045 -0.550055 0.703491
    outer loop
      vertex 43.5151 86.0649 0.5
      vertex 42.1797 87.4023 2.4
      vertex 42.1786 87.4014 2.4
    endloop
  endfacet
  facet normal -0.313902 -0.636532 0.70448
    outer loop
      vertex 46.995 88.0355 2.4
      vertex 46.5282 88.2657 2.4
      vertex 46.05 86.3987 0.5
    endloop
  endfacet
  facet normal -0.467976 -0.533564 0.704491
    outer loop
      vertex 47.8203 87.4023 2.4
      vertex 47.429 87.7455 2.4
      vertex 46.2784 86.246 0.5
    endloop
  endfacet
  facet normal -0.394313 -0.590106 0.70448
    outer loop
      vertex 47.4278 87.7463 2.4
      vertex 46.995 88.0355 2.4
      vertex 46.05 86.3987 0.5
    endloop
  endfacet
  facet normal -0.393691 -0.590536 0.704468
    outer loop
      vertex 47.4278 87.7463 2.4
      vertex 46.2784 86.246 0.5
      vertex 47.429 87.7455 2.4
    endloop
  endfacet
  facet normal -0.394449 -0.589994 0.704498
    outer loop
      vertex 46.2784 86.246 0.5
      vertex 47.4278 87.7463 2.4
      vertex 46.05 86.3987 0.5
    endloop
  endfacet
  facet normal -0.138399 -0.696085 0.704493
    outer loop
      vertex 46.0313 88.4344 2.4
      vertex 45.5208 88.5359 2.4
      vertex 45.2741 86.662 0.5
    endloop
  endfacet
  facet normal -0.643956 -0.29721 0.704973
    outer loop
      vertex 48.6857 86.1082 2.4
      vertex 46.9401 85.3836 0.5
      vertex 48.6863 86.1069 2.4
    endloop
  endfacet
  facet normal -0.636621 -0.31366 0.704507
    outer loop
      vertex 46.9401 85.3836 0.5
      vertex 48.6857 86.1082 2.4
      vertex 46.8187 85.63 0.5
    endloop
  endfacet
  facet normal -0.550055 -0.450045 0.703491
    outer loop
      vertex 46.4849 86.0649 0.5
      vertex 47.8223 87.4003 2.4
      vertex 47.8214 87.4014 2.4
    endloop
  endfacet
  facet normal -0.533587 -0.467955 0.704488
    outer loop
      vertex 47.8223 87.4003 2.4
      vertex 46.4849 86.0649 0.5
      vertex 46.666 85.8584 0.5
    endloop
  endfacet
  facet normal -0.590106 -0.394313 0.70448
    outer loop
      vertex 48.4555 86.575 2.4
      vertex 48.1663 87.0078 2.4
      vertex 46.8187 85.63 0.5
    endloop
  endfacet
  facet normal -0.696058 0.138488 0.704503
    outer loop
      vertex 47.0284 84.0365 0.5
      vertex 48.8544 83.5487 2.4
      vertex 47.082 84.3059 0.5
    endloop
  endfacet
  facet normal -0.693657 0.148641 0.704802
    outer loop
      vertex 48.8544 83.5487 2.4
      vertex 47.0284 84.0365 0.5
      vertex 48.8541 83.5473 2.4
    endloop
  endfacet
  facet normal -0.668744 0.238837 0.704087
    outer loop
      vertex 47.0284 84.0365 0.5
      vertex 48.8536 83.5459 2.4
      vertex 48.8541 83.5473 2.4
    endloop
  endfacet
  facet normal -0.67204 0.228147 0.704493
    outer loop
      vertex 48.8536 83.5459 2.4
      vertex 47.0284 84.0365 0.5
      vertex 46.9401 83.7764 0.5
    endloop
  endfacet
  facet normal -0.643956 0.29721 0.704973
    outer loop
      vertex 46.9401 83.7764 0.5
      vertex 48.6857 83.0518 2.4
      vertex 48.6863 83.0531 2.4
    endloop
  endfacet
  facet normal -0.636621 0.31366 0.704507
    outer loop
      vertex 48.6857 83.0518 2.4
      vertex 46.9401 83.7764 0.5
      vertex 46.8187 83.53 0.5
    endloop
  endfacet
  facet normal -0.228147 0.67204 0.704493
    outer loop
      vertex 45.5435 82.5516 0.5
      vertex 46.0341 80.7264 2.4
      vertex 45.8036 82.6399 0.5
    endloop
  endfacet
  facet normal -0.238837 0.668744 0.704087
    outer loop
      vertex 46.0341 80.7264 2.4
      vertex 45.5435 82.5516 0.5
      vertex 46.0327 80.7259 2.4
    endloop
  endfacet
  facet normal -0.148641 0.693657 0.704802
    outer loop
      vertex 45.5435 82.5516 0.5
      vertex 46.0313 80.7256 2.4
      vertex 46.0327 80.7259 2.4
    endloop
  endfacet
  facet normal -0.138488 0.696058 0.704503
    outer loop
      vertex 46.0313 80.7256 2.4
      vertex 45.5435 82.5516 0.5
      vertex 45.2741 82.498 0.5
    endloop
  endfacet
  facet normal 0.67204 0.228147 0.704493
    outer loop
      vertex 42.9716 84.0365 0.5
      vertex 41.1464 83.5459 2.4
      vertex 43.0599 83.7764 0.5
    endloop
  endfacet
  facet normal 0.668744 0.238837 0.704087
    outer loop
      vertex 41.1464 83.5459 2.4
      vertex 42.9716 84.0365 0.5
      vertex 41.1459 83.5473 2.4
    endloop
  endfacet
  facet normal 0.696058 0.138488 0.704503
    outer loop
      vertex 41.1456 83.5487 2.4
      vertex 42.9716 84.0365 0.5
      vertex 42.918 84.3059 0.5
    endloop
  endfacet
  facet normal 0.693657 0.148641 0.704802
    outer loop
      vertex 42.9716 84.0365 0.5
      vertex 41.1456 83.5487 2.4
      vertex 41.1459 83.5473 2.4
    endloop
  endfacet
  facet normal 0.394313 0.590106 0.70448
    outer loop
      vertex 43.005 81.1245 2.4
      vertex 43.95 82.7613 0.5
      vertex 42.5722 81.4137 2.4
    endloop
  endfacet
  facet normal 0.313902 0.636532 0.70448
    outer loop
      vertex 43.4718 80.8943 2.4
      vertex 43.95 82.7613 0.5
      vertex 43.005 81.1245 2.4
    endloop
  endfacet
  facet normal 0.228147 0.67204 0.704493
    outer loop
      vertex 43.9659 80.7264 2.4
      vertex 44.4565 82.5516 0.5
      vertex 44.1964 82.6399 0.5
    endloop
  endfacet
  facet normal 0.238837 0.668744 0.704087
    outer loop
      vertex 44.4565 82.5516 0.5
      vertex 43.9659 80.7264 2.4
      vertex 43.9673 80.7259 2.4
    endloop
  endfacet
  facet normal 0.22815 0.67204 0.704493
    outer loop
      vertex 43.9659 80.7264 2.4
      vertex 44.1964 82.6399 0.5
      vertex 43.4731 80.8937 2.4
    endloop
  endfacet
  facet normal 0.693657 -0.148641 0.704802
    outer loop
      vertex 41.1456 85.6113 2.4
      vertex 42.9716 85.1235 0.5
      vertex 41.1459 85.6127 2.4
    endloop
  endfacet
  facet normal 0.696058 -0.138488 0.704503
    outer loop
      vertex 42.9716 85.1235 0.5
      vertex 41.1456 85.6113 2.4
      vertex 42.918 84.8541 0.5
    endloop
  endfacet
  facet normal 0.67204 -0.228147 0.704493
    outer loop
      vertex 41.1464 85.6141 2.4
      vertex 42.9716 85.1235 0.5
      vertex 43.0599 85.3836 0.5
    endloop
  endfacet
  facet normal 0.668744 -0.238837 0.704087
    outer loop
      vertex 42.9716 85.1235 0.5
      vertex 41.1464 85.6141 2.4
      vertex 41.1459 85.6127 2.4
    endloop
  endfacet
  facet normal 0.636621 -0.31366 0.704507
    outer loop
      vertex 41.3143 86.1082 2.4
      vertex 43.0599 85.3836 0.5
      vertex 43.1813 85.63 0.5
    endloop
  endfacet
  facet normal 0.643956 -0.29721 0.704973
    outer loop
      vertex 43.0599 85.3836 0.5
      vertex 41.3143 86.1082 2.4
      vertex 41.3137 86.1069 2.4
    endloop
  endfacet
  facet normal 0.238837 -0.668744 0.704087
    outer loop
      vertex 43.9659 88.4336 2.4
      vertex 44.4565 86.6084 0.5
      vertex 43.9673 88.4341 2.4
    endloop
  endfacet
  facet normal 0.228147 -0.67204 0.704493
    outer loop
      vertex 44.4565 86.6084 0.5
      vertex 43.9659 88.4336 2.4
      vertex 44.1964 86.5201 0.5
    endloop
  endfacet
  facet normal 0.138488 -0.696058 0.704503
    outer loop
      vertex 43.9687 88.4344 2.4
      vertex 44.4565 86.6084 0.5
      vertex 44.7259 86.662 0.5
    endloop
  endfacet
  facet normal 0.148641 -0.693657 0.704802
    outer loop
      vertex 44.4565 86.6084 0.5
      vertex 43.9687 88.4344 2.4
      vertex 43.9673 88.4341 2.4
    endloop
  endfacet
  facet normal -0.29721 -0.643956 0.704973
    outer loop
      vertex 45.8036 86.5201 0.5
      vertex 46.5282 88.2657 2.4
      vertex 46.5269 88.2663 2.4
    endloop
  endfacet
  facet normal -0.31366 -0.636621 0.704507
    outer loop
      vertex 46.5282 88.2657 2.4
      vertex 45.8036 86.5201 0.5
      vertex 46.05 86.3987 0.5
    endloop
  endfacet
  facet normal -0.148641 -0.693657 0.704802
    outer loop
      vertex 46.0313 88.4344 2.4
      vertex 45.5435 86.6084 0.5
      vertex 46.0327 88.4341 2.4
    endloop
  endfacet
  facet normal -0.138488 -0.696058 0.704503
    outer loop
      vertex 45.5435 86.6084 0.5
      vertex 46.0313 88.4344 2.4
      vertex 45.2741 86.662 0.5
    endloop
  endfacet
  facet normal -0.238837 -0.668744 0.704087
    outer loop
      vertex 45.5435 86.6084 0.5
      vertex 46.0341 88.4336 2.4
      vertex 46.0327 88.4341 2.4
    endloop
  endfacet
  facet normal -0.228147 -0.67204 0.704493
    outer loop
      vertex 46.0341 88.4336 2.4
      vertex 45.5435 86.6084 0.5
      vertex 45.8036 86.5201 0.5
    endloop
  endfacet
  facet normal -0.997849 -0.0655521 0
    outer loop
      vertex 47.1 162 0
      vertex 47.082 162.274 0.5
      vertex 47.082 162.274 0
    endloop
  endfacet
  facet normal -0.997849 -0.0655521 0
    outer loop
      vertex 47.082 162.274 0.5
      vertex 47.1 162 0
      vertex 47.1 162 0.5
    endloop
  endfacet
  facet normal 0.997849 -0.0655521 0
    outer loop
      vertex 42.9 162 0.5
      vertex 42.918 162.274 0
      vertex 42.918 162.274 0.5
    endloop
  endfacet
  facet normal 0.997849 -0.0655521 0
    outer loop
      vertex 42.918 162.274 0
      vertex 42.9 162 0.5
      vertex 42.9 162 0
    endloop
  endfacet
  facet normal 0.0655283 -0.997851 0
    outer loop
      vertex 44.7259 164.082 0
      vertex 45 164.1 0.5
      vertex 44.7259 164.082 0.5
    endloop
  endfacet
  facet normal 0.0655283 -0.997851 0
    outer loop
      vertex 45 164.1 0.5
      vertex 44.7259 164.082 0
      vertex 45 164.1 0
    endloop
  endfacet
  facet normal -0.0655283 0.997851 0
    outer loop
      vertex 45.2741 159.918 0
      vertex 45 159.9 0.5
      vertex 45.2741 159.918 0.5
    endloop
  endfacet
  facet normal -0.0655283 0.997851 0
    outer loop
      vertex 45 159.9 0.5
      vertex 45.2741 159.918 0
      vertex 45 159.9 0
    endloop
  endfacet
  facet normal -0.659149 -0.752012 0
    outer loop
      vertex 46.2784 163.666 0
      vertex 46.4849 163.485 0.5
      vertex 46.2784 163.666 0.5
    endloop
  endfacet
  facet normal -0.659149 -0.752012 -0
    outer loop
      vertex 46.4849 163.485 0.5
      vertex 46.2784 163.666 0
      vertex 46.4849 163.485 0
    endloop
  endfacet
  facet normal 0.752622 -0.658453 0
    outer loop
      vertex 43.334 163.278 0.5
      vertex 43.5151 163.485 0
      vertex 43.5151 163.485 0.5
    endloop
  endfacet
  facet normal 0.752622 -0.658453 0
    outer loop
      vertex 43.5151 163.485 0
      vertex 43.334 163.278 0.5
      vertex 43.334 163.278 0
    endloop
  endfacet
  facet normal 0.440791 -0.89761 0
    outer loop
      vertex 43.95 163.819 0
      vertex 44.1964 163.94 0.5
      vertex 43.95 163.819 0.5
    endloop
  endfacet
  facet normal 0.440791 -0.89761 0
    outer loop
      vertex 44.1964 163.94 0.5
      vertex 43.95 163.819 0
      vertex 44.1964 163.94 0
    endloop
  endfacet
  facet normal -0.830871 0.556465 0
    outer loop
      vertex 46.666 160.722 0
      vertex 46.8187 160.95 0.5
      vertex 46.8187 160.95 0
    endloop
  endfacet
  facet normal -0.830871 0.556465 0
    outer loop
      vertex 46.8187 160.95 0.5
      vertex 46.666 160.722 0
      vertex 46.666 160.722 0.5
    endloop
  endfacet
  facet normal -0.896748 -0.442542 0
    outer loop
      vertex 46.9401 162.804 0
      vertex 46.8187 163.05 0.5
      vertex 46.8187 163.05 0
    endloop
  endfacet
  facet normal -0.896748 -0.442542 0
    outer loop
      vertex 46.8187 163.05 0.5
      vertex 46.9401 162.804 0
      vertex 46.9401 162.804 0.5
    endloop
  endfacet
  facet normal -0.830871 -0.556465 0
    outer loop
      vertex 46.8187 163.05 0
      vertex 46.666 163.278 0.5
      vertex 46.666 163.278 0
    endloop
  endfacet
  facet normal -0.830871 -0.556465 0
    outer loop
      vertex 46.666 163.278 0.5
      vertex 46.8187 163.05 0
      vertex 46.8187 163.05 0.5
    endloop
  endfacet
  facet normal -0.320486 -0.947253 0
    outer loop
      vertex 45.5435 164.028 0
      vertex 45.8036 163.94 0.5
      vertex 45.5435 164.028 0.5
    endloop
  endfacet
  facet normal -0.320486 -0.947253 -0
    outer loop
      vertex 45.8036 163.94 0.5
      vertex 45.5435 164.028 0
      vertex 45.8036 163.94 0
    endloop
  endfacet
  facet normal -0.196536 -0.980497 0
    outer loop
      vertex 45.2741 164.082 0
      vertex 45.5435 164.028 0.5
      vertex 45.2741 164.082 0.5
    endloop
  endfacet
  facet normal -0.196536 -0.980497 -0
    outer loop
      vertex 45.5435 164.028 0.5
      vertex 45.2741 164.082 0
      vertex 45.5435 164.028 0
    endloop
  endfacet
  facet normal -0.556546 -0.830817 0
    outer loop
      vertex 46.05 163.819 0
      vertex 46.2784 163.666 0.5
      vertex 46.05 163.819 0.5
    endloop
  endfacet
  facet normal -0.556546 -0.830817 -0
    outer loop
      vertex 46.2784 163.666 0.5
      vertex 46.05 163.819 0
      vertex 46.2784 163.666 0
    endloop
  endfacet
  facet normal 0.896748 -0.442542 0
    outer loop
      vertex 43.0599 162.804 0.5
      vertex 43.1813 163.05 0
      vertex 43.1813 163.05 0.5
    endloop
  endfacet
  facet normal 0.896748 -0.442542 0
    outer loop
      vertex 43.1813 163.05 0
      vertex 43.0599 162.804 0.5
      vertex 43.0599 162.804 0
    endloop
  endfacet
  facet normal 0.830871 -0.556465 0
    outer loop
      vertex 43.1813 163.05 0.5
      vertex 43.334 163.278 0
      vertex 43.334 163.278 0.5
    endloop
  endfacet
  facet normal 0.830871 -0.556465 0
    outer loop
      vertex 43.334 163.278 0
      vertex 43.1813 163.05 0.5
      vertex 43.1813 163.05 0
    endloop
  endfacet
  facet normal 0.556546 -0.830817 0
    outer loop
      vertex 43.7216 163.666 0
      vertex 43.95 163.819 0.5
      vertex 43.7216 163.666 0.5
    endloop
  endfacet
  facet normal 0.556546 -0.830817 0
    outer loop
      vertex 43.95 163.819 0.5
      vertex 43.7216 163.666 0
      vertex 43.95 163.819 0
    endloop
  endfacet
  facet normal 0.320486 -0.947253 0
    outer loop
      vertex 44.1964 163.94 0
      vertex 44.4565 164.028 0.5
      vertex 44.1964 163.94 0.5
    endloop
  endfacet
  facet normal 0.320486 -0.947253 0
    outer loop
      vertex 44.4565 164.028 0.5
      vertex 44.1964 163.94 0
      vertex 44.4565 164.028 0
    endloop
  endfacet
  facet normal -0.196536 0.980497 0
    outer loop
      vertex 45.5435 159.972 0
      vertex 45.2741 159.918 0.5
      vertex 45.5435 159.972 0.5
    endloop
  endfacet
  facet normal -0.196536 0.980497 0
    outer loop
      vertex 45.2741 159.918 0.5
      vertex 45.5435 159.972 0
      vertex 45.2741 159.918 0
    endloop
  endfacet
  facet normal -0.946884 -0.321576 0
    outer loop
      vertex 47.0284 162.544 0
      vertex 46.9401 162.804 0.5
      vertex 46.9401 162.804 0
    endloop
  endfacet
  facet normal -0.946884 -0.321576 0
    outer loop
      vertex 46.9401 162.804 0.5
      vertex 47.0284 162.544 0
      vertex 47.0284 162.544 0.5
    endloop
  endfacet
  facet normal -0.980859 -0.194719 0
    outer loop
      vertex 47.082 162.274 0
      vertex 47.0284 162.544 0.5
      vertex 47.0284 162.544 0
    endloop
  endfacet
  facet normal -0.980859 -0.194719 0
    outer loop
      vertex 47.0284 162.544 0.5
      vertex 47.082 162.274 0
      vertex 47.082 162.274 0.5
    endloop
  endfacet
  facet normal -0.752622 -0.658453 0
    outer loop
      vertex 46.666 163.278 0
      vertex 46.4849 163.485 0.5
      vertex 46.4849 163.485 0
    endloop
  endfacet
  facet normal -0.752622 -0.658453 0
    outer loop
      vertex 46.4849 163.485 0.5
      vertex 46.666 163.278 0
      vertex 46.666 163.278 0.5
    endloop
  endfacet
  facet normal -0.0655283 -0.997851 0
    outer loop
      vertex 45 164.1 0
      vertex 45.2741 164.082 0.5
      vertex 45 164.1 0.5
    endloop
  endfacet
  facet normal -0.0655283 -0.997851 -0
    outer loop
      vertex 45.2741 164.082 0.5
      vertex 45 164.1 0
      vertex 45.2741 164.082 0
    endloop
  endfacet
  facet normal 0.946884 -0.321576 0
    outer loop
      vertex 42.9716 162.544 0.5
      vertex 43.0599 162.804 0
      vertex 43.0599 162.804 0.5
    endloop
  endfacet
  facet normal 0.946884 -0.321576 0
    outer loop
      vertex 43.0599 162.804 0
      vertex 42.9716 162.544 0.5
      vertex 42.9716 162.544 0
    endloop
  endfacet
  facet normal 0.980859 -0.194719 0
    outer loop
      vertex 42.918 162.274 0.5
      vertex 42.9716 162.544 0
      vertex 42.9716 162.544 0.5
    endloop
  endfacet
  facet normal 0.980859 -0.194719 0
    outer loop
      vertex 42.9716 162.544 0
      vertex 42.918 162.274 0.5
      vertex 42.918 162.274 0
    endloop
  endfacet
  facet normal 0.196536 -0.980497 0
    outer loop
      vertex 44.4565 164.028 0
      vertex 44.7259 164.082 0.5
      vertex 44.4565 164.028 0.5
    endloop
  endfacet
  facet normal 0.196536 -0.980497 0
    outer loop
      vertex 44.7259 164.082 0.5
      vertex 44.4565 164.028 0
      vertex 44.7259 164.082 0
    endloop
  endfacet
  facet normal -0.997849 0.0655521 0
    outer loop
      vertex 47.082 161.726 0
      vertex 47.1 162 0.5
      vertex 47.1 162 0
    endloop
  endfacet
  facet normal -0.997849 0.0655521 0
    outer loop
      vertex 47.1 162 0.5
      vertex 47.082 161.726 0
      vertex 47.082 161.726 0.5
    endloop
  endfacet
  facet normal -0.980859 0.194719 0
    outer loop
      vertex 47.0284 161.456 0
      vertex 47.082 161.726 0.5
      vertex 47.082 161.726 0
    endloop
  endfacet
  facet normal -0.980859 0.194719 0
    outer loop
      vertex 47.082 161.726 0.5
      vertex 47.0284 161.456 0
      vertex 47.0284 161.456 0.5
    endloop
  endfacet
  facet normal -0.752622 0.658453 0
    outer loop
      vertex 46.4849 160.515 0
      vertex 46.666 160.722 0.5
      vertex 46.666 160.722 0
    endloop
  endfacet
  facet normal -0.752622 0.658453 0
    outer loop
      vertex 46.666 160.722 0.5
      vertex 46.4849 160.515 0
      vertex 46.4849 160.515 0.5
    endloop
  endfacet
  facet normal 0.830871 0.556465 0
    outer loop
      vertex 43.334 160.722 0.5
      vertex 43.1813 160.95 0
      vertex 43.1813 160.95 0.5
    endloop
  endfacet
  facet normal 0.830871 0.556465 0
    outer loop
      vertex 43.1813 160.95 0
      vertex 43.334 160.722 0.5
      vertex 43.334 160.722 0
    endloop
  endfacet
  facet normal 0.896748 0.442542 0
    outer loop
      vertex 43.1813 160.95 0.5
      vertex 43.0599 161.196 0
      vertex 43.0599 161.196 0.5
    endloop
  endfacet
  facet normal 0.896748 0.442542 0
    outer loop
      vertex 43.0599 161.196 0
      vertex 43.1813 160.95 0.5
      vertex 43.1813 160.95 0
    endloop
  endfacet
  facet normal -0.440791 0.89761 0
    outer loop
      vertex 46.05 160.181 0
      vertex 45.8036 160.06 0.5
      vertex 46.05 160.181 0.5
    endloop
  endfacet
  facet normal -0.440791 0.89761 0
    outer loop
      vertex 45.8036 160.06 0.5
      vertex 46.05 160.181 0
      vertex 45.8036 160.06 0
    endloop
  endfacet
  facet normal -0.440791 -0.89761 0
    outer loop
      vertex 45.8036 163.94 0
      vertex 46.05 163.819 0.5
      vertex 45.8036 163.94 0.5
    endloop
  endfacet
  facet normal -0.440791 -0.89761 -0
    outer loop
      vertex 46.05 163.819 0.5
      vertex 45.8036 163.94 0
      vertex 46.05 163.819 0
    endloop
  endfacet
  facet normal 0.659149 -0.752012 0
    outer loop
      vertex 43.5151 163.485 0
      vertex 43.7216 163.666 0.5
      vertex 43.5151 163.485 0.5
    endloop
  endfacet
  facet normal 0.659149 -0.752012 0
    outer loop
      vertex 43.7216 163.666 0.5
      vertex 43.5151 163.485 0
      vertex 43.7216 163.666 0
    endloop
  endfacet
  facet normal -0.556546 0.830817 0
    outer loop
      vertex 46.2784 160.334 0
      vertex 46.05 160.181 0.5
      vertex 46.2784 160.334 0.5
    endloop
  endfacet
  facet normal -0.556546 0.830817 0
    outer loop
      vertex 46.05 160.181 0.5
      vertex 46.2784 160.334 0
      vertex 46.05 160.181 0
    endloop
  endfacet
  facet normal -0.659149 0.752012 0
    outer loop
      vertex 46.4849 160.515 0
      vertex 46.2784 160.334 0.5
      vertex 46.4849 160.515 0.5
    endloop
  endfacet
  facet normal -0.659149 0.752012 0
    outer loop
      vertex 46.2784 160.334 0.5
      vertex 46.4849 160.515 0
      vertex 46.2784 160.334 0
    endloop
  endfacet
  facet normal 0.752622 0.658453 0
    outer loop
      vertex 43.5151 160.515 0.5
      vertex 43.334 160.722 0
      vertex 43.334 160.722 0.5
    endloop
  endfacet
  facet normal 0.752622 0.658453 0
    outer loop
      vertex 43.334 160.722 0
      vertex 43.5151 160.515 0.5
      vertex 43.5151 160.515 0
    endloop
  endfacet
  facet normal -0.320486 0.947253 0
    outer loop
      vertex 45.8036 160.06 0
      vertex 45.5435 159.972 0.5
      vertex 45.8036 160.06 0.5
    endloop
  endfacet
  facet normal -0.320486 0.947253 0
    outer loop
      vertex 45.5435 159.972 0.5
      vertex 45.8036 160.06 0
      vertex 45.5435 159.972 0
    endloop
  endfacet
  facet normal -0.946884 0.321576 0
    outer loop
      vertex 46.9401 161.196 0
      vertex 47.0284 161.456 0.5
      vertex 47.0284 161.456 0
    endloop
  endfacet
  facet normal -0.946884 0.321576 0
    outer loop
      vertex 47.0284 161.456 0.5
      vertex 46.9401 161.196 0
      vertex 46.9401 161.196 0.5
    endloop
  endfacet
  facet normal -0.896748 0.442542 0
    outer loop
      vertex 46.8187 160.95 0
      vertex 46.9401 161.196 0.5
      vertex 46.9401 161.196 0
    endloop
  endfacet
  facet normal -0.896748 0.442542 0
    outer loop
      vertex 46.9401 161.196 0.5
      vertex 46.8187 160.95 0
      vertex 46.8187 160.95 0.5
    endloop
  endfacet
  facet normal 0.440791 0.89761 -0
    outer loop
      vertex 44.1964 160.06 0
      vertex 43.95 160.181 0.5
      vertex 44.1964 160.06 0.5
    endloop
  endfacet
  facet normal 0.440791 0.89761 0
    outer loop
      vertex 43.95 160.181 0.5
      vertex 44.1964 160.06 0
      vertex 43.95 160.181 0
    endloop
  endfacet
  facet normal 0.196536 0.980497 -0
    outer loop
      vertex 44.7259 159.918 0
      vertex 44.4565 159.972 0.5
      vertex 44.7259 159.918 0.5
    endloop
  endfacet
  facet normal 0.196536 0.980497 0
    outer loop
      vertex 44.4565 159.972 0.5
      vertex 44.7259 159.918 0
      vertex 44.4565 159.972 0
    endloop
  endfacet
  facet normal 0.659149 0.752012 -0
    outer loop
      vertex 43.7216 160.334 0
      vertex 43.5151 160.515 0.5
      vertex 43.7216 160.334 0.5
    endloop
  endfacet
  facet normal 0.659149 0.752012 0
    outer loop
      vertex 43.5151 160.515 0.5
      vertex 43.7216 160.334 0
      vertex 43.5151 160.515 0
    endloop
  endfacet
  facet normal 0.946884 0.321576 0
    outer loop
      vertex 43.0599 161.196 0.5
      vertex 42.9716 161.456 0
      vertex 42.9716 161.456 0.5
    endloop
  endfacet
  facet normal 0.946884 0.321576 0
    outer loop
      vertex 42.9716 161.456 0
      vertex 43.0599 161.196 0.5
      vertex 43.0599 161.196 0
    endloop
  endfacet
  facet normal 0.980859 0.194719 0
    outer loop
      vertex 42.9716 161.456 0.5
      vertex 42.918 161.726 0
      vertex 42.918 161.726 0.5
    endloop
  endfacet
  facet normal 0.980859 0.194719 0
    outer loop
      vertex 42.918 161.726 0
      vertex 42.9716 161.456 0.5
      vertex 42.9716 161.456 0
    endloop
  endfacet
  facet normal 0.997849 0.0655521 0
    outer loop
      vertex 42.918 161.726 0.5
      vertex 42.9 162 0
      vertex 42.9 162 0.5
    endloop
  endfacet
  facet normal 0.997849 0.0655521 0
    outer loop
      vertex 42.9 162 0
      vertex 42.918 161.726 0.5
      vertex 42.918 161.726 0
    endloop
  endfacet
  facet normal 0.556546 0.830817 -0
    outer loop
      vertex 43.95 160.181 0
      vertex 43.7216 160.334 0.5
      vertex 43.95 160.181 0.5
    endloop
  endfacet
  facet normal 0.556546 0.830817 0
    outer loop
      vertex 43.7216 160.334 0.5
      vertex 43.95 160.181 0
      vertex 43.7216 160.334 0
    endloop
  endfacet
  facet normal 0.0655283 0.997851 -0
    outer loop
      vertex 45 159.9 0
      vertex 44.7259 159.918 0.5
      vertex 45 159.9 0.5
    endloop
  endfacet
  facet normal 0.0655283 0.997851 0
    outer loop
      vertex 44.7259 159.918 0.5
      vertex 45 159.9 0
      vertex 44.7259 159.918 0
    endloop
  endfacet
  facet normal 0.320486 0.947253 -0
    outer loop
      vertex 44.4565 159.972 0
      vertex 44.1964 160.06 0.5
      vertex 44.4565 159.972 0.5
    endloop
  endfacet
  facet normal 0.320486 0.947253 0
    outer loop
      vertex 44.1964 160.06 0.5
      vertex 44.4565 159.972 0
      vertex 44.1964 160.06 0
    endloop
  endfacet
  facet normal -0.70819 -0.0465234 0.704487
    outer loop
      vertex 47.1 162 0.5
      vertex 48.99 162.001 2.4
      vertex 47.082 162.274 0.5
    endloop
  endfacet
  facet normal -0.707176 -0.0707176 0.703492
    outer loop
      vertex 48.99 162.001 2.4
      vertex 47.1 162 0.5
      vertex 48.9901 162 2.4
    endloop
  endfacet
  facet normal 0.707176 0.0707176 0.703492
    outer loop
      vertex 41.01 161.999 2.4
      vertex 42.9 162 0.5
      vertex 41.0099 162 2.4
    endloop
  endfacet
  facet normal 0.70819 0.0465234 0.704487
    outer loop
      vertex 42.9 162 0.5
      vertex 41.01 161.999 2.4
      vertex 42.918 161.726 0.5
    endloop
  endfacet
  facet normal 0.0465062 -0.708186 0.704493
    outer loop
      vertex 45 164.1 0.5
      vertex 44.9986 165.99 2.4
      vertex 44.7259 164.082 0.5
    endloop
  endfacet
  facet normal 0 -0.70897 0.705239
    outer loop
      vertex 44.9986 165.99 2.4
      vertex 45 164.1 0.5
      vertex 45 165.99 2.4
    endloop
  endfacet
  facet normal -0.708187 0.0464407 0.704496
    outer loop
      vertex 48.9559 161.479 2.4
      vertex 48.99 161.999 2.4
      vertex 47.082 161.726 0.5
    endloop
  endfacet
  facet normal -0.0465062 0.708186 0.704493
    outer loop
      vertex 45 159.9 0.5
      vertex 45.0014 158.01 2.4
      vertex 45.2741 159.918 0.5
    endloop
  endfacet
  facet normal 0 0.70897 0.705239
    outer loop
      vertex 45.0014 158.01 2.4
      vertex 45 159.9 0.5
      vertex 45 158.01 2.4
    endloop
  endfacet
  facet normal 0.708187 -0.0464407 0.704496
    outer loop
      vertex 42.918 162.274 0.5
      vertex 41.0441 162.521 2.4
      vertex 41.01 162.001 2.4
    endloop
  endfacet
  facet normal -0.672088 0.228074 0.704472
    outer loop
      vertex 48.6863 160.473 2.4
      vertex 48.8536 160.966 2.4
      vertex 46.9401 161.196 0.5
    endloop
  endfacet
  facet normal -0.139055 0.695958 0.70449
    outer loop
      vertex 45.5208 158.044 2.4
      vertex 46.0313 158.146 2.4
      vertex 45.2741 159.918 0.5
    endloop
  endfacet
  facet normal 0.46785 0.533762 0.704425
    outer loop
      vertex 43.5151 160.515 0.5
      vertex 42.1797 159.178 2.4
      vertex 43.7216 160.334 0.5
    endloop
  endfacet
  facet normal 0.477208 0.524929 0.704786
    outer loop
      vertex 42.1797 159.178 2.4
      vertex 43.5151 160.515 0.5
      vertex 42.1786 159.179 2.4
    endloop
  endfacet
  facet normal 0.672088 -0.228074 0.704472
    outer loop
      vertex 43.0599 162.804 0.5
      vertex 41.3137 163.527 2.4
      vertex 41.1464 163.034 2.4
    endloop
  endfacet
  facet normal 0.139055 -0.695958 0.70449
    outer loop
      vertex 44.7259 164.082 0.5
      vertex 44.4792 165.956 2.4
      vertex 43.9687 165.854 2.4
    endloop
  endfacet
  facet normal -0.477208 -0.524929 0.704786
    outer loop
      vertex 47.8203 164.822 2.4
      vertex 46.4849 163.485 0.5
      vertex 47.8214 164.821 2.4
    endloop
  endfacet
  facet normal -0.46785 -0.533762 0.704425
    outer loop
      vertex 46.4849 163.485 0.5
      vertex 47.8203 164.822 2.4
      vertex 46.2784 163.666 0.5
    endloop
  endfacet
  facet normal -0.708187 -0.0464407 0.704496
    outer loop
      vertex 48.99 162.001 2.4
      vertex 48.9559 162.521 2.4
      vertex 47.082 162.274 0.5
    endloop
  endfacet
  facet normal -0.534206 0.467365 0.70441
    outer loop
      vertex 46.4849 160.515 0.5
      vertex 47.8223 159.18 2.4
      vertex 46.666 160.722 0.5
    endloop
  endfacet
  facet normal -0.527369 0.474632 0.704703
    outer loop
      vertex 47.8223 159.18 2.4
      vertex 46.4849 160.515 0.5
      vertex 47.8214 159.179 2.4
    endloop
  endfacet
  facet normal -0.314824 0.636191 0.704377
    outer loop
      vertex 46.5282 158.314 2.4
      vertex 46.995 158.545 2.4
      vertex 46.05 160.181 0.5
    endloop
  endfacet
  facet normal 0.672088 0.228074 0.704472
    outer loop
      vertex 41.3137 160.473 2.4
      vertex 43.0599 161.196 0.5
      vertex 41.1464 160.966 2.4
    endloop
  endfacet
  facet normal 0.589607 0.394881 0.704579
    outer loop
      vertex 41.8337 159.572 2.4
      vertex 43.334 160.722 0.5
      vertex 43.1813 160.95 0.5
    endloop
  endfacet
  facet normal 0.553622 0.442897 0.705227
    outer loop
      vertex 43.334 160.722 0.5
      vertex 41.8337 159.572 2.4
      vertex 41.8345 159.571 2.4
    endloop
  endfacet
  facet normal 0.527369 -0.474632 0.704703
    outer loop
      vertex 42.1777 164.82 2.4
      vertex 43.5151 163.485 0.5
      vertex 42.1786 164.821 2.4
    endloop
  endfacet
  facet normal 0.534206 -0.467365 0.70441
    outer loop
      vertex 43.5151 163.485 0.5
      vertex 42.1777 164.82 2.4
      vertex 43.334 163.278 0.5
    endloop
  endfacet
  facet normal 0.314824 -0.636191 0.704377
    outer loop
      vertex 43.95 163.819 0.5
      vertex 43.4718 165.686 2.4
      vertex 43.005 165.455 2.4
    endloop
  endfacet
  facet normal -0.0463576 -0.70818 0.704508
    outer loop
      vertex 45.2741 164.082 0.5
      vertex 45.5208 165.956 2.4
      vertex 45.0014 165.99 2.4
    endloop
  endfacet
  facet normal -0.229007 -0.671755 0.704487
    outer loop
      vertex 46.5269 165.686 2.4
      vertex 46.0341 165.854 2.4
      vertex 45.8036 163.94 0.5
    endloop
  endfacet
  facet normal -0.672088 -0.228074 0.704472
    outer loop
      vertex 48.8536 163.034 2.4
      vertex 48.6863 163.527 2.4
      vertex 46.9401 162.804 0.5
    endloop
  endfacet
  facet normal -0.553622 -0.442897 0.705227
    outer loop
      vertex 46.666 163.278 0.5
      vertex 48.1663 164.428 2.4
      vertex 48.1655 164.429 2.4
    endloop
  endfacet
  facet normal -0.589607 -0.394881 0.704579
    outer loop
      vertex 48.1663 164.428 2.4
      vertex 46.666 163.278 0.5
      vertex 46.8187 163.05 0.5
    endloop
  endfacet
  facet normal -0.703336 -0.1055 0.702985
    outer loop
      vertex 47.0284 162.544 0.5
      vertex 48.8544 163.031 2.4
      vertex 48.8541 163.033 2.4
    endloop
  endfacet
  facet normal -0.696155 -0.1382 0.704464
    outer loop
      vertex 48.8544 163.031 2.4
      vertex 47.0284 162.544 0.5
      vertex 47.082 162.274 0.5
    endloop
  endfacet
  facet normal -0.640554 -0.320277 0.697935
    outer loop
      vertex 48.8536 163.034 2.4
      vertex 47.0284 162.544 0.5
      vertex 48.8541 163.033 2.4
    endloop
  endfacet
  facet normal -0.67205 -0.228239 0.704454
    outer loop
      vertex 47.0284 162.544 0.5
      vertex 48.8536 163.034 2.4
      vertex 46.9401 162.804 0.5
    endloop
  endfacet
  facet normal -0.707176 0.0707176 0.703492
    outer loop
      vertex 47.1 162 0.5
      vertex 48.99 161.999 2.4
      vertex 48.9901 162 2.4
    endloop
  endfacet
  facet normal -0.70819 0.0465234 0.704487
    outer loop
      vertex 48.99 161.999 2.4
      vertex 47.1 162 0.5
      vertex 47.082 161.726 0.5
    endloop
  endfacet
  facet normal -0.0463576 0.70818 0.704508
    outer loop
      vertex 45.5208 158.044 2.4
      vertex 45.2741 159.918 0.5
      vertex 45.0014 158.01 2.4
    endloop
  endfacet
  facet normal -0.468563 0.532991 0.704535
    outer loop
      vertex 47.429 158.834 2.4
      vertex 47.8203 159.178 2.4
      vertex 46.2784 160.334 0.5
    endloop
  endfacet
  facet normal 0 0.784883 0.619644
    outer loop
      vertex 46.2784 160.334 0.5
      vertex 47.4278 158.834 2.4
      vertex 47.429 158.834 2.4
    endloop
  endfacet
  facet normal -0.394998 0.589657 0.704472
    outer loop
      vertex 47.4278 158.834 2.4
      vertex 46.2784 160.334 0.5
      vertex 46.05 160.181 0.5
    endloop
  endfacet
  facet normal 0.708187 0.0464407 0.704496
    outer loop
      vertex 41.0441 161.479 2.4
      vertex 42.918 161.726 0.5
      vertex 41.01 161.999 2.4
    endloop
  endfacet
  facet normal 0.533356 0.468153 0.704532
    outer loop
      vertex 42.1777 159.18 2.4
      vertex 43.334 160.722 0.5
      vertex 41.8345 159.571 2.4
    endloop
  endfacet
  facet normal 0.636589 0.313796 0.704476
    outer loop
      vertex 41.5445 160.005 2.4
      vertex 43.1813 160.95 0.5
      vertex 41.3143 160.472 2.4
    endloop
  endfacet
  facet normal 0.394998 0.589657 0.704472
    outer loop
      vertex 43.7216 160.334 0.5
      vertex 42.5722 158.834 2.4
      vertex 43.95 160.181 0.5
    endloop
  endfacet
  facet normal 0 0.784883 0.619644
    outer loop
      vertex 42.5722 158.834 2.4
      vertex 43.7216 160.334 0.5
      vertex 42.571 158.834 2.4
    endloop
  endfacet
  facet normal 0.468563 0.532991 0.704535
    outer loop
      vertex 42.571 158.834 2.4
      vertex 43.7216 160.334 0.5
      vertex 42.1797 159.178 2.4
    endloop
  endfacet
  facet normal 0.0463576 0.70818 0.704508
    outer loop
      vertex 44.9986 158.01 2.4
      vertex 44.7259 159.918 0.5
      vertex 44.4792 158.044 2.4
    endloop
  endfacet
  facet normal 0.139055 0.695958 0.70449
    outer loop
      vertex 44.4792 158.044 2.4
      vertex 44.7259 159.918 0.5
      vertex 43.9687 158.146 2.4
    endloop
  endfacet
  facet normal 0.707176 -0.0707176 0.703492
    outer loop
      vertex 42.9 162 0.5
      vertex 41.01 162.001 2.4
      vertex 41.0099 162 2.4
    endloop
  endfacet
  facet normal 0.70819 -0.0465234 0.704487
    outer loop
      vertex 41.01 162.001 2.4
      vertex 42.9 162 0.5
      vertex 42.918 162.274 0.5
    endloop
  endfacet
  facet normal 0.0463576 -0.70818 0.704508
    outer loop
      vertex 44.7259 164.082 0.5
      vertex 44.9986 165.99 2.4
      vertex 44.4792 165.956 2.4
    endloop
  endfacet
  facet normal 0.468563 -0.532991 0.704535
    outer loop
      vertex 43.7216 163.666 0.5
      vertex 42.571 165.166 2.4
      vertex 42.1797 164.822 2.4
    endloop
  endfacet
  facet normal 0.394998 -0.589657 0.704472
    outer loop
      vertex 42.5722 165.166 2.4
      vertex 43.7216 163.666 0.5
      vertex 43.95 163.819 0.5
    endloop
  endfacet
  facet normal 0 -0.784883 0.619644
    outer loop
      vertex 43.7216 163.666 0.5
      vertex 42.5722 165.166 2.4
      vertex 42.571 165.166 2.4
    endloop
  endfacet
  facet normal 0 -0.70897 0.705239
    outer loop
      vertex 45 164.1 0.5
      vertex 45.0014 165.99 2.4
      vertex 45 165.99 2.4
    endloop
  endfacet
  facet normal -0.0465062 -0.708186 0.704493
    outer loop
      vertex 45.0014 165.99 2.4
      vertex 45 164.1 0.5
      vertex 45.2741 164.082 0.5
    endloop
  endfacet
  facet normal -0.533356 -0.468153 0.704532
    outer loop
      vertex 48.1655 164.429 2.4
      vertex 47.8223 164.82 2.4
      vertex 46.666 163.278 0.5
    endloop
  endfacet
  facet normal -0.636589 -0.313796 0.704476
    outer loop
      vertex 48.6857 163.528 2.4
      vertex 48.4555 163.995 2.4
      vertex 46.8187 163.05 0.5
    endloop
  endfacet
  facet normal -0.696053 -0.138528 0.7045
    outer loop
      vertex 48.9559 162.521 2.4
      vertex 48.8544 163.031 2.4
      vertex 47.082 162.274 0.5
    endloop
  endfacet
  facet normal -0.696053 0.138528 0.7045
    outer loop
      vertex 48.8544 160.969 2.4
      vertex 48.9559 161.479 2.4
      vertex 47.082 161.726 0.5
    endloop
  endfacet
  facet normal -0.636589 0.313796 0.704476
    outer loop
      vertex 48.4555 160.005 2.4
      vertex 48.6857 160.472 2.4
      vertex 46.8187 160.95 0.5
    endloop
  endfacet
  facet normal -0.533356 0.468153 0.704532
    outer loop
      vertex 47.8223 159.18 2.4
      vertex 48.1655 159.571 2.4
      vertex 46.666 160.722 0.5
    endloop
  endfacet
  facet normal -0.590186 0.394184 0.704485
    outer loop
      vertex 48.1663 159.572 2.4
      vertex 48.4555 160.005 2.4
      vertex 46.8187 160.95 0.5
    endloop
  endfacet
  facet normal -0.589607 0.394881 0.704579
    outer loop
      vertex 46.666 160.722 0.5
      vertex 48.1663 159.572 2.4
      vertex 46.8187 160.95 0.5
    endloop
  endfacet
  facet normal -0.553622 0.442897 0.705227
    outer loop
      vertex 48.1663 159.572 2.4
      vertex 46.666 160.722 0.5
      vertex 48.1655 159.571 2.4
    endloop
  endfacet
  facet normal -0.312785 0.636944 0.704605
    outer loop
      vertex 45.8036 160.06 0.5
      vertex 46.5282 158.314 2.4
      vertex 46.05 160.181 0.5
    endloop
  endfacet
  facet normal 0 0.736317 0.676637
    outer loop
      vertex 46.5282 158.314 2.4
      vertex 45.8036 160.06 0.5
      vertex 46.5269 158.314 2.4
    endloop
  endfacet
  facet normal -0.229007 0.671755 0.704487
    outer loop
      vertex 46.0341 158.146 2.4
      vertex 46.5269 158.314 2.4
      vertex 45.8036 160.06 0.5
    endloop
  endfacet
  facet normal -0.394189 0.590329 0.704362
    outer loop
      vertex 46.995 158.545 2.4
      vertex 47.4278 158.834 2.4
      vertex 46.05 160.181 0.5
    endloop
  endfacet
  facet normal -0.477208 0.524929 0.704786
    outer loop
      vertex 46.4849 160.515 0.5
      vertex 47.8203 159.178 2.4
      vertex 47.8214 159.179 2.4
    endloop
  endfacet
  facet normal -0.46785 0.533762 0.704425
    outer loop
      vertex 47.8203 159.178 2.4
      vertex 46.4849 160.515 0.5
      vertex 46.2784 160.334 0.5
    endloop
  endfacet
  facet normal 0.696053 0.138528 0.7045
    outer loop
      vertex 41.1456 160.969 2.4
      vertex 42.918 161.726 0.5
      vertex 41.0441 161.479 2.4
    endloop
  endfacet
  facet normal 0.636477 0.314099 0.704443
    outer loop
      vertex 43.0599 161.196 0.5
      vertex 41.3143 160.472 2.4
      vertex 43.1813 160.95 0.5
    endloop
  endfacet
  facet normal 0.611252 0.366751 0.701331
    outer loop
      vertex 41.3143 160.472 2.4
      vertex 43.0599 161.196 0.5
      vertex 41.3137 160.473 2.4
    endloop
  endfacet
  facet normal 0.534206 0.467365 0.70441
    outer loop
      vertex 42.1777 159.18 2.4
      vertex 43.5151 160.515 0.5
      vertex 43.334 160.722 0.5
    endloop
  endfacet
  facet normal 0.527369 0.474632 0.704703
    outer loop
      vertex 43.5151 160.515 0.5
      vertex 42.1777 159.18 2.4
      vertex 42.1786 159.179 2.4
    endloop
  endfacet
  facet normal 0.590186 0.394184 0.704485
    outer loop
      vertex 41.8337 159.572 2.4
      vertex 43.1813 160.95 0.5
      vertex 41.5445 160.005 2.4
    endloop
  endfacet
  facet normal 0.312785 0.636944 0.704605
    outer loop
      vertex 43.4718 158.314 2.4
      vertex 44.1964 160.06 0.5
      vertex 43.95 160.181 0.5
    endloop
  endfacet
  facet normal 0 0.736317 0.676637
    outer loop
      vertex 44.1964 160.06 0.5
      vertex 43.4718 158.314 2.4
      vertex 43.4731 158.314 2.4
    endloop
  endfacet
  facet normal 0.139475 0.695828 0.704536
    outer loop
      vertex 44.4565 159.972 0.5
      vertex 43.9687 158.146 2.4
      vertex 44.7259 159.918 0.5
    endloop
  endfacet
  facet normal 0 0.721008 0.692927
    outer loop
      vertex 43.9687 158.146 2.4
      vertex 44.4565 159.972 0.5
      vertex 43.9673 158.146 2.4
    endloop
  endfacet
  facet normal 0 0.70897 0.705239
    outer loop
      vertex 45 159.9 0.5
      vertex 44.9986 158.01 2.4
      vertex 45 158.01 2.4
    endloop
  endfacet
  facet normal 0.0465062 0.708186 0.704493
    outer loop
      vertex 44.9986 158.01 2.4
      vertex 45 159.9 0.5
      vertex 44.7259 159.918 0.5
    endloop
  endfacet
  facet normal 0.696053 -0.138528 0.7045
    outer loop
      vertex 42.918 162.274 0.5
      vertex 41.1456 163.031 2.4
      vertex 41.0441 162.521 2.4
    endloop
  endfacet
  facet normal 0.636589 -0.313796 0.704476
    outer loop
      vertex 43.1813 163.05 0.5
      vertex 41.5445 163.995 2.4
      vertex 41.3143 163.528 2.4
    endloop
  endfacet
  facet normal 0.533356 -0.468153 0.704532
    outer loop
      vertex 43.334 163.278 0.5
      vertex 42.1777 164.82 2.4
      vertex 41.8345 164.429 2.4
    endloop
  endfacet
  facet normal 0.590186 -0.394184 0.704485
    outer loop
      vertex 43.1813 163.05 0.5
      vertex 41.8337 164.428 2.4
      vertex 41.5445 163.995 2.4
    endloop
  endfacet
  facet normal 0.553622 -0.442897 0.705227
    outer loop
      vertex 41.8337 164.428 2.4
      vertex 43.334 163.278 0.5
      vertex 41.8345 164.429 2.4
    endloop
  endfacet
  facet normal 0.589607 -0.394881 0.704579
    outer loop
      vertex 43.334 163.278 0.5
      vertex 41.8337 164.428 2.4
      vertex 43.1813 163.05 0.5
    endloop
  endfacet
  facet normal 0 -0.736317 0.676637
    outer loop
      vertex 43.4718 165.686 2.4
      vertex 44.1964 163.94 0.5
      vertex 43.4731 165.686 2.4
    endloop
  endfacet
  facet normal 0.312785 -0.636944 0.704605
    outer loop
      vertex 44.1964 163.94 0.5
      vertex 43.4718 165.686 2.4
      vertex 43.95 163.819 0.5
    endloop
  endfacet
  facet normal 0.229007 -0.671755 0.704487
    outer loop
      vertex 44.1964 163.94 0.5
      vertex 43.9659 165.854 2.4
      vertex 43.4731 165.686 2.4
    endloop
  endfacet
  facet normal 0.394189 -0.590329 0.704362
    outer loop
      vertex 43.95 163.819 0.5
      vertex 43.005 165.455 2.4
      vertex 42.5722 165.166 2.4
    endloop
  endfacet
  facet normal 0.46785 -0.533762 0.704425
    outer loop
      vertex 42.1797 164.822 2.4
      vertex 43.5151 163.485 0.5
      vertex 43.7216 163.666 0.5
    endloop
  endfacet
  facet normal 0.477208 -0.524929 0.704786
    outer loop
      vertex 43.5151 163.485 0.5
      vertex 42.1797 164.822 2.4
      vertex 42.1786 164.821 2.4
    endloop
  endfacet
  facet normal -0.314824 -0.636191 0.704377
    outer loop
      vertex 46.995 165.455 2.4
      vertex 46.5282 165.686 2.4
      vertex 46.05 163.819 0.5
    endloop
  endfacet
  facet normal -0.468563 -0.532991 0.704535
    outer loop
      vertex 47.8203 164.822 2.4
      vertex 47.429 165.166 2.4
      vertex 46.2784 163.666 0.5
    endloop
  endfacet
  facet normal -0.394189 -0.590329 0.704362
    outer loop
      vertex 47.4278 165.166 2.4
      vertex 46.995 165.455 2.4
      vertex 46.05 163.819 0.5
    endloop
  endfacet
  facet normal 0 -0.784883 0.619644
    outer loop
      vertex 47.4278 165.166 2.4
      vertex 46.2784 163.666 0.5
      vertex 47.429 165.166 2.4
    endloop
  endfacet
  facet normal -0.394998 -0.589657 0.704472
    outer loop
      vertex 46.2784 163.666 0.5
      vertex 47.4278 165.166 2.4
      vertex 46.05 163.819 0.5
    endloop
  endfacet
  facet normal -0.139055 -0.695958 0.70449
    outer loop
      vertex 46.0313 165.854 2.4
      vertex 45.5208 165.956 2.4
      vertex 45.2741 164.082 0.5
    endloop
  endfacet
  facet normal -0.611252 -0.366751 0.701331
    outer loop
      vertex 48.6857 163.528 2.4
      vertex 46.9401 162.804 0.5
      vertex 48.6863 163.527 2.4
    endloop
  endfacet
  facet normal -0.636477 -0.314099 0.704443
    outer loop
      vertex 46.9401 162.804 0.5
      vertex 48.6857 163.528 2.4
      vertex 46.8187 163.05 0.5
    endloop
  endfacet
  facet normal -0.527369 -0.474632 0.704703
    outer loop
      vertex 46.4849 163.485 0.5
      vertex 47.8223 164.82 2.4
      vertex 47.8214 164.821 2.4
    endloop
  endfacet
  facet normal -0.534206 -0.467365 0.70441
    outer loop
      vertex 47.8223 164.82 2.4
      vertex 46.4849 163.485 0.5
      vertex 46.666 163.278 0.5
    endloop
  endfacet
  facet normal -0.590186 -0.394184 0.704485
    outer loop
      vertex 48.4555 163.995 2.4
      vertex 48.1663 164.428 2.4
      vertex 46.8187 163.05 0.5
    endloop
  endfacet
  facet normal -0.696155 0.1382 0.704464
    outer loop
      vertex 47.0284 161.456 0.5
      vertex 48.8544 160.969 2.4
      vertex 47.082 161.726 0.5
    endloop
  endfacet
  facet normal -0.703336 0.1055 0.702985
    outer loop
      vertex 48.8544 160.969 2.4
      vertex 47.0284 161.456 0.5
      vertex 48.8541 160.967 2.4
    endloop
  endfacet
  facet normal -0.640554 0.320277 0.697935
    outer loop
      vertex 47.0284 161.456 0.5
      vertex 48.8536 160.966 2.4
      vertex 48.8541 160.967 2.4
    endloop
  endfacet
  facet normal -0.67205 0.228239 0.704454
    outer loop
      vertex 48.8536 160.966 2.4
      vertex 47.0284 161.456 0.5
      vertex 46.9401 161.196 0.5
    endloop
  endfacet
  facet normal -0.611252 0.366751 0.701331
    outer loop
      vertex 46.9401 161.196 0.5
      vertex 48.6857 160.472 2.4
      vertex 48.6863 160.473 2.4
    endloop
  endfacet
  facet normal -0.636477 0.314099 0.704443
    outer loop
      vertex 48.6857 160.472 2.4
      vertex 46.9401 161.196 0.5
      vertex 46.8187 160.95 0.5
    endloop
  endfacet
  facet normal -0.227399 0.67212 0.704659
    outer loop
      vertex 45.5435 159.972 0.5
      vertex 46.0341 158.146 2.4
      vertex 45.8036 160.06 0.5
    endloop
  endfacet
  facet normal 0 0.721008 0.692927
    outer loop
      vertex 46.0341 158.146 2.4
      vertex 45.5435 159.972 0.5
      vertex 46.0327 158.146 2.4
    endloop
  endfacet
  facet normal 0 0.721008 0.692927
    outer loop
      vertex 45.5435 159.972 0.5
      vertex 46.0313 158.146 2.4
      vertex 46.0327 158.146 2.4
    endloop
  endfacet
  facet normal -0.139475 0.695828 0.704536
    outer loop
      vertex 46.0313 158.146 2.4
      vertex 45.5435 159.972 0.5
      vertex 45.2741 159.918 0.5
    endloop
  endfacet
  facet normal 0.67205 0.228239 0.704454
    outer loop
      vertex 42.9716 161.456 0.5
      vertex 41.1464 160.966 2.4
      vertex 43.0599 161.196 0.5
    endloop
  endfacet
  facet normal 0.640554 0.320277 0.697935
    outer loop
      vertex 41.1464 160.966 2.4
      vertex 42.9716 161.456 0.5
      vertex 41.1459 160.967 2.4
    endloop
  endfacet
  facet normal 0.696155 0.1382 0.704464
    outer loop
      vertex 41.1456 160.969 2.4
      vertex 42.9716 161.456 0.5
      vertex 42.918 161.726 0.5
    endloop
  endfacet
  facet normal 0.703336 0.1055 0.702985
    outer loop
      vertex 42.9716 161.456 0.5
      vertex 41.1456 160.969 2.4
      vertex 41.1459 160.967 2.4
    endloop
  endfacet
  facet normal 0.394189 0.590329 0.704362
    outer loop
      vertex 43.005 158.545 2.4
      vertex 43.95 160.181 0.5
      vertex 42.5722 158.834 2.4
    endloop
  endfacet
  facet normal 0.314824 0.636191 0.704377
    outer loop
      vertex 43.4718 158.314 2.4
      vertex 43.95 160.181 0.5
      vertex 43.005 158.545 2.4
    endloop
  endfacet
  facet normal 0.227399 0.67212 0.704659
    outer loop
      vertex 43.9659 158.146 2.4
      vertex 44.4565 159.972 0.5
      vertex 44.1964 160.06 0.5
    endloop
  endfacet
  facet normal 0 0.721008 0.692927
    outer loop
      vertex 44.4565 159.972 0.5
      vertex 43.9659 158.146 2.4
      vertex 43.9673 158.146 2.4
    endloop
  endfacet
  facet normal 0.229007 0.671755 0.704487
    outer loop
      vertex 43.9659 158.146 2.4
      vertex 44.1964 160.06 0.5
      vertex 43.4731 158.314 2.4
    endloop
  endfacet
  facet normal 0.703336 -0.1055 0.702985
    outer loop
      vertex 41.1456 163.031 2.4
      vertex 42.9716 162.544 0.5
      vertex 41.1459 163.033 2.4
    endloop
  endfacet
  facet normal 0.696155 -0.1382 0.704464
    outer loop
      vertex 42.9716 162.544 0.5
      vertex 41.1456 163.031 2.4
      vertex 42.918 162.274 0.5
    endloop
  endfacet
  facet normal 0.67205 -0.228239 0.704454
    outer loop
      vertex 41.1464 163.034 2.4
      vertex 42.9716 162.544 0.5
      vertex 43.0599 162.804 0.5
    endloop
  endfacet
  facet normal 0.640554 -0.320277 0.697935
    outer loop
      vertex 42.9716 162.544 0.5
      vertex 41.1464 163.034 2.4
      vertex 41.1459 163.033 2.4
    endloop
  endfacet
  facet normal 0.636477 -0.314099 0.704443
    outer loop
      vertex 41.3143 163.528 2.4
      vertex 43.0599 162.804 0.5
      vertex 43.1813 163.05 0.5
    endloop
  endfacet
  facet normal 0.611252 -0.366751 0.701331
    outer loop
      vertex 43.0599 162.804 0.5
      vertex 41.3143 163.528 2.4
      vertex 41.3137 163.527 2.4
    endloop
  endfacet
  facet normal 0 -0.721008 0.692927
    outer loop
      vertex 43.9659 165.854 2.4
      vertex 44.4565 164.028 0.5
      vertex 43.9673 165.854 2.4
    endloop
  endfacet
  facet normal 0.227399 -0.67212 0.704659
    outer loop
      vertex 44.4565 164.028 0.5
      vertex 43.9659 165.854 2.4
      vertex 44.1964 163.94 0.5
    endloop
  endfacet
  facet normal 0.139475 -0.695828 0.704536
    outer loop
      vertex 43.9687 165.854 2.4
      vertex 44.4565 164.028 0.5
      vertex 44.7259 164.082 0.5
    endloop
  endfacet
  facet normal 0 -0.721008 0.692927
    outer loop
      vertex 44.4565 164.028 0.5
      vertex 43.9687 165.854 2.4
      vertex 43.9673 165.854 2.4
    endloop
  endfacet
  facet normal 0 -0.736317 0.676637
    outer loop
      vertex 45.8036 163.94 0.5
      vertex 46.5282 165.686 2.4
      vertex 46.5269 165.686 2.4
    endloop
  endfacet
  facet normal -0.312785 -0.636944 0.704605
    outer loop
      vertex 46.5282 165.686 2.4
      vertex 45.8036 163.94 0.5
      vertex 46.05 163.819 0.5
    endloop
  endfacet
  facet normal 0 -0.721008 0.692927
    outer loop
      vertex 46.0313 165.854 2.4
      vertex 45.5435 164.028 0.5
      vertex 46.0327 165.854 2.4
    endloop
  endfacet
  facet normal -0.139475 -0.695828 0.704536
    outer loop
      vertex 45.5435 164.028 0.5
      vertex 46.0313 165.854 2.4
      vertex 45.2741 164.082 0.5
    endloop
  endfacet
  facet normal 0 -0.721008 0.692927
    outer loop
      vertex 45.5435 164.028 0.5
      vertex 46.0341 165.854 2.4
      vertex 46.0327 165.854 2.4
    endloop
  endfacet
  facet normal -0.227399 -0.67212 0.704659
    outer loop
      vertex 46.0341 165.854 2.4
      vertex 45.5435 164.028 0.5
      vertex 45.8036 163.94 0.5
    endloop
  endfacet
  facet normal 0 -0.0654208 0.997858
    outer loop
      vertex 0 145.392 37.4257
      vertex 2.39999 145 37.4
      vertex 2.39999 145.392 37.4257
    endloop
  endfacet
  facet normal 0 -0.0654208 0.997858
    outer loop
      vertex 2.39999 145 37.4
      vertex 0 145.392 37.4257
      vertex 0 145 37.4
    endloop
  endfacet
  facet normal 0 -0.195379 0.980728
    outer loop
      vertex 0 145.776 37.5022
      vertex 2.39999 145.392 37.4257
      vertex 2.39999 145.776 37.5022
    endloop
  endfacet
  facet normal 0 -0.195379 0.980728
    outer loop
      vertex 2.39999 145.392 37.4257
      vertex 0 145.776 37.5022
      vertex 0 145.392 37.4257
    endloop
  endfacet
  facet normal 0 -0.555877 0.831265
    outer loop
      vertex 0 146.826 38.0199
      vertex 2.39999 146.5 37.8019
      vertex 2.39999 146.826 38.0199
    endloop
  endfacet
  facet normal 0 -0.555877 0.831265
    outer loop
      vertex 2.39999 146.5 37.8019
      vertex 0 146.826 38.0199
      vertex 0 146.5 37.8019
    endloop
  endfacet
  facet normal 0 -0.94704 0.321117
    outer loop
      vertex 0 147.772 39.2519
      vertex 2.39999 147.898 39.6235
      vertex 0 147.898 39.6235
    endloop
  endfacet
  facet normal 0 -0.94704 0.321117
    outer loop
      vertex 2.39999 147.898 39.6235
      vertex 0 147.772 39.2519
      vertex 2.39999 147.772 39.2519
    endloop
  endfacet
  facet normal 0 -0.831501 0.555523
    outer loop
      vertex 0 147.38 38.5737
      vertex 2.39999 147.598 38.9
      vertex 0 147.598 38.9
    endloop
  endfacet
  facet normal 0 -0.831501 0.555523
    outer loop
      vertex 2.39999 147.598 38.9
      vertex 0 147.38 38.5737
      vertex 2.39999 147.38 38.5737
    endloop
  endfacet
  facet normal 0 0.751471 0.659766
    outer loop
      vertex 2.39999 142.879 38.2787
      vertex 0 142.62 38.5737
      vertex 2.39999 142.62 38.5737
    endloop
  endfacet
  facet normal 0 0.751471 0.659766
    outer loop
      vertex 0 142.62 38.5737
      vertex 2.39999 142.879 38.2787
      vertex 0 142.879 38.2787
    endloop
  endfacet
  facet normal 0 0.896405 0.443235
    outer loop
      vertex 2.39999 142.402 38.9
      vertex 0 142.228 39.2519
      vertex 2.39999 142.228 39.2519
    endloop
  endfacet
  facet normal 0 0.896405 0.443235
    outer loop
      vertex 0 142.228 39.2519
      vertex 2.39999 142.402 38.9
      vertex 0 142.402 38.9
    endloop
  endfacet
  facet normal -0 0.321264 0.94699
    outer loop
      vertex 0 144.224 37.5022
      vertex 2.39999 143.852 37.6284
      vertex 2.39999 144.224 37.5022
    endloop
  endfacet
  facet normal 0 0.321264 0.94699
    outer loop
      vertex 2.39999 143.852 37.6284
      vertex 0 144.224 37.5022
      vertex 0 143.852 37.6284
    endloop
  endfacet
  facet normal 0 -0.321264 0.94699
    outer loop
      vertex 0 146.148 37.6284
      vertex 2.39999 145.776 37.5022
      vertex 2.39999 146.148 37.6284
    endloop
  endfacet
  facet normal 0 -0.321264 0.94699
    outer loop
      vertex 2.39999 145.776 37.5022
      vertex 0 146.148 37.6284
      vertex 0 145.776 37.5022
    endloop
  endfacet
  facet normal 0 -0.659478 0.751724
    outer loop
      vertex 0 147.121 38.2787
      vertex 2.39999 146.826 38.0199
      vertex 2.39999 147.121 38.2787
    endloop
  endfacet
  facet normal 0 -0.659478 0.751724
    outer loop
      vertex 2.39999 146.826 38.0199
      vertex 0 147.121 38.2787
      vertex 0 146.826 38.0199
    endloop
  endfacet
  facet normal 0 -0.981058 0.193714
    outer loop
      vertex 0 147.898 39.6235
      vertex 2.39999 147.974 40.0084
      vertex 0 147.974 40.0084
    endloop
  endfacet
  facet normal 0 -0.981058 0.193714
    outer loop
      vertex 2.39999 147.974 40.0084
      vertex 0 147.898 39.6235
      vertex 2.39999 147.898 39.6235
    endloop
  endfacet
  facet normal 0 -0.896405 0.443235
    outer loop
      vertex 0 147.598 38.9
      vertex 2.39999 147.772 39.2519
      vertex 0 147.772 39.2519
    endloop
  endfacet
  facet normal 0 -0.896405 0.443235
    outer loop
      vertex 2.39999 147.772 39.2519
      vertex 0 147.598 38.9
      vertex 2.39999 147.598 38.9
    endloop
  endfacet
  facet normal 0 -0.751471 0.659766
    outer loop
      vertex 0 147.121 38.2787
      vertex 2.39999 147.38 38.5737
      vertex 0 147.38 38.5737
    endloop
  endfacet
  facet normal 0 -0.751471 0.659766
    outer loop
      vertex 2.39999 147.38 38.5737
      vertex 0 147.121 38.2787
      vertex 2.39999 147.121 38.2787
    endloop
  endfacet
  facet normal 0 0.997803 0.0662484
    outer loop
      vertex 2.39999 142.026 40.0084
      vertex 0 142 40.4
      vertex 2.39999 142 40.4
    endloop
  endfacet
  facet normal 0 0.997803 0.0662484
    outer loop
      vertex 0 142 40.4
      vertex 2.39999 142.026 40.0084
      vertex 0 142.026 40.0084
    endloop
  endfacet
  facet normal 0 0.94704 0.321117
    outer loop
      vertex 2.39999 142.228 39.2519
      vertex 0 142.102 39.6235
      vertex 2.39999 142.102 39.6235
    endloop
  endfacet
  facet normal 0 0.94704 0.321117
    outer loop
      vertex 0 142.102 39.6235
      vertex 2.39999 142.228 39.2519
      vertex 0 142.228 39.2519
    endloop
  endfacet
  facet normal 0 0.831501 0.555523
    outer loop
      vertex 2.39999 142.62 38.5737
      vertex 0 142.402 38.9
      vertex 2.39999 142.402 38.9
    endloop
  endfacet
  facet normal 0 0.831501 0.555523
    outer loop
      vertex 0 142.402 38.9
      vertex 2.39999 142.62 38.5737
      vertex 0 142.62 38.5737
    endloop
  endfacet
  facet normal -0 0.44211 0.896961
    outer loop
      vertex 0 143.852 37.6284
      vertex 2.39999 143.5 37.8019
      vertex 2.39999 143.852 37.6284
    endloop
  endfacet
  facet normal 0 0.44211 0.896961
    outer loop
      vertex 2.39999 143.5 37.8019
      vertex 0 143.852 37.6284
      vertex 0 143.5 37.8019
    endloop
  endfacet
  facet normal -0 0.659478 0.751724
    outer loop
      vertex 0 143.174 38.0199
      vertex 2.39999 142.879 38.2787
      vertex 2.39999 143.174 38.0199
    endloop
  endfacet
  facet normal 0 0.659478 0.751724
    outer loop
      vertex 2.39999 142.879 38.2787
      vertex 0 143.174 38.0199
      vertex 0 142.879 38.2787
    endloop
  endfacet
  facet normal -0 0.555877 0.831265
    outer loop
      vertex 0 143.5 37.8019
      vertex 2.39999 143.174 38.0199
      vertex 2.39999 143.5 37.8019
    endloop
  endfacet
  facet normal 0 0.555877 0.831265
    outer loop
      vertex 2.39999 143.174 38.0199
      vertex 0 143.5 37.8019
      vertex 0 143.174 38.0199
    endloop
  endfacet
  facet normal 0 -0.44211 0.896961
    outer loop
      vertex 0 146.5 37.8019
      vertex 2.39999 146.148 37.6284
      vertex 2.39999 146.5 37.8019
    endloop
  endfacet
  facet normal 0 -0.44211 0.896961
    outer loop
      vertex 2.39999 146.148 37.6284
      vertex 0 146.5 37.8019
      vertex 0 146.148 37.6284
    endloop
  endfacet
  facet normal 0 -0.997803 0.0662484
    outer loop
      vertex 0 147.974 40.0084
      vertex 2.39999 148 40.4
      vertex 0 148 40.4
    endloop
  endfacet
  facet normal 0 -0.997803 0.0662484
    outer loop
      vertex 2.39999 148 40.4
      vertex 0 147.974 40.0084
      vertex 2.39999 147.974 40.0084
    endloop
  endfacet
  facet normal 0 0.981058 0.193714
    outer loop
      vertex 2.39999 142.102 39.6235
      vertex 0 142.026 40.0084
      vertex 2.39999 142.026 40.0084
    endloop
  endfacet
  facet normal 0 0.981058 0.193714
    outer loop
      vertex 0 142.026 40.0084
      vertex 2.39999 142.102 39.6235
      vertex 0 142.102 39.6235
    endloop
  endfacet
  facet normal -0 0.195379 0.980728
    outer loop
      vertex 0 144.608 37.4257
      vertex 2.39999 144.224 37.5022
      vertex 2.39999 144.608 37.4257
    endloop
  endfacet
  facet normal 0 0.195379 0.980728
    outer loop
      vertex 2.39999 144.224 37.5022
      vertex 0 144.608 37.4257
      vertex 0 144.224 37.5022
    endloop
  endfacet
  facet normal -0 0.0654208 0.997858
    outer loop
      vertex 0 145 37.4
      vertex 2.39999 144.608 37.4257
      vertex 2.39999 145 37.4
    endloop
  endfacet
  facet normal 0 0.0654208 0.997858
    outer loop
      vertex 2.39999 144.608 37.4257
      vertex 0 145 37.4
      vertex 0 144.608 37.4257
    endloop
  endfacet
  facet normal 0 1 -0
    outer loop
      vertex 2.39999 142 40.4
      vertex 0 142 42.4
      vertex 2.39999 142 42.4
    endloop
  endfacet
  facet normal 0 1 0
    outer loop
      vertex 0 142 42.4
      vertex 2.39999 142 40.4
      vertex 0 142 40.4
    endloop
  endfacet
  facet normal 0 -1 0
    outer loop
      vertex 0 148 40.4
      vertex 2.39999 148 42.4
      vertex 0 148 42.4
    endloop
  endfacet
  facet normal 0 -1 -0
    outer loop
      vertex 2.39999 148 42.4
      vertex 0 148 40.4
      vertex 2.39999 148 40.4
    endloop
  endfacet
  facet normal 0 -0.751471 0.659766
    outer loop
      vertex 87.6 147.121 38.2787
      vertex 90 147.38 38.5737
      vertex 87.6 147.38 38.5737
    endloop
  endfacet
  facet normal 0 -0.751471 0.659766
    outer loop
      vertex 90 147.38 38.5737
      vertex 87.6 147.121 38.2787
      vertex 90 147.121 38.2787
    endloop
  endfacet
  facet normal 0 -0.195379 0.980728
    outer loop
      vertex 87.6 145.776 37.5022
      vertex 90 145.392 37.4257
      vertex 90 145.776 37.5022
    endloop
  endfacet
  facet normal 0 -0.195379 0.980728
    outer loop
      vertex 90 145.392 37.4257
      vertex 87.6 145.776 37.5022
      vertex 87.6 145.392 37.4257
    endloop
  endfacet
  facet normal 0 -0.555877 0.831265
    outer loop
      vertex 87.6 146.826 38.0199
      vertex 90 146.5 37.8019
      vertex 90 146.826 38.0199
    endloop
  endfacet
  facet normal 0 -0.555877 0.831265
    outer loop
      vertex 90 146.5 37.8019
      vertex 87.6 146.826 38.0199
      vertex 87.6 146.5 37.8019
    endloop
  endfacet
  facet normal 0 -0.94704 0.321117
    outer loop
      vertex 87.6 147.772 39.2519
      vertex 90 147.898 39.6235
      vertex 87.6 147.898 39.6235
    endloop
  endfacet
  facet normal 0 -0.94704 0.321117
    outer loop
      vertex 90 147.898 39.6235
      vertex 87.6 147.772 39.2519
      vertex 90 147.772 39.2519
    endloop
  endfacet
  facet normal 0 -0.981058 0.193714
    outer loop
      vertex 87.6 147.898 39.6235
      vertex 90 147.974 40.0084
      vertex 87.6 147.974 40.0084
    endloop
  endfacet
  facet normal 0 -0.981058 0.193714
    outer loop
      vertex 90 147.974 40.0084
      vertex 87.6 147.898 39.6235
      vertex 90 147.898 39.6235
    endloop
  endfacet
  facet normal -0 0.0654208 0.997858
    outer loop
      vertex 87.6 145 37.4
      vertex 90 144.608 37.4257
      vertex 90 145 37.4
    endloop
  endfacet
  facet normal 0 0.0654208 0.997858
    outer loop
      vertex 90 144.608 37.4257
      vertex 87.6 145 37.4
      vertex 87.6 144.608 37.4257
    endloop
  endfacet
  facet normal 0 0.94704 0.321117
    outer loop
      vertex 90 142.228 39.2519
      vertex 87.6 142.102 39.6235
      vertex 90 142.102 39.6235
    endloop
  endfacet
  facet normal 0 0.94704 0.321117
    outer loop
      vertex 87.6 142.102 39.6235
      vertex 90 142.228 39.2519
      vertex 87.6 142.228 39.2519
    endloop
  endfacet
  facet normal 0 0.896405 0.443235
    outer loop
      vertex 90 142.402 38.9
      vertex 87.6 142.228 39.2519
      vertex 90 142.228 39.2519
    endloop
  endfacet
  facet normal 0 0.896405 0.443235
    outer loop
      vertex 87.6 142.228 39.2519
      vertex 90 142.402 38.9
      vertex 87.6 142.402 38.9
    endloop
  endfacet
  facet normal -0 0.659478 0.751724
    outer loop
      vertex 87.6 143.174 38.0199
      vertex 90 142.879 38.2787
      vertex 90 143.174 38.0199
    endloop
  endfacet
  facet normal 0 0.659478 0.751724
    outer loop
      vertex 90 142.879 38.2787
      vertex 87.6 143.174 38.0199
      vertex 87.6 142.879 38.2787
    endloop
  endfacet
  facet normal 0 -0.321264 0.94699
    outer loop
      vertex 87.6 146.148 37.6284
      vertex 90 145.776 37.5022
      vertex 90 146.148 37.6284
    endloop
  endfacet
  facet normal 0 -0.321264 0.94699
    outer loop
      vertex 90 145.776 37.5022
      vertex 87.6 146.148 37.6284
      vertex 87.6 145.776 37.5022
    endloop
  endfacet
  facet normal 0 -0.659478 0.751724
    outer loop
      vertex 87.6 147.121 38.2787
      vertex 90 146.826 38.0199
      vertex 90 147.121 38.2787
    endloop
  endfacet
  facet normal 0 -0.659478 0.751724
    outer loop
      vertex 90 146.826 38.0199
      vertex 87.6 147.121 38.2787
      vertex 87.6 146.826 38.0199
    endloop
  endfacet
  facet normal 0 -0.896405 0.443235
    outer loop
      vertex 87.6 147.598 38.9
      vertex 90 147.772 39.2519
      vertex 87.6 147.772 39.2519
    endloop
  endfacet
  facet normal 0 -0.896405 0.443235
    outer loop
      vertex 90 147.772 39.2519
      vertex 87.6 147.598 38.9
      vertex 90 147.598 38.9
    endloop
  endfacet
  facet normal 0 -0.0654208 0.997858
    outer loop
      vertex 87.6 145.392 37.4257
      vertex 90 145 37.4
      vertex 90 145.392 37.4257
    endloop
  endfacet
  facet normal 0 -0.0654208 0.997858
    outer loop
      vertex 90 145 37.4
      vertex 87.6 145.392 37.4257
      vertex 87.6 145 37.4
    endloop
  endfacet
  facet normal 0 0.997803 0.0662484
    outer loop
      vertex 90 142.026 40.0084
      vertex 87.6 142 40.4
      vertex 90 142 40.4
    endloop
  endfacet
  facet normal 0 0.997803 0.0662484
    outer loop
      vertex 87.6 142 40.4
      vertex 90 142.026 40.0084
      vertex 87.6 142.026 40.0084
    endloop
  endfacet
  facet normal -0 0.321264 0.94699
    outer loop
      vertex 87.6 144.224 37.5022
      vertex 90 143.852 37.6284
      vertex 90 144.224 37.5022
    endloop
  endfacet
  facet normal 0 0.321264 0.94699
    outer loop
      vertex 90 143.852 37.6284
      vertex 87.6 144.224 37.5022
      vertex 87.6 143.852 37.6284
    endloop
  endfacet
  facet normal 0 0.831501 0.555523
    outer loop
      vertex 90 142.62 38.5737
      vertex 87.6 142.402 38.9
      vertex 90 142.402 38.9
    endloop
  endfacet
  facet normal 0 0.831501 0.555523
    outer loop
      vertex 87.6 142.402 38.9
      vertex 90 142.62 38.5737
      vertex 87.6 142.62 38.5737
    endloop
  endfacet
  facet normal -0 0.44211 0.896961
    outer loop
      vertex 87.6 143.852 37.6284
      vertex 90 143.5 37.8019
      vertex 90 143.852 37.6284
    endloop
  endfacet
  facet normal 0 0.44211 0.896961
    outer loop
      vertex 90 143.5 37.8019
      vertex 87.6 143.852 37.6284
      vertex 87.6 143.5 37.8019
    endloop
  endfacet
  facet normal 0 -0.44211 0.896961
    outer loop
      vertex 87.6 146.5 37.8019
      vertex 90 146.148 37.6284
      vertex 90 146.5 37.8019
    endloop
  endfacet
  facet normal 0 -0.44211 0.896961
    outer loop
      vertex 90 146.148 37.6284
      vertex 87.6 146.5 37.8019
      vertex 87.6 146.148 37.6284
    endloop
  endfacet
  facet normal 0 -0.831501 0.555523
    outer loop
      vertex 87.6 147.38 38.5737
      vertex 90 147.598 38.9
      vertex 87.6 147.598 38.9
    endloop
  endfacet
  facet normal 0 -0.831501 0.555523
    outer loop
      vertex 90 147.598 38.9
      vertex 87.6 147.38 38.5737
      vertex 90 147.38 38.5737
    endloop
  endfacet
  facet normal 0 -0.997803 0.0662484
    outer loop
      vertex 87.6 147.974 40.0084
      vertex 90 148 40.4
      vertex 87.6 148 40.4
    endloop
  endfacet
  facet normal 0 -0.997803 0.0662484
    outer loop
      vertex 90 148 40.4
      vertex 87.6 147.974 40.0084
      vertex 90 147.974 40.0084
    endloop
  endfacet
  facet normal -0 0.195379 0.980728
    outer loop
      vertex 87.6 144.608 37.4257
      vertex 90 144.224 37.5022
      vertex 90 144.608 37.4257
    endloop
  endfacet
  facet normal 0 0.195379 0.980728
    outer loop
      vertex 90 144.224 37.5022
      vertex 87.6 144.608 37.4257
      vertex 87.6 144.224 37.5022
    endloop
  endfacet
  facet normal 0 0.981058 0.193714
    outer loop
      vertex 90 142.102 39.6235
      vertex 87.6 142.026 40.0084
      vertex 90 142.026 40.0084
    endloop
  endfacet
  facet normal 0 0.981058 0.193714
    outer loop
      vertex 87.6 142.026 40.0084
      vertex 90 142.102 39.6235
      vertex 87.6 142.102 39.6235
    endloop
  endfacet
  facet normal 0 0.751471 0.659766
    outer loop
      vertex 90 142.879 38.2787
      vertex 87.6 142.62 38.5737
      vertex 90 142.62 38.5737
    endloop
  endfacet
  facet normal 0 0.751471 0.659766
    outer loop
      vertex 87.6 142.62 38.5737
      vertex 90 142.879 38.2787
      vertex 87.6 142.879 38.2787
    endloop
  endfacet
  facet normal -0 0.555877 0.831265
    outer loop
      vertex 87.6 143.5 37.8019
      vertex 90 143.174 38.0199
      vertex 90 143.5 37.8019
    endloop
  endfacet
  facet normal 0 0.555877 0.831265
    outer loop
      vertex 90 143.174 38.0199
      vertex 87.6 143.5 37.8019
      vertex 87.6 143.174 38.0199
    endloop
  endfacet
  facet normal 0 -1 0
    outer loop
      vertex 87.6 148 40.4
      vertex 90 148 42.4
      vertex 87.6 148 42.4
    endloop
  endfacet
  facet normal 0 -1 -0
    outer loop
      vertex 90 148 42.4
      vertex 87.6 148 40.4
      vertex 90 148 40.4
    endloop
  endfacet
  facet normal 0 1 -0
    outer loop
      vertex 90 142 40.4
      vertex 87.6 142 42.4
      vertex 90 142 42.4
    endloop
  endfacet
  facet normal 0 1 0
    outer loop
      vertex 87.6 142 42.4
      vertex 90 142 40.4
      vertex 87.6 142 40.4
    endloop
  endfacet
  facet normal 1 -0 0
    outer loop
      vertex 25.67 0 19.9
      vertex 25.67 2.39999 5.9
      vertex 25.67 2.39999 19.9
    endloop
  endfacet
  facet normal 1 0 0
    outer loop
      vertex 25.67 2.39999 5.9
      vertex 25.67 0 19.9
      vertex 25.67 0 5.9
    endloop
  endfacet
  facet normal 0 0 -1
    outer loop
      vertex 25.67 0 19.9
      vertex 41.67 2.39999 19.9
      vertex 41.67 0 19.9
    endloop
  endfacet
  facet normal -0 0 -1
    outer loop
      vertex 41.67 2.39999 19.9
      vertex 25.67 0 19.9
      vertex 25.67 2.39999 19.9
    endloop
  endfacet
  facet normal -1 0 0
    outer loop
      vertex 41.67 0 5.9
      vertex 41.67 2.39999 19.9
      vertex 41.67 2.39999 5.9
    endloop
  endfacet
  facet normal -1 -0 0
    outer loop
      vertex 41.67 2.39999 19.9
      vertex 41.67 0 5.9
      vertex 41.67 0 19.9
    endloop
  endfacet
  facet normal -0 0 1
    outer loop
      vertex 25.67 2.39999 5.9
      vertex 41.67 0 5.9
      vertex 41.67 2.39999 5.9
    endloop
  endfacet
  facet normal 0 0 1
    outer loop
      vertex 41.67 0 5.9
      vertex 25.67 2.39999 5.9
      vertex 25.67 0 5.9
    endloop
  endfacet
  facet normal 1 -0 0
    outer loop
      vertex 57.53 0 19.9
      vertex 57.53 2.39999 5.9
      vertex 57.53 2.39999 19.9
    endloop
  endfacet
  facet normal 1 0 0
    outer loop
      vertex 57.53 2.39999 5.9
      vertex 57.53 0 19.9
      vertex 57.53 0 5.9
    endloop
  endfacet
  facet normal 0 0 -1
    outer loop
      vertex 57.53 0 19.9
      vertex 69.53 2.39999 19.9
      vertex 69.53 0 19.9
    endloop
  endfacet
  facet normal -0 0 -1
    outer loop
      vertex 69.53 2.39999 19.9
      vertex 57.53 0 19.9
      vertex 57.53 2.39999 19.9
    endloop
  endfacet
  facet normal -1 0 0
    outer loop
      vertex 69.53 0 5.9
      vertex 69.53 2.39999 19.9
      vertex 69.53 2.39999 5.9
    endloop
  endfacet
  facet normal -1 -0 0
    outer loop
      vertex 69.53 2.39999 19.9
      vertex 69.53 0 5.9
      vertex 69.53 0 19.9
    endloop
  endfacet
  facet normal -0 0 1
    outer loop
      vertex 57.53 2.39999 5.9
      vertex 69.53 0 5.9
      vertex 69.53 2.39999 5.9
    endloop
  endfacet
  facet normal 0 0 1
    outer loop
      vertex 69.53 0 5.9
      vertex 57.53 2.39999 5.9
      vertex 57.53 0 5.9
    endloop
  endfacet
  facet normal -0.947028 -0.32115 0
    outer loop
      vertex 48.8637 146.035 0
      vertex 48.6955 146.531 2.4
      vertex 48.6955 146.531 0
    endloop
  endfacet
  facet normal -0.947028 -0.32115 0
    outer loop
      vertex 48.6955 146.531 2.4
      vertex 48.8637 146.035 0
      vertex 48.8637 146.035 2.4
    endloop
  endfacet
  facet normal -0.997861 -0.0653771 0
    outer loop
      vertex 49 145 0
      vertex 48.9658 145.522 2.4
      vertex 48.9658 145.522 0
    endloop
  endfacet
  facet normal -0.997861 -0.0653771 0
    outer loop
      vertex 48.9658 145.522 2.4
      vertex 49 145 0
      vertex 49 145 2.4
    endloop
  endfacet
  facet normal 0.064984 -0.997886 0
    outer loop
      vertex 44.4779 148.966 0
      vertex 45 149 2.4
      vertex 44.4779 148.966 2.4
    endloop
  endfacet
  facet normal 0.064984 -0.997886 0
    outer loop
      vertex 45 149 2.4
      vertex 44.4779 148.966 0
      vertex 45 149 0
    endloop
  endfacet
  facet normal -0.659343 -0.751842 0
    outer loop
      vertex 47.435 148.173 0
      vertex 47.8284 147.828 2.4
      vertex 47.435 148.173 2.4
    endloop
  endfacet
  facet normal -0.659343 -0.751842 -0
    outer loop
      vertex 47.8284 147.828 2.4
      vertex 47.435 148.173 0
      vertex 47.8284 147.828 0
    endloop
  endfacet
  facet normal 0.75151 -0.659722 0
    outer loop
      vertex 41.8266 147.435 2.4
      vertex 42.1716 147.828 0
      vertex 42.1716 147.828 2.4
    endloop
  endfacet
  facet normal 0.75151 -0.659722 0
    outer loop
      vertex 42.1716 147.828 0
      vertex 41.8266 147.435 2.4
      vertex 41.8266 147.435 0
    endloop
  endfacet
  facet normal 0.443159 -0.896443 0
    outer loop
      vertex 43 148.464 0
      vertex 43.4693 148.696 2.4
      vertex 43 148.464 2.4
    endloop
  endfacet
  facet normal 0.443159 -0.896443 0
    outer loop
      vertex 43.4693 148.696 2.4
      vertex 43 148.464 0
      vertex 43.4693 148.696 0
    endloop
  endfacet
  facet normal 0.75151 0.659722 0
    outer loop
      vertex 42.1716 142.172 2.4
      vertex 41.8266 142.565 0
      vertex 41.8266 142.565 2.4
    endloop
  endfacet
  facet normal 0.75151 0.659722 0
    outer loop
      vertex 41.8266 142.565 0
      vertex 42.1716 142.172 2.4
      vertex 42.1716 142.172 0
    endloop
  endfacet
  facet normal -0.896786 -0.442465 0
    outer loop
      vertex 48.6955 146.531 0
      vertex 48.4641 147 2.4
      vertex 48.4641 147 0
    endloop
  endfacet
  facet normal -0.896786 -0.442465 0
    outer loop
      vertex 48.4641 147 2.4
      vertex 48.6955 146.531 0
      vertex 48.6955 146.531 2.4
    endloop
  endfacet
  facet normal -0.831432 -0.555626 0
    outer loop
      vertex 48.4641 147 0
      vertex 48.1734 147.435 2.4
      vertex 48.1734 147.435 0
    endloop
  endfacet
  facet normal -0.831432 -0.555626 0
    outer loop
      vertex 48.1734 147.435 2.4
      vertex 48.4641 147 0
      vertex 48.4641 147 2.4
    endloop
  endfacet
  facet normal -0.321156 -0.947026 0
    outer loop
      vertex 46.0353 148.864 0
      vertex 46.5307 148.696 2.4
      vertex 46.0353 148.864 2.4
    endloop
  endfacet
  facet normal -0.321156 -0.947026 -0
    outer loop
      vertex 46.5307 148.696 2.4
      vertex 46.0353 148.864 0
      vertex 46.5307 148.696 0
    endloop
  endfacet
  facet normal -0.064984 -0.997886 0
    outer loop
      vertex 45 149 0
      vertex 45.5221 148.966 2.4
      vertex 45 149 2.4
    endloop
  endfacet
  facet normal -0.064984 -0.997886 -0
    outer loop
      vertex 45.5221 148.966 2.4
      vertex 45 149 0
      vertex 45.5221 148.966 0
    endloop
  endfacet
  facet normal -0.556022 -0.831167 0
    outer loop
      vertex 47 148.464 0
      vertex 47.435 148.173 2.4
      vertex 47 148.464 2.4
    endloop
  endfacet
  facet normal -0.556022 -0.831167 -0
    outer loop
      vertex 47.435 148.173 2.4
      vertex 47 148.464 0
      vertex 47.435 148.173 0
    endloop
  endfacet
  facet normal 0.947028 -0.32115 0
    outer loop
      vertex 41.1363 146.035 2.4
      vertex 41.3045 146.531 0
      vertex 41.3045 146.531 2.4
    endloop
  endfacet
  facet normal 0.947028 -0.32115 0
    outer loop
      vertex 41.3045 146.531 0
      vertex 41.1363 146.035 2.4
      vertex 41.1363 146.035 0
    endloop
  endfacet
  facet normal 0.896786 -0.442465 0
    outer loop
      vertex 41.3045 146.531 2.4
      vertex 41.5359 147 0
      vertex 41.5359 147 2.4
    endloop
  endfacet
  facet normal 0.896786 -0.442465 0
    outer loop
      vertex 41.5359 147 0
      vertex 41.3045 146.531 2.4
      vertex 41.3045 146.531 0
    endloop
  endfacet
  facet normal 0.980764 -0.195197 0
    outer loop
      vertex 41.0342 145.522 2.4
      vertex 41.1363 146.035 0
      vertex 41.1363 146.035 2.4
    endloop
  endfacet
  facet normal 0.980764 -0.195197 0
    outer loop
      vertex 41.1363 146.035 0
      vertex 41.0342 145.522 2.4
      vertex 41.0342 145.522 0
    endloop
  endfacet
  facet normal 0.997861 0.0653771 0
    outer loop
      vertex 41.0342 144.478 2.4
      vertex 41 145 0
      vertex 41 145 2.4
    endloop
  endfacet
  facet normal 0.997861 0.0653771 0
    outer loop
      vertex 41 145 0
      vertex 41.0342 144.478 2.4
      vertex 41.0342 144.478 0
    endloop
  endfacet
  facet normal 0.556022 -0.831167 0
    outer loop
      vertex 42.565 148.173 0
      vertex 43 148.464 2.4
      vertex 42.565 148.173 2.4
    endloop
  endfacet
  facet normal 0.556022 -0.831167 0
    outer loop
      vertex 43 148.464 2.4
      vertex 42.565 148.173 0
      vertex 43 148.464 0
    endloop
  endfacet
  facet normal 0.19494 -0.980815 0
    outer loop
      vertex 43.9647 148.864 0
      vertex 44.4779 148.966 2.4
      vertex 43.9647 148.864 2.4
    endloop
  endfacet
  facet normal 0.19494 -0.980815 0
    outer loop
      vertex 44.4779 148.966 2.4
      vertex 43.9647 148.864 0
      vertex 44.4779 148.966 0
    endloop
  endfacet
  facet normal -0.75151 0.659722 0
    outer loop
      vertex 47.8284 142.172 0
      vertex 48.1734 142.565 2.4
      vertex 48.1734 142.565 0
    endloop
  endfacet
  facet normal -0.75151 0.659722 0
    outer loop
      vertex 48.1734 142.565 2.4
      vertex 47.8284 142.172 0
      vertex 47.8284 142.172 2.4
    endloop
  endfacet
  facet normal -0.556022 0.831167 0
    outer loop
      vertex 47.435 141.827 0
      vertex 47 141.536 2.4
      vertex 47.435 141.827 2.4
    endloop
  endfacet
  facet normal -0.556022 0.831167 0
    outer loop
      vertex 47 141.536 2.4
      vertex 47.435 141.827 0
      vertex 47 141.536 0
    endloop
  endfacet
  facet normal -0.980764 0.195197 0
    outer loop
      vertex 48.8637 143.965 0
      vertex 48.9658 144.478 2.4
      vertex 48.9658 144.478 0
    endloop
  endfacet
  facet normal -0.980764 0.195197 0
    outer loop
      vertex 48.9658 144.478 2.4
      vertex 48.8637 143.965 0
      vertex 48.8637 143.965 2.4
    endloop
  endfacet
  facet normal 0.19494 0.980815 -0
    outer loop
      vertex 44.4779 141.034 0
      vertex 43.9647 141.136 2.4
      vertex 44.4779 141.034 2.4
    endloop
  endfacet
  facet normal 0.19494 0.980815 0
    outer loop
      vertex 43.9647 141.136 2.4
      vertex 44.4779 141.034 0
      vertex 43.9647 141.136 0
    endloop
  endfacet
  facet normal 0.321156 0.947026 -0
    outer loop
      vertex 43.9647 141.136 0
      vertex 43.4693 141.304 2.4
      vertex 43.9647 141.136 2.4
    endloop
  endfacet
  facet normal 0.321156 0.947026 0
    outer loop
      vertex 43.4693 141.304 2.4
      vertex 43.9647 141.136 0
      vertex 43.4693 141.304 0
    endloop
  endfacet
  facet normal 0.947028 0.32115 0
    outer loop
      vertex 41.3045 143.469 2.4
      vertex 41.1363 143.965 0
      vertex 41.1363 143.965 2.4
    endloop
  endfacet
  facet normal 0.947028 0.32115 0
    outer loop
      vertex 41.1363 143.965 0
      vertex 41.3045 143.469 2.4
      vertex 41.3045 143.469 0
    endloop
  endfacet
  facet normal 0.831432 0.555626 0
    outer loop
      vertex 41.8266 142.565 2.4
      vertex 41.5359 143 0
      vertex 41.5359 143 2.4
    endloop
  endfacet
  facet normal 0.831432 0.555626 0
    outer loop
      vertex 41.5359 143 0
      vertex 41.8266 142.565 2.4
      vertex 41.8266 142.565 0
    endloop
  endfacet
  facet normal 0.896786 0.442465 0
    outer loop
      vertex 41.5359 143 2.4
      vertex 41.3045 143.469 0
      vertex 41.3045 143.469 2.4
    endloop
  endfacet
  facet normal 0.896786 0.442465 0
    outer loop
      vertex 41.3045 143.469 0
      vertex 41.5359 143 2.4
      vertex 41.5359 143 0
    endloop
  endfacet
  facet normal -0.443159 -0.896443 0
    outer loop
      vertex 46.5307 148.696 0
      vertex 47 148.464 2.4
      vertex 46.5307 148.696 2.4
    endloop
  endfacet
  facet normal -0.443159 -0.896443 -0
    outer loop
      vertex 47 148.464 2.4
      vertex 46.5307 148.696 0
      vertex 47 148.464 0
    endloop
  endfacet
  facet normal 0.321156 -0.947026 0
    outer loop
      vertex 43.4693 148.696 0
      vertex 43.9647 148.864 2.4
      vertex 43.4693 148.696 2.4
    endloop
  endfacet
  facet normal 0.321156 -0.947026 0
    outer loop
      vertex 43.9647 148.864 2.4
      vertex 43.4693 148.696 0
      vertex 43.9647 148.864 0
    endloop
  endfacet
  facet normal -0.997861 0.0653771 0
    outer loop
      vertex 48.9658 144.478 0
      vertex 49 145 2.4
      vertex 49 145 0
    endloop
  endfacet
  facet normal -0.997861 0.0653771 0
    outer loop
      vertex 49 145 2.4
      vertex 48.9658 144.478 0
      vertex 48.9658 144.478 2.4
    endloop
  endfacet
  facet normal -0.443159 0.896443 0
    outer loop
      vertex 47 141.536 0
      vertex 46.5307 141.304 2.4
      vertex 47 141.536 2.4
    endloop
  endfacet
  facet normal -0.443159 0.896443 0
    outer loop
      vertex 46.5307 141.304 2.4
      vertex 47 141.536 0
      vertex 46.5307 141.304 0
    endloop
  endfacet
  facet normal -0.19494 0.980815 0
    outer loop
      vertex 46.0353 141.136 0
      vertex 45.5221 141.034 2.4
      vertex 46.0353 141.136 2.4
    endloop
  endfacet
  facet normal -0.19494 0.980815 0
    outer loop
      vertex 45.5221 141.034 2.4
      vertex 46.0353 141.136 0
      vertex 45.5221 141.034 0
    endloop
  endfacet
  facet normal -0.321156 0.947026 0
    outer loop
      vertex 46.5307 141.304 0
      vertex 46.0353 141.136 2.4
      vertex 46.5307 141.304 2.4
    endloop
  endfacet
  facet normal -0.321156 0.947026 0
    outer loop
      vertex 46.0353 141.136 2.4
      vertex 46.5307 141.304 0
      vertex 46.0353 141.136 0
    endloop
  endfacet
  facet normal -0.659343 0.751842 0
    outer loop
      vertex 47.8284 142.172 0
      vertex 47.435 141.827 2.4
      vertex 47.8284 142.172 2.4
    endloop
  endfacet
  facet normal -0.659343 0.751842 0
    outer loop
      vertex 47.435 141.827 2.4
      vertex 47.8284 142.172 0
      vertex 47.435 141.827 0
    endloop
  endfacet
  facet normal -0.947028 0.32115 0
    outer loop
      vertex 48.6955 143.469 0
      vertex 48.8637 143.965 2.4
      vertex 48.8637 143.965 0
    endloop
  endfacet
  facet normal -0.947028 0.32115 0
    outer loop
      vertex 48.8637 143.965 2.4
      vertex 48.6955 143.469 0
      vertex 48.6955 143.469 2.4
    endloop
  endfacet
  facet normal -0.831432 0.555626 0
    outer loop
      vertex 48.1734 142.565 0
      vertex 48.4641 143 2.4
      vertex 48.4641 143 0
    endloop
  endfacet
  facet normal -0.831432 0.555626 0
    outer loop
      vertex 48.4641 143 2.4
      vertex 48.1734 142.565 0
      vertex 48.1734 142.565 2.4
    endloop
  endfacet
  facet normal -0.896786 0.442465 0
    outer loop
      vertex 48.4641 143 0
      vertex 48.6955 143.469 2.4
      vertex 48.6955 143.469 0
    endloop
  endfacet
  facet normal -0.896786 0.442465 0
    outer loop
      vertex 48.6955 143.469 2.4
      vertex 48.4641 143 0
      vertex 48.4641 143 2.4
    endloop
  endfacet
  facet normal 0.064984 0.997886 -0
    outer loop
      vertex 45 141 0
      vertex 44.4779 141.034 2.4
      vertex 45 141 2.4
    endloop
  endfacet
  facet normal 0.064984 0.997886 0
    outer loop
      vertex 44.4779 141.034 2.4
      vertex 45 141 0
      vertex 44.4779 141.034 0
    endloop
  endfacet
  facet normal 0.556022 0.831167 -0
    outer loop
      vertex 43 141.536 0
      vertex 42.565 141.827 2.4
      vertex 43 141.536 2.4
    endloop
  endfacet
  facet normal 0.556022 0.831167 0
    outer loop
      vertex 42.565 141.827 2.4
      vertex 43 141.536 0
      vertex 42.565 141.827 0
    endloop
  endfacet
  facet normal -0.064984 0.997886 0
    outer loop
      vertex 45.5221 141.034 0
      vertex 45 141 2.4
      vertex 45.5221 141.034 2.4
    endloop
  endfacet
  facet normal -0.064984 0.997886 0
    outer loop
      vertex 45 141 2.4
      vertex 45.5221 141.034 0
      vertex 45 141 0
    endloop
  endfacet
  facet normal 0.443159 0.896443 -0
    outer loop
      vertex 43.4693 141.304 0
      vertex 43 141.536 2.4
      vertex 43.4693 141.304 2.4
    endloop
  endfacet
  facet normal 0.443159 0.896443 0
    outer loop
      vertex 43 141.536 2.4
      vertex 43.4693 141.304 0
      vertex 43 141.536 0
    endloop
  endfacet
  facet normal 0.659343 0.751842 -0
    outer loop
      vertex 42.565 141.827 0
      vertex 42.1716 142.172 2.4
      vertex 42.565 141.827 2.4
    endloop
  endfacet
  facet normal 0.659343 0.751842 0
    outer loop
      vertex 42.1716 142.172 2.4
      vertex 42.565 141.827 0
      vertex 42.1716 142.172 0
    endloop
  endfacet
  facet normal 0.980764 0.195197 0
    outer loop
      vertex 41.1363 143.965 2.4
      vertex 41.0342 144.478 0
      vertex 41.0342 144.478 2.4
    endloop
  endfacet
  facet normal 0.980764 0.195197 0
    outer loop
      vertex 41.0342 144.478 0
      vertex 41.1363 143.965 2.4
      vertex 41.1363 143.965 0
    endloop
  endfacet
  facet normal -0.980764 -0.195197 0
    outer loop
      vertex 48.9658 145.522 0
      vertex 48.8637 146.035 2.4
      vertex 48.8637 146.035 0
    endloop
  endfacet
  facet normal -0.980764 -0.195197 0
    outer loop
      vertex 48.8637 146.035 2.4
      vertex 48.9658 145.522 0
      vertex 48.9658 145.522 2.4
    endloop
  endfacet
  facet normal -0.75151 -0.659722 0
    outer loop
      vertex 48.1734 147.435 0
      vertex 47.8284 147.828 2.4
      vertex 47.8284 147.828 0
    endloop
  endfacet
  facet normal -0.75151 -0.659722 0
    outer loop
      vertex 47.8284 147.828 2.4
      vertex 48.1734 147.435 0
      vertex 48.1734 147.435 2.4
    endloop
  endfacet
  facet normal -0.19494 -0.980815 0
    outer loop
      vertex 45.5221 148.966 0
      vertex 46.0353 148.864 2.4
      vertex 45.5221 148.966 2.4
    endloop
  endfacet
  facet normal -0.19494 -0.980815 -0
    outer loop
      vertex 46.0353 148.864 2.4
      vertex 45.5221 148.966 0
      vertex 46.0353 148.864 0
    endloop
  endfacet
  facet normal 0.831432 -0.555626 0
    outer loop
      vertex 41.5359 147 2.4
      vertex 41.8266 147.435 0
      vertex 41.8266 147.435 2.4
    endloop
  endfacet
  facet normal 0.831432 -0.555626 0
    outer loop
      vertex 41.8266 147.435 0
      vertex 41.5359 147 2.4
      vertex 41.5359 147 0
    endloop
  endfacet
  facet normal 0.997861 -0.0653771 0
    outer loop
      vertex 41 145 2.4
      vertex 41.0342 145.522 0
      vertex 41.0342 145.522 2.4
    endloop
  endfacet
  facet normal 0.997861 -0.0653771 0
    outer loop
      vertex 41.0342 145.522 0
      vertex 41 145 2.4
      vertex 41 145 0
    endloop
  endfacet
  facet normal 0.659343 -0.751842 0
    outer loop
      vertex 42.1716 147.828 0
      vertex 42.565 148.173 2.4
      vertex 42.1716 147.828 2.4
    endloop
  endfacet
  facet normal 0.659343 -0.751842 0
    outer loop
      vertex 42.565 148.173 2.4
      vertex 42.1716 147.828 0
      vertex 42.565 148.173 0
    endloop
  endfacet
endsolid OpenSCAD_Model
