solid OpenSCAD_Model
  facet normal -0.321464 -0.946922 0
    outer loop
      vertex 2.46927 0.304489 3.8147e-07
      vertex 2.96472 0.136292 2.4
      vertex 2.46927 0.304489 2.4
    endloop
  endfacet
  facet normal -0.321464 -0.946922 -0
    outer loop
      vertex 2.96472 0.136292 2.4
      vertex 2.46927 0.304489 3.8147e-07
      vertex 2.96472 0.136292 3.8147e-07
    endloop
  endfacet
  facet normal -0.0654119 -0.997858 0
    outer loop
      vertex 3.47789 0.0342255 3.8147e-07
      vertex 4 0 2.4
      vertex 3.47789 0.0342255 2.4
    endloop
  endfacet
  facet normal -0.0654119 -0.997858 -0
    outer loop
      vertex 4 0 2.4
      vertex 3.47789 0.0342255 3.8147e-07
      vertex 4 0 3.8147e-07
    endloop
  endfacet
  facet normal 0.195124 0.980779 -0
    outer loop
      vertex 49.0353 43.8637 3.8147e-07
      vertex 48.5221 43.9658 2.4
      vertex 49.0353 43.8637 2.4
    endloop
  endfacet
  facet normal 0.195124 0.980779 0
    outer loop
      vertex 48.5221 43.9658 2.4
      vertex 49.0353 43.8637 3.8147e-07
      vertex 48.5221 43.9658 3.8147e-07
    endloop
  endfacet
  facet normal -0.195073 -0.980789 0
    outer loop
      vertex 2.96472 0.136292 3.8147e-07
      vertex 3.47789 0.0342255 2.4
      vertex 2.96472 0.136292 2.4
    endloop
  endfacet
  facet normal -0.195073 -0.980789 -0
    outer loop
      vertex 3.47789 0.0342255 2.4
      vertex 2.96472 0.136292 3.8147e-07
      vertex 3.47789 0.0342255 3.8147e-07
    endloop
  endfacet
  facet normal -0.751855 0.659328 0
    outer loop
      vertex 0.826584 42.435 3.8147e-07
      vertex 1.17157 42.8284 2.4
      vertex 1.17157 42.8284 3.8147e-07
    endloop
  endfacet
  facet normal -0.751855 0.659328 0
    outer loop
      vertex 1.17157 42.8284 2.4
      vertex 0.826584 42.435 3.8147e-07
      vertex 0.826584 42.435 2.4
    endloop
  endfacet
  facet normal 0.997861 0.0653646 0
    outer loop
      vertex 52 40 2.4
      vertex 51.9658 40.5221 3.8147e-07
      vertex 51.9658 40.5221 2.4
    endloop
  endfacet
  facet normal 0.997861 0.0653646 0
    outer loop
      vertex 51.9658 40.5221 3.8147e-07
      vertex 52 40 2.4
      vertex 52 40 3.8147e-07
    endloop
  endfacet
  facet normal 0 0 -1
    outer loop
      vertex 7.72459 9.45641 3.8147e-07
      vertex 15.3272 16.7368 3.8147e-07
      vertex 8.1 9.27128 3.8147e-07
    endloop
  endfacet
  facet normal 0 0 -1
    outer loop
      vertex 14.1 22 3.8147e-07
      vertex 9.67262 37.0823 3.8147e-07
      vertex 9.7 37.5 3.8147e-07
    endloop
  endfacet
  facet normal -0 0 -1
    outer loop
      vertex 15.3272 16.7368 3.8147e-07
      vertex 7.72459 9.45641 3.8147e-07
      vertex 15.0058 17.4461 3.8147e-07
    endloop
  endfacet
  facet normal 0 0 -1
    outer loop
      vertex 14.1 22 3.8147e-07
      vertex 9.59096 36.6718 3.8147e-07
      vertex 9.67262 37.0823 3.8147e-07
    endloop
  endfacet
  facet normal 0 0 -1
    outer loop
      vertex 7.32822 9.59096 3.8147e-07
      vertex 15.0058 17.4461 3.8147e-07
      vertex 7.72459 9.45641 3.8147e-07
    endloop
  endfacet
  facet normal 0 0 -1
    outer loop
      vertex 14.1 22 3.8147e-07
      vertex 9.45641 36.2754 3.8147e-07
      vertex 9.59096 36.6718 3.8147e-07
    endloop
  endfacet
  facet normal -0 0 -1
    outer loop
      vertex 15.0058 17.4461 3.8147e-07
      vertex 7.32822 9.59096 3.8147e-07
      vertex 14.7315 18.1749 3.8147e-07
    endloop
  endfacet
  facet normal 0 0 -1
    outer loop
      vertex 14.1 22 3.8147e-07
      vertex 9.27128 35.9 3.8147e-07
      vertex 9.45641 36.2754 3.8147e-07
    endloop
  endfacet
  facet normal 0 0 -1
    outer loop
      vertex 6.91768 9.67262 3.8147e-07
      vertex 14.7315 18.1749 3.8147e-07
      vertex 7.32822 9.59096 3.8147e-07
    endloop
  endfacet
  facet normal 0 0 -1
    outer loop
      vertex 14.1 22 3.8147e-07
      vertex 9.03873 35.552 3.8147e-07
      vertex 9.27128 35.9 3.8147e-07
    endloop
  endfacet
  facet normal -0 0 -1
    outer loop
      vertex 14.7315 18.1749 3.8147e-07
      vertex 6.91768 9.67262 3.8147e-07
      vertex 14.5055 18.9201 3.8147e-07
    endloop
  endfacet
  facet normal 0 0 -1
    outer loop
      vertex 14.1 22 3.8147e-07
      vertex 8.76274 35.2373 3.8147e-07
      vertex 9.03873 35.552 3.8147e-07
    endloop
  endfacet
  facet normal 0 0 -1
    outer loop
      vertex 6.5 9.7 3.8147e-07
      vertex 14.5055 18.9201 3.8147e-07
      vertex 6.91768 9.67262 3.8147e-07
    endloop
  endfacet
  facet normal 0 0 -1
    outer loop
      vertex 14.1 22 3.8147e-07
      vertex 8.44804 34.9613 3.8147e-07
      vertex 8.76274 35.2373 3.8147e-07
    endloop
  endfacet
  facet normal -0 0 -1
    outer loop
      vertex 14.5055 18.9201 3.8147e-07
      vertex 6.5 9.7 3.8147e-07
      vertex 14.3287 19.6784 3.8147e-07
    endloop
  endfacet
  facet normal 0 0 -1
    outer loop
      vertex 14.1 22 3.8147e-07
      vertex 8.1 34.7287 3.8147e-07
      vertex 8.44804 34.9613 3.8147e-07
    endloop
  endfacet
  facet normal 0 0 -1
    outer loop
      vertex 6.08232 9.67262 3.8147e-07
      vertex 14.3287 19.6784 3.8147e-07
      vertex 6.5 9.7 3.8147e-07
    endloop
  endfacet
  facet normal 0 0 -1
    outer loop
      vertex 14.1 22 3.8147e-07
      vertex 7.72459 34.5436 3.8147e-07
      vertex 8.1 34.7287 3.8147e-07
    endloop
  endfacet
  facet normal -0 0 -1
    outer loop
      vertex 14.3287 19.6784 3.8147e-07
      vertex 6.08232 9.67262 3.8147e-07
      vertex 14.2018 20.4467 3.8147e-07
    endloop
  endfacet
  facet normal 0 0 -1
    outer loop
      vertex 14.1 22 3.8147e-07
      vertex 7.32822 34.409 3.8147e-07
      vertex 7.72459 34.5436 3.8147e-07
    endloop
  endfacet
  facet normal -0 0 -1
    outer loop
      vertex 14.2018 20.4467 3.8147e-07
      vertex 6.08232 9.67262 3.8147e-07
      vertex 14.1255 21.2217 3.8147e-07
    endloop
  endfacet
  facet normal 0 0 -1
    outer loop
      vertex 14.1 22 3.8147e-07
      vertex 6.91768 34.3274 3.8147e-07
      vertex 7.32822 34.409 3.8147e-07
    endloop
  endfacet
  facet normal 0 0 -1
    outer loop
      vertex 5.67178 9.59096 3.8147e-07
      vertex 14.1255 21.2217 3.8147e-07
      vertex 6.08232 9.67262 3.8147e-07
    endloop
  endfacet
  facet normal 0 0 -1
    outer loop
      vertex 14.1 22 3.8147e-07
      vertex 6.5 34.3 3.8147e-07
      vertex 6.91768 34.3274 3.8147e-07
    endloop
  endfacet
  facet normal -0 0 -1
    outer loop
      vertex 14.1255 21.2217 3.8147e-07
      vertex 5.67178 9.59096 3.8147e-07
      vertex 14.1 22 3.8147e-07
    endloop
  endfacet
  facet normal 0 0 -1
    outer loop
      vertex 14.1 22 3.8147e-07
      vertex 6.08232 34.3274 3.8147e-07
      vertex 6.5 34.3 3.8147e-07
    endloop
  endfacet
  facet normal 0 0 -1
    outer loop
      vertex 5.27541 9.45641 3.8147e-07
      vertex 14.1 22 3.8147e-07
      vertex 5.67178 9.59096 3.8147e-07
    endloop
  endfacet
  facet normal 0 0 -1
    outer loop
      vertex 14.1 22 3.8147e-07
      vertex 5.67178 34.409 3.8147e-07
      vertex 6.08232 34.3274 3.8147e-07
    endloop
  endfacet
  facet normal 0 0 -1
    outer loop
      vertex 5.27541 34.5436 3.8147e-07
      vertex 14.1 22 3.8147e-07
      vertex 5.27541 9.45641 3.8147e-07
    endloop
  endfacet
  facet normal 0 0 -1
    outer loop
      vertex 14.1 22 3.8147e-07
      vertex 5.27541 34.5436 3.8147e-07
      vertex 5.67178 34.409 3.8147e-07
    endloop
  endfacet
  facet normal 0 0 -1
    outer loop
      vertex 4.9 9.27128 3.8147e-07
      vertex 5.27541 34.5436 3.8147e-07
      vertex 5.27541 9.45641 3.8147e-07
    endloop
  endfacet
  facet normal 0 0 -1
    outer loop
      vertex 4.9 9.27128 3.8147e-07
      vertex 4.9 34.7287 3.8147e-07
      vertex 5.27541 34.5436 3.8147e-07
    endloop
  endfacet
  facet normal 0 0 -1
    outer loop
      vertex 4.55196 9.03873 3.8147e-07
      vertex 4.9 34.7287 3.8147e-07
      vertex 4.9 9.27128 3.8147e-07
    endloop
  endfacet
  facet normal 0 0 -1
    outer loop
      vertex 4.55196 9.03873 3.8147e-07
      vertex 4.55196 34.9613 3.8147e-07
      vertex 4.9 34.7287 3.8147e-07
    endloop
  endfacet
  facet normal 0 0 -1
    outer loop
      vertex 4.23726 8.76274 3.8147e-07
      vertex 4.55196 34.9613 3.8147e-07
      vertex 4.55196 9.03873 3.8147e-07
    endloop
  endfacet
  facet normal 0 0 -1
    outer loop
      vertex 4.23726 8.76274 3.8147e-07
      vertex 4.23726 35.2373 3.8147e-07
      vertex 4.55196 34.9613 3.8147e-07
    endloop
  endfacet
  facet normal 0 0 -1
    outer loop
      vertex 3.96127 8.44804 3.8147e-07
      vertex 4.23726 35.2373 3.8147e-07
      vertex 4.23726 8.76274 3.8147e-07
    endloop
  endfacet
  facet normal 0 0 -1
    outer loop
      vertex 3.96127 8.44804 3.8147e-07
      vertex 3.96127 35.552 3.8147e-07
      vertex 4.23726 35.2373 3.8147e-07
    endloop
  endfacet
  facet normal 0 0 -1
    outer loop
      vertex 0 4 3.8147e-07
      vertex 3.96127 8.44804 3.8147e-07
      vertex 3.72872 8.1 3.8147e-07
    endloop
  endfacet
  facet normal -0 0 -1
    outer loop
      vertex 3.96127 8.44804 3.8147e-07
      vertex 0 4 3.8147e-07
      vertex 3.96127 35.552 3.8147e-07
    endloop
  endfacet
  facet normal 0 0 -1
    outer loop
      vertex 0 4 3.8147e-07
      vertex 3.72872 8.1 3.8147e-07
      vertex 3.54359 7.72459 3.8147e-07
    endloop
  endfacet
  facet normal 0 0 -1
    outer loop
      vertex 0 40 3.8147e-07
      vertex 3.96127 35.552 3.8147e-07
      vertex 0 4 3.8147e-07
    endloop
  endfacet
  facet normal 0 0 -1
    outer loop
      vertex 0 4 3.8147e-07
      vertex 3.54359 7.72459 3.8147e-07
      vertex 3.40904 7.32822 3.8147e-07
    endloop
  endfacet
  facet normal 0 0 -1
    outer loop
      vertex 3.96127 35.552 3.8147e-07
      vertex 0 40 3.8147e-07
      vertex 3.72872 35.9 3.8147e-07
    endloop
  endfacet
  facet normal 0 0 -1
    outer loop
      vertex 0 4 3.8147e-07
      vertex 3.40904 7.32822 3.8147e-07
      vertex 3.32738 6.91768 3.8147e-07
    endloop
  endfacet
  facet normal 0 0 -1
    outer loop
      vertex 3.72872 35.9 3.8147e-07
      vertex 0 40 3.8147e-07
      vertex 3.54359 36.2754 3.8147e-07
    endloop
  endfacet
  facet normal 0 0 -1
    outer loop
      vertex 0 4 3.8147e-07
      vertex 3.32738 6.91768 3.8147e-07
      vertex 3.3 6.5 3.8147e-07
    endloop
  endfacet
  facet normal 0 0 -1
    outer loop
      vertex 3.54359 36.2754 3.8147e-07
      vertex 0 40 3.8147e-07
      vertex 3.40904 36.6718 3.8147e-07
    endloop
  endfacet
  facet normal 0 0 -1
    outer loop
      vertex 48.4564 7.72459 3.8147e-07
      vertex 52 4 3.8147e-07
      vertex 48.591 7.32822 3.8147e-07
    endloop
  endfacet
  facet normal 0 0 -1
    outer loop
      vertex 52 40 3.8147e-07
      vertex 48.6726 37.0823 3.8147e-07
      vertex 48.7 37.5 3.8147e-07
    endloop
  endfacet
  facet normal 0 0 -1
    outer loop
      vertex 48.2713 8.1 3.8147e-07
      vertex 52 4 3.8147e-07
      vertex 48.4564 7.72459 3.8147e-07
    endloop
  endfacet
  facet normal 0 0 -1
    outer loop
      vertex 52 40 3.8147e-07
      vertex 48.591 36.6718 3.8147e-07
      vertex 48.6726 37.0823 3.8147e-07
    endloop
  endfacet
  facet normal 0 0 -1
    outer loop
      vertex 48.0387 8.44804 3.8147e-07
      vertex 52 4 3.8147e-07
      vertex 48.2713 8.1 3.8147e-07
    endloop
  endfacet
  facet normal 0 0 -1
    outer loop
      vertex 52 40 3.8147e-07
      vertex 48.4564 36.2754 3.8147e-07
      vertex 48.591 36.6718 3.8147e-07
    endloop
  endfacet
  facet normal 0 0 -1
    outer loop
      vertex 52 4 3.8147e-07
      vertex 48.0387 8.44804 3.8147e-07
      vertex 52 40 3.8147e-07
    endloop
  endfacet
  facet normal 0 0 -1
    outer loop
      vertex 52 40 3.8147e-07
      vertex 48.2713 35.9 3.8147e-07
      vertex 48.4564 36.2754 3.8147e-07
    endloop
  endfacet
  facet normal 0 0 -1
    outer loop
      vertex 48.0387 35.552 3.8147e-07
      vertex 52 40 3.8147e-07
      vertex 48.0387 8.44804 3.8147e-07
    endloop
  endfacet
  facet normal 0 0 -1
    outer loop
      vertex 52 40 3.8147e-07
      vertex 48.0387 35.552 3.8147e-07
      vertex 48.2713 35.9 3.8147e-07
    endloop
  endfacet
  facet normal 0 0 -1
    outer loop
      vertex 47.7627 8.76274 3.8147e-07
      vertex 48.0387 35.552 3.8147e-07
      vertex 48.0387 8.44804 3.8147e-07
    endloop
  endfacet
  facet normal 0 0 -1
    outer loop
      vertex 47.7627 8.76274 3.8147e-07
      vertex 47.7627 35.2373 3.8147e-07
      vertex 48.0387 35.552 3.8147e-07
    endloop
  endfacet
  facet normal 0 0 -1
    outer loop
      vertex 47.448 9.03873 3.8147e-07
      vertex 47.7627 35.2373 3.8147e-07
      vertex 47.7627 8.76274 3.8147e-07
    endloop
  endfacet
  facet normal 0 0 -1
    outer loop
      vertex 47.448 9.03873 3.8147e-07
      vertex 47.448 34.9613 3.8147e-07
      vertex 47.7627 35.2373 3.8147e-07
    endloop
  endfacet
  facet normal 0 0 -1
    outer loop
      vertex 47.1 9.27128 3.8147e-07
      vertex 47.448 34.9613 3.8147e-07
      vertex 47.448 9.03873 3.8147e-07
    endloop
  endfacet
  facet normal 0 0 -1
    outer loop
      vertex 47.1 9.27128 3.8147e-07
      vertex 47.1 34.7287 3.8147e-07
      vertex 47.448 34.9613 3.8147e-07
    endloop
  endfacet
  facet normal 0 0 -1
    outer loop
      vertex 46.7246 9.45641 3.8147e-07
      vertex 47.1 34.7287 3.8147e-07
      vertex 47.1 9.27128 3.8147e-07
    endloop
  endfacet
  facet normal 0 0 -1
    outer loop
      vertex 46.7246 9.45641 3.8147e-07
      vertex 46.7246 34.5436 3.8147e-07
      vertex 47.1 34.7287 3.8147e-07
    endloop
  endfacet
  facet normal 0 0 -1
    outer loop
      vertex 37.9 22 3.8147e-07
      vertex 46.7246 9.45641 3.8147e-07
      vertex 46.3282 9.59096 3.8147e-07
    endloop
  endfacet
  facet normal 0 0 -1
    outer loop
      vertex 46.7246 9.45641 3.8147e-07
      vertex 37.9 22 3.8147e-07
      vertex 46.7246 34.5436 3.8147e-07
    endloop
  endfacet
  facet normal 0 0 -1
    outer loop
      vertex 37.8745 21.2217 3.8147e-07
      vertex 46.3282 9.59096 3.8147e-07
      vertex 45.9177 9.67262 3.8147e-07
    endloop
  endfacet
  facet normal 0 0 -1
    outer loop
      vertex 46.7246 34.5436 3.8147e-07
      vertex 37.9 22 3.8147e-07
      vertex 46.3282 34.409 3.8147e-07
    endloop
  endfacet
  facet normal 0 0 -1
    outer loop
      vertex 37.6713 19.6784 3.8147e-07
      vertex 45.9177 9.67262 3.8147e-07
      vertex 45.5 9.7 3.8147e-07
    endloop
  endfacet
  facet normal 0 0 -1
    outer loop
      vertex 37.8745 22.7783 3.8147e-07
      vertex 46.3282 34.409 3.8147e-07
      vertex 37.9 22 3.8147e-07
    endloop
  endfacet
  facet normal 0 0 -1
    outer loop
      vertex 37.4945 18.9201 3.8147e-07
      vertex 45.5 9.7 3.8147e-07
      vertex 45.0823 9.67262 3.8147e-07
    endloop
  endfacet
  facet normal 0 0 -1
    outer loop
      vertex 46.3282 34.409 3.8147e-07
      vertex 37.8745 22.7783 3.8147e-07
      vertex 45.9177 34.3274 3.8147e-07
    endloop
  endfacet
  facet normal 0 0 -1
    outer loop
      vertex 37.2685 18.1749 3.8147e-07
      vertex 45.0823 9.67262 3.8147e-07
      vertex 44.6718 9.59096 3.8147e-07
    endloop
  endfacet
  facet normal 0 0 -1
    outer loop
      vertex 37.7982 23.5533 3.8147e-07
      vertex 45.9177 34.3274 3.8147e-07
      vertex 37.8745 22.7783 3.8147e-07
    endloop
  endfacet
  facet normal 0 0 -1
    outer loop
      vertex 36.9942 17.4461 3.8147e-07
      vertex 44.6718 9.59096 3.8147e-07
      vertex 44.2754 9.45641 3.8147e-07
    endloop
  endfacet
  facet normal 0 0 -1
    outer loop
      vertex 37.6713 24.3216 3.8147e-07
      vertex 45.9177 34.3274 3.8147e-07
      vertex 37.7982 23.5533 3.8147e-07
    endloop
  endfacet
  facet normal 0 0 -1
    outer loop
      vertex 36.6728 16.7368 3.8147e-07
      vertex 44.2754 9.45641 3.8147e-07
      vertex 43.9 9.27128 3.8147e-07
    endloop
  endfacet
  facet normal 0 0 -1
    outer loop
      vertex 45.9177 34.3274 3.8147e-07
      vertex 37.6713 24.3216 3.8147e-07
      vertex 45.5 34.3 3.8147e-07
    endloop
  endfacet
  facet normal 0 0 -1
    outer loop
      vertex 36.3057 16.05 3.8147e-07
      vertex 43.9 9.27128 3.8147e-07
      vertex 43.552 9.03873 3.8147e-07
    endloop
  endfacet
  facet normal 0 0 -1
    outer loop
      vertex 37.4945 25.0799 3.8147e-07
      vertex 45.5 34.3 3.8147e-07
      vertex 37.6713 24.3216 3.8147e-07
    endloop
  endfacet
  facet normal 0 0 -1
    outer loop
      vertex 35.8945 15.3887 3.8147e-07
      vertex 43.552 9.03873 3.8147e-07
      vertex 43.2373 8.76274 3.8147e-07
    endloop
  endfacet
  facet normal -0 0 -1
    outer loop
      vertex 45.5 34.3 3.8147e-07
      vertex 37.4945 25.0799 3.8147e-07
      vertex 45.0823 34.3274 3.8147e-07
    endloop
  endfacet
  facet normal 0 0 -1
    outer loop
      vertex 35.4409 14.7557 3.8147e-07
      vertex 43.2373 8.76274 3.8147e-07
      vertex 42.9613 8.44804 3.8147e-07
    endloop
  endfacet
  facet normal 0 0 -1
    outer loop
      vertex 37.2685 25.8251 3.8147e-07
      vertex 45.0823 34.3274 3.8147e-07
      vertex 37.4945 25.0799 3.8147e-07
    endloop
  endfacet
  facet normal 0 0 -1
    outer loop
      vertex 34.9469 14.1538 3.8147e-07
      vertex 42.9613 8.44804 3.8147e-07
      vertex 42.7287 8.1 3.8147e-07
    endloop
  endfacet
  facet normal -0 0 -1
    outer loop
      vertex 45.0823 34.3274 3.8147e-07
      vertex 37.2685 25.8251 3.8147e-07
      vertex 44.6718 34.409 3.8147e-07
    endloop
  endfacet
  facet normal 0 0 -1
    outer loop
      vertex 34.4146 13.5854 3.8147e-07
      vertex 42.7287 8.1 3.8147e-07
      vertex 42.5436 7.72459 3.8147e-07
    endloop
  endfacet
  facet normal 0 0 -1
    outer loop
      vertex 36.9942 26.5539 3.8147e-07
      vertex 44.6718 34.409 3.8147e-07
      vertex 37.2685 25.8251 3.8147e-07
    endloop
  endfacet
  facet normal 0 0 -1
    outer loop
      vertex 33.8462 13.0531 3.8147e-07
      vertex 42.5436 7.72459 3.8147e-07
      vertex 42.409 7.32822 3.8147e-07
    endloop
  endfacet
  facet normal -0 0 -1
    outer loop
      vertex 44.6718 34.409 3.8147e-07
      vertex 36.9942 26.5539 3.8147e-07
      vertex 44.2754 34.5436 3.8147e-07
    endloop
  endfacet
  facet normal 0 0 -1
    outer loop
      vertex 33.2443 12.5591 3.8147e-07
      vertex 42.409 7.32822 3.8147e-07
      vertex 42.3274 6.91768 3.8147e-07
    endloop
  endfacet
  facet normal 0 0 -1
    outer loop
      vertex 36.6728 27.2632 3.8147e-07
      vertex 44.2754 34.5436 3.8147e-07
      vertex 36.9942 26.5539 3.8147e-07
    endloop
  endfacet
  facet normal 0 0 -1
    outer loop
      vertex 32.6113 12.1055 3.8147e-07
      vertex 42.3274 6.91768 3.8147e-07
      vertex 42.3 6.5 3.8147e-07
    endloop
  endfacet
  facet normal -0 0 -1
    outer loop
      vertex 44.2754 34.5436 3.8147e-07
      vertex 36.6728 27.2632 3.8147e-07
      vertex 43.9 34.7287 3.8147e-07
    endloop
  endfacet
  facet normal 0 0 -1
    outer loop
      vertex 48.2713 4.9 3.8147e-07
      vertex 52 4 3.8147e-07
      vertex 51.9658 3.47789 3.8147e-07
    endloop
  endfacet
  facet normal 0 0 -1
    outer loop
      vertex 48.6726 6.91768 3.8147e-07
      vertex 52 4 3.8147e-07
      vertex 48.7 6.5 3.8147e-07
    endloop
  endfacet
  facet normal 0 0 -1
    outer loop
      vertex 48.2713 4.9 3.8147e-07
      vertex 51.9658 3.47789 3.8147e-07
      vertex 51.8637 2.96472 3.8147e-07
    endloop
  endfacet
  facet normal 0 0 -1
    outer loop
      vertex 48.591 7.32822 3.8147e-07
      vertex 52 4 3.8147e-07
      vertex 48.6726 6.91768 3.8147e-07
    endloop
  endfacet
  facet normal 0 0 -1
    outer loop
      vertex 48.0387 4.55196 3.8147e-07
      vertex 51.8637 2.96472 3.8147e-07
      vertex 51.6955 2.46927 3.8147e-07
    endloop
  endfacet
  facet normal 0 0 -1
    outer loop
      vertex 48.6726 37.9177 3.8147e-07
      vertex 52 40 3.8147e-07
      vertex 48.7 37.5 3.8147e-07
    endloop
  endfacet
  facet normal 0 0 -1
    outer loop
      vertex 48.0387 4.55196 3.8147e-07
      vertex 51.6955 2.46927 3.8147e-07
      vertex 51.4641 2 3.8147e-07
    endloop
  endfacet
  facet normal 0 0 -1
    outer loop
      vertex 48.591 38.3282 3.8147e-07
      vertex 52 40 3.8147e-07
      vertex 48.6726 37.9177 3.8147e-07
    endloop
  endfacet
  facet normal 0 0 -1
    outer loop
      vertex 48.0387 4.55196 3.8147e-07
      vertex 51.4641 2 3.8147e-07
      vertex 51.1734 1.56496 3.8147e-07
    endloop
  endfacet
  facet normal 0 0 -1
    outer loop
      vertex 48.4564 38.7246 3.8147e-07
      vertex 52 40 3.8147e-07
      vertex 48.591 38.3282 3.8147e-07
    endloop
  endfacet
  facet normal 0 0 -1
    outer loop
      vertex 47.7627 4.23726 3.8147e-07
      vertex 51.1734 1.56496 3.8147e-07
      vertex 50.8284 1.17157 3.8147e-07
    endloop
  endfacet
  facet normal 0 0 -1
    outer loop
      vertex 48.2713 39.1 3.8147e-07
      vertex 52 40 3.8147e-07
      vertex 48.4564 38.7246 3.8147e-07
    endloop
  endfacet
  facet normal 0 0 -1
    outer loop
      vertex 47.7627 4.23726 3.8147e-07
      vertex 50.8284 1.17157 3.8147e-07
      vertex 50.435 0.826584 3.8147e-07
    endloop
  endfacet
  facet normal -0 0 -1
    outer loop
      vertex 52 40 3.8147e-07
      vertex 48.2713 39.1 3.8147e-07
      vertex 51.9658 40.5221 3.8147e-07
    endloop
  endfacet
  facet normal 0 0 -1
    outer loop
      vertex 47.7627 4.23726 3.8147e-07
      vertex 50.435 0.826584 3.8147e-07
      vertex 50 0.535904 3.8147e-07
    endloop
  endfacet
  facet normal -0 0 -1
    outer loop
      vertex 51.9658 40.5221 3.8147e-07
      vertex 48.2713 39.1 3.8147e-07
      vertex 51.8637 41.0353 3.8147e-07
    endloop
  endfacet
  facet normal 0 0 -1
    outer loop
      vertex 47.448 3.96127 3.8147e-07
      vertex 50 0.535904 3.8147e-07
      vertex 49.5307 0.304489 3.8147e-07
    endloop
  endfacet
  facet normal 0 0 -1
    outer loop
      vertex 48.0387 39.448 3.8147e-07
      vertex 51.8637 41.0353 3.8147e-07
      vertex 48.2713 39.1 3.8147e-07
    endloop
  endfacet
  facet normal 0 0 -1
    outer loop
      vertex 47.448 3.96127 3.8147e-07
      vertex 49.5307 0.304489 3.8147e-07
      vertex 49.0353 0.136292 3.8147e-07
    endloop
  endfacet
  facet normal -0 0 -1
    outer loop
      vertex 51.8637 41.0353 3.8147e-07
      vertex 48.0387 39.448 3.8147e-07
      vertex 51.6955 41.5307 3.8147e-07
    endloop
  endfacet
  facet normal -0 0 -1
    outer loop
      vertex 51.6955 41.5307 3.8147e-07
      vertex 48.0387 39.448 3.8147e-07
      vertex 51.4641 42 3.8147e-07
    endloop
  endfacet
  facet normal 0 0 -1
    outer loop
      vertex 52 4 3.8147e-07
      vertex 48.6726 6.08232 3.8147e-07
      vertex 48.7 6.5 3.8147e-07
    endloop
  endfacet
  facet normal 0 0 -1
    outer loop
      vertex 52 4 3.8147e-07
      vertex 48.591 5.67178 3.8147e-07
      vertex 48.6726 6.08232 3.8147e-07
    endloop
  endfacet
  facet normal 0 0 -1
    outer loop
      vertex 47.1 3.72872 3.8147e-07
      vertex 49.0353 0.136292 3.8147e-07
      vertex 48.5221 0.0342255 3.8147e-07
    endloop
  endfacet
  facet normal 0 0 -1
    outer loop
      vertex 52 4 3.8147e-07
      vertex 48.4564 5.27541 3.8147e-07
      vertex 48.591 5.67178 3.8147e-07
    endloop
  endfacet
  facet normal 0 0 -1
    outer loop
      vertex 52 4 3.8147e-07
      vertex 48.2713 4.9 3.8147e-07
      vertex 48.4564 5.27541 3.8147e-07
    endloop
  endfacet
  facet normal 0 0 -1
    outer loop
      vertex 51.8637 2.96472 3.8147e-07
      vertex 48.0387 4.55196 3.8147e-07
      vertex 48.2713 4.9 3.8147e-07
    endloop
  endfacet
  facet normal 0 0 -1
    outer loop
      vertex 47.1 3.72872 3.8147e-07
      vertex 48.5221 0.0342255 3.8147e-07
      vertex 48 0 3.8147e-07
    endloop
  endfacet
  facet normal 0 0 -1
    outer loop
      vertex 51.1734 1.56496 3.8147e-07
      vertex 47.7627 4.23726 3.8147e-07
      vertex 48.0387 4.55196 3.8147e-07
    endloop
  endfacet
  facet normal 0 0 -1
    outer loop
      vertex 50 0.535904 3.8147e-07
      vertex 47.448 3.96127 3.8147e-07
      vertex 47.7627 4.23726 3.8147e-07
    endloop
  endfacet
  facet normal 0 0 -1
    outer loop
      vertex 49.0353 0.136292 3.8147e-07
      vertex 47.1 3.72872 3.8147e-07
      vertex 47.448 3.96127 3.8147e-07
    endloop
  endfacet
  facet normal 0 0 -1
    outer loop
      vertex 48 0 3.8147e-07
      vertex 46.7246 3.54359 3.8147e-07
      vertex 47.1 3.72872 3.8147e-07
    endloop
  endfacet
  facet normal 0 0 -1
    outer loop
      vertex 48 0 3.8147e-07
      vertex 46.3282 3.40904 3.8147e-07
      vertex 46.7246 3.54359 3.8147e-07
    endloop
  endfacet
  facet normal 0 0 -1
    outer loop
      vertex 48 0 3.8147e-07
      vertex 45.9177 3.32738 3.8147e-07
      vertex 46.3282 3.40904 3.8147e-07
    endloop
  endfacet
  facet normal 0 0 -1
    outer loop
      vertex 48 0 3.8147e-07
      vertex 45.5 3.3 3.8147e-07
      vertex 45.9177 3.32738 3.8147e-07
    endloop
  endfacet
  facet normal 0 0 -1
    outer loop
      vertex 48 0 3.8147e-07
      vertex 45.0823 3.32738 3.8147e-07
      vertex 45.5 3.3 3.8147e-07
    endloop
  endfacet
  facet normal 0 0 -1
    outer loop
      vertex 48 0 3.8147e-07
      vertex 44.6718 3.40904 3.8147e-07
      vertex 45.0823 3.32738 3.8147e-07
    endloop
  endfacet
  facet normal 0 0 -1
    outer loop
      vertex 48 0 3.8147e-07
      vertex 44.2754 3.54359 3.8147e-07
      vertex 44.6718 3.40904 3.8147e-07
    endloop
  endfacet
  facet normal 0 0 -1
    outer loop
      vertex 48 0 3.8147e-07
      vertex 43.9 3.72872 3.8147e-07
      vertex 44.2754 3.54359 3.8147e-07
    endloop
  endfacet
  facet normal 0 0 -1
    outer loop
      vertex 48 0 3.8147e-07
      vertex 43.552 3.96127 3.8147e-07
      vertex 43.9 3.72872 3.8147e-07
    endloop
  endfacet
  facet normal 0 0 -1
    outer loop
      vertex 8.44804 3.96127 3.8147e-07
      vertex 43.552 3.96127 3.8147e-07
      vertex 48 0 3.8147e-07
    endloop
  endfacet
  facet normal 0 0 -1
    outer loop
      vertex 36.3057 27.95 3.8147e-07
      vertex 43.9 34.7287 3.8147e-07
      vertex 36.6728 27.2632 3.8147e-07
    endloop
  endfacet
  facet normal 0 0 -1
    outer loop
      vertex 31.95 11.6943 3.8147e-07
      vertex 42.3 6.5 3.8147e-07
      vertex 42.3274 6.08232 3.8147e-07
    endloop
  endfacet
  facet normal 0 0 -1
    outer loop
      vertex 31.2632 11.3272 3.8147e-07
      vertex 42.3274 6.08232 3.8147e-07
      vertex 42.409 5.67178 3.8147e-07
    endloop
  endfacet
  facet normal 0 0 -1
    outer loop
      vertex 46.3282 9.59096 3.8147e-07
      vertex 37.8745 21.2217 3.8147e-07
      vertex 37.9 22 3.8147e-07
    endloop
  endfacet
  facet normal 0 0 -1
    outer loop
      vertex 45.9177 9.67262 3.8147e-07
      vertex 37.7982 20.4467 3.8147e-07
      vertex 37.8745 21.2217 3.8147e-07
    endloop
  endfacet
  facet normal 0 0 -1
    outer loop
      vertex 45.9177 9.67262 3.8147e-07
      vertex 37.6713 19.6784 3.8147e-07
      vertex 37.7982 20.4467 3.8147e-07
    endloop
  endfacet
  facet normal 0 0 -1
    outer loop
      vertex 45.5 9.7 3.8147e-07
      vertex 37.4945 18.9201 3.8147e-07
      vertex 37.6713 19.6784 3.8147e-07
    endloop
  endfacet
  facet normal 0 0 -1
    outer loop
      vertex 30.5539 11.0058 3.8147e-07
      vertex 42.409 5.67178 3.8147e-07
      vertex 42.5436 5.27541 3.8147e-07
    endloop
  endfacet
  facet normal 0 0 -1
    outer loop
      vertex 45.0823 9.67262 3.8147e-07
      vertex 37.2685 18.1749 3.8147e-07
      vertex 37.4945 18.9201 3.8147e-07
    endloop
  endfacet
  facet normal 0 0 -1
    outer loop
      vertex 44.6718 9.59096 3.8147e-07
      vertex 36.9942 17.4461 3.8147e-07
      vertex 37.2685 18.1749 3.8147e-07
    endloop
  endfacet
  facet normal 0 0 -1
    outer loop
      vertex 44.2754 9.45641 3.8147e-07
      vertex 36.6728 16.7368 3.8147e-07
      vertex 36.9942 17.4461 3.8147e-07
    endloop
  endfacet
  facet normal 0 0 -1
    outer loop
      vertex 29.8251 10.7315 3.8147e-07
      vertex 42.5436 5.27541 3.8147e-07
      vertex 42.7287 4.9 3.8147e-07
    endloop
  endfacet
  facet normal 0 0 -1
    outer loop
      vertex 43.9 9.27128 3.8147e-07
      vertex 36.3057 16.05 3.8147e-07
      vertex 36.6728 16.7368 3.8147e-07
    endloop
  endfacet
  facet normal 0 0 -1
    outer loop
      vertex 43.552 9.03873 3.8147e-07
      vertex 35.8945 15.3887 3.8147e-07
      vertex 36.3057 16.05 3.8147e-07
    endloop
  endfacet
  facet normal 0 0 -1
    outer loop
      vertex 43.2373 8.76274 3.8147e-07
      vertex 35.4409 14.7557 3.8147e-07
      vertex 35.8945 15.3887 3.8147e-07
    endloop
  endfacet
  facet normal 0 0 -1
    outer loop
      vertex 28.3216 10.3287 3.8147e-07
      vertex 42.7287 4.9 3.8147e-07
      vertex 42.9613 4.55196 3.8147e-07
    endloop
  endfacet
  facet normal 0 0 -1
    outer loop
      vertex 42.9613 8.44804 3.8147e-07
      vertex 34.9469 14.1538 3.8147e-07
      vertex 35.4409 14.7557 3.8147e-07
    endloop
  endfacet
  facet normal 0 0 -1
    outer loop
      vertex 42.7287 8.1 3.8147e-07
      vertex 34.4146 13.5854 3.8147e-07
      vertex 34.9469 14.1538 3.8147e-07
    endloop
  endfacet
  facet normal 0 0 -1
    outer loop
      vertex 27.5533 10.2018 3.8147e-07
      vertex 42.9613 4.55196 3.8147e-07
      vertex 43.2373 4.23726 3.8147e-07
    endloop
  endfacet
  facet normal 0 0 -1
    outer loop
      vertex 42.5436 7.72459 3.8147e-07
      vertex 33.8462 13.0531 3.8147e-07
      vertex 34.4146 13.5854 3.8147e-07
    endloop
  endfacet
  facet normal 0 0 -1
    outer loop
      vertex 42.409 7.32822 3.8147e-07
      vertex 33.2443 12.5591 3.8147e-07
      vertex 33.8462 13.0531 3.8147e-07
    endloop
  endfacet
  facet normal 0 -0 -1
    outer loop
      vertex 26 10.1 3.8147e-07
      vertex 43.552 3.96127 3.8147e-07
      vertex 8.44804 3.96127 3.8147e-07
    endloop
  endfacet
  facet normal 0 0 -1
    outer loop
      vertex 42.3274 6.91768 3.8147e-07
      vertex 32.6113 12.1055 3.8147e-07
      vertex 33.2443 12.5591 3.8147e-07
    endloop
  endfacet
  facet normal 0 0 -1
    outer loop
      vertex 42.3 6.5 3.8147e-07
      vertex 31.95 11.6943 3.8147e-07
      vertex 32.6113 12.1055 3.8147e-07
    endloop
  endfacet
  facet normal 0 0 -1
    outer loop
      vertex 42.3274 6.08232 3.8147e-07
      vertex 31.2632 11.3272 3.8147e-07
      vertex 31.95 11.6943 3.8147e-07
    endloop
  endfacet
  facet normal 0 0 -1
    outer loop
      vertex 42.409 5.67178 3.8147e-07
      vertex 30.5539 11.0058 3.8147e-07
      vertex 31.2632 11.3272 3.8147e-07
    endloop
  endfacet
  facet normal 0 0 -1
    outer loop
      vertex 42.5436 5.27541 3.8147e-07
      vertex 29.8251 10.7315 3.8147e-07
      vertex 30.5539 11.0058 3.8147e-07
    endloop
  endfacet
  facet normal 0 0 -1
    outer loop
      vertex 42.7287 4.9 3.8147e-07
      vertex 29.0799 10.5055 3.8147e-07
      vertex 29.8251 10.7315 3.8147e-07
    endloop
  endfacet
  facet normal 0 0 -1
    outer loop
      vertex 42.7287 4.9 3.8147e-07
      vertex 28.3216 10.3287 3.8147e-07
      vertex 29.0799 10.5055 3.8147e-07
    endloop
  endfacet
  facet normal 0 0 -1
    outer loop
      vertex 42.9613 4.55196 3.8147e-07
      vertex 27.5533 10.2018 3.8147e-07
      vertex 28.3216 10.3287 3.8147e-07
    endloop
  endfacet
  facet normal 0 0 -1
    outer loop
      vertex 43.2373 4.23726 3.8147e-07
      vertex 26.7783 10.1255 3.8147e-07
      vertex 27.5533 10.2018 3.8147e-07
    endloop
  endfacet
  facet normal 0 0 -1
    outer loop
      vertex 43.2373 4.23726 3.8147e-07
      vertex 26 10.1 3.8147e-07
      vertex 26.7783 10.1255 3.8147e-07
    endloop
  endfacet
  facet normal 0 0 -1
    outer loop
      vertex 43.552 3.96127 3.8147e-07
      vertex 26 10.1 3.8147e-07
      vertex 43.2373 4.23726 3.8147e-07
    endloop
  endfacet
  facet normal -0 0 -1
    outer loop
      vertex 26 10.1 3.8147e-07
      vertex 8.44804 3.96127 3.8147e-07
      vertex 25.2217 10.1255 3.8147e-07
    endloop
  endfacet
  facet normal 0 -0 -1
    outer loop
      vertex 8.76274 4.23726 3.8147e-07
      vertex 25.2217 10.1255 3.8147e-07
      vertex 8.44804 3.96127 3.8147e-07
    endloop
  endfacet
  facet normal -0 0 -1
    outer loop
      vertex 25.2217 10.1255 3.8147e-07
      vertex 8.76274 4.23726 3.8147e-07
      vertex 24.4467 10.2018 3.8147e-07
    endloop
  endfacet
  facet normal -0 0 -1
    outer loop
      vertex 24.4467 10.2018 3.8147e-07
      vertex 9.03873 4.55196 3.8147e-07
      vertex 23.6784 10.3287 3.8147e-07
    endloop
  endfacet
  facet normal 0 -0 -1
    outer loop
      vertex 9.27128 4.9 3.8147e-07
      vertex 23.6784 10.3287 3.8147e-07
      vertex 9.03873 4.55196 3.8147e-07
    endloop
  endfacet
  facet normal 0 0 -1
    outer loop
      vertex 8.1 9.27128 3.8147e-07
      vertex 15.6943 16.05 3.8147e-07
      vertex 8.44804 9.03873 3.8147e-07
    endloop
  endfacet
  facet normal -0 0 -1
    outer loop
      vertex 16.1055 15.3887 3.8147e-07
      vertex 8.44804 9.03873 3.8147e-07
      vertex 15.6943 16.05 3.8147e-07
    endloop
  endfacet
  facet normal 0 0 -1
    outer loop
      vertex 8.44804 9.03873 3.8147e-07
      vertex 16.1055 15.3887 3.8147e-07
      vertex 8.76274 8.76274 3.8147e-07
    endloop
  endfacet
  facet normal -0 0 -1
    outer loop
      vertex 16.5591 14.7557 3.8147e-07
      vertex 8.76274 8.76274 3.8147e-07
      vertex 16.1055 15.3887 3.8147e-07
    endloop
  endfacet
  facet normal 0 0 -1
    outer loop
      vertex 8.76274 8.76274 3.8147e-07
      vertex 16.5591 14.7557 3.8147e-07
      vertex 9.03873 8.44804 3.8147e-07
    endloop
  endfacet
  facet normal -0 0 -1
    outer loop
      vertex 17.0531 14.1538 3.8147e-07
      vertex 9.03873 8.44804 3.8147e-07
      vertex 16.5591 14.7557 3.8147e-07
    endloop
  endfacet
  facet normal 0 0 -1
    outer loop
      vertex 9.03873 8.44804 3.8147e-07
      vertex 17.0531 14.1538 3.8147e-07
      vertex 9.27128 8.1 3.8147e-07
    endloop
  endfacet
  facet normal -0 0 -1
    outer loop
      vertex 17.5854 13.5854 3.8147e-07
      vertex 9.27128 8.1 3.8147e-07
      vertex 17.0531 14.1538 3.8147e-07
    endloop
  endfacet
  facet normal 0 0 -1
    outer loop
      vertex 9.27128 8.1 3.8147e-07
      vertex 17.5854 13.5854 3.8147e-07
      vertex 9.45641 7.72459 3.8147e-07
    endloop
  endfacet
  facet normal -0 0 -1
    outer loop
      vertex 18.1538 13.0531 3.8147e-07
      vertex 9.45641 7.72459 3.8147e-07
      vertex 17.5854 13.5854 3.8147e-07
    endloop
  endfacet
  facet normal 0 0 -1
    outer loop
      vertex 9.45641 7.72459 3.8147e-07
      vertex 18.1538 13.0531 3.8147e-07
      vertex 9.59096 7.32822 3.8147e-07
    endloop
  endfacet
  facet normal -0 0 -1
    outer loop
      vertex 18.7557 12.5591 3.8147e-07
      vertex 9.59096 7.32822 3.8147e-07
      vertex 18.1538 13.0531 3.8147e-07
    endloop
  endfacet
  facet normal 0 0 -1
    outer loop
      vertex 9.59096 7.32822 3.8147e-07
      vertex 18.7557 12.5591 3.8147e-07
      vertex 9.67262 6.91768 3.8147e-07
    endloop
  endfacet
  facet normal -0 0 -1
    outer loop
      vertex 19.3887 12.1055 3.8147e-07
      vertex 9.67262 6.91768 3.8147e-07
      vertex 18.7557 12.5591 3.8147e-07
    endloop
  endfacet
  facet normal 0 0 -1
    outer loop
      vertex 9.67262 6.91768 3.8147e-07
      vertex 19.3887 12.1055 3.8147e-07
      vertex 9.7 6.5 3.8147e-07
    endloop
  endfacet
  facet normal -0 0 -1
    outer loop
      vertex 20.05 11.6943 3.8147e-07
      vertex 9.7 6.5 3.8147e-07
      vertex 19.3887 12.1055 3.8147e-07
    endloop
  endfacet
  facet normal 0 0 -1
    outer loop
      vertex 9.67262 6.08232 3.8147e-07
      vertex 20.05 11.6943 3.8147e-07
      vertex 20.7368 11.3272 3.8147e-07
    endloop
  endfacet
  facet normal 0 0 -1
    outer loop
      vertex 9.59096 5.67178 3.8147e-07
      vertex 20.7368 11.3272 3.8147e-07
      vertex 21.4461 11.0058 3.8147e-07
    endloop
  endfacet
  facet normal -0 0 -1
    outer loop
      vertex 23.6784 10.3287 3.8147e-07
      vertex 9.27128 4.9 3.8147e-07
      vertex 22.9201 10.5055 3.8147e-07
    endloop
  endfacet
  facet normal 0 0 -1
    outer loop
      vertex 20.05 11.6943 3.8147e-07
      vertex 9.67262 6.08232 3.8147e-07
      vertex 9.7 6.5 3.8147e-07
    endloop
  endfacet
  facet normal 0 0 -1
    outer loop
      vertex 20.7368 11.3272 3.8147e-07
      vertex 9.59096 5.67178 3.8147e-07
      vertex 9.67262 6.08232 3.8147e-07
    endloop
  endfacet
  facet normal 0 0 -1
    outer loop
      vertex 21.4461 11.0058 3.8147e-07
      vertex 9.45641 5.27541 3.8147e-07
      vertex 9.59096 5.67178 3.8147e-07
    endloop
  endfacet
  facet normal -0 0 -1
    outer loop
      vertex 22.1749 10.7315 3.8147e-07
      vertex 9.45641 5.27541 3.8147e-07
      vertex 21.4461 11.0058 3.8147e-07
    endloop
  endfacet
  facet normal 0 -0 -1
    outer loop
      vertex 9.45641 5.27541 3.8147e-07
      vertex 22.1749 10.7315 3.8147e-07
      vertex 9.27128 4.9 3.8147e-07
    endloop
  endfacet
  facet normal -0 0 -1
    outer loop
      vertex 22.9201 10.5055 3.8147e-07
      vertex 9.27128 4.9 3.8147e-07
      vertex 22.1749 10.7315 3.8147e-07
    endloop
  endfacet
  facet normal 0 -0 -1
    outer loop
      vertex 9.03873 4.55196 3.8147e-07
      vertex 24.4467 10.2018 3.8147e-07
      vertex 8.76274 4.23726 3.8147e-07
    endloop
  endfacet
  facet normal 0 0 -1
    outer loop
      vertex 4 0 3.8147e-07
      vertex 8.44804 3.96127 3.8147e-07
      vertex 48 0 3.8147e-07
    endloop
  endfacet
  facet normal 0 0 -1
    outer loop
      vertex 8.44804 3.96127 3.8147e-07
      vertex 4 0 3.8147e-07
      vertex 8.1 3.72872 3.8147e-07
    endloop
  endfacet
  facet normal 0 0 -1
    outer loop
      vertex 8.1 3.72872 3.8147e-07
      vertex 4 0 3.8147e-07
      vertex 7.72459 3.54359 3.8147e-07
    endloop
  endfacet
  facet normal 0 0 -1
    outer loop
      vertex 7.72459 3.54359 3.8147e-07
      vertex 4 0 3.8147e-07
      vertex 7.32822 3.40904 3.8147e-07
    endloop
  endfacet
  facet normal 0 0 -1
    outer loop
      vertex 7.32822 3.40904 3.8147e-07
      vertex 4 0 3.8147e-07
      vertex 6.91768 3.32738 3.8147e-07
    endloop
  endfacet
  facet normal 0 0 -1
    outer loop
      vertex 6.91768 3.32738 3.8147e-07
      vertex 4 0 3.8147e-07
      vertex 6.5 3.3 3.8147e-07
    endloop
  endfacet
  facet normal -0 0 -1
    outer loop
      vertex 6.5 3.3 3.8147e-07
      vertex 4 0 3.8147e-07
      vertex 6.08232 3.32738 3.8147e-07
    endloop
  endfacet
  facet normal 0 0 -1
    outer loop
      vertex 4 0 3.8147e-07
      vertex 5.67178 3.40904 3.8147e-07
      vertex 6.08232 3.32738 3.8147e-07
    endloop
  endfacet
  facet normal 0 0 -1
    outer loop
      vertex 4 0 3.8147e-07
      vertex 5.27541 3.54359 3.8147e-07
      vertex 5.67178 3.40904 3.8147e-07
    endloop
  endfacet
  facet normal 0 0 -1
    outer loop
      vertex 4 0 3.8147e-07
      vertex 4.9 3.72872 3.8147e-07
      vertex 5.27541 3.54359 3.8147e-07
    endloop
  endfacet
  facet normal 0 0 -1
    outer loop
      vertex 3.47789 0.0342255 3.8147e-07
      vertex 4.9 3.72872 3.8147e-07
      vertex 4 0 3.8147e-07
    endloop
  endfacet
  facet normal 0 0 -1
    outer loop
      vertex 2.96472 0.136292 3.8147e-07
      vertex 4.9 3.72872 3.8147e-07
      vertex 3.47789 0.0342255 3.8147e-07
    endloop
  endfacet
  facet normal -0 0 -1
    outer loop
      vertex 4.9 3.72872 3.8147e-07
      vertex 2.96472 0.136292 3.8147e-07
      vertex 4.55196 3.96127 3.8147e-07
    endloop
  endfacet
  facet normal 0 0 -1
    outer loop
      vertex 2.46927 0.304489 3.8147e-07
      vertex 4.55196 3.96127 3.8147e-07
      vertex 2.96472 0.136292 3.8147e-07
    endloop
  endfacet
  facet normal 0 0 -1
    outer loop
      vertex 2 0.535904 3.8147e-07
      vertex 4.55196 3.96127 3.8147e-07
      vertex 2.46927 0.304489 3.8147e-07
    endloop
  endfacet
  facet normal -0 0 -1
    outer loop
      vertex 4.55196 3.96127 3.8147e-07
      vertex 2 0.535904 3.8147e-07
      vertex 4.23726 4.23726 3.8147e-07
    endloop
  endfacet
  facet normal 0 0 -1
    outer loop
      vertex 1.56496 0.826584 3.8147e-07
      vertex 4.23726 4.23726 3.8147e-07
      vertex 2 0.535904 3.8147e-07
    endloop
  endfacet
  facet normal 0 0 -1
    outer loop
      vertex 1.17157 1.17157 3.8147e-07
      vertex 4.23726 4.23726 3.8147e-07
      vertex 1.56496 0.826584 3.8147e-07
    endloop
  endfacet
  facet normal 0 0 -1
    outer loop
      vertex 0.826584 1.56496 3.8147e-07
      vertex 4.23726 4.23726 3.8147e-07
      vertex 1.17157 1.17157 3.8147e-07
    endloop
  endfacet
  facet normal 0 0 -1
    outer loop
      vertex 0.535904 2 3.8147e-07
      vertex 3.96127 4.55196 3.8147e-07
      vertex 0.826584 1.56496 3.8147e-07
    endloop
  endfacet
  facet normal -0 0 -1
    outer loop
      vertex 4.23726 4.23726 3.8147e-07
      vertex 0.826584 1.56496 3.8147e-07
      vertex 3.96127 4.55196 3.8147e-07
    endloop
  endfacet
  facet normal -0 0 -1
    outer loop
      vertex 51.4641 42 3.8147e-07
      vertex 48.0387 39.448 3.8147e-07
      vertex 51.1734 42.435 3.8147e-07
    endloop
  endfacet
  facet normal 0 0 -1
    outer loop
      vertex 47.7627 39.7627 3.8147e-07
      vertex 51.1734 42.435 3.8147e-07
      vertex 48.0387 39.448 3.8147e-07
    endloop
  endfacet
  facet normal -0 0 -1
    outer loop
      vertex 51.1734 42.435 3.8147e-07
      vertex 47.7627 39.7627 3.8147e-07
      vertex 50.8284 42.8284 3.8147e-07
    endloop
  endfacet
  facet normal -0 0 -1
    outer loop
      vertex 50.8284 42.8284 3.8147e-07
      vertex 47.7627 39.7627 3.8147e-07
      vertex 50.435 43.1734 3.8147e-07
    endloop
  endfacet
  facet normal -0 0 -1
    outer loop
      vertex 50.435 43.1734 3.8147e-07
      vertex 47.7627 39.7627 3.8147e-07
      vertex 50 43.4641 3.8147e-07
    endloop
  endfacet
  facet normal 0 0 -1
    outer loop
      vertex 47.448 40.0387 3.8147e-07
      vertex 50 43.4641 3.8147e-07
      vertex 47.7627 39.7627 3.8147e-07
    endloop
  endfacet
  facet normal -0 0 -1
    outer loop
      vertex 50 43.4641 3.8147e-07
      vertex 47.448 40.0387 3.8147e-07
      vertex 49.5307 43.6955 3.8147e-07
    endloop
  endfacet
  facet normal -0 0 -1
    outer loop
      vertex 49.5307 43.6955 3.8147e-07
      vertex 47.448 40.0387 3.8147e-07
      vertex 49.0353 43.8637 3.8147e-07
    endloop
  endfacet
  facet normal 0 0 -1
    outer loop
      vertex 47.1 40.2713 3.8147e-07
      vertex 49.0353 43.8637 3.8147e-07
      vertex 47.448 40.0387 3.8147e-07
    endloop
  endfacet
  facet normal -0 0 -1
    outer loop
      vertex 49.0353 43.8637 3.8147e-07
      vertex 47.1 40.2713 3.8147e-07
      vertex 48.5221 43.9658 3.8147e-07
    endloop
  endfacet
  facet normal -0 0 -1
    outer loop
      vertex 48.5221 43.9658 3.8147e-07
      vertex 47.1 40.2713 3.8147e-07
      vertex 48 44 3.8147e-07
    endloop
  endfacet
  facet normal 0 0 -1
    outer loop
      vertex 46.7246 40.4564 3.8147e-07
      vertex 48 44 3.8147e-07
      vertex 47.1 40.2713 3.8147e-07
    endloop
  endfacet
  facet normal 0 0 -1
    outer loop
      vertex 46.3282 40.591 3.8147e-07
      vertex 48 44 3.8147e-07
      vertex 46.7246 40.4564 3.8147e-07
    endloop
  endfacet
  facet normal 0 0 -1
    outer loop
      vertex 45.9177 40.6726 3.8147e-07
      vertex 48 44 3.8147e-07
      vertex 46.3282 40.591 3.8147e-07
    endloop
  endfacet
  facet normal 0 0 -1
    outer loop
      vertex 45.5 40.7 3.8147e-07
      vertex 48 44 3.8147e-07
      vertex 45.9177 40.6726 3.8147e-07
    endloop
  endfacet
  facet normal 0 0 -1
    outer loop
      vertex 45.0823 40.6726 3.8147e-07
      vertex 48 44 3.8147e-07
      vertex 45.5 40.7 3.8147e-07
    endloop
  endfacet
  facet normal 0 0 -1
    outer loop
      vertex 44.6718 40.591 3.8147e-07
      vertex 48 44 3.8147e-07
      vertex 45.0823 40.6726 3.8147e-07
    endloop
  endfacet
  facet normal 0 0 -1
    outer loop
      vertex 44.2754 40.4564 3.8147e-07
      vertex 48 44 3.8147e-07
      vertex 44.6718 40.591 3.8147e-07
    endloop
  endfacet
  facet normal 0 0 -1
    outer loop
      vertex 43.9 40.2713 3.8147e-07
      vertex 48 44 3.8147e-07
      vertex 44.2754 40.4564 3.8147e-07
    endloop
  endfacet
  facet normal 0 0 -1
    outer loop
      vertex 43.552 40.0387 3.8147e-07
      vertex 48 44 3.8147e-07
      vertex 43.9 40.2713 3.8147e-07
    endloop
  endfacet
  facet normal 0 0 -1
    outer loop
      vertex 26 33.9 3.8147e-07
      vertex 43.552 40.0387 3.8147e-07
      vertex 43.2373 39.7627 3.8147e-07
    endloop
  endfacet
  facet normal -0 0 -1
    outer loop
      vertex 43.9 34.7287 3.8147e-07
      vertex 36.3057 27.95 3.8147e-07
      vertex 43.552 34.9613 3.8147e-07
    endloop
  endfacet
  facet normal 0 0 -1
    outer loop
      vertex 35.8945 28.6113 3.8147e-07
      vertex 43.552 34.9613 3.8147e-07
      vertex 36.3057 27.95 3.8147e-07
    endloop
  endfacet
  facet normal -0 0 -1
    outer loop
      vertex 43.552 34.9613 3.8147e-07
      vertex 35.8945 28.6113 3.8147e-07
      vertex 43.2373 35.2373 3.8147e-07
    endloop
  endfacet
  facet normal 0 0 -1
    outer loop
      vertex 35.4409 29.2443 3.8147e-07
      vertex 43.2373 35.2373 3.8147e-07
      vertex 35.8945 28.6113 3.8147e-07
    endloop
  endfacet
  facet normal -0 0 -1
    outer loop
      vertex 43.2373 35.2373 3.8147e-07
      vertex 35.4409 29.2443 3.8147e-07
      vertex 42.9613 35.552 3.8147e-07
    endloop
  endfacet
  facet normal 0 0 -1
    outer loop
      vertex 34.9469 29.8462 3.8147e-07
      vertex 42.9613 35.552 3.8147e-07
      vertex 35.4409 29.2443 3.8147e-07
    endloop
  endfacet
  facet normal -0 0 -1
    outer loop
      vertex 42.9613 35.552 3.8147e-07
      vertex 34.9469 29.8462 3.8147e-07
      vertex 42.7287 35.9 3.8147e-07
    endloop
  endfacet
  facet normal 0 0 -1
    outer loop
      vertex 34.4146 30.4146 3.8147e-07
      vertex 42.7287 35.9 3.8147e-07
      vertex 34.9469 29.8462 3.8147e-07
    endloop
  endfacet
  facet normal -0 0 -1
    outer loop
      vertex 42.7287 35.9 3.8147e-07
      vertex 34.4146 30.4146 3.8147e-07
      vertex 42.5436 36.2754 3.8147e-07
    endloop
  endfacet
  facet normal 0 0 -1
    outer loop
      vertex 33.8462 30.9469 3.8147e-07
      vertex 42.5436 36.2754 3.8147e-07
      vertex 34.4146 30.4146 3.8147e-07
    endloop
  endfacet
  facet normal -0 0 -1
    outer loop
      vertex 42.5436 36.2754 3.8147e-07
      vertex 33.8462 30.9469 3.8147e-07
      vertex 42.409 36.6718 3.8147e-07
    endloop
  endfacet
  facet normal 0 0 -1
    outer loop
      vertex 33.2443 31.4409 3.8147e-07
      vertex 42.409 36.6718 3.8147e-07
      vertex 33.8462 30.9469 3.8147e-07
    endloop
  endfacet
  facet normal -0 0 -1
    outer loop
      vertex 42.409 36.6718 3.8147e-07
      vertex 33.2443 31.4409 3.8147e-07
      vertex 42.3274 37.0823 3.8147e-07
    endloop
  endfacet
  facet normal 0 0 -1
    outer loop
      vertex 32.6113 31.8945 3.8147e-07
      vertex 42.3274 37.0823 3.8147e-07
      vertex 33.2443 31.4409 3.8147e-07
    endloop
  endfacet
  facet normal -0 0 -1
    outer loop
      vertex 42.3274 37.0823 3.8147e-07
      vertex 32.6113 31.8945 3.8147e-07
      vertex 42.3 37.5 3.8147e-07
    endloop
  endfacet
  facet normal 0 0 -1
    outer loop
      vertex 31.95 32.3057 3.8147e-07
      vertex 42.3 37.5 3.8147e-07
      vertex 32.6113 31.8945 3.8147e-07
    endloop
  endfacet
  facet normal -0 0 -1
    outer loop
      vertex 42.3 37.5 3.8147e-07
      vertex 31.95 32.3057 3.8147e-07
      vertex 42.3274 37.9177 3.8147e-07
    endloop
  endfacet
  facet normal 0 0 -1
    outer loop
      vertex 31.2632 32.6728 3.8147e-07
      vertex 42.3274 37.9177 3.8147e-07
      vertex 31.95 32.3057 3.8147e-07
    endloop
  endfacet
  facet normal -0 0 -1
    outer loop
      vertex 42.3274 37.9177 3.8147e-07
      vertex 31.2632 32.6728 3.8147e-07
      vertex 42.409 38.3282 3.8147e-07
    endloop
  endfacet
  facet normal 0 0 -1
    outer loop
      vertex 30.5539 32.9942 3.8147e-07
      vertex 42.409 38.3282 3.8147e-07
      vertex 31.2632 32.6728 3.8147e-07
    endloop
  endfacet
  facet normal -0 0 -1
    outer loop
      vertex 42.409 38.3282 3.8147e-07
      vertex 30.5539 32.9942 3.8147e-07
      vertex 42.5436 38.7246 3.8147e-07
    endloop
  endfacet
  facet normal 0 0 -1
    outer loop
      vertex 29.8251 33.2685 3.8147e-07
      vertex 42.5436 38.7246 3.8147e-07
      vertex 30.5539 32.9942 3.8147e-07
    endloop
  endfacet
  facet normal -0 0 -1
    outer loop
      vertex 42.5436 38.7246 3.8147e-07
      vertex 29.8251 33.2685 3.8147e-07
      vertex 42.7287 39.1 3.8147e-07
    endloop
  endfacet
  facet normal 0 0 -1
    outer loop
      vertex 29.0799 33.4945 3.8147e-07
      vertex 42.7287 39.1 3.8147e-07
      vertex 29.8251 33.2685 3.8147e-07
    endloop
  endfacet
  facet normal 0 0 -1
    outer loop
      vertex 28.3216 33.6713 3.8147e-07
      vertex 42.7287 39.1 3.8147e-07
      vertex 29.0799 33.4945 3.8147e-07
    endloop
  endfacet
  facet normal -0 0 -1
    outer loop
      vertex 42.7287 39.1 3.8147e-07
      vertex 28.3216 33.6713 3.8147e-07
      vertex 42.9613 39.448 3.8147e-07
    endloop
  endfacet
  facet normal 0 0 -1
    outer loop
      vertex 27.5533 33.7982 3.8147e-07
      vertex 42.9613 39.448 3.8147e-07
      vertex 28.3216 33.6713 3.8147e-07
    endloop
  endfacet
  facet normal -0 0 -1
    outer loop
      vertex 42.9613 39.448 3.8147e-07
      vertex 27.5533 33.7982 3.8147e-07
      vertex 43.2373 39.7627 3.8147e-07
    endloop
  endfacet
  facet normal 0 0 -1
    outer loop
      vertex 26.7783 33.8745 3.8147e-07
      vertex 43.2373 39.7627 3.8147e-07
      vertex 27.5533 33.7982 3.8147e-07
    endloop
  endfacet
  facet normal 0 0 -1
    outer loop
      vertex 26 33.9 3.8147e-07
      vertex 43.2373 39.7627 3.8147e-07
      vertex 26.7783 33.8745 3.8147e-07
    endloop
  endfacet
  facet normal -0 0 -1
    outer loop
      vertex 43.552 40.0387 3.8147e-07
      vertex 26 33.9 3.8147e-07
      vertex 8.44804 40.0387 3.8147e-07
    endloop
  endfacet
  facet normal 0 0 -1
    outer loop
      vertex 8.44804 40.0387 3.8147e-07
      vertex 26 33.9 3.8147e-07
      vertex 25.2217 33.8745 3.8147e-07
    endloop
  endfacet
  facet normal 0 0 -1
    outer loop
      vertex 8.76274 39.7627 3.8147e-07
      vertex 25.2217 33.8745 3.8147e-07
      vertex 24.4467 33.7982 3.8147e-07
    endloop
  endfacet
  facet normal 0 0 -1
    outer loop
      vertex 9.03873 39.448 3.8147e-07
      vertex 24.4467 33.7982 3.8147e-07
      vertex 23.6784 33.6713 3.8147e-07
    endloop
  endfacet
  facet normal 0 0 -1
    outer loop
      vertex 9.27128 39.1 3.8147e-07
      vertex 23.6784 33.6713 3.8147e-07
      vertex 22.9201 33.4945 3.8147e-07
    endloop
  endfacet
  facet normal 0 0 -1
    outer loop
      vertex 9.27128 39.1 3.8147e-07
      vertex 22.9201 33.4945 3.8147e-07
      vertex 22.1749 33.2685 3.8147e-07
    endloop
  endfacet
  facet normal 0 0 -1
    outer loop
      vertex 9.45641 38.7246 3.8147e-07
      vertex 22.1749 33.2685 3.8147e-07
      vertex 21.4461 32.9942 3.8147e-07
    endloop
  endfacet
  facet normal -0 0 -1
    outer loop
      vertex 15.6943 16.05 3.8147e-07
      vertex 8.1 9.27128 3.8147e-07
      vertex 15.3272 16.7368 3.8147e-07
    endloop
  endfacet
  facet normal 0 0 -1
    outer loop
      vertex 14.1 22 3.8147e-07
      vertex 9.7 37.5 3.8147e-07
      vertex 14.1255 22.7783 3.8147e-07
    endloop
  endfacet
  facet normal 0 0 -1
    outer loop
      vertex 14.1255 22.7783 3.8147e-07
      vertex 9.7 37.5 3.8147e-07
      vertex 14.2018 23.5533 3.8147e-07
    endloop
  endfacet
  facet normal 0 0 -1
    outer loop
      vertex 14.2018 23.5533 3.8147e-07
      vertex 9.7 37.5 3.8147e-07
      vertex 14.3287 24.3216 3.8147e-07
    endloop
  endfacet
  facet normal 0 0 -1
    outer loop
      vertex 14.3287 24.3216 3.8147e-07
      vertex 9.7 37.5 3.8147e-07
      vertex 14.5055 25.0799 3.8147e-07
    endloop
  endfacet
  facet normal 0 0 -1
    outer loop
      vertex 9.7 37.5 3.8147e-07
      vertex 14.7315 25.8251 3.8147e-07
      vertex 14.5055 25.0799 3.8147e-07
    endloop
  endfacet
  facet normal 0 0 -1
    outer loop
      vertex 9.7 37.5 3.8147e-07
      vertex 15.0058 26.5539 3.8147e-07
      vertex 14.7315 25.8251 3.8147e-07
    endloop
  endfacet
  facet normal 0 0 -1
    outer loop
      vertex 9.7 37.5 3.8147e-07
      vertex 15.3272 27.2632 3.8147e-07
      vertex 15.0058 26.5539 3.8147e-07
    endloop
  endfacet
  facet normal 0 0 -1
    outer loop
      vertex 9.7 37.5 3.8147e-07
      vertex 15.6943 27.95 3.8147e-07
      vertex 15.3272 27.2632 3.8147e-07
    endloop
  endfacet
  facet normal 0 0 -1
    outer loop
      vertex 9.7 37.5 3.8147e-07
      vertex 16.1055 28.6113 3.8147e-07
      vertex 15.6943 27.95 3.8147e-07
    endloop
  endfacet
  facet normal 0 0 -1
    outer loop
      vertex 9.7 37.5 3.8147e-07
      vertex 16.5591 29.2443 3.8147e-07
      vertex 16.1055 28.6113 3.8147e-07
    endloop
  endfacet
  facet normal 0 0 -1
    outer loop
      vertex 9.7 37.5 3.8147e-07
      vertex 17.0531 29.8462 3.8147e-07
      vertex 16.5591 29.2443 3.8147e-07
    endloop
  endfacet
  facet normal 0 0 -1
    outer loop
      vertex 9.7 37.5 3.8147e-07
      vertex 17.5854 30.4146 3.8147e-07
      vertex 17.0531 29.8462 3.8147e-07
    endloop
  endfacet
  facet normal 0 0 -1
    outer loop
      vertex 9.7 37.5 3.8147e-07
      vertex 18.1538 30.9469 3.8147e-07
      vertex 17.5854 30.4146 3.8147e-07
    endloop
  endfacet
  facet normal 0 0 -1
    outer loop
      vertex 9.7 37.5 3.8147e-07
      vertex 18.7557 31.4409 3.8147e-07
      vertex 18.1538 30.9469 3.8147e-07
    endloop
  endfacet
  facet normal 0 0 -1
    outer loop
      vertex 9.7 37.5 3.8147e-07
      vertex 19.3887 31.8945 3.8147e-07
      vertex 18.7557 31.4409 3.8147e-07
    endloop
  endfacet
  facet normal 0 0 -1
    outer loop
      vertex 9.7 37.5 3.8147e-07
      vertex 20.05 32.3057 3.8147e-07
      vertex 19.3887 31.8945 3.8147e-07
    endloop
  endfacet
  facet normal 0 0 -1
    outer loop
      vertex 9.67262 37.9177 3.8147e-07
      vertex 20.05 32.3057 3.8147e-07
      vertex 9.7 37.5 3.8147e-07
    endloop
  endfacet
  facet normal 0 0 -1
    outer loop
      vertex 20.05 32.3057 3.8147e-07
      vertex 9.67262 37.9177 3.8147e-07
      vertex 20.7368 32.6728 3.8147e-07
    endloop
  endfacet
  facet normal 0 0 -1
    outer loop
      vertex 9.59096 38.3282 3.8147e-07
      vertex 20.7368 32.6728 3.8147e-07
      vertex 9.67262 37.9177 3.8147e-07
    endloop
  endfacet
  facet normal 0 0 -1
    outer loop
      vertex 20.7368 32.6728 3.8147e-07
      vertex 9.59096 38.3282 3.8147e-07
      vertex 21.4461 32.9942 3.8147e-07
    endloop
  endfacet
  facet normal 0 0 -1
    outer loop
      vertex 9.45641 38.7246 3.8147e-07
      vertex 21.4461 32.9942 3.8147e-07
      vertex 9.59096 38.3282 3.8147e-07
    endloop
  endfacet
  facet normal 0 0 -1
    outer loop
      vertex 22.1749 33.2685 3.8147e-07
      vertex 9.45641 38.7246 3.8147e-07
      vertex 9.27128 39.1 3.8147e-07
    endloop
  endfacet
  facet normal 0 0 -1
    outer loop
      vertex 23.6784 33.6713 3.8147e-07
      vertex 9.27128 39.1 3.8147e-07
      vertex 9.03873 39.448 3.8147e-07
    endloop
  endfacet
  facet normal 0 0 -1
    outer loop
      vertex 24.4467 33.7982 3.8147e-07
      vertex 9.03873 39.448 3.8147e-07
      vertex 8.76274 39.7627 3.8147e-07
    endloop
  endfacet
  facet normal 0 0 -1
    outer loop
      vertex 25.2217 33.8745 3.8147e-07
      vertex 8.76274 39.7627 3.8147e-07
      vertex 8.44804 40.0387 3.8147e-07
    endloop
  endfacet
  facet normal 0 0 -1
    outer loop
      vertex 43.552 40.0387 3.8147e-07
      vertex 8.44804 40.0387 3.8147e-07
      vertex 48 44 3.8147e-07
    endloop
  endfacet
  facet normal 0 0 -1
    outer loop
      vertex 4 44 3.8147e-07
      vertex 8.44804 40.0387 3.8147e-07
      vertex 8.1 40.2713 3.8147e-07
    endloop
  endfacet
  facet normal 0 0 -1
    outer loop
      vertex 4 44 3.8147e-07
      vertex 8.1 40.2713 3.8147e-07
      vertex 7.72459 40.4564 3.8147e-07
    endloop
  endfacet
  facet normal 0 0 -1
    outer loop
      vertex 4 44 3.8147e-07
      vertex 7.72459 40.4564 3.8147e-07
      vertex 7.32822 40.591 3.8147e-07
    endloop
  endfacet
  facet normal 0 0 -1
    outer loop
      vertex 4 44 3.8147e-07
      vertex 7.32822 40.591 3.8147e-07
      vertex 6.91768 40.6726 3.8147e-07
    endloop
  endfacet
  facet normal 0 0 -1
    outer loop
      vertex 4 44 3.8147e-07
      vertex 6.91768 40.6726 3.8147e-07
      vertex 6.5 40.7 3.8147e-07
    endloop
  endfacet
  facet normal 0 0 -1
    outer loop
      vertex 4 44 3.8147e-07
      vertex 6.5 40.7 3.8147e-07
      vertex 6.08232 40.6726 3.8147e-07
    endloop
  endfacet
  facet normal 0 0 -1
    outer loop
      vertex 8.44804 40.0387 3.8147e-07
      vertex 4 44 3.8147e-07
      vertex 48 44 3.8147e-07
    endloop
  endfacet
  facet normal 0 0 -1
    outer loop
      vertex 5.67178 40.591 3.8147e-07
      vertex 4 44 3.8147e-07
      vertex 6.08232 40.6726 3.8147e-07
    endloop
  endfacet
  facet normal 0 0 -1
    outer loop
      vertex 5.27541 40.4564 3.8147e-07
      vertex 4 44 3.8147e-07
      vertex 5.67178 40.591 3.8147e-07
    endloop
  endfacet
  facet normal 0 0 -1
    outer loop
      vertex 4.9 40.2713 3.8147e-07
      vertex 4 44 3.8147e-07
      vertex 5.27541 40.4564 3.8147e-07
    endloop
  endfacet
  facet normal 0 0 -1
    outer loop
      vertex 2.96472 43.8637 3.8147e-07
      vertex 4.9 40.2713 3.8147e-07
      vertex 4.55196 40.0387 3.8147e-07
    endloop
  endfacet
  facet normal 0 0 -1
    outer loop
      vertex 2 43.4641 3.8147e-07
      vertex 4.55196 40.0387 3.8147e-07
      vertex 4.23726 39.7627 3.8147e-07
    endloop
  endfacet
  facet normal 0 0 -1
    outer loop
      vertex 0.826584 42.435 3.8147e-07
      vertex 4.23726 39.7627 3.8147e-07
      vertex 3.96127 39.448 3.8147e-07
    endloop
  endfacet
  facet normal 0 0 -1
    outer loop
      vertex 0.136292 41.0353 3.8147e-07
      vertex 3.96127 39.448 3.8147e-07
      vertex 3.72872 39.1 3.8147e-07
    endloop
  endfacet
  facet normal 0 0 -1
    outer loop
      vertex 0 40 3.8147e-07
      vertex 3.72872 39.1 3.8147e-07
      vertex 3.54359 38.7246 3.8147e-07
    endloop
  endfacet
  facet normal 0 0 -1
    outer loop
      vertex 4.9 40.2713 3.8147e-07
      vertex 3.47789 43.9658 3.8147e-07
      vertex 4 44 3.8147e-07
    endloop
  endfacet
  facet normal 0 0 -1
    outer loop
      vertex 0 40 3.8147e-07
      vertex 3.54359 38.7246 3.8147e-07
      vertex 3.40904 38.3282 3.8147e-07
    endloop
  endfacet
  facet normal 0 0 -1
    outer loop
      vertex 0 40 3.8147e-07
      vertex 3.40904 38.3282 3.8147e-07
      vertex 3.32738 37.9177 3.8147e-07
    endloop
  endfacet
  facet normal 0 0 -1
    outer loop
      vertex 0 40 3.8147e-07
      vertex 3.32738 37.9177 3.8147e-07
      vertex 3.3 37.5 3.8147e-07
    endloop
  endfacet
  facet normal 0 0 -1
    outer loop
      vertex 4.9 40.2713 3.8147e-07
      vertex 2.96472 43.8637 3.8147e-07
      vertex 3.47789 43.9658 3.8147e-07
    endloop
  endfacet
  facet normal 0 0 -1
    outer loop
      vertex 3.40904 36.6718 3.8147e-07
      vertex 0 40 3.8147e-07
      vertex 3.32738 37.0823 3.8147e-07
    endloop
  endfacet
  facet normal 0 0 -1
    outer loop
      vertex 0.304489 2.46927 3.8147e-07
      vertex 3.96127 4.55196 3.8147e-07
      vertex 0.535904 2 3.8147e-07
    endloop
  endfacet
  facet normal 0 0 -1
    outer loop
      vertex 3.32738 37.0823 3.8147e-07
      vertex 0 40 3.8147e-07
      vertex 3.3 37.5 3.8147e-07
    endloop
  endfacet
  facet normal 0 0 -1
    outer loop
      vertex 0.136292 2.96472 3.8147e-07
      vertex 3.96127 4.55196 3.8147e-07
      vertex 0.304489 2.46927 3.8147e-07
    endloop
  endfacet
  facet normal 0 0 -1
    outer loop
      vertex 3.72872 39.1 3.8147e-07
      vertex 0 40 3.8147e-07
      vertex 0.0342255 40.5221 3.8147e-07
    endloop
  endfacet
  facet normal -0 0 -1
    outer loop
      vertex 3.96127 4.55196 3.8147e-07
      vertex 0.136292 2.96472 3.8147e-07
      vertex 3.72872 4.9 3.8147e-07
    endloop
  endfacet
  facet normal 0 0 -1
    outer loop
      vertex 4.55196 40.0387 3.8147e-07
      vertex 2.46927 43.6955 3.8147e-07
      vertex 2.96472 43.8637 3.8147e-07
    endloop
  endfacet
  facet normal 0 0 -1
    outer loop
      vertex 0.0342255 3.47789 3.8147e-07
      vertex 3.72872 4.9 3.8147e-07
      vertex 0.136292 2.96472 3.8147e-07
    endloop
  endfacet
  facet normal 0 0 -1
    outer loop
      vertex 4.55196 40.0387 3.8147e-07
      vertex 2 43.4641 3.8147e-07
      vertex 2.46927 43.6955 3.8147e-07
    endloop
  endfacet
  facet normal 0 0 -1
    outer loop
      vertex 0 4 3.8147e-07
      vertex 3.72872 4.9 3.8147e-07
      vertex 0.0342255 3.47789 3.8147e-07
    endloop
  endfacet
  facet normal 0 0 -1
    outer loop
      vertex 4.23726 39.7627 3.8147e-07
      vertex 1.56496 43.1734 3.8147e-07
      vertex 2 43.4641 3.8147e-07
    endloop
  endfacet
  facet normal -0 0 -1
    outer loop
      vertex 3.72872 4.9 3.8147e-07
      vertex 0 4 3.8147e-07
      vertex 3.54359 5.27541 3.8147e-07
    endloop
  endfacet
  facet normal 0 0 -1
    outer loop
      vertex 4.23726 39.7627 3.8147e-07
      vertex 1.17157 42.8284 3.8147e-07
      vertex 1.56496 43.1734 3.8147e-07
    endloop
  endfacet
  facet normal -0 0 -1
    outer loop
      vertex 3.54359 5.27541 3.8147e-07
      vertex 0 4 3.8147e-07
      vertex 3.40904 5.67178 3.8147e-07
    endloop
  endfacet
  facet normal 0 0 -1
    outer loop
      vertex 4.23726 39.7627 3.8147e-07
      vertex 0.826584 42.435 3.8147e-07
      vertex 1.17157 42.8284 3.8147e-07
    endloop
  endfacet
  facet normal -0 0 -1
    outer loop
      vertex 3.40904 5.67178 3.8147e-07
      vertex 0 4 3.8147e-07
      vertex 3.32738 6.08232 3.8147e-07
    endloop
  endfacet
  facet normal 0 0 -1
    outer loop
      vertex 3.96127 39.448 3.8147e-07
      vertex 0.535904 42 3.8147e-07
      vertex 0.826584 42.435 3.8147e-07
    endloop
  endfacet
  facet normal -0 0 -1
    outer loop
      vertex 3.32738 6.08232 3.8147e-07
      vertex 0 4 3.8147e-07
      vertex 3.3 6.5 3.8147e-07
    endloop
  endfacet
  facet normal 0 0 -1
    outer loop
      vertex 3.96127 39.448 3.8147e-07
      vertex 0.304489 41.5307 3.8147e-07
      vertex 0.535904 42 3.8147e-07
    endloop
  endfacet
  facet normal 0 0 -1
    outer loop
      vertex 3.96127 39.448 3.8147e-07
      vertex 0.136292 41.0353 3.8147e-07
      vertex 0.304489 41.5307 3.8147e-07
    endloop
  endfacet
  facet normal 0 0 -1
    outer loop
      vertex 3.72872 39.1 3.8147e-07
      vertex 0.0342255 40.5221 3.8147e-07
      vertex 0.136292 41.0353 3.8147e-07
    endloop
  endfacet
  facet normal 0 0 -1
    outer loop
      vertex 48.6629 6.08508 3.8147e-07
      vertex 48.7 6.5 3.8147e-07
      vertex 48.6726 6.08232 3.8147e-07
    endloop
  endfacet
  facet normal -0 0 -1
    outer loop
      vertex 48.7 6.5 3.8147e-07
      vertex 48.6629 6.08508 3.8147e-07
      vertex 48.6901 6.5 3.8147e-07
    endloop
  endfacet
  facet normal 0 0 -1
    outer loop
      vertex 48.6726 6.08232 3.8147e-07
      vertex 48.6628 6.08361 3.8147e-07
      vertex 48.6629 6.08508 3.8147e-07
    endloop
  endfacet
  facet normal -0 0 -1
    outer loop
      vertex 48.6726 6.08232 3.8147e-07
      vertex 48.6625 6.08217 3.8147e-07
      vertex 48.6628 6.08361 3.8147e-07
    endloop
  endfacet
  facet normal 0 0 -1
    outer loop
      vertex 48.591 5.67178 3.8147e-07
      vertex 48.6625 6.08217 3.8147e-07
      vertex 48.6726 6.08232 3.8147e-07
    endloop
  endfacet
  facet normal 0 0 -1
    outer loop
      vertex 48.591 5.67178 3.8147e-07
      vertex 48.5814 5.67435 3.8147e-07
      vertex 48.6625 6.08217 3.8147e-07
    endloop
  endfacet
  facet normal 0 0 -1
    outer loop
      vertex 48.4477 5.28061 3.8147e-07
      vertex 48.591 5.67178 3.8147e-07
      vertex 48.4564 5.27541 3.8147e-07
    endloop
  endfacet
  facet normal -0 0 -1
    outer loop
      vertex 48.591 5.67178 3.8147e-07
      vertex 48.4477 5.28061 3.8147e-07
      vertex 48.5814 5.67435 3.8147e-07
    endloop
  endfacet
  facet normal 0 0 -1
    outer loop
      vertex 48.4564 5.27541 3.8147e-07
      vertex 48.4472 5.27921 3.8147e-07
      vertex 48.4477 5.28061 3.8147e-07
    endloop
  endfacet
  facet normal 0 0 -1
    outer loop
      vertex 48.2633 4.90629 3.8147e-07
      vertex 48.4564 5.27541 3.8147e-07
      vertex 48.2713 4.9 3.8147e-07
    endloop
  endfacet
  facet normal -0 0 -1
    outer loop
      vertex 48.4564 5.27541 3.8147e-07
      vertex 48.2633 4.90629 3.8147e-07
      vertex 48.4472 5.27921 3.8147e-07
    endloop
  endfacet
  facet normal 0 0 -1
    outer loop
      vertex 48.2713 4.9 3.8147e-07
      vertex 48.2627 4.90497 3.8147e-07
      vertex 48.2633 4.90629 3.8147e-07
    endloop
  endfacet
  facet normal 0 0 -1
    outer loop
      vertex 48.2713 4.9 3.8147e-07
      vertex 48.2619 4.90374 3.8147e-07
      vertex 48.2627 4.90497 3.8147e-07
    endloop
  endfacet
  facet normal 0 0 -1
    outer loop
      vertex 48.0387 4.55196 3.8147e-07
      vertex 48.2619 4.90374 3.8147e-07
      vertex 48.2713 4.9 3.8147e-07
    endloop
  endfacet
  facet normal 0 0 -1
    outer loop
      vertex 48.0387 4.55196 3.8147e-07
      vertex 48.0308 4.55801 3.8147e-07
      vertex 48.2619 4.90374 3.8147e-07
    endloop
  endfacet
  facet normal 0 0 -1
    outer loop
      vertex 47.7567 4.24539 3.8147e-07
      vertex 48.0387 4.55196 3.8147e-07
      vertex 47.7627 4.23726 3.8147e-07
    endloop
  endfacet
  facet normal -0 0 -1
    outer loop
      vertex 48.0387 4.55196 3.8147e-07
      vertex 47.7567 4.24539 3.8147e-07
      vertex 48.0308 4.55801 3.8147e-07
    endloop
  endfacet
  facet normal 0 0 -1
    outer loop
      vertex 47.7627 4.23726 3.8147e-07
      vertex 47.7557 4.24428 3.8147e-07
      vertex 47.7567 4.24539 3.8147e-07
    endloop
  endfacet
  facet normal 0 0 -1
    outer loop
      vertex 47.7627 4.23726 3.8147e-07
      vertex 47.7546 4.24331 3.8147e-07
      vertex 47.7557 4.24428 3.8147e-07
    endloop
  endfacet
  facet normal 0 0 -1
    outer loop
      vertex 47.448 3.96127 3.8147e-07
      vertex 47.7546 4.24331 3.8147e-07
      vertex 47.7627 4.23726 3.8147e-07
    endloop
  endfacet
  facet normal 0 0 -1
    outer loop
      vertex 47.448 3.96127 3.8147e-07
      vertex 47.442 3.96915 3.8147e-07
      vertex 47.7546 4.24331 3.8147e-07
    endloop
  endfacet
  facet normal 0 0 -1
    outer loop
      vertex 47.0963 3.73814 3.8147e-07
      vertex 47.448 3.96127 3.8147e-07
      vertex 47.1 3.72872 3.8147e-07
    endloop
  endfacet
  facet normal -0 0 -1
    outer loop
      vertex 47.448 3.96127 3.8147e-07
      vertex 47.0963 3.73814 3.8147e-07
      vertex 47.442 3.96915 3.8147e-07
    endloop
  endfacet
  facet normal 0 0 -1
    outer loop
      vertex 47.1 3.72872 3.8147e-07
      vertex 47.095 3.73732 3.8147e-07
      vertex 47.0963 3.73814 3.8147e-07
    endloop
  endfacet
  facet normal 0 0 -1
    outer loop
      vertex 47.1 3.72872 3.8147e-07
      vertex 47.0937 3.73667 3.8147e-07
      vertex 47.095 3.73732 3.8147e-07
    endloop
  endfacet
  facet normal 0 0 -1
    outer loop
      vertex 46.7246 3.54359 3.8147e-07
      vertex 47.0937 3.73667 3.8147e-07
      vertex 47.1 3.72872 3.8147e-07
    endloop
  endfacet
  facet normal 0 0 -1
    outer loop
      vertex 46.7246 3.54359 3.8147e-07
      vertex 46.7208 3.55276 3.8147e-07
      vertex 47.0937 3.73667 3.8147e-07
    endloop
  endfacet
  facet normal 0 0 -1
    outer loop
      vertex 46.7246 3.54359 3.8147e-07
      vertex 46.7194 3.55229 3.8147e-07
      vertex 46.7208 3.55276 3.8147e-07
    endloop
  endfacet
  facet normal 0 0 -1
    outer loop
      vertex 46.3282 3.40904 3.8147e-07
      vertex 46.7194 3.55229 3.8147e-07
      vertex 46.7246 3.54359 3.8147e-07
    endloop
  endfacet
  facet normal 0 0 -1
    outer loop
      vertex 46.3282 3.40904 3.8147e-07
      vertex 46.3256 3.41863 3.8147e-07
      vertex 46.7194 3.55229 3.8147e-07
    endloop
  endfacet
  facet normal -0 0 -1
    outer loop
      vertex 46.3282 3.40904 3.8147e-07
      vertex 45.9178 3.33751 3.8147e-07
      vertex 46.3256 3.41863 3.8147e-07
    endloop
  endfacet
  facet normal 0 0 -1
    outer loop
      vertex 45.9177 3.32738 3.8147e-07
      vertex 45.9178 3.33751 3.8147e-07
      vertex 46.3282 3.40904 3.8147e-07
    endloop
  endfacet
  facet normal 0 0 -1
    outer loop
      vertex 45.9177 3.32738 3.8147e-07
      vertex 45.9164 3.33723 3.8147e-07
      vertex 45.9178 3.33751 3.8147e-07
    endloop
  endfacet
  facet normal 0 0 -1
    outer loop
      vertex 45.9177 3.32738 3.8147e-07
      vertex 45.9149 3.33713 3.8147e-07
      vertex 45.9164 3.33723 3.8147e-07
    endloop
  endfacet
  facet normal 0 0 -1
    outer loop
      vertex 45.5 3.3 3.8147e-07
      vertex 45.9149 3.33713 3.8147e-07
      vertex 45.9177 3.32738 3.8147e-07
    endloop
  endfacet
  facet normal 0 0 -1
    outer loop
      vertex 45.5 3.3 3.8147e-07
      vertex 45.5 3.30993 3.8147e-07
      vertex 45.9149 3.33713 3.8147e-07
    endloop
  endfacet
  facet normal 0 0 -1
    outer loop
      vertex 45.5 3.3 3.8147e-07
      vertex 45.0851 3.33713 3.8147e-07
      vertex 45.5 3.30993 3.8147e-07
    endloop
  endfacet
  facet normal 0 0 -1
    outer loop
      vertex 45.0823 3.32738 3.8147e-07
      vertex 45.0851 3.33713 3.8147e-07
      vertex 45.5 3.3 3.8147e-07
    endloop
  endfacet
  facet normal -0 0 -1
    outer loop
      vertex 45.0851 3.33713 3.8147e-07
      vertex 45.0823 3.32738 3.8147e-07
      vertex 45.0836 3.33723 3.8147e-07
    endloop
  endfacet
  facet normal 0 0 -1
    outer loop
      vertex 45.0823 3.32738 3.8147e-07
      vertex 45.0822 3.33751 3.8147e-07
      vertex 45.0836 3.33723 3.8147e-07
    endloop
  endfacet
  facet normal 0 0 -1
    outer loop
      vertex 44.6718 3.40904 3.8147e-07
      vertex 45.0822 3.33751 3.8147e-07
      vertex 45.0823 3.32738 3.8147e-07
    endloop
  endfacet
  facet normal 0 0 -1
    outer loop
      vertex 45.0822 3.33751 3.8147e-07
      vertex 44.6718 3.40904 3.8147e-07
      vertex 44.6744 3.41863 3.8147e-07
    endloop
  endfacet
  facet normal 0 0 -1
    outer loop
      vertex 44.6718 3.40904 3.8147e-07
      vertex 44.2806 3.55229 3.8147e-07
      vertex 44.6744 3.41863 3.8147e-07
    endloop
  endfacet
  facet normal 0 0 -1
    outer loop
      vertex 44.2754 3.54359 3.8147e-07
      vertex 44.2806 3.55229 3.8147e-07
      vertex 44.6718 3.40904 3.8147e-07
    endloop
  endfacet
  facet normal -0 0 -1
    outer loop
      vertex 44.2806 3.55229 3.8147e-07
      vertex 44.2754 3.54359 3.8147e-07
      vertex 44.2792 3.55276 3.8147e-07
    endloop
  endfacet
  facet normal 0 0 -1
    outer loop
      vertex 44.2754 3.54359 3.8147e-07
      vertex 43.9063 3.73667 3.8147e-07
      vertex 44.2792 3.55276 3.8147e-07
    endloop
  endfacet
  facet normal 0 0 -1
    outer loop
      vertex 43.9 3.72872 3.8147e-07
      vertex 43.9063 3.73667 3.8147e-07
      vertex 44.2754 3.54359 3.8147e-07
    endloop
  endfacet
  facet normal -0 0 -1
    outer loop
      vertex 43.9063 3.73667 3.8147e-07
      vertex 43.9 3.72872 3.8147e-07
      vertex 43.905 3.73732 3.8147e-07
    endloop
  endfacet
  facet normal 0 0 -1
    outer loop
      vertex 43.9 3.72872 3.8147e-07
      vertex 43.9037 3.73814 3.8147e-07
      vertex 43.905 3.73732 3.8147e-07
    endloop
  endfacet
  facet normal 0 0 -1
    outer loop
      vertex 43.552 3.96127 3.8147e-07
      vertex 43.9037 3.73814 3.8147e-07
      vertex 43.9 3.72872 3.8147e-07
    endloop
  endfacet
  facet normal 0 0 -1
    outer loop
      vertex 43.9037 3.73814 3.8147e-07
      vertex 43.552 3.96127 3.8147e-07
      vertex 43.558 3.96915 3.8147e-07
    endloop
  endfacet
  facet normal 0 0 -1
    outer loop
      vertex 43.552 3.96127 3.8147e-07
      vertex 43.2454 4.24331 3.8147e-07
      vertex 43.558 3.96915 3.8147e-07
    endloop
  endfacet
  facet normal 0 0 -1
    outer loop
      vertex 43.2373 4.23726 3.8147e-07
      vertex 43.2454 4.24331 3.8147e-07
      vertex 43.552 3.96127 3.8147e-07
    endloop
  endfacet
  facet normal -0 0 -1
    outer loop
      vertex 43.2454 4.24331 3.8147e-07
      vertex 43.2373 4.23726 3.8147e-07
      vertex 43.2443 4.24428 3.8147e-07
    endloop
  endfacet
  facet normal 0 0 -1
    outer loop
      vertex 43.2373 4.23726 3.8147e-07
      vertex 43.2433 4.24539 3.8147e-07
      vertex 43.2443 4.24428 3.8147e-07
    endloop
  endfacet
  facet normal 0 0 -1
    outer loop
      vertex 42.9613 4.55196 3.8147e-07
      vertex 43.2433 4.24539 3.8147e-07
      vertex 43.2373 4.23726 3.8147e-07
    endloop
  endfacet
  facet normal 0 0 -1
    outer loop
      vertex 43.2433 4.24539 3.8147e-07
      vertex 42.9613 4.55196 3.8147e-07
      vertex 42.9692 4.55801 3.8147e-07
    endloop
  endfacet
  facet normal 0 0 -1
    outer loop
      vertex 42.9613 4.55196 3.8147e-07
      vertex 42.7381 4.90374 3.8147e-07
      vertex 42.9692 4.55801 3.8147e-07
    endloop
  endfacet
  facet normal 0 0 -1
    outer loop
      vertex 42.7287 4.9 3.8147e-07
      vertex 42.7381 4.90374 3.8147e-07
      vertex 42.9613 4.55196 3.8147e-07
    endloop
  endfacet
  facet normal -0 0 -1
    outer loop
      vertex 42.7381 4.90374 3.8147e-07
      vertex 42.7287 4.9 3.8147e-07
      vertex 42.7373 4.90497 3.8147e-07
    endloop
  endfacet
  facet normal 0 0 -1
    outer loop
      vertex 42.7287 4.9 3.8147e-07
      vertex 42.7367 4.90629 3.8147e-07
      vertex 42.7373 4.90497 3.8147e-07
    endloop
  endfacet
  facet normal 0 0 -1
    outer loop
      vertex 42.5436 5.27541 3.8147e-07
      vertex 42.7367 4.90629 3.8147e-07
      vertex 42.7287 4.9 3.8147e-07
    endloop
  endfacet
  facet normal 0 0 -1
    outer loop
      vertex 42.7367 4.90629 3.8147e-07
      vertex 42.5436 5.27541 3.8147e-07
      vertex 42.5528 5.27921 3.8147e-07
    endloop
  endfacet
  facet normal 0 0 -1
    outer loop
      vertex 42.5436 5.27541 3.8147e-07
      vertex 42.5523 5.28061 3.8147e-07
      vertex 42.5528 5.27921 3.8147e-07
    endloop
  endfacet
  facet normal 0 0 -1
    outer loop
      vertex 42.409 5.67178 3.8147e-07
      vertex 42.5523 5.28061 3.8147e-07
      vertex 42.5436 5.27541 3.8147e-07
    endloop
  endfacet
  facet normal 0 0 -1
    outer loop
      vertex 42.5523 5.28061 3.8147e-07
      vertex 42.409 5.67178 3.8147e-07
      vertex 42.4186 5.67435 3.8147e-07
    endloop
  endfacet
  facet normal 0 0 -1
    outer loop
      vertex 42.409 5.67178 3.8147e-07
      vertex 42.3375 6.08217 3.8147e-07
      vertex 42.4186 5.67435 3.8147e-07
    endloop
  endfacet
  facet normal 0 0 -1
    outer loop
      vertex 42.3274 6.08232 3.8147e-07
      vertex 42.3375 6.08217 3.8147e-07
      vertex 42.409 5.67178 3.8147e-07
    endloop
  endfacet
  facet normal 0 0 -1
    outer loop
      vertex 42.3375 6.08217 3.8147e-07
      vertex 42.3274 6.08232 3.8147e-07
      vertex 42.3372 6.08361 3.8147e-07
    endloop
  endfacet
  facet normal 0 0 -1
    outer loop
      vertex 42.3274 6.08232 3.8147e-07
      vertex 42.3371 6.08508 3.8147e-07
      vertex 42.3372 6.08361 3.8147e-07
    endloop
  endfacet
  facet normal 0 0 -1
    outer loop
      vertex 42.3 6.5 3.8147e-07
      vertex 42.3371 6.08508 3.8147e-07
      vertex 42.3274 6.08232 3.8147e-07
    endloop
  endfacet
  facet normal 0 0 -1
    outer loop
      vertex 42.3371 6.08508 3.8147e-07
      vertex 42.3 6.5 3.8147e-07
      vertex 42.3099 6.5 3.8147e-07
    endloop
  endfacet
  facet normal 0 0 -1
    outer loop
      vertex 48.6629 6.91492 3.8147e-07
      vertex 48.7 6.5 3.8147e-07
      vertex 48.6901 6.5 3.8147e-07
    endloop
  endfacet
  facet normal 0 0 -1
    outer loop
      vertex 48.7 6.5 3.8147e-07
      vertex 48.6629 6.91492 3.8147e-07
      vertex 48.6726 6.91768 3.8147e-07
    endloop
  endfacet
  facet normal 0 0 -1
    outer loop
      vertex 48.6628 6.91639 3.8147e-07
      vertex 48.6726 6.91768 3.8147e-07
      vertex 48.6629 6.91492 3.8147e-07
    endloop
  endfacet
  facet normal 0 0 -1
    outer loop
      vertex 48.6625 6.91783 3.8147e-07
      vertex 48.6726 6.91768 3.8147e-07
      vertex 48.6628 6.91639 3.8147e-07
    endloop
  endfacet
  facet normal 0 0 -1
    outer loop
      vertex 48.6625 6.91783 3.8147e-07
      vertex 48.591 7.32822 3.8147e-07
      vertex 48.6726 6.91768 3.8147e-07
    endloop
  endfacet
  facet normal 0 0 -1
    outer loop
      vertex 48.5814 7.32565 3.8147e-07
      vertex 48.591 7.32822 3.8147e-07
      vertex 48.6625 6.91783 3.8147e-07
    endloop
  endfacet
  facet normal 0 0 -1
    outer loop
      vertex 48.4477 7.71939 3.8147e-07
      vertex 48.591 7.32822 3.8147e-07
      vertex 48.5814 7.32565 3.8147e-07
    endloop
  endfacet
  facet normal 0 0 -1
    outer loop
      vertex 48.591 7.32822 3.8147e-07
      vertex 48.4477 7.71939 3.8147e-07
      vertex 48.4564 7.72459 3.8147e-07
    endloop
  endfacet
  facet normal 0 0 -1
    outer loop
      vertex 48.4472 7.72079 3.8147e-07
      vertex 48.4564 7.72459 3.8147e-07
      vertex 48.4477 7.71939 3.8147e-07
    endloop
  endfacet
  facet normal 0 0 -1
    outer loop
      vertex 48.2633 8.09371 3.8147e-07
      vertex 48.4564 7.72459 3.8147e-07
      vertex 48.4472 7.72079 3.8147e-07
    endloop
  endfacet
  facet normal 0 0 -1
    outer loop
      vertex 48.4564 7.72459 3.8147e-07
      vertex 48.2633 8.09371 3.8147e-07
      vertex 48.2713 8.1 3.8147e-07
    endloop
  endfacet
  facet normal 0 0 -1
    outer loop
      vertex 48.2627 8.09503 3.8147e-07
      vertex 48.2713 8.1 3.8147e-07
      vertex 48.2633 8.09371 3.8147e-07
    endloop
  endfacet
  facet normal 0 0 -1
    outer loop
      vertex 48.2619 8.09626 3.8147e-07
      vertex 48.2713 8.1 3.8147e-07
      vertex 48.2627 8.09503 3.8147e-07
    endloop
  endfacet
  facet normal 0 0 -1
    outer loop
      vertex 48.2619 8.09626 3.8147e-07
      vertex 48.0387 8.44804 3.8147e-07
      vertex 48.2713 8.1 3.8147e-07
    endloop
  endfacet
  facet normal 0 0 -1
    outer loop
      vertex 48.0308 8.44199 3.8147e-07
      vertex 48.0387 8.44804 3.8147e-07
      vertex 48.2619 8.09626 3.8147e-07
    endloop
  endfacet
  facet normal 0 0 -1
    outer loop
      vertex 47.7567 8.75461 3.8147e-07
      vertex 48.0387 8.44804 3.8147e-07
      vertex 48.0308 8.44199 3.8147e-07
    endloop
  endfacet
  facet normal 0 0 -1
    outer loop
      vertex 48.0387 8.44804 3.8147e-07
      vertex 47.7567 8.75461 3.8147e-07
      vertex 47.7627 8.76274 3.8147e-07
    endloop
  endfacet
  facet normal 0 0 -1
    outer loop
      vertex 47.7557 8.75572 3.8147e-07
      vertex 47.7627 8.76274 3.8147e-07
      vertex 47.7567 8.75461 3.8147e-07
    endloop
  endfacet
  facet normal 0 0 -1
    outer loop
      vertex 47.7546 8.75669 3.8147e-07
      vertex 47.7627 8.76274 3.8147e-07
      vertex 47.7557 8.75572 3.8147e-07
    endloop
  endfacet
  facet normal 0 0 -1
    outer loop
      vertex 47.7546 8.75669 3.8147e-07
      vertex 47.448 9.03873 3.8147e-07
      vertex 47.7627 8.76274 3.8147e-07
    endloop
  endfacet
  facet normal 0 0 -1
    outer loop
      vertex 47.442 9.03085 3.8147e-07
      vertex 47.448 9.03873 3.8147e-07
      vertex 47.7546 8.75669 3.8147e-07
    endloop
  endfacet
  facet normal 0 0 -1
    outer loop
      vertex 47.0963 9.26186 3.8147e-07
      vertex 47.448 9.03873 3.8147e-07
      vertex 47.442 9.03085 3.8147e-07
    endloop
  endfacet
  facet normal 0 0 -1
    outer loop
      vertex 47.448 9.03873 3.8147e-07
      vertex 47.0963 9.26186 3.8147e-07
      vertex 47.1 9.27128 3.8147e-07
    endloop
  endfacet
  facet normal 0 0 -1
    outer loop
      vertex 47.095 9.26268 3.8147e-07
      vertex 47.1 9.27128 3.8147e-07
      vertex 47.0963 9.26186 3.8147e-07
    endloop
  endfacet
  facet normal 0 0 -1
    outer loop
      vertex 47.0937 9.26333 3.8147e-07
      vertex 47.1 9.27128 3.8147e-07
      vertex 47.095 9.26268 3.8147e-07
    endloop
  endfacet
  facet normal 0 0 -1
    outer loop
      vertex 47.0937 9.26333 3.8147e-07
      vertex 46.7246 9.45641 3.8147e-07
      vertex 47.1 9.27128 3.8147e-07
    endloop
  endfacet
  facet normal 0 0 -1
    outer loop
      vertex 46.7208 9.44724 3.8147e-07
      vertex 46.7246 9.45641 3.8147e-07
      vertex 47.0937 9.26333 3.8147e-07
    endloop
  endfacet
  facet normal 0 0 -1
    outer loop
      vertex 46.7194 9.44771 3.8147e-07
      vertex 46.7246 9.45641 3.8147e-07
      vertex 46.7208 9.44724 3.8147e-07
    endloop
  endfacet
  facet normal 0 0 -1
    outer loop
      vertex 46.7194 9.44771 3.8147e-07
      vertex 46.3282 9.59096 3.8147e-07
      vertex 46.7246 9.45641 3.8147e-07
    endloop
  endfacet
  facet normal 0 0 -1
    outer loop
      vertex 46.3256 9.58137 3.8147e-07
      vertex 46.3282 9.59096 3.8147e-07
      vertex 46.7194 9.44771 3.8147e-07
    endloop
  endfacet
  facet normal 0 0 -1
    outer loop
      vertex 45.9178 9.66249 3.8147e-07
      vertex 46.3282 9.59096 3.8147e-07
      vertex 46.3256 9.58137 3.8147e-07
    endloop
  endfacet
  facet normal 0 0 -1
    outer loop
      vertex 45.9178 9.66249 3.8147e-07
      vertex 45.9177 9.67262 3.8147e-07
      vertex 46.3282 9.59096 3.8147e-07
    endloop
  endfacet
  facet normal 0 0 -1
    outer loop
      vertex 45.9164 9.66277 3.8147e-07
      vertex 45.9177 9.67262 3.8147e-07
      vertex 45.9178 9.66249 3.8147e-07
    endloop
  endfacet
  facet normal 0 0 -1
    outer loop
      vertex 45.9149 9.66287 3.8147e-07
      vertex 45.9177 9.67262 3.8147e-07
      vertex 45.9164 9.66277 3.8147e-07
    endloop
  endfacet
  facet normal 0 0 -1
    outer loop
      vertex 45.5 9.7 3.8147e-07
      vertex 45.9149 9.66287 3.8147e-07
      vertex 45.5 9.69007 3.8147e-07
    endloop
  endfacet
  facet normal 0 0 -1
    outer loop
      vertex 45.9149 9.66287 3.8147e-07
      vertex 45.5 9.7 3.8147e-07
      vertex 45.9177 9.67262 3.8147e-07
    endloop
  endfacet
  facet normal 0 0 -1
    outer loop
      vertex 45.0851 9.66287 3.8147e-07
      vertex 45.5 9.7 3.8147e-07
      vertex 45.5 9.69007 3.8147e-07
    endloop
  endfacet
  facet normal 0 0 -1
    outer loop
      vertex 45.0823 9.67262 3.8147e-07
      vertex 45.0851 9.66287 3.8147e-07
      vertex 45.0836 9.66277 3.8147e-07
    endloop
  endfacet
  facet normal 0 0 -1
    outer loop
      vertex 45.0851 9.66287 3.8147e-07
      vertex 45.0823 9.67262 3.8147e-07
      vertex 45.5 9.7 3.8147e-07
    endloop
  endfacet
  facet normal 0 0 -1
    outer loop
      vertex 45.0822 9.66249 3.8147e-07
      vertex 45.0823 9.67262 3.8147e-07
      vertex 45.0836 9.66277 3.8147e-07
    endloop
  endfacet
  facet normal 0 0 -1
    outer loop
      vertex 44.6718 9.59096 3.8147e-07
      vertex 45.0822 9.66249 3.8147e-07
      vertex 44.6744 9.58137 3.8147e-07
    endloop
  endfacet
  facet normal -0 0 -1
    outer loop
      vertex 45.0822 9.66249 3.8147e-07
      vertex 44.6718 9.59096 3.8147e-07
      vertex 45.0823 9.67262 3.8147e-07
    endloop
  endfacet
  facet normal 0 0 -1
    outer loop
      vertex 44.2806 9.44771 3.8147e-07
      vertex 44.6718 9.59096 3.8147e-07
      vertex 44.6744 9.58137 3.8147e-07
    endloop
  endfacet
  facet normal 0 0 -1
    outer loop
      vertex 44.2754 9.45641 3.8147e-07
      vertex 44.2806 9.44771 3.8147e-07
      vertex 44.2792 9.44724 3.8147e-07
    endloop
  endfacet
  facet normal 0 0 -1
    outer loop
      vertex 44.2806 9.44771 3.8147e-07
      vertex 44.2754 9.45641 3.8147e-07
      vertex 44.6718 9.59096 3.8147e-07
    endloop
  endfacet
  facet normal 0 0 -1
    outer loop
      vertex 43.9063 9.26333 3.8147e-07
      vertex 44.2754 9.45641 3.8147e-07
      vertex 44.2792 9.44724 3.8147e-07
    endloop
  endfacet
  facet normal 0 0 -1
    outer loop
      vertex 43.9 9.27128 3.8147e-07
      vertex 43.9063 9.26333 3.8147e-07
      vertex 43.905 9.26268 3.8147e-07
    endloop
  endfacet
  facet normal 0 0 -1
    outer loop
      vertex 43.9063 9.26333 3.8147e-07
      vertex 43.9 9.27128 3.8147e-07
      vertex 44.2754 9.45641 3.8147e-07
    endloop
  endfacet
  facet normal 0 0 -1
    outer loop
      vertex 43.9037 9.26186 3.8147e-07
      vertex 43.9 9.27128 3.8147e-07
      vertex 43.905 9.26268 3.8147e-07
    endloop
  endfacet
  facet normal 0 0 -1
    outer loop
      vertex 43.552 9.03873 3.8147e-07
      vertex 43.9037 9.26186 3.8147e-07
      vertex 43.558 9.03085 3.8147e-07
    endloop
  endfacet
  facet normal -0 0 -1
    outer loop
      vertex 43.9037 9.26186 3.8147e-07
      vertex 43.552 9.03873 3.8147e-07
      vertex 43.9 9.27128 3.8147e-07
    endloop
  endfacet
  facet normal 0 0 -1
    outer loop
      vertex 43.2454 8.75669 3.8147e-07
      vertex 43.552 9.03873 3.8147e-07
      vertex 43.558 9.03085 3.8147e-07
    endloop
  endfacet
  facet normal 0 0 -1
    outer loop
      vertex 43.2373 8.76274 3.8147e-07
      vertex 43.2454 8.75669 3.8147e-07
      vertex 43.2443 8.75572 3.8147e-07
    endloop
  endfacet
  facet normal 0 0 -1
    outer loop
      vertex 43.2454 8.75669 3.8147e-07
      vertex 43.2373 8.76274 3.8147e-07
      vertex 43.552 9.03873 3.8147e-07
    endloop
  endfacet
  facet normal 0 0 -1
    outer loop
      vertex 43.2433 8.75461 3.8147e-07
      vertex 43.2373 8.76274 3.8147e-07
      vertex 43.2443 8.75572 3.8147e-07
    endloop
  endfacet
  facet normal 0 0 -1
    outer loop
      vertex 42.9613 8.44804 3.8147e-07
      vertex 43.2433 8.75461 3.8147e-07
      vertex 42.9692 8.44199 3.8147e-07
    endloop
  endfacet
  facet normal -0 0 -1
    outer loop
      vertex 43.2433 8.75461 3.8147e-07
      vertex 42.9613 8.44804 3.8147e-07
      vertex 43.2373 8.76274 3.8147e-07
    endloop
  endfacet
  facet normal 0 0 -1
    outer loop
      vertex 42.7381 8.09626 3.8147e-07
      vertex 42.9613 8.44804 3.8147e-07
      vertex 42.9692 8.44199 3.8147e-07
    endloop
  endfacet
  facet normal 0 0 -1
    outer loop
      vertex 42.7287 8.1 3.8147e-07
      vertex 42.7381 8.09626 3.8147e-07
      vertex 42.7373 8.09503 3.8147e-07
    endloop
  endfacet
  facet normal 0 0 -1
    outer loop
      vertex 42.7381 8.09626 3.8147e-07
      vertex 42.7287 8.1 3.8147e-07
      vertex 42.9613 8.44804 3.8147e-07
    endloop
  endfacet
  facet normal 0 0 -1
    outer loop
      vertex 42.7367 8.09371 3.8147e-07
      vertex 42.7287 8.1 3.8147e-07
      vertex 42.7373 8.09503 3.8147e-07
    endloop
  endfacet
  facet normal 0 0 -1
    outer loop
      vertex 42.5436 7.72459 3.8147e-07
      vertex 42.7367 8.09371 3.8147e-07
      vertex 42.5528 7.72079 3.8147e-07
    endloop
  endfacet
  facet normal -0 0 -1
    outer loop
      vertex 42.7367 8.09371 3.8147e-07
      vertex 42.5436 7.72459 3.8147e-07
      vertex 42.7287 8.1 3.8147e-07
    endloop
  endfacet
  facet normal 0 0 -1
    outer loop
      vertex 42.5523 7.71939 3.8147e-07
      vertex 42.5436 7.72459 3.8147e-07
      vertex 42.5528 7.72079 3.8147e-07
    endloop
  endfacet
  facet normal 0 0 -1
    outer loop
      vertex 42.409 7.32822 3.8147e-07
      vertex 42.5523 7.71939 3.8147e-07
      vertex 42.4186 7.32565 3.8147e-07
    endloop
  endfacet
  facet normal -0 0 -1
    outer loop
      vertex 42.5523 7.71939 3.8147e-07
      vertex 42.409 7.32822 3.8147e-07
      vertex 42.5436 7.72459 3.8147e-07
    endloop
  endfacet
  facet normal 0 0 -1
    outer loop
      vertex 42.3375 6.91783 3.8147e-07
      vertex 42.409 7.32822 3.8147e-07
      vertex 42.4186 7.32565 3.8147e-07
    endloop
  endfacet
  facet normal 0 0 -1
    outer loop
      vertex 42.3274 6.91768 3.8147e-07
      vertex 42.3375 6.91783 3.8147e-07
      vertex 42.3372 6.91639 3.8147e-07
    endloop
  endfacet
  facet normal -0 0 -1
    outer loop
      vertex 42.3375 6.91783 3.8147e-07
      vertex 42.3274 6.91768 3.8147e-07
      vertex 42.409 7.32822 3.8147e-07
    endloop
  endfacet
  facet normal 0 0 -1
    outer loop
      vertex 42.3371 6.91492 3.8147e-07
      vertex 42.3274 6.91768 3.8147e-07
      vertex 42.3372 6.91639 3.8147e-07
    endloop
  endfacet
  facet normal 0 0 -1
    outer loop
      vertex 42.3 6.5 3.8147e-07
      vertex 42.3371 6.91492 3.8147e-07
      vertex 42.3099 6.5 3.8147e-07
    endloop
  endfacet
  facet normal -0 0 -1
    outer loop
      vertex 42.3371 6.91492 3.8147e-07
      vertex 42.3 6.5 3.8147e-07
      vertex 42.3274 6.91768 3.8147e-07
    endloop
  endfacet
  facet normal 0 0 -1
    outer loop
      vertex 48.6629 37.0851 3.8147e-07
      vertex 48.7 37.5 3.8147e-07
      vertex 48.6726 37.0823 3.8147e-07
    endloop
  endfacet
  facet normal -0 0 -1
    outer loop
      vertex 48.7 37.5 3.8147e-07
      vertex 48.6629 37.0851 3.8147e-07
      vertex 48.6901 37.5 3.8147e-07
    endloop
  endfacet
  facet normal 0 0 -1
    outer loop
      vertex 48.6726 37.0823 3.8147e-07
      vertex 48.6628 37.0836 3.8147e-07
      vertex 48.6629 37.0851 3.8147e-07
    endloop
  endfacet
  facet normal -0 0 -1
    outer loop
      vertex 48.6726 37.0823 3.8147e-07
      vertex 48.6625 37.0822 3.8147e-07
      vertex 48.6628 37.0836 3.8147e-07
    endloop
  endfacet
  facet normal 0 0 -1
    outer loop
      vertex 48.591 36.6718 3.8147e-07
      vertex 48.6625 37.0822 3.8147e-07
      vertex 48.6726 37.0823 3.8147e-07
    endloop
  endfacet
  facet normal 0 0 -1
    outer loop
      vertex 48.591 36.6718 3.8147e-07
      vertex 48.5814 36.6744 3.8147e-07
      vertex 48.6625 37.0822 3.8147e-07
    endloop
  endfacet
  facet normal 0 0 -1
    outer loop
      vertex 48.4477 36.2806 3.8147e-07
      vertex 48.591 36.6718 3.8147e-07
      vertex 48.4564 36.2754 3.8147e-07
    endloop
  endfacet
  facet normal -0 0 -1
    outer loop
      vertex 48.591 36.6718 3.8147e-07
      vertex 48.4477 36.2806 3.8147e-07
      vertex 48.5814 36.6744 3.8147e-07
    endloop
  endfacet
  facet normal 0 0 -1
    outer loop
      vertex 48.4564 36.2754 3.8147e-07
      vertex 48.4472 36.2792 3.8147e-07
      vertex 48.4477 36.2806 3.8147e-07
    endloop
  endfacet
  facet normal 0 0 -1
    outer loop
      vertex 48.2633 35.9063 3.8147e-07
      vertex 48.4564 36.2754 3.8147e-07
      vertex 48.2713 35.9 3.8147e-07
    endloop
  endfacet
  facet normal -0 0 -1
    outer loop
      vertex 48.4564 36.2754 3.8147e-07
      vertex 48.2633 35.9063 3.8147e-07
      vertex 48.4472 36.2792 3.8147e-07
    endloop
  endfacet
  facet normal 0 0 -1
    outer loop
      vertex 48.2713 35.9 3.8147e-07
      vertex 48.2627 35.905 3.8147e-07
      vertex 48.2633 35.9063 3.8147e-07
    endloop
  endfacet
  facet normal 0 0 -1
    outer loop
      vertex 48.2713 35.9 3.8147e-07
      vertex 48.2619 35.9037 3.8147e-07
      vertex 48.2627 35.905 3.8147e-07
    endloop
  endfacet
  facet normal 0 0 -1
    outer loop
      vertex 48.0387 35.552 3.8147e-07
      vertex 48.2619 35.9037 3.8147e-07
      vertex 48.2713 35.9 3.8147e-07
    endloop
  endfacet
  facet normal 0 0 -1
    outer loop
      vertex 48.0387 35.552 3.8147e-07
      vertex 48.0308 35.558 3.8147e-07
      vertex 48.2619 35.9037 3.8147e-07
    endloop
  endfacet
  facet normal 0 0 -1
    outer loop
      vertex 47.7567 35.2454 3.8147e-07
      vertex 48.0387 35.552 3.8147e-07
      vertex 47.7627 35.2373 3.8147e-07
    endloop
  endfacet
  facet normal -0 0 -1
    outer loop
      vertex 48.0387 35.552 3.8147e-07
      vertex 47.7567 35.2454 3.8147e-07
      vertex 48.0308 35.558 3.8147e-07
    endloop
  endfacet
  facet normal 0 0 -1
    outer loop
      vertex 47.7627 35.2373 3.8147e-07
      vertex 47.7557 35.2443 3.8147e-07
      vertex 47.7567 35.2454 3.8147e-07
    endloop
  endfacet
  facet normal 0 0 -1
    outer loop
      vertex 47.7627 35.2373 3.8147e-07
      vertex 47.7546 35.2433 3.8147e-07
      vertex 47.7557 35.2443 3.8147e-07
    endloop
  endfacet
  facet normal 0 0 -1
    outer loop
      vertex 47.448 34.9613 3.8147e-07
      vertex 47.7546 35.2433 3.8147e-07
      vertex 47.7627 35.2373 3.8147e-07
    endloop
  endfacet
  facet normal 0 0 -1
    outer loop
      vertex 47.448 34.9613 3.8147e-07
      vertex 47.442 34.9692 3.8147e-07
      vertex 47.7546 35.2433 3.8147e-07
    endloop
  endfacet
  facet normal 0 0 -1
    outer loop
      vertex 47.0963 34.7381 3.8147e-07
      vertex 47.448 34.9613 3.8147e-07
      vertex 47.1 34.7287 3.8147e-07
    endloop
  endfacet
  facet normal -0 0 -1
    outer loop
      vertex 47.448 34.9613 3.8147e-07
      vertex 47.0963 34.7381 3.8147e-07
      vertex 47.442 34.9692 3.8147e-07
    endloop
  endfacet
  facet normal 0 0 -1
    outer loop
      vertex 47.1 34.7287 3.8147e-07
      vertex 47.095 34.7373 3.8147e-07
      vertex 47.0963 34.7381 3.8147e-07
    endloop
  endfacet
  facet normal 0 0 -1
    outer loop
      vertex 47.1 34.7287 3.8147e-07
      vertex 47.0937 34.7367 3.8147e-07
      vertex 47.095 34.7373 3.8147e-07
    endloop
  endfacet
  facet normal 0 0 -1
    outer loop
      vertex 46.7246 34.5436 3.8147e-07
      vertex 47.0937 34.7367 3.8147e-07
      vertex 47.1 34.7287 3.8147e-07
    endloop
  endfacet
  facet normal 0 0 -1
    outer loop
      vertex 46.7246 34.5436 3.8147e-07
      vertex 46.7208 34.5528 3.8147e-07
      vertex 47.0937 34.7367 3.8147e-07
    endloop
  endfacet
  facet normal 0 0 -1
    outer loop
      vertex 46.7246 34.5436 3.8147e-07
      vertex 46.7194 34.5523 3.8147e-07
      vertex 46.7208 34.5528 3.8147e-07
    endloop
  endfacet
  facet normal 0 0 -1
    outer loop
      vertex 46.3282 34.409 3.8147e-07
      vertex 46.7194 34.5523 3.8147e-07
      vertex 46.7246 34.5436 3.8147e-07
    endloop
  endfacet
  facet normal 0 0 -1
    outer loop
      vertex 46.3282 34.409 3.8147e-07
      vertex 46.3256 34.4186 3.8147e-07
      vertex 46.7194 34.5523 3.8147e-07
    endloop
  endfacet
  facet normal -0 0 -1
    outer loop
      vertex 46.3282 34.409 3.8147e-07
      vertex 45.9178 34.3375 3.8147e-07
      vertex 46.3256 34.4186 3.8147e-07
    endloop
  endfacet
  facet normal 0 0 -1
    outer loop
      vertex 45.9177 34.3274 3.8147e-07
      vertex 45.9178 34.3375 3.8147e-07
      vertex 46.3282 34.409 3.8147e-07
    endloop
  endfacet
  facet normal 0 0 -1
    outer loop
      vertex 45.9177 34.3274 3.8147e-07
      vertex 45.9164 34.3372 3.8147e-07
      vertex 45.9178 34.3375 3.8147e-07
    endloop
  endfacet
  facet normal 0 0 -1
    outer loop
      vertex 45.9177 34.3274 3.8147e-07
      vertex 45.9149 34.3371 3.8147e-07
      vertex 45.9164 34.3372 3.8147e-07
    endloop
  endfacet
  facet normal 0 0 -1
    outer loop
      vertex 45.5 34.3 3.8147e-07
      vertex 45.9149 34.3371 3.8147e-07
      vertex 45.9177 34.3274 3.8147e-07
    endloop
  endfacet
  facet normal 0 0 -1
    outer loop
      vertex 45.5 34.3 3.8147e-07
      vertex 45.5 34.3099 3.8147e-07
      vertex 45.9149 34.3371 3.8147e-07
    endloop
  endfacet
  facet normal 0 0 -1
    outer loop
      vertex 45.5 34.3 3.8147e-07
      vertex 45.0851 34.3371 3.8147e-07
      vertex 45.5 34.3099 3.8147e-07
    endloop
  endfacet
  facet normal 0 0 -1
    outer loop
      vertex 45.0823 34.3274 3.8147e-07
      vertex 45.0851 34.3371 3.8147e-07
      vertex 45.5 34.3 3.8147e-07
    endloop
  endfacet
  facet normal -0 0 -1
    outer loop
      vertex 45.0851 34.3371 3.8147e-07
      vertex 45.0823 34.3274 3.8147e-07
      vertex 45.0836 34.3372 3.8147e-07
    endloop
  endfacet
  facet normal 0 0 -1
    outer loop
      vertex 45.0823 34.3274 3.8147e-07
      vertex 45.0822 34.3375 3.8147e-07
      vertex 45.0836 34.3372 3.8147e-07
    endloop
  endfacet
  facet normal 0 0 -1
    outer loop
      vertex 44.6718 34.409 3.8147e-07
      vertex 45.0822 34.3375 3.8147e-07
      vertex 45.0823 34.3274 3.8147e-07
    endloop
  endfacet
  facet normal 0 0 -1
    outer loop
      vertex 45.0822 34.3375 3.8147e-07
      vertex 44.6718 34.409 3.8147e-07
      vertex 44.6744 34.4186 3.8147e-07
    endloop
  endfacet
  facet normal 0 0 -1
    outer loop
      vertex 44.6718 34.409 3.8147e-07
      vertex 44.2806 34.5523 3.8147e-07
      vertex 44.6744 34.4186 3.8147e-07
    endloop
  endfacet
  facet normal 0 0 -1
    outer loop
      vertex 44.2754 34.5436 3.8147e-07
      vertex 44.2806 34.5523 3.8147e-07
      vertex 44.6718 34.409 3.8147e-07
    endloop
  endfacet
  facet normal -0 0 -1
    outer loop
      vertex 44.2806 34.5523 3.8147e-07
      vertex 44.2754 34.5436 3.8147e-07
      vertex 44.2792 34.5528 3.8147e-07
    endloop
  endfacet
  facet normal 0 0 -1
    outer loop
      vertex 44.2754 34.5436 3.8147e-07
      vertex 43.9063 34.7367 3.8147e-07
      vertex 44.2792 34.5528 3.8147e-07
    endloop
  endfacet
  facet normal 0 0 -1
    outer loop
      vertex 43.9 34.7287 3.8147e-07
      vertex 43.9063 34.7367 3.8147e-07
      vertex 44.2754 34.5436 3.8147e-07
    endloop
  endfacet
  facet normal -0 0 -1
    outer loop
      vertex 43.9063 34.7367 3.8147e-07
      vertex 43.9 34.7287 3.8147e-07
      vertex 43.905 34.7373 3.8147e-07
    endloop
  endfacet
  facet normal 0 0 -1
    outer loop
      vertex 43.9 34.7287 3.8147e-07
      vertex 43.9037 34.7381 3.8147e-07
      vertex 43.905 34.7373 3.8147e-07
    endloop
  endfacet
  facet normal 0 0 -1
    outer loop
      vertex 43.552 34.9613 3.8147e-07
      vertex 43.9037 34.7381 3.8147e-07
      vertex 43.9 34.7287 3.8147e-07
    endloop
  endfacet
  facet normal 0 0 -1
    outer loop
      vertex 43.9037 34.7381 3.8147e-07
      vertex 43.552 34.9613 3.8147e-07
      vertex 43.558 34.9692 3.8147e-07
    endloop
  endfacet
  facet normal 0 0 -1
    outer loop
      vertex 43.552 34.9613 3.8147e-07
      vertex 43.2454 35.2433 3.8147e-07
      vertex 43.558 34.9692 3.8147e-07
    endloop
  endfacet
  facet normal 0 0 -1
    outer loop
      vertex 43.2373 35.2373 3.8147e-07
      vertex 43.2454 35.2433 3.8147e-07
      vertex 43.552 34.9613 3.8147e-07
    endloop
  endfacet
  facet normal -0 0 -1
    outer loop
      vertex 43.2454 35.2433 3.8147e-07
      vertex 43.2373 35.2373 3.8147e-07
      vertex 43.2443 35.2443 3.8147e-07
    endloop
  endfacet
  facet normal 0 0 -1
    outer loop
      vertex 43.2373 35.2373 3.8147e-07
      vertex 43.2433 35.2454 3.8147e-07
      vertex 43.2443 35.2443 3.8147e-07
    endloop
  endfacet
  facet normal 0 0 -1
    outer loop
      vertex 42.9613 35.552 3.8147e-07
      vertex 43.2433 35.2454 3.8147e-07
      vertex 43.2373 35.2373 3.8147e-07
    endloop
  endfacet
  facet normal 0 0 -1
    outer loop
      vertex 43.2433 35.2454 3.8147e-07
      vertex 42.9613 35.552 3.8147e-07
      vertex 42.9692 35.558 3.8147e-07
    endloop
  endfacet
  facet normal 0 0 -1
    outer loop
      vertex 42.9613 35.552 3.8147e-07
      vertex 42.7381 35.9037 3.8147e-07
      vertex 42.9692 35.558 3.8147e-07
    endloop
  endfacet
  facet normal 0 0 -1
    outer loop
      vertex 42.7287 35.9 3.8147e-07
      vertex 42.7381 35.9037 3.8147e-07
      vertex 42.9613 35.552 3.8147e-07
    endloop
  endfacet
  facet normal -0 0 -1
    outer loop
      vertex 42.7381 35.9037 3.8147e-07
      vertex 42.7287 35.9 3.8147e-07
      vertex 42.7373 35.905 3.8147e-07
    endloop
  endfacet
  facet normal 0 0 -1
    outer loop
      vertex 42.7287 35.9 3.8147e-07
      vertex 42.7367 35.9063 3.8147e-07
      vertex 42.7373 35.905 3.8147e-07
    endloop
  endfacet
  facet normal 0 0 -1
    outer loop
      vertex 42.5436 36.2754 3.8147e-07
      vertex 42.7367 35.9063 3.8147e-07
      vertex 42.7287 35.9 3.8147e-07
    endloop
  endfacet
  facet normal 0 0 -1
    outer loop
      vertex 42.7367 35.9063 3.8147e-07
      vertex 42.5436 36.2754 3.8147e-07
      vertex 42.5528 36.2792 3.8147e-07
    endloop
  endfacet
  facet normal 0 0 -1
    outer loop
      vertex 42.5436 36.2754 3.8147e-07
      vertex 42.5523 36.2806 3.8147e-07
      vertex 42.5528 36.2792 3.8147e-07
    endloop
  endfacet
  facet normal 0 0 -1
    outer loop
      vertex 42.409 36.6718 3.8147e-07
      vertex 42.5523 36.2806 3.8147e-07
      vertex 42.5436 36.2754 3.8147e-07
    endloop
  endfacet
  facet normal 0 0 -1
    outer loop
      vertex 42.5523 36.2806 3.8147e-07
      vertex 42.409 36.6718 3.8147e-07
      vertex 42.4186 36.6744 3.8147e-07
    endloop
  endfacet
  facet normal 0 0 -1
    outer loop
      vertex 42.409 36.6718 3.8147e-07
      vertex 42.3375 37.0822 3.8147e-07
      vertex 42.4186 36.6744 3.8147e-07
    endloop
  endfacet
  facet normal 0 0 -1
    outer loop
      vertex 42.3274 37.0823 3.8147e-07
      vertex 42.3375 37.0822 3.8147e-07
      vertex 42.409 36.6718 3.8147e-07
    endloop
  endfacet
  facet normal 0 0 -1
    outer loop
      vertex 42.3375 37.0822 3.8147e-07
      vertex 42.3274 37.0823 3.8147e-07
      vertex 42.3372 37.0836 3.8147e-07
    endloop
  endfacet
  facet normal 0 0 -1
    outer loop
      vertex 42.3274 37.0823 3.8147e-07
      vertex 42.3371 37.0851 3.8147e-07
      vertex 42.3372 37.0836 3.8147e-07
    endloop
  endfacet
  facet normal 0 0 -1
    outer loop
      vertex 42.3 37.5 3.8147e-07
      vertex 42.3371 37.0851 3.8147e-07
      vertex 42.3274 37.0823 3.8147e-07
    endloop
  endfacet
  facet normal 0 0 -1
    outer loop
      vertex 42.3371 37.0851 3.8147e-07
      vertex 42.3 37.5 3.8147e-07
      vertex 42.3099 37.5 3.8147e-07
    endloop
  endfacet
  facet normal 0 0 -1
    outer loop
      vertex 48.6629 37.9149 3.8147e-07
      vertex 48.7 37.5 3.8147e-07
      vertex 48.6901 37.5 3.8147e-07
    endloop
  endfacet
  facet normal 0 0 -1
    outer loop
      vertex 48.7 37.5 3.8147e-07
      vertex 48.6629 37.9149 3.8147e-07
      vertex 48.6726 37.9177 3.8147e-07
    endloop
  endfacet
  facet normal 0 0 -1
    outer loop
      vertex 48.6628 37.9164 3.8147e-07
      vertex 48.6726 37.9177 3.8147e-07
      vertex 48.6629 37.9149 3.8147e-07
    endloop
  endfacet
  facet normal 0 0 -1
    outer loop
      vertex 48.6625 37.9178 3.8147e-07
      vertex 48.6726 37.9177 3.8147e-07
      vertex 48.6628 37.9164 3.8147e-07
    endloop
  endfacet
  facet normal 0 0 -1
    outer loop
      vertex 48.6625 37.9178 3.8147e-07
      vertex 48.591 38.3282 3.8147e-07
      vertex 48.6726 37.9177 3.8147e-07
    endloop
  endfacet
  facet normal 0 0 -1
    outer loop
      vertex 48.5814 38.3256 3.8147e-07
      vertex 48.591 38.3282 3.8147e-07
      vertex 48.6625 37.9178 3.8147e-07
    endloop
  endfacet
  facet normal 0 0 -1
    outer loop
      vertex 48.4477 38.7194 3.8147e-07
      vertex 48.591 38.3282 3.8147e-07
      vertex 48.5814 38.3256 3.8147e-07
    endloop
  endfacet
  facet normal 0 0 -1
    outer loop
      vertex 48.591 38.3282 3.8147e-07
      vertex 48.4477 38.7194 3.8147e-07
      vertex 48.4564 38.7246 3.8147e-07
    endloop
  endfacet
  facet normal 0 0 -1
    outer loop
      vertex 48.4472 38.7208 3.8147e-07
      vertex 48.4564 38.7246 3.8147e-07
      vertex 48.4477 38.7194 3.8147e-07
    endloop
  endfacet
  facet normal 0 0 -1
    outer loop
      vertex 48.2633 39.0937 3.8147e-07
      vertex 48.4564 38.7246 3.8147e-07
      vertex 48.4472 38.7208 3.8147e-07
    endloop
  endfacet
  facet normal 0 0 -1
    outer loop
      vertex 48.4564 38.7246 3.8147e-07
      vertex 48.2633 39.0937 3.8147e-07
      vertex 48.2713 39.1 3.8147e-07
    endloop
  endfacet
  facet normal 0 0 -1
    outer loop
      vertex 48.2627 39.095 3.8147e-07
      vertex 48.2713 39.1 3.8147e-07
      vertex 48.2633 39.0937 3.8147e-07
    endloop
  endfacet
  facet normal 0 0 -1
    outer loop
      vertex 48.2619 39.0963 3.8147e-07
      vertex 48.2713 39.1 3.8147e-07
      vertex 48.2627 39.095 3.8147e-07
    endloop
  endfacet
  facet normal 0 0 -1
    outer loop
      vertex 48.2619 39.0963 3.8147e-07
      vertex 48.0387 39.448 3.8147e-07
      vertex 48.2713 39.1 3.8147e-07
    endloop
  endfacet
  facet normal 0 0 -1
    outer loop
      vertex 48.0308 39.442 3.8147e-07
      vertex 48.0387 39.448 3.8147e-07
      vertex 48.2619 39.0963 3.8147e-07
    endloop
  endfacet
  facet normal 0 0 -1
    outer loop
      vertex 47.7567 39.7546 3.8147e-07
      vertex 48.0387 39.448 3.8147e-07
      vertex 48.0308 39.442 3.8147e-07
    endloop
  endfacet
  facet normal 0 0 -1
    outer loop
      vertex 48.0387 39.448 3.8147e-07
      vertex 47.7567 39.7546 3.8147e-07
      vertex 47.7627 39.7627 3.8147e-07
    endloop
  endfacet
  facet normal 0 0 -1
    outer loop
      vertex 47.7557 39.7557 3.8147e-07
      vertex 47.7627 39.7627 3.8147e-07
      vertex 47.7567 39.7546 3.8147e-07
    endloop
  endfacet
  facet normal 0 0 -1
    outer loop
      vertex 47.7546 39.7567 3.8147e-07
      vertex 47.7627 39.7627 3.8147e-07
      vertex 47.7557 39.7557 3.8147e-07
    endloop
  endfacet
  facet normal 0 0 -1
    outer loop
      vertex 47.7546 39.7567 3.8147e-07
      vertex 47.448 40.0387 3.8147e-07
      vertex 47.7627 39.7627 3.8147e-07
    endloop
  endfacet
  facet normal 0 0 -1
    outer loop
      vertex 47.442 40.0308 3.8147e-07
      vertex 47.448 40.0387 3.8147e-07
      vertex 47.7546 39.7567 3.8147e-07
    endloop
  endfacet
  facet normal 0 0 -1
    outer loop
      vertex 47.0963 40.2619 3.8147e-07
      vertex 47.448 40.0387 3.8147e-07
      vertex 47.442 40.0308 3.8147e-07
    endloop
  endfacet
  facet normal 0 0 -1
    outer loop
      vertex 47.448 40.0387 3.8147e-07
      vertex 47.0963 40.2619 3.8147e-07
      vertex 47.1 40.2713 3.8147e-07
    endloop
  endfacet
  facet normal 0 0 -1
    outer loop
      vertex 47.095 40.2627 3.8147e-07
      vertex 47.1 40.2713 3.8147e-07
      vertex 47.0963 40.2619 3.8147e-07
    endloop
  endfacet
  facet normal 0 0 -1
    outer loop
      vertex 47.0937 40.2633 3.8147e-07
      vertex 47.1 40.2713 3.8147e-07
      vertex 47.095 40.2627 3.8147e-07
    endloop
  endfacet
  facet normal 0 0 -1
    outer loop
      vertex 47.0937 40.2633 3.8147e-07
      vertex 46.7246 40.4564 3.8147e-07
      vertex 47.1 40.2713 3.8147e-07
    endloop
  endfacet
  facet normal 0 0 -1
    outer loop
      vertex 46.7208 40.4472 3.8147e-07
      vertex 46.7246 40.4564 3.8147e-07
      vertex 47.0937 40.2633 3.8147e-07
    endloop
  endfacet
  facet normal 0 0 -1
    outer loop
      vertex 46.7194 40.4477 3.8147e-07
      vertex 46.7246 40.4564 3.8147e-07
      vertex 46.7208 40.4472 3.8147e-07
    endloop
  endfacet
  facet normal 0 0 -1
    outer loop
      vertex 46.7194 40.4477 3.8147e-07
      vertex 46.3282 40.591 3.8147e-07
      vertex 46.7246 40.4564 3.8147e-07
    endloop
  endfacet
  facet normal 0 0 -1
    outer loop
      vertex 46.3256 40.5814 3.8147e-07
      vertex 46.3282 40.591 3.8147e-07
      vertex 46.7194 40.4477 3.8147e-07
    endloop
  endfacet
  facet normal 0 0 -1
    outer loop
      vertex 45.9178 40.6625 3.8147e-07
      vertex 46.3282 40.591 3.8147e-07
      vertex 46.3256 40.5814 3.8147e-07
    endloop
  endfacet
  facet normal 0 0 -1
    outer loop
      vertex 45.9178 40.6625 3.8147e-07
      vertex 45.9177 40.6726 3.8147e-07
      vertex 46.3282 40.591 3.8147e-07
    endloop
  endfacet
  facet normal 0 0 -1
    outer loop
      vertex 45.9164 40.6628 3.8147e-07
      vertex 45.9177 40.6726 3.8147e-07
      vertex 45.9178 40.6625 3.8147e-07
    endloop
  endfacet
  facet normal 0 0 -1
    outer loop
      vertex 45.9149 40.6629 3.8147e-07
      vertex 45.9177 40.6726 3.8147e-07
      vertex 45.9164 40.6628 3.8147e-07
    endloop
  endfacet
  facet normal 0 0 -1
    outer loop
      vertex 45.5 40.7 3.8147e-07
      vertex 45.9149 40.6629 3.8147e-07
      vertex 45.5 40.6901 3.8147e-07
    endloop
  endfacet
  facet normal 0 0 -1
    outer loop
      vertex 45.9149 40.6629 3.8147e-07
      vertex 45.5 40.7 3.8147e-07
      vertex 45.9177 40.6726 3.8147e-07
    endloop
  endfacet
  facet normal 0 0 -1
    outer loop
      vertex 45.0851 40.6629 3.8147e-07
      vertex 45.5 40.7 3.8147e-07
      vertex 45.5 40.6901 3.8147e-07
    endloop
  endfacet
  facet normal 0 0 -1
    outer loop
      vertex 45.0823 40.6726 3.8147e-07
      vertex 45.0851 40.6629 3.8147e-07
      vertex 45.0836 40.6628 3.8147e-07
    endloop
  endfacet
  facet normal 0 0 -1
    outer loop
      vertex 45.0851 40.6629 3.8147e-07
      vertex 45.0823 40.6726 3.8147e-07
      vertex 45.5 40.7 3.8147e-07
    endloop
  endfacet
  facet normal 0 0 -1
    outer loop
      vertex 45.0822 40.6625 3.8147e-07
      vertex 45.0823 40.6726 3.8147e-07
      vertex 45.0836 40.6628 3.8147e-07
    endloop
  endfacet
  facet normal 0 0 -1
    outer loop
      vertex 44.6718 40.591 3.8147e-07
      vertex 45.0822 40.6625 3.8147e-07
      vertex 44.6744 40.5814 3.8147e-07
    endloop
  endfacet
  facet normal -0 0 -1
    outer loop
      vertex 45.0822 40.6625 3.8147e-07
      vertex 44.6718 40.591 3.8147e-07
      vertex 45.0823 40.6726 3.8147e-07
    endloop
  endfacet
  facet normal 0 0 -1
    outer loop
      vertex 44.2806 40.4477 3.8147e-07
      vertex 44.6718 40.591 3.8147e-07
      vertex 44.6744 40.5814 3.8147e-07
    endloop
  endfacet
  facet normal 0 0 -1
    outer loop
      vertex 44.2754 40.4564 3.8147e-07
      vertex 44.2806 40.4477 3.8147e-07
      vertex 44.2792 40.4472 3.8147e-07
    endloop
  endfacet
  facet normal 0 0 -1
    outer loop
      vertex 44.2806 40.4477 3.8147e-07
      vertex 44.2754 40.4564 3.8147e-07
      vertex 44.6718 40.591 3.8147e-07
    endloop
  endfacet
  facet normal 0 0 -1
    outer loop
      vertex 43.9063 40.2633 3.8147e-07
      vertex 44.2754 40.4564 3.8147e-07
      vertex 44.2792 40.4472 3.8147e-07
    endloop
  endfacet
  facet normal 0 0 -1
    outer loop
      vertex 43.9 40.2713 3.8147e-07
      vertex 43.9063 40.2633 3.8147e-07
      vertex 43.905 40.2627 3.8147e-07
    endloop
  endfacet
  facet normal 0 0 -1
    outer loop
      vertex 43.9063 40.2633 3.8147e-07
      vertex 43.9 40.2713 3.8147e-07
      vertex 44.2754 40.4564 3.8147e-07
    endloop
  endfacet
  facet normal 0 0 -1
    outer loop
      vertex 43.9037 40.2619 3.8147e-07
      vertex 43.9 40.2713 3.8147e-07
      vertex 43.905 40.2627 3.8147e-07
    endloop
  endfacet
  facet normal 0 0 -1
    outer loop
      vertex 43.552 40.0387 3.8147e-07
      vertex 43.9037 40.2619 3.8147e-07
      vertex 43.558 40.0308 3.8147e-07
    endloop
  endfacet
  facet normal -0 0 -1
    outer loop
      vertex 43.9037 40.2619 3.8147e-07
      vertex 43.552 40.0387 3.8147e-07
      vertex 43.9 40.2713 3.8147e-07
    endloop
  endfacet
  facet normal 0 0 -1
    outer loop
      vertex 43.2454 39.7567 3.8147e-07
      vertex 43.552 40.0387 3.8147e-07
      vertex 43.558 40.0308 3.8147e-07
    endloop
  endfacet
  facet normal 0 0 -1
    outer loop
      vertex 43.2373 39.7627 3.8147e-07
      vertex 43.2454 39.7567 3.8147e-07
      vertex 43.2443 39.7557 3.8147e-07
    endloop
  endfacet
  facet normal 0 0 -1
    outer loop
      vertex 43.2454 39.7567 3.8147e-07
      vertex 43.2373 39.7627 3.8147e-07
      vertex 43.552 40.0387 3.8147e-07
    endloop
  endfacet
  facet normal 0 0 -1
    outer loop
      vertex 43.2433 39.7546 3.8147e-07
      vertex 43.2373 39.7627 3.8147e-07
      vertex 43.2443 39.7557 3.8147e-07
    endloop
  endfacet
  facet normal 0 0 -1
    outer loop
      vertex 42.9613 39.448 3.8147e-07
      vertex 43.2433 39.7546 3.8147e-07
      vertex 42.9692 39.442 3.8147e-07
    endloop
  endfacet
  facet normal -0 0 -1
    outer loop
      vertex 43.2433 39.7546 3.8147e-07
      vertex 42.9613 39.448 3.8147e-07
      vertex 43.2373 39.7627 3.8147e-07
    endloop
  endfacet
  facet normal 0 0 -1
    outer loop
      vertex 42.7381 39.0963 3.8147e-07
      vertex 42.9613 39.448 3.8147e-07
      vertex 42.9692 39.442 3.8147e-07
    endloop
  endfacet
  facet normal 0 0 -1
    outer loop
      vertex 42.7287 39.1 3.8147e-07
      vertex 42.7381 39.0963 3.8147e-07
      vertex 42.7373 39.095 3.8147e-07
    endloop
  endfacet
  facet normal 0 0 -1
    outer loop
      vertex 42.7381 39.0963 3.8147e-07
      vertex 42.7287 39.1 3.8147e-07
      vertex 42.9613 39.448 3.8147e-07
    endloop
  endfacet
  facet normal 0 0 -1
    outer loop
      vertex 42.7367 39.0937 3.8147e-07
      vertex 42.7287 39.1 3.8147e-07
      vertex 42.7373 39.095 3.8147e-07
    endloop
  endfacet
  facet normal 0 0 -1
    outer loop
      vertex 42.5436 38.7246 3.8147e-07
      vertex 42.7367 39.0937 3.8147e-07
      vertex 42.5528 38.7208 3.8147e-07
    endloop
  endfacet
  facet normal -0 0 -1
    outer loop
      vertex 42.7367 39.0937 3.8147e-07
      vertex 42.5436 38.7246 3.8147e-07
      vertex 42.7287 39.1 3.8147e-07
    endloop
  endfacet
  facet normal 0 0 -1
    outer loop
      vertex 42.5523 38.7194 3.8147e-07
      vertex 42.5436 38.7246 3.8147e-07
      vertex 42.5528 38.7208 3.8147e-07
    endloop
  endfacet
  facet normal 0 0 -1
    outer loop
      vertex 42.409 38.3282 3.8147e-07
      vertex 42.5523 38.7194 3.8147e-07
      vertex 42.4186 38.3256 3.8147e-07
    endloop
  endfacet
  facet normal -0 0 -1
    outer loop
      vertex 42.5523 38.7194 3.8147e-07
      vertex 42.409 38.3282 3.8147e-07
      vertex 42.5436 38.7246 3.8147e-07
    endloop
  endfacet
  facet normal 0 0 -1
    outer loop
      vertex 42.3375 37.9178 3.8147e-07
      vertex 42.409 38.3282 3.8147e-07
      vertex 42.4186 38.3256 3.8147e-07
    endloop
  endfacet
  facet normal 0 0 -1
    outer loop
      vertex 42.3274 37.9177 3.8147e-07
      vertex 42.3375 37.9178 3.8147e-07
      vertex 42.3372 37.9164 3.8147e-07
    endloop
  endfacet
  facet normal -0 0 -1
    outer loop
      vertex 42.3375 37.9178 3.8147e-07
      vertex 42.3274 37.9177 3.8147e-07
      vertex 42.409 38.3282 3.8147e-07
    endloop
  endfacet
  facet normal 0 0 -1
    outer loop
      vertex 42.3371 37.9149 3.8147e-07
      vertex 42.3274 37.9177 3.8147e-07
      vertex 42.3372 37.9164 3.8147e-07
    endloop
  endfacet
  facet normal 0 0 -1
    outer loop
      vertex 42.3 37.5 3.8147e-07
      vertex 42.3371 37.9149 3.8147e-07
      vertex 42.3099 37.5 3.8147e-07
    endloop
  endfacet
  facet normal -0 0 -1
    outer loop
      vertex 42.3371 37.9149 3.8147e-07
      vertex 42.3 37.5 3.8147e-07
      vertex 42.3274 37.9177 3.8147e-07
    endloop
  endfacet
  facet normal 0 0 -1
    outer loop
      vertex 9.66287 6.08508 3.8147e-07
      vertex 9.7 6.5 3.8147e-07
      vertex 9.67262 6.08232 3.8147e-07
    endloop
  endfacet
  facet normal -0 0 -1
    outer loop
      vertex 9.7 6.5 3.8147e-07
      vertex 9.66287 6.08508 3.8147e-07
      vertex 9.69007 6.5 3.8147e-07
    endloop
  endfacet
  facet normal 0 0 -1
    outer loop
      vertex 9.67262 6.08232 3.8147e-07
      vertex 9.66277 6.08361 3.8147e-07
      vertex 9.66287 6.08508 3.8147e-07
    endloop
  endfacet
  facet normal -0 0 -1
    outer loop
      vertex 9.67262 6.08232 3.8147e-07
      vertex 9.66249 6.08217 3.8147e-07
      vertex 9.66277 6.08361 3.8147e-07
    endloop
  endfacet
  facet normal 0 0 -1
    outer loop
      vertex 9.59096 5.67178 3.8147e-07
      vertex 9.66249 6.08217 3.8147e-07
      vertex 9.67262 6.08232 3.8147e-07
    endloop
  endfacet
  facet normal 0 0 -1
    outer loop
      vertex 9.59096 5.67178 3.8147e-07
      vertex 9.58137 5.67435 3.8147e-07
      vertex 9.66249 6.08217 3.8147e-07
    endloop
  endfacet
  facet normal 0 0 -1
    outer loop
      vertex 9.44771 5.28061 3.8147e-07
      vertex 9.59096 5.67178 3.8147e-07
      vertex 9.45641 5.27541 3.8147e-07
    endloop
  endfacet
  facet normal -0 0 -1
    outer loop
      vertex 9.59096 5.67178 3.8147e-07
      vertex 9.44771 5.28061 3.8147e-07
      vertex 9.58137 5.67435 3.8147e-07
    endloop
  endfacet
  facet normal 0 0 -1
    outer loop
      vertex 9.45641 5.27541 3.8147e-07
      vertex 9.44724 5.27921 3.8147e-07
      vertex 9.44771 5.28061 3.8147e-07
    endloop
  endfacet
  facet normal 0 0 -1
    outer loop
      vertex 9.26333 4.90629 3.8147e-07
      vertex 9.45641 5.27541 3.8147e-07
      vertex 9.27128 4.9 3.8147e-07
    endloop
  endfacet
  facet normal -0 0 -1
    outer loop
      vertex 9.45641 5.27541 3.8147e-07
      vertex 9.26333 4.90629 3.8147e-07
      vertex 9.44724 5.27921 3.8147e-07
    endloop
  endfacet
  facet normal 0 0 -1
    outer loop
      vertex 9.27128 4.9 3.8147e-07
      vertex 9.26268 4.90497 3.8147e-07
      vertex 9.26333 4.90629 3.8147e-07
    endloop
  endfacet
  facet normal 0 0 -1
    outer loop
      vertex 9.27128 4.9 3.8147e-07
      vertex 9.26186 4.90374 3.8147e-07
      vertex 9.26268 4.90497 3.8147e-07
    endloop
  endfacet
  facet normal 0 0 -1
    outer loop
      vertex 9.03873 4.55196 3.8147e-07
      vertex 9.26186 4.90374 3.8147e-07
      vertex 9.27128 4.9 3.8147e-07
    endloop
  endfacet
  facet normal 0 0 -1
    outer loop
      vertex 9.03873 4.55196 3.8147e-07
      vertex 9.03085 4.55801 3.8147e-07
      vertex 9.26186 4.90374 3.8147e-07
    endloop
  endfacet
  facet normal 0 0 -1
    outer loop
      vertex 8.75669 4.24539 3.8147e-07
      vertex 9.03873 4.55196 3.8147e-07
      vertex 8.76274 4.23726 3.8147e-07
    endloop
  endfacet
  facet normal -0 0 -1
    outer loop
      vertex 9.03873 4.55196 3.8147e-07
      vertex 8.75669 4.24539 3.8147e-07
      vertex 9.03085 4.55801 3.8147e-07
    endloop
  endfacet
  facet normal 0 0 -1
    outer loop
      vertex 8.76274 4.23726 3.8147e-07
      vertex 8.75572 4.24428 3.8147e-07
      vertex 8.75669 4.24539 3.8147e-07
    endloop
  endfacet
  facet normal 0 0 -1
    outer loop
      vertex 8.76274 4.23726 3.8147e-07
      vertex 8.75461 4.24331 3.8147e-07
      vertex 8.75572 4.24428 3.8147e-07
    endloop
  endfacet
  facet normal 0 0 -1
    outer loop
      vertex 8.44804 3.96127 3.8147e-07
      vertex 8.75461 4.24331 3.8147e-07
      vertex 8.76274 4.23726 3.8147e-07
    endloop
  endfacet
  facet normal 0 0 -1
    outer loop
      vertex 8.44804 3.96127 3.8147e-07
      vertex 8.44199 3.96915 3.8147e-07
      vertex 8.75461 4.24331 3.8147e-07
    endloop
  endfacet
  facet normal 0 0 -1
    outer loop
      vertex 8.09626 3.73814 3.8147e-07
      vertex 8.44804 3.96127 3.8147e-07
      vertex 8.1 3.72872 3.8147e-07
    endloop
  endfacet
  facet normal -0 0 -1
    outer loop
      vertex 8.44804 3.96127 3.8147e-07
      vertex 8.09626 3.73814 3.8147e-07
      vertex 8.44199 3.96915 3.8147e-07
    endloop
  endfacet
  facet normal 0 0 -1
    outer loop
      vertex 8.1 3.72872 3.8147e-07
      vertex 8.09503 3.73732 3.8147e-07
      vertex 8.09626 3.73814 3.8147e-07
    endloop
  endfacet
  facet normal 0 0 -1
    outer loop
      vertex 8.1 3.72872 3.8147e-07
      vertex 8.09371 3.73667 3.8147e-07
      vertex 8.09503 3.73732 3.8147e-07
    endloop
  endfacet
  facet normal 0 0 -1
    outer loop
      vertex 7.72459 3.54359 3.8147e-07
      vertex 8.09371 3.73667 3.8147e-07
      vertex 8.1 3.72872 3.8147e-07
    endloop
  endfacet
  facet normal 0 0 -1
    outer loop
      vertex 7.72459 3.54359 3.8147e-07
      vertex 7.72079 3.55276 3.8147e-07
      vertex 8.09371 3.73667 3.8147e-07
    endloop
  endfacet
  facet normal 0 0 -1
    outer loop
      vertex 7.72459 3.54359 3.8147e-07
      vertex 7.71939 3.55229 3.8147e-07
      vertex 7.72079 3.55276 3.8147e-07
    endloop
  endfacet
  facet normal 0 0 -1
    outer loop
      vertex 7.32822 3.40904 3.8147e-07
      vertex 7.71939 3.55229 3.8147e-07
      vertex 7.72459 3.54359 3.8147e-07
    endloop
  endfacet
  facet normal 0 0 -1
    outer loop
      vertex 7.32822 3.40904 3.8147e-07
      vertex 7.32565 3.41863 3.8147e-07
      vertex 7.71939 3.55229 3.8147e-07
    endloop
  endfacet
  facet normal -0 0 -1
    outer loop
      vertex 7.32822 3.40904 3.8147e-07
      vertex 6.91783 3.33751 3.8147e-07
      vertex 7.32565 3.41863 3.8147e-07
    endloop
  endfacet
  facet normal 0 0 -1
    outer loop
      vertex 6.91768 3.32738 3.8147e-07
      vertex 6.91783 3.33751 3.8147e-07
      vertex 7.32822 3.40904 3.8147e-07
    endloop
  endfacet
  facet normal 0 0 -1
    outer loop
      vertex 6.91768 3.32738 3.8147e-07
      vertex 6.91639 3.33723 3.8147e-07
      vertex 6.91783 3.33751 3.8147e-07
    endloop
  endfacet
  facet normal 0 0 -1
    outer loop
      vertex 6.91768 3.32738 3.8147e-07
      vertex 6.91492 3.33713 3.8147e-07
      vertex 6.91639 3.33723 3.8147e-07
    endloop
  endfacet
  facet normal 0 0 -1
    outer loop
      vertex 6.5 3.3 3.8147e-07
      vertex 6.91492 3.33713 3.8147e-07
      vertex 6.91768 3.32738 3.8147e-07
    endloop
  endfacet
  facet normal 0 0 -1
    outer loop
      vertex 6.5 3.3 3.8147e-07
      vertex 6.5 3.30993 3.8147e-07
      vertex 6.91492 3.33713 3.8147e-07
    endloop
  endfacet
  facet normal 0 0 -1
    outer loop
      vertex 6.5 3.3 3.8147e-07
      vertex 6.08508 3.33713 3.8147e-07
      vertex 6.5 3.30993 3.8147e-07
    endloop
  endfacet
  facet normal 0 0 -1
    outer loop
      vertex 6.08232 3.32738 3.8147e-07
      vertex 6.08508 3.33713 3.8147e-07
      vertex 6.5 3.3 3.8147e-07
    endloop
  endfacet
  facet normal -0 0 -1
    outer loop
      vertex 6.08508 3.33713 3.8147e-07
      vertex 6.08232 3.32738 3.8147e-07
      vertex 6.08361 3.33723 3.8147e-07
    endloop
  endfacet
  facet normal 0 0 -1
    outer loop
      vertex 6.08232 3.32738 3.8147e-07
      vertex 6.08217 3.33751 3.8147e-07
      vertex 6.08361 3.33723 3.8147e-07
    endloop
  endfacet
  facet normal 0 0 -1
    outer loop
      vertex 5.67178 3.40904 3.8147e-07
      vertex 6.08217 3.33751 3.8147e-07
      vertex 6.08232 3.32738 3.8147e-07
    endloop
  endfacet
  facet normal 0 0 -1
    outer loop
      vertex 6.08217 3.33751 3.8147e-07
      vertex 5.67178 3.40904 3.8147e-07
      vertex 5.67435 3.41863 3.8147e-07
    endloop
  endfacet
  facet normal 0 0 -1
    outer loop
      vertex 5.67178 3.40904 3.8147e-07
      vertex 5.28061 3.55229 3.8147e-07
      vertex 5.67435 3.41863 3.8147e-07
    endloop
  endfacet
  facet normal 0 0 -1
    outer loop
      vertex 5.27541 3.54359 3.8147e-07
      vertex 5.28061 3.55229 3.8147e-07
      vertex 5.67178 3.40904 3.8147e-07
    endloop
  endfacet
  facet normal -0 0 -1
    outer loop
      vertex 5.28061 3.55229 3.8147e-07
      vertex 5.27541 3.54359 3.8147e-07
      vertex 5.27921 3.55276 3.8147e-07
    endloop
  endfacet
  facet normal 0 0 -1
    outer loop
      vertex 5.27541 3.54359 3.8147e-07
      vertex 4.90629 3.73667 3.8147e-07
      vertex 5.27921 3.55276 3.8147e-07
    endloop
  endfacet
  facet normal 0 0 -1
    outer loop
      vertex 4.9 3.72872 3.8147e-07
      vertex 4.90629 3.73667 3.8147e-07
      vertex 5.27541 3.54359 3.8147e-07
    endloop
  endfacet
  facet normal -0 0 -1
    outer loop
      vertex 4.90629 3.73667 3.8147e-07
      vertex 4.9 3.72872 3.8147e-07
      vertex 4.90497 3.73732 3.8147e-07
    endloop
  endfacet
  facet normal 0 0 -1
    outer loop
      vertex 4.9 3.72872 3.8147e-07
      vertex 4.90374 3.73814 3.8147e-07
      vertex 4.90497 3.73732 3.8147e-07
    endloop
  endfacet
  facet normal 0 0 -1
    outer loop
      vertex 4.55196 3.96127 3.8147e-07
      vertex 4.90374 3.73814 3.8147e-07
      vertex 4.9 3.72872 3.8147e-07
    endloop
  endfacet
  facet normal 0 0 -1
    outer loop
      vertex 4.90374 3.73814 3.8147e-07
      vertex 4.55196 3.96127 3.8147e-07
      vertex 4.55801 3.96915 3.8147e-07
    endloop
  endfacet
  facet normal 0 0 -1
    outer loop
      vertex 4.55196 3.96127 3.8147e-07
      vertex 4.24539 4.24331 3.8147e-07
      vertex 4.55801 3.96915 3.8147e-07
    endloop
  endfacet
  facet normal 0 0 -1
    outer loop
      vertex 4.23726 4.23726 3.8147e-07
      vertex 4.24539 4.24331 3.8147e-07
      vertex 4.55196 3.96127 3.8147e-07
    endloop
  endfacet
  facet normal -0 0 -1
    outer loop
      vertex 4.24539 4.24331 3.8147e-07
      vertex 4.23726 4.23726 3.8147e-07
      vertex 4.24428 4.24428 3.8147e-07
    endloop
  endfacet
  facet normal 0 0 -1
    outer loop
      vertex 4.23726 4.23726 3.8147e-07
      vertex 4.24331 4.24539 3.8147e-07
      vertex 4.24428 4.24428 3.8147e-07
    endloop
  endfacet
  facet normal 0 0 -1
    outer loop
      vertex 3.96127 4.55196 3.8147e-07
      vertex 4.24331 4.24539 3.8147e-07
      vertex 4.23726 4.23726 3.8147e-07
    endloop
  endfacet
  facet normal 0 0 -1
    outer loop
      vertex 4.24331 4.24539 3.8147e-07
      vertex 3.96127 4.55196 3.8147e-07
      vertex 3.96915 4.55801 3.8147e-07
    endloop
  endfacet
  facet normal 0 0 -1
    outer loop
      vertex 3.96127 4.55196 3.8147e-07
      vertex 3.73814 4.90374 3.8147e-07
      vertex 3.96915 4.55801 3.8147e-07
    endloop
  endfacet
  facet normal 0 0 -1
    outer loop
      vertex 3.72872 4.9 3.8147e-07
      vertex 3.73814 4.90374 3.8147e-07
      vertex 3.96127 4.55196 3.8147e-07
    endloop
  endfacet
  facet normal -0 0 -1
    outer loop
      vertex 3.73814 4.90374 3.8147e-07
      vertex 3.72872 4.9 3.8147e-07
      vertex 3.73732 4.90497 3.8147e-07
    endloop
  endfacet
  facet normal 0 0 -1
    outer loop
      vertex 3.72872 4.9 3.8147e-07
      vertex 3.73667 4.90629 3.8147e-07
      vertex 3.73732 4.90497 3.8147e-07
    endloop
  endfacet
  facet normal 0 0 -1
    outer loop
      vertex 3.54359 5.27541 3.8147e-07
      vertex 3.73667 4.90629 3.8147e-07
      vertex 3.72872 4.9 3.8147e-07
    endloop
  endfacet
  facet normal 0 0 -1
    outer loop
      vertex 3.73667 4.90629 3.8147e-07
      vertex 3.54359 5.27541 3.8147e-07
      vertex 3.55276 5.27921 3.8147e-07
    endloop
  endfacet
  facet normal 0 0 -1
    outer loop
      vertex 3.54359 5.27541 3.8147e-07
      vertex 3.55229 5.28061 3.8147e-07
      vertex 3.55276 5.27921 3.8147e-07
    endloop
  endfacet
  facet normal 0 0 -1
    outer loop
      vertex 3.40904 5.67178 3.8147e-07
      vertex 3.55229 5.28061 3.8147e-07
      vertex 3.54359 5.27541 3.8147e-07
    endloop
  endfacet
  facet normal 0 0 -1
    outer loop
      vertex 3.55229 5.28061 3.8147e-07
      vertex 3.40904 5.67178 3.8147e-07
      vertex 3.41863 5.67435 3.8147e-07
    endloop
  endfacet
  facet normal 0 0 -1
    outer loop
      vertex 3.40904 5.67178 3.8147e-07
      vertex 3.33751 6.08217 3.8147e-07
      vertex 3.41863 5.67435 3.8147e-07
    endloop
  endfacet
  facet normal 0 0 -1
    outer loop
      vertex 3.32738 6.08232 3.8147e-07
      vertex 3.33751 6.08217 3.8147e-07
      vertex 3.40904 5.67178 3.8147e-07
    endloop
  endfacet
  facet normal 0 0 -1
    outer loop
      vertex 3.33751 6.08217 3.8147e-07
      vertex 3.32738 6.08232 3.8147e-07
      vertex 3.33723 6.08361 3.8147e-07
    endloop
  endfacet
  facet normal 0 0 -1
    outer loop
      vertex 3.32738 6.08232 3.8147e-07
      vertex 3.33713 6.08508 3.8147e-07
      vertex 3.33723 6.08361 3.8147e-07
    endloop
  endfacet
  facet normal 0 0 -1
    outer loop
      vertex 3.3 6.5 3.8147e-07
      vertex 3.33713 6.08508 3.8147e-07
      vertex 3.32738 6.08232 3.8147e-07
    endloop
  endfacet
  facet normal 0 0 -1
    outer loop
      vertex 3.33713 6.08508 3.8147e-07
      vertex 3.3 6.5 3.8147e-07
      vertex 3.30993 6.5 3.8147e-07
    endloop
  endfacet
  facet normal 0 0 -1
    outer loop
      vertex 9.66287 6.91492 3.8147e-07
      vertex 9.7 6.5 3.8147e-07
      vertex 9.69007 6.5 3.8147e-07
    endloop
  endfacet
  facet normal 0 0 -1
    outer loop
      vertex 9.7 6.5 3.8147e-07
      vertex 9.66287 6.91492 3.8147e-07
      vertex 9.67262 6.91768 3.8147e-07
    endloop
  endfacet
  facet normal 0 0 -1
    outer loop
      vertex 9.66277 6.91639 3.8147e-07
      vertex 9.67262 6.91768 3.8147e-07
      vertex 9.66287 6.91492 3.8147e-07
    endloop
  endfacet
  facet normal 0 0 -1
    outer loop
      vertex 9.66249 6.91783 3.8147e-07
      vertex 9.67262 6.91768 3.8147e-07
      vertex 9.66277 6.91639 3.8147e-07
    endloop
  endfacet
  facet normal 0 0 -1
    outer loop
      vertex 9.66249 6.91783 3.8147e-07
      vertex 9.59096 7.32822 3.8147e-07
      vertex 9.67262 6.91768 3.8147e-07
    endloop
  endfacet
  facet normal 0 0 -1
    outer loop
      vertex 9.58137 7.32565 3.8147e-07
      vertex 9.59096 7.32822 3.8147e-07
      vertex 9.66249 6.91783 3.8147e-07
    endloop
  endfacet
  facet normal 0 0 -1
    outer loop
      vertex 9.44771 7.71939 3.8147e-07
      vertex 9.59096 7.32822 3.8147e-07
      vertex 9.58137 7.32565 3.8147e-07
    endloop
  endfacet
  facet normal 0 0 -1
    outer loop
      vertex 9.59096 7.32822 3.8147e-07
      vertex 9.44771 7.71939 3.8147e-07
      vertex 9.45641 7.72459 3.8147e-07
    endloop
  endfacet
  facet normal 0 0 -1
    outer loop
      vertex 9.44724 7.72079 3.8147e-07
      vertex 9.45641 7.72459 3.8147e-07
      vertex 9.44771 7.71939 3.8147e-07
    endloop
  endfacet
  facet normal 0 0 -1
    outer loop
      vertex 9.26333 8.09371 3.8147e-07
      vertex 9.45641 7.72459 3.8147e-07
      vertex 9.44724 7.72079 3.8147e-07
    endloop
  endfacet
  facet normal 0 0 -1
    outer loop
      vertex 9.45641 7.72459 3.8147e-07
      vertex 9.26333 8.09371 3.8147e-07
      vertex 9.27128 8.1 3.8147e-07
    endloop
  endfacet
  facet normal 0 0 -1
    outer loop
      vertex 9.26268 8.09503 3.8147e-07
      vertex 9.27128 8.1 3.8147e-07
      vertex 9.26333 8.09371 3.8147e-07
    endloop
  endfacet
  facet normal 0 0 -1
    outer loop
      vertex 9.26186 8.09626 3.8147e-07
      vertex 9.27128 8.1 3.8147e-07
      vertex 9.26268 8.09503 3.8147e-07
    endloop
  endfacet
  facet normal 0 0 -1
    outer loop
      vertex 9.26186 8.09626 3.8147e-07
      vertex 9.03873 8.44804 3.8147e-07
      vertex 9.27128 8.1 3.8147e-07
    endloop
  endfacet
  facet normal 0 0 -1
    outer loop
      vertex 9.03085 8.44199 3.8147e-07
      vertex 9.03873 8.44804 3.8147e-07
      vertex 9.26186 8.09626 3.8147e-07
    endloop
  endfacet
  facet normal 0 0 -1
    outer loop
      vertex 8.75669 8.75461 3.8147e-07
      vertex 9.03873 8.44804 3.8147e-07
      vertex 9.03085 8.44199 3.8147e-07
    endloop
  endfacet
  facet normal 0 0 -1
    outer loop
      vertex 9.03873 8.44804 3.8147e-07
      vertex 8.75669 8.75461 3.8147e-07
      vertex 8.76274 8.76274 3.8147e-07
    endloop
  endfacet
  facet normal 0 0 -1
    outer loop
      vertex 8.75572 8.75572 3.8147e-07
      vertex 8.76274 8.76274 3.8147e-07
      vertex 8.75669 8.75461 3.8147e-07
    endloop
  endfacet
  facet normal 0 0 -1
    outer loop
      vertex 8.75461 8.75669 3.8147e-07
      vertex 8.76274 8.76274 3.8147e-07
      vertex 8.75572 8.75572 3.8147e-07
    endloop
  endfacet
  facet normal 0 0 -1
    outer loop
      vertex 8.75461 8.75669 3.8147e-07
      vertex 8.44804 9.03873 3.8147e-07
      vertex 8.76274 8.76274 3.8147e-07
    endloop
  endfacet
  facet normal 0 0 -1
    outer loop
      vertex 8.44199 9.03085 3.8147e-07
      vertex 8.44804 9.03873 3.8147e-07
      vertex 8.75461 8.75669 3.8147e-07
    endloop
  endfacet
  facet normal 0 0 -1
    outer loop
      vertex 8.09626 9.26186 3.8147e-07
      vertex 8.44804 9.03873 3.8147e-07
      vertex 8.44199 9.03085 3.8147e-07
    endloop
  endfacet
  facet normal 0 0 -1
    outer loop
      vertex 8.44804 9.03873 3.8147e-07
      vertex 8.09626 9.26186 3.8147e-07
      vertex 8.1 9.27128 3.8147e-07
    endloop
  endfacet
  facet normal 0 0 -1
    outer loop
      vertex 8.09503 9.26268 3.8147e-07
      vertex 8.1 9.27128 3.8147e-07
      vertex 8.09626 9.26186 3.8147e-07
    endloop
  endfacet
  facet normal 0 0 -1
    outer loop
      vertex 8.09371 9.26333 3.8147e-07
      vertex 8.1 9.27128 3.8147e-07
      vertex 8.09503 9.26268 3.8147e-07
    endloop
  endfacet
  facet normal 0 0 -1
    outer loop
      vertex 8.09371 9.26333 3.8147e-07
      vertex 7.72459 9.45641 3.8147e-07
      vertex 8.1 9.27128 3.8147e-07
    endloop
  endfacet
  facet normal 0 0 -1
    outer loop
      vertex 7.72079 9.44724 3.8147e-07
      vertex 7.72459 9.45641 3.8147e-07
      vertex 8.09371 9.26333 3.8147e-07
    endloop
  endfacet
  facet normal 0 0 -1
    outer loop
      vertex 7.71939 9.44771 3.8147e-07
      vertex 7.72459 9.45641 3.8147e-07
      vertex 7.72079 9.44724 3.8147e-07
    endloop
  endfacet
  facet normal 0 0 -1
    outer loop
      vertex 7.71939 9.44771 3.8147e-07
      vertex 7.32822 9.59096 3.8147e-07
      vertex 7.72459 9.45641 3.8147e-07
    endloop
  endfacet
  facet normal 0 0 -1
    outer loop
      vertex 7.32565 9.58137 3.8147e-07
      vertex 7.32822 9.59096 3.8147e-07
      vertex 7.71939 9.44771 3.8147e-07
    endloop
  endfacet
  facet normal 0 0 -1
    outer loop
      vertex 6.91783 9.66249 3.8147e-07
      vertex 7.32822 9.59096 3.8147e-07
      vertex 7.32565 9.58137 3.8147e-07
    endloop
  endfacet
  facet normal 0 0 -1
    outer loop
      vertex 6.91783 9.66249 3.8147e-07
      vertex 6.91768 9.67262 3.8147e-07
      vertex 7.32822 9.59096 3.8147e-07
    endloop
  endfacet
  facet normal 0 0 -1
    outer loop
      vertex 6.91639 9.66277 3.8147e-07
      vertex 6.91768 9.67262 3.8147e-07
      vertex 6.91783 9.66249 3.8147e-07
    endloop
  endfacet
  facet normal 0 0 -1
    outer loop
      vertex 6.91492 9.66287 3.8147e-07
      vertex 6.91768 9.67262 3.8147e-07
      vertex 6.91639 9.66277 3.8147e-07
    endloop
  endfacet
  facet normal 0 0 -1
    outer loop
      vertex 6.5 9.7 3.8147e-07
      vertex 6.91492 9.66287 3.8147e-07
      vertex 6.5 9.69007 3.8147e-07
    endloop
  endfacet
  facet normal 0 0 -1
    outer loop
      vertex 6.91492 9.66287 3.8147e-07
      vertex 6.5 9.7 3.8147e-07
      vertex 6.91768 9.67262 3.8147e-07
    endloop
  endfacet
  facet normal 0 0 -1
    outer loop
      vertex 6.08508 9.66287 3.8147e-07
      vertex 6.5 9.7 3.8147e-07
      vertex 6.5 9.69007 3.8147e-07
    endloop
  endfacet
  facet normal 0 0 -1
    outer loop
      vertex 6.08232 9.67262 3.8147e-07
      vertex 6.08508 9.66287 3.8147e-07
      vertex 6.08361 9.66277 3.8147e-07
    endloop
  endfacet
  facet normal 0 0 -1
    outer loop
      vertex 6.08508 9.66287 3.8147e-07
      vertex 6.08232 9.67262 3.8147e-07
      vertex 6.5 9.7 3.8147e-07
    endloop
  endfacet
  facet normal 0 0 -1
    outer loop
      vertex 6.08217 9.66249 3.8147e-07
      vertex 6.08232 9.67262 3.8147e-07
      vertex 6.08361 9.66277 3.8147e-07
    endloop
  endfacet
  facet normal 0 0 -1
    outer loop
      vertex 5.67178 9.59096 3.8147e-07
      vertex 6.08217 9.66249 3.8147e-07
      vertex 5.67435 9.58137 3.8147e-07
    endloop
  endfacet
  facet normal -0 0 -1
    outer loop
      vertex 6.08217 9.66249 3.8147e-07
      vertex 5.67178 9.59096 3.8147e-07
      vertex 6.08232 9.67262 3.8147e-07
    endloop
  endfacet
  facet normal 0 0 -1
    outer loop
      vertex 5.28061 9.44771 3.8147e-07
      vertex 5.67178 9.59096 3.8147e-07
      vertex 5.67435 9.58137 3.8147e-07
    endloop
  endfacet
  facet normal 0 0 -1
    outer loop
      vertex 5.27541 9.45641 3.8147e-07
      vertex 5.28061 9.44771 3.8147e-07
      vertex 5.27921 9.44724 3.8147e-07
    endloop
  endfacet
  facet normal 0 0 -1
    outer loop
      vertex 5.28061 9.44771 3.8147e-07
      vertex 5.27541 9.45641 3.8147e-07
      vertex 5.67178 9.59096 3.8147e-07
    endloop
  endfacet
  facet normal 0 0 -1
    outer loop
      vertex 4.90629 9.26333 3.8147e-07
      vertex 5.27541 9.45641 3.8147e-07
      vertex 5.27921 9.44724 3.8147e-07
    endloop
  endfacet
  facet normal 0 0 -1
    outer loop
      vertex 4.9 9.27128 3.8147e-07
      vertex 4.90629 9.26333 3.8147e-07
      vertex 4.90497 9.26268 3.8147e-07
    endloop
  endfacet
  facet normal 0 0 -1
    outer loop
      vertex 4.90629 9.26333 3.8147e-07
      vertex 4.9 9.27128 3.8147e-07
      vertex 5.27541 9.45641 3.8147e-07
    endloop
  endfacet
  facet normal 0 0 -1
    outer loop
      vertex 4.90374 9.26186 3.8147e-07
      vertex 4.9 9.27128 3.8147e-07
      vertex 4.90497 9.26268 3.8147e-07
    endloop
  endfacet
  facet normal 0 0 -1
    outer loop
      vertex 4.55196 9.03873 3.8147e-07
      vertex 4.90374 9.26186 3.8147e-07
      vertex 4.55801 9.03085 3.8147e-07
    endloop
  endfacet
  facet normal -0 0 -1
    outer loop
      vertex 4.90374 9.26186 3.8147e-07
      vertex 4.55196 9.03873 3.8147e-07
      vertex 4.9 9.27128 3.8147e-07
    endloop
  endfacet
  facet normal 0 0 -1
    outer loop
      vertex 4.24539 8.75669 3.8147e-07
      vertex 4.55196 9.03873 3.8147e-07
      vertex 4.55801 9.03085 3.8147e-07
    endloop
  endfacet
  facet normal 0 0 -1
    outer loop
      vertex 4.23726 8.76274 3.8147e-07
      vertex 4.24539 8.75669 3.8147e-07
      vertex 4.24428 8.75572 3.8147e-07
    endloop
  endfacet
  facet normal 0 0 -1
    outer loop
      vertex 4.24539 8.75669 3.8147e-07
      vertex 4.23726 8.76274 3.8147e-07
      vertex 4.55196 9.03873 3.8147e-07
    endloop
  endfacet
  facet normal 0 0 -1
    outer loop
      vertex 4.24331 8.75461 3.8147e-07
      vertex 4.23726 8.76274 3.8147e-07
      vertex 4.24428 8.75572 3.8147e-07
    endloop
  endfacet
  facet normal 0 0 -1
    outer loop
      vertex 3.96127 8.44804 3.8147e-07
      vertex 4.24331 8.75461 3.8147e-07
      vertex 3.96915 8.44199 3.8147e-07
    endloop
  endfacet
  facet normal -0 0 -1
    outer loop
      vertex 4.24331 8.75461 3.8147e-07
      vertex 3.96127 8.44804 3.8147e-07
      vertex 4.23726 8.76274 3.8147e-07
    endloop
  endfacet
  facet normal 0 0 -1
    outer loop
      vertex 3.73814 8.09626 3.8147e-07
      vertex 3.96127 8.44804 3.8147e-07
      vertex 3.96915 8.44199 3.8147e-07
    endloop
  endfacet
  facet normal 0 0 -1
    outer loop
      vertex 3.72872 8.1 3.8147e-07
      vertex 3.73814 8.09626 3.8147e-07
      vertex 3.73732 8.09503 3.8147e-07
    endloop
  endfacet
  facet normal 0 0 -1
    outer loop
      vertex 3.73814 8.09626 3.8147e-07
      vertex 3.72872 8.1 3.8147e-07
      vertex 3.96127 8.44804 3.8147e-07
    endloop
  endfacet
  facet normal 0 0 -1
    outer loop
      vertex 3.73667 8.09371 3.8147e-07
      vertex 3.72872 8.1 3.8147e-07
      vertex 3.73732 8.09503 3.8147e-07
    endloop
  endfacet
  facet normal 0 0 -1
    outer loop
      vertex 3.54359 7.72459 3.8147e-07
      vertex 3.73667 8.09371 3.8147e-07
      vertex 3.55276 7.72079 3.8147e-07
    endloop
  endfacet
  facet normal -0 0 -1
    outer loop
      vertex 3.73667 8.09371 3.8147e-07
      vertex 3.54359 7.72459 3.8147e-07
      vertex 3.72872 8.1 3.8147e-07
    endloop
  endfacet
  facet normal 0 0 -1
    outer loop
      vertex 3.55229 7.71939 3.8147e-07
      vertex 3.54359 7.72459 3.8147e-07
      vertex 3.55276 7.72079 3.8147e-07
    endloop
  endfacet
  facet normal 0 0 -1
    outer loop
      vertex 3.40904 7.32822 3.8147e-07
      vertex 3.55229 7.71939 3.8147e-07
      vertex 3.41863 7.32565 3.8147e-07
    endloop
  endfacet
  facet normal -0 0 -1
    outer loop
      vertex 3.55229 7.71939 3.8147e-07
      vertex 3.40904 7.32822 3.8147e-07
      vertex 3.54359 7.72459 3.8147e-07
    endloop
  endfacet
  facet normal 0 0 -1
    outer loop
      vertex 3.33751 6.91783 3.8147e-07
      vertex 3.40904 7.32822 3.8147e-07
      vertex 3.41863 7.32565 3.8147e-07
    endloop
  endfacet
  facet normal 0 0 -1
    outer loop
      vertex 3.32738 6.91768 3.8147e-07
      vertex 3.33751 6.91783 3.8147e-07
      vertex 3.33723 6.91639 3.8147e-07
    endloop
  endfacet
  facet normal -0 0 -1
    outer loop
      vertex 3.33751 6.91783 3.8147e-07
      vertex 3.32738 6.91768 3.8147e-07
      vertex 3.40904 7.32822 3.8147e-07
    endloop
  endfacet
  facet normal 0 0 -1
    outer loop
      vertex 3.33713 6.91492 3.8147e-07
      vertex 3.32738 6.91768 3.8147e-07
      vertex 3.33723 6.91639 3.8147e-07
    endloop
  endfacet
  facet normal 0 0 -1
    outer loop
      vertex 3.3 6.5 3.8147e-07
      vertex 3.33713 6.91492 3.8147e-07
      vertex 3.30993 6.5 3.8147e-07
    endloop
  endfacet
  facet normal -0 0 -1
    outer loop
      vertex 3.33713 6.91492 3.8147e-07
      vertex 3.3 6.5 3.8147e-07
      vertex 3.32738 6.91768 3.8147e-07
    endloop
  endfacet
  facet normal 0 0 -1
    outer loop
      vertex 9.66287 37.0851 3.8147e-07
      vertex 9.7 37.5 3.8147e-07
      vertex 9.67262 37.0823 3.8147e-07
    endloop
  endfacet
  facet normal -0 0 -1
    outer loop
      vertex 9.7 37.5 3.8147e-07
      vertex 9.66287 37.0851 3.8147e-07
      vertex 9.69007 37.5 3.8147e-07
    endloop
  endfacet
  facet normal 0 0 -1
    outer loop
      vertex 9.67262 37.0823 3.8147e-07
      vertex 9.66277 37.0836 3.8147e-07
      vertex 9.66287 37.0851 3.8147e-07
    endloop
  endfacet
  facet normal -0 0 -1
    outer loop
      vertex 9.67262 37.0823 3.8147e-07
      vertex 9.66249 37.0822 3.8147e-07
      vertex 9.66277 37.0836 3.8147e-07
    endloop
  endfacet
  facet normal 0 0 -1
    outer loop
      vertex 9.59096 36.6718 3.8147e-07
      vertex 9.66249 37.0822 3.8147e-07
      vertex 9.67262 37.0823 3.8147e-07
    endloop
  endfacet
  facet normal 0 0 -1
    outer loop
      vertex 9.59096 36.6718 3.8147e-07
      vertex 9.58137 36.6744 3.8147e-07
      vertex 9.66249 37.0822 3.8147e-07
    endloop
  endfacet
  facet normal 0 0 -1
    outer loop
      vertex 9.44771 36.2806 3.8147e-07
      vertex 9.59096 36.6718 3.8147e-07
      vertex 9.45641 36.2754 3.8147e-07
    endloop
  endfacet
  facet normal -0 0 -1
    outer loop
      vertex 9.59096 36.6718 3.8147e-07
      vertex 9.44771 36.2806 3.8147e-07
      vertex 9.58137 36.6744 3.8147e-07
    endloop
  endfacet
  facet normal 0 0 -1
    outer loop
      vertex 9.45641 36.2754 3.8147e-07
      vertex 9.44724 36.2792 3.8147e-07
      vertex 9.44771 36.2806 3.8147e-07
    endloop
  endfacet
  facet normal 0 0 -1
    outer loop
      vertex 9.26333 35.9063 3.8147e-07
      vertex 9.45641 36.2754 3.8147e-07
      vertex 9.27128 35.9 3.8147e-07
    endloop
  endfacet
  facet normal -0 0 -1
    outer loop
      vertex 9.45641 36.2754 3.8147e-07
      vertex 9.26333 35.9063 3.8147e-07
      vertex 9.44724 36.2792 3.8147e-07
    endloop
  endfacet
  facet normal 0 0 -1
    outer loop
      vertex 9.27128 35.9 3.8147e-07
      vertex 9.26268 35.905 3.8147e-07
      vertex 9.26333 35.9063 3.8147e-07
    endloop
  endfacet
  facet normal 0 0 -1
    outer loop
      vertex 9.27128 35.9 3.8147e-07
      vertex 9.26186 35.9037 3.8147e-07
      vertex 9.26268 35.905 3.8147e-07
    endloop
  endfacet
  facet normal 0 0 -1
    outer loop
      vertex 9.03873 35.552 3.8147e-07
      vertex 9.26186 35.9037 3.8147e-07
      vertex 9.27128 35.9 3.8147e-07
    endloop
  endfacet
  facet normal 0 0 -1
    outer loop
      vertex 9.03873 35.552 3.8147e-07
      vertex 9.03085 35.558 3.8147e-07
      vertex 9.26186 35.9037 3.8147e-07
    endloop
  endfacet
  facet normal 0 0 -1
    outer loop
      vertex 8.75669 35.2454 3.8147e-07
      vertex 9.03873 35.552 3.8147e-07
      vertex 8.76274 35.2373 3.8147e-07
    endloop
  endfacet
  facet normal -0 0 -1
    outer loop
      vertex 9.03873 35.552 3.8147e-07
      vertex 8.75669 35.2454 3.8147e-07
      vertex 9.03085 35.558 3.8147e-07
    endloop
  endfacet
  facet normal 0 0 -1
    outer loop
      vertex 8.76274 35.2373 3.8147e-07
      vertex 8.75572 35.2443 3.8147e-07
      vertex 8.75669 35.2454 3.8147e-07
    endloop
  endfacet
  facet normal 0 0 -1
    outer loop
      vertex 8.76274 35.2373 3.8147e-07
      vertex 8.75461 35.2433 3.8147e-07
      vertex 8.75572 35.2443 3.8147e-07
    endloop
  endfacet
  facet normal 0 0 -1
    outer loop
      vertex 8.44804 34.9613 3.8147e-07
      vertex 8.75461 35.2433 3.8147e-07
      vertex 8.76274 35.2373 3.8147e-07
    endloop
  endfacet
  facet normal 0 0 -1
    outer loop
      vertex 8.44804 34.9613 3.8147e-07
      vertex 8.44199 34.9692 3.8147e-07
      vertex 8.75461 35.2433 3.8147e-07
    endloop
  endfacet
  facet normal 0 0 -1
    outer loop
      vertex 8.09626 34.7381 3.8147e-07
      vertex 8.44804 34.9613 3.8147e-07
      vertex 8.1 34.7287 3.8147e-07
    endloop
  endfacet
  facet normal -0 0 -1
    outer loop
      vertex 8.44804 34.9613 3.8147e-07
      vertex 8.09626 34.7381 3.8147e-07
      vertex 8.44199 34.9692 3.8147e-07
    endloop
  endfacet
  facet normal 0 0 -1
    outer loop
      vertex 8.1 34.7287 3.8147e-07
      vertex 8.09503 34.7373 3.8147e-07
      vertex 8.09626 34.7381 3.8147e-07
    endloop
  endfacet
  facet normal 0 0 -1
    outer loop
      vertex 8.1 34.7287 3.8147e-07
      vertex 8.09371 34.7367 3.8147e-07
      vertex 8.09503 34.7373 3.8147e-07
    endloop
  endfacet
  facet normal 0 0 -1
    outer loop
      vertex 7.72459 34.5436 3.8147e-07
      vertex 8.09371 34.7367 3.8147e-07
      vertex 8.1 34.7287 3.8147e-07
    endloop
  endfacet
  facet normal 0 0 -1
    outer loop
      vertex 7.72459 34.5436 3.8147e-07
      vertex 7.72079 34.5528 3.8147e-07
      vertex 8.09371 34.7367 3.8147e-07
    endloop
  endfacet
  facet normal 0 0 -1
    outer loop
      vertex 7.72459 34.5436 3.8147e-07
      vertex 7.71939 34.5523 3.8147e-07
      vertex 7.72079 34.5528 3.8147e-07
    endloop
  endfacet
  facet normal 0 0 -1
    outer loop
      vertex 7.32822 34.409 3.8147e-07
      vertex 7.71939 34.5523 3.8147e-07
      vertex 7.72459 34.5436 3.8147e-07
    endloop
  endfacet
  facet normal 0 0 -1
    outer loop
      vertex 7.32822 34.409 3.8147e-07
      vertex 7.32565 34.4186 3.8147e-07
      vertex 7.71939 34.5523 3.8147e-07
    endloop
  endfacet
  facet normal -0 0 -1
    outer loop
      vertex 7.32822 34.409 3.8147e-07
      vertex 6.91783 34.3375 3.8147e-07
      vertex 7.32565 34.4186 3.8147e-07
    endloop
  endfacet
  facet normal 0 0 -1
    outer loop
      vertex 6.91768 34.3274 3.8147e-07
      vertex 6.91783 34.3375 3.8147e-07
      vertex 7.32822 34.409 3.8147e-07
    endloop
  endfacet
  facet normal 0 0 -1
    outer loop
      vertex 6.91768 34.3274 3.8147e-07
      vertex 6.91639 34.3372 3.8147e-07
      vertex 6.91783 34.3375 3.8147e-07
    endloop
  endfacet
  facet normal 0 0 -1
    outer loop
      vertex 6.91768 34.3274 3.8147e-07
      vertex 6.91492 34.3371 3.8147e-07
      vertex 6.91639 34.3372 3.8147e-07
    endloop
  endfacet
  facet normal 0 0 -1
    outer loop
      vertex 6.5 34.3 3.8147e-07
      vertex 6.91492 34.3371 3.8147e-07
      vertex 6.91768 34.3274 3.8147e-07
    endloop
  endfacet
  facet normal 0 0 -1
    outer loop
      vertex 6.5 34.3 3.8147e-07
      vertex 6.5 34.3099 3.8147e-07
      vertex 6.91492 34.3371 3.8147e-07
    endloop
  endfacet
  facet normal 0 0 -1
    outer loop
      vertex 6.5 34.3 3.8147e-07
      vertex 6.08508 34.3371 3.8147e-07
      vertex 6.5 34.3099 3.8147e-07
    endloop
  endfacet
  facet normal 0 0 -1
    outer loop
      vertex 6.08232 34.3274 3.8147e-07
      vertex 6.08508 34.3371 3.8147e-07
      vertex 6.5 34.3 3.8147e-07
    endloop
  endfacet
  facet normal -0 0 -1
    outer loop
      vertex 6.08508 34.3371 3.8147e-07
      vertex 6.08232 34.3274 3.8147e-07
      vertex 6.08361 34.3372 3.8147e-07
    endloop
  endfacet
  facet normal 0 0 -1
    outer loop
      vertex 6.08232 34.3274 3.8147e-07
      vertex 6.08217 34.3375 3.8147e-07
      vertex 6.08361 34.3372 3.8147e-07
    endloop
  endfacet
  facet normal 0 0 -1
    outer loop
      vertex 5.67178 34.409 3.8147e-07
      vertex 6.08217 34.3375 3.8147e-07
      vertex 6.08232 34.3274 3.8147e-07
    endloop
  endfacet
  facet normal 0 0 -1
    outer loop
      vertex 6.08217 34.3375 3.8147e-07
      vertex 5.67178 34.409 3.8147e-07
      vertex 5.67435 34.4186 3.8147e-07
    endloop
  endfacet
  facet normal 0 0 -1
    outer loop
      vertex 5.67178 34.409 3.8147e-07
      vertex 5.28061 34.5523 3.8147e-07
      vertex 5.67435 34.4186 3.8147e-07
    endloop
  endfacet
  facet normal 0 0 -1
    outer loop
      vertex 5.27541 34.5436 3.8147e-07
      vertex 5.28061 34.5523 3.8147e-07
      vertex 5.67178 34.409 3.8147e-07
    endloop
  endfacet
  facet normal -0 0 -1
    outer loop
      vertex 5.28061 34.5523 3.8147e-07
      vertex 5.27541 34.5436 3.8147e-07
      vertex 5.27921 34.5528 3.8147e-07
    endloop
  endfacet
  facet normal 0 0 -1
    outer loop
      vertex 5.27541 34.5436 3.8147e-07
      vertex 4.90629 34.7367 3.8147e-07
      vertex 5.27921 34.5528 3.8147e-07
    endloop
  endfacet
  facet normal 0 0 -1
    outer loop
      vertex 4.9 34.7287 3.8147e-07
      vertex 4.90629 34.7367 3.8147e-07
      vertex 5.27541 34.5436 3.8147e-07
    endloop
  endfacet
  facet normal -0 0 -1
    outer loop
      vertex 4.90629 34.7367 3.8147e-07
      vertex 4.9 34.7287 3.8147e-07
      vertex 4.90497 34.7373 3.8147e-07
    endloop
  endfacet
  facet normal 0 0 -1
    outer loop
      vertex 4.9 34.7287 3.8147e-07
      vertex 4.90374 34.7381 3.8147e-07
      vertex 4.90497 34.7373 3.8147e-07
    endloop
  endfacet
  facet normal 0 0 -1
    outer loop
      vertex 4.55196 34.9613 3.8147e-07
      vertex 4.90374 34.7381 3.8147e-07
      vertex 4.9 34.7287 3.8147e-07
    endloop
  endfacet
  facet normal 0 0 -1
    outer loop
      vertex 4.90374 34.7381 3.8147e-07
      vertex 4.55196 34.9613 3.8147e-07
      vertex 4.55801 34.9692 3.8147e-07
    endloop
  endfacet
  facet normal 0 0 -1
    outer loop
      vertex 4.55196 34.9613 3.8147e-07
      vertex 4.24539 35.2433 3.8147e-07
      vertex 4.55801 34.9692 3.8147e-07
    endloop
  endfacet
  facet normal 0 0 -1
    outer loop
      vertex 4.23726 35.2373 3.8147e-07
      vertex 4.24539 35.2433 3.8147e-07
      vertex 4.55196 34.9613 3.8147e-07
    endloop
  endfacet
  facet normal -0 0 -1
    outer loop
      vertex 4.24539 35.2433 3.8147e-07
      vertex 4.23726 35.2373 3.8147e-07
      vertex 4.24428 35.2443 3.8147e-07
    endloop
  endfacet
  facet normal 0 0 -1
    outer loop
      vertex 4.23726 35.2373 3.8147e-07
      vertex 4.24331 35.2454 3.8147e-07
      vertex 4.24428 35.2443 3.8147e-07
    endloop
  endfacet
  facet normal 0 0 -1
    outer loop
      vertex 3.96127 35.552 3.8147e-07
      vertex 4.24331 35.2454 3.8147e-07
      vertex 4.23726 35.2373 3.8147e-07
    endloop
  endfacet
  facet normal 0 0 -1
    outer loop
      vertex 4.24331 35.2454 3.8147e-07
      vertex 3.96127 35.552 3.8147e-07
      vertex 3.96915 35.558 3.8147e-07
    endloop
  endfacet
  facet normal 0 0 -1
    outer loop
      vertex 3.96127 35.552 3.8147e-07
      vertex 3.73814 35.9037 3.8147e-07
      vertex 3.96915 35.558 3.8147e-07
    endloop
  endfacet
  facet normal 0 0 -1
    outer loop
      vertex 3.72872 35.9 3.8147e-07
      vertex 3.73814 35.9037 3.8147e-07
      vertex 3.96127 35.552 3.8147e-07
    endloop
  endfacet
  facet normal -0 0 -1
    outer loop
      vertex 3.73814 35.9037 3.8147e-07
      vertex 3.72872 35.9 3.8147e-07
      vertex 3.73732 35.905 3.8147e-07
    endloop
  endfacet
  facet normal 0 0 -1
    outer loop
      vertex 3.72872 35.9 3.8147e-07
      vertex 3.73667 35.9063 3.8147e-07
      vertex 3.73732 35.905 3.8147e-07
    endloop
  endfacet
  facet normal 0 0 -1
    outer loop
      vertex 3.54359 36.2754 3.8147e-07
      vertex 3.73667 35.9063 3.8147e-07
      vertex 3.72872 35.9 3.8147e-07
    endloop
  endfacet
  facet normal 0 0 -1
    outer loop
      vertex 3.73667 35.9063 3.8147e-07
      vertex 3.54359 36.2754 3.8147e-07
      vertex 3.55276 36.2792 3.8147e-07
    endloop
  endfacet
  facet normal 0 0 -1
    outer loop
      vertex 3.54359 36.2754 3.8147e-07
      vertex 3.55229 36.2806 3.8147e-07
      vertex 3.55276 36.2792 3.8147e-07
    endloop
  endfacet
  facet normal 0 0 -1
    outer loop
      vertex 3.40904 36.6718 3.8147e-07
      vertex 3.55229 36.2806 3.8147e-07
      vertex 3.54359 36.2754 3.8147e-07
    endloop
  endfacet
  facet normal 0 0 -1
    outer loop
      vertex 3.55229 36.2806 3.8147e-07
      vertex 3.40904 36.6718 3.8147e-07
      vertex 3.41863 36.6744 3.8147e-07
    endloop
  endfacet
  facet normal 0 0 -1
    outer loop
      vertex 3.40904 36.6718 3.8147e-07
      vertex 3.33751 37.0822 3.8147e-07
      vertex 3.41863 36.6744 3.8147e-07
    endloop
  endfacet
  facet normal 0 0 -1
    outer loop
      vertex 3.32738 37.0823 3.8147e-07
      vertex 3.33751 37.0822 3.8147e-07
      vertex 3.40904 36.6718 3.8147e-07
    endloop
  endfacet
  facet normal 0 0 -1
    outer loop
      vertex 3.33751 37.0822 3.8147e-07
      vertex 3.32738 37.0823 3.8147e-07
      vertex 3.33723 37.0836 3.8147e-07
    endloop
  endfacet
  facet normal 0 0 -1
    outer loop
      vertex 3.32738 37.0823 3.8147e-07
      vertex 3.33713 37.0851 3.8147e-07
      vertex 3.33723 37.0836 3.8147e-07
    endloop
  endfacet
  facet normal 0 0 -1
    outer loop
      vertex 3.3 37.5 3.8147e-07
      vertex 3.33713 37.0851 3.8147e-07
      vertex 3.32738 37.0823 3.8147e-07
    endloop
  endfacet
  facet normal 0 0 -1
    outer loop
      vertex 3.33713 37.0851 3.8147e-07
      vertex 3.3 37.5 3.8147e-07
      vertex 3.30993 37.5 3.8147e-07
    endloop
  endfacet
  facet normal 0 0 -1
    outer loop
      vertex 9.66287 37.9149 3.8147e-07
      vertex 9.7 37.5 3.8147e-07
      vertex 9.69007 37.5 3.8147e-07
    endloop
  endfacet
  facet normal 0 0 -1
    outer loop
      vertex 9.7 37.5 3.8147e-07
      vertex 9.66287 37.9149 3.8147e-07
      vertex 9.67262 37.9177 3.8147e-07
    endloop
  endfacet
  facet normal 0 0 -1
    outer loop
      vertex 9.66277 37.9164 3.8147e-07
      vertex 9.67262 37.9177 3.8147e-07
      vertex 9.66287 37.9149 3.8147e-07
    endloop
  endfacet
  facet normal 0 0 -1
    outer loop
      vertex 9.66249 37.9178 3.8147e-07
      vertex 9.67262 37.9177 3.8147e-07
      vertex 9.66277 37.9164 3.8147e-07
    endloop
  endfacet
  facet normal 0 0 -1
    outer loop
      vertex 9.66249 37.9178 3.8147e-07
      vertex 9.59096 38.3282 3.8147e-07
      vertex 9.67262 37.9177 3.8147e-07
    endloop
  endfacet
  facet normal 0 0 -1
    outer loop
      vertex 9.58137 38.3256 3.8147e-07
      vertex 9.59096 38.3282 3.8147e-07
      vertex 9.66249 37.9178 3.8147e-07
    endloop
  endfacet
  facet normal 0 0 -1
    outer loop
      vertex 9.44771 38.7194 3.8147e-07
      vertex 9.59096 38.3282 3.8147e-07
      vertex 9.58137 38.3256 3.8147e-07
    endloop
  endfacet
  facet normal 0 0 -1
    outer loop
      vertex 9.59096 38.3282 3.8147e-07
      vertex 9.44771 38.7194 3.8147e-07
      vertex 9.45641 38.7246 3.8147e-07
    endloop
  endfacet
  facet normal 0 0 -1
    outer loop
      vertex 9.44724 38.7208 3.8147e-07
      vertex 9.45641 38.7246 3.8147e-07
      vertex 9.44771 38.7194 3.8147e-07
    endloop
  endfacet
  facet normal 0 0 -1
    outer loop
      vertex 9.26333 39.0937 3.8147e-07
      vertex 9.45641 38.7246 3.8147e-07
      vertex 9.44724 38.7208 3.8147e-07
    endloop
  endfacet
  facet normal 0 0 -1
    outer loop
      vertex 9.45641 38.7246 3.8147e-07
      vertex 9.26333 39.0937 3.8147e-07
      vertex 9.27128 39.1 3.8147e-07
    endloop
  endfacet
  facet normal 0 0 -1
    outer loop
      vertex 9.26268 39.095 3.8147e-07
      vertex 9.27128 39.1 3.8147e-07
      vertex 9.26333 39.0937 3.8147e-07
    endloop
  endfacet
  facet normal 0 0 -1
    outer loop
      vertex 9.26186 39.0963 3.8147e-07
      vertex 9.27128 39.1 3.8147e-07
      vertex 9.26268 39.095 3.8147e-07
    endloop
  endfacet
  facet normal 0 0 -1
    outer loop
      vertex 9.26186 39.0963 3.8147e-07
      vertex 9.03873 39.448 3.8147e-07
      vertex 9.27128 39.1 3.8147e-07
    endloop
  endfacet
  facet normal 0 0 -1
    outer loop
      vertex 9.03085 39.442 3.8147e-07
      vertex 9.03873 39.448 3.8147e-07
      vertex 9.26186 39.0963 3.8147e-07
    endloop
  endfacet
  facet normal 0 0 -1
    outer loop
      vertex 8.75669 39.7546 3.8147e-07
      vertex 9.03873 39.448 3.8147e-07
      vertex 9.03085 39.442 3.8147e-07
    endloop
  endfacet
  facet normal 0 0 -1
    outer loop
      vertex 9.03873 39.448 3.8147e-07
      vertex 8.75669 39.7546 3.8147e-07
      vertex 8.76274 39.7627 3.8147e-07
    endloop
  endfacet
  facet normal 0 0 -1
    outer loop
      vertex 8.75572 39.7557 3.8147e-07
      vertex 8.76274 39.7627 3.8147e-07
      vertex 8.75669 39.7546 3.8147e-07
    endloop
  endfacet
  facet normal 0 0 -1
    outer loop
      vertex 8.75461 39.7567 3.8147e-07
      vertex 8.76274 39.7627 3.8147e-07
      vertex 8.75572 39.7557 3.8147e-07
    endloop
  endfacet
  facet normal 0 0 -1
    outer loop
      vertex 8.75461 39.7567 3.8147e-07
      vertex 8.44804 40.0387 3.8147e-07
      vertex 8.76274 39.7627 3.8147e-07
    endloop
  endfacet
  facet normal 0 0 -1
    outer loop
      vertex 8.44199 40.0308 3.8147e-07
      vertex 8.44804 40.0387 3.8147e-07
      vertex 8.75461 39.7567 3.8147e-07
    endloop
  endfacet
  facet normal 0 0 -1
    outer loop
      vertex 8.09626 40.2619 3.8147e-07
      vertex 8.44804 40.0387 3.8147e-07
      vertex 8.44199 40.0308 3.8147e-07
    endloop
  endfacet
  facet normal 0 0 -1
    outer loop
      vertex 8.44804 40.0387 3.8147e-07
      vertex 8.09626 40.2619 3.8147e-07
      vertex 8.1 40.2713 3.8147e-07
    endloop
  endfacet
  facet normal 0 0 -1
    outer loop
      vertex 8.09503 40.2627 3.8147e-07
      vertex 8.1 40.2713 3.8147e-07
      vertex 8.09626 40.2619 3.8147e-07
    endloop
  endfacet
  facet normal 0 0 -1
    outer loop
      vertex 8.09371 40.2633 3.8147e-07
      vertex 8.1 40.2713 3.8147e-07
      vertex 8.09503 40.2627 3.8147e-07
    endloop
  endfacet
  facet normal 0 0 -1
    outer loop
      vertex 8.09371 40.2633 3.8147e-07
      vertex 7.72459 40.4564 3.8147e-07
      vertex 8.1 40.2713 3.8147e-07
    endloop
  endfacet
  facet normal 0 0 -1
    outer loop
      vertex 7.72079 40.4472 3.8147e-07
      vertex 7.72459 40.4564 3.8147e-07
      vertex 8.09371 40.2633 3.8147e-07
    endloop
  endfacet
  facet normal 0 0 -1
    outer loop
      vertex 7.71939 40.4477 3.8147e-07
      vertex 7.72459 40.4564 3.8147e-07
      vertex 7.72079 40.4472 3.8147e-07
    endloop
  endfacet
  facet normal 0 0 -1
    outer loop
      vertex 7.71939 40.4477 3.8147e-07
      vertex 7.32822 40.591 3.8147e-07
      vertex 7.72459 40.4564 3.8147e-07
    endloop
  endfacet
  facet normal 0 0 -1
    outer loop
      vertex 7.32565 40.5814 3.8147e-07
      vertex 7.32822 40.591 3.8147e-07
      vertex 7.71939 40.4477 3.8147e-07
    endloop
  endfacet
  facet normal 0 0 -1
    outer loop
      vertex 6.91783 40.6625 3.8147e-07
      vertex 7.32822 40.591 3.8147e-07
      vertex 7.32565 40.5814 3.8147e-07
    endloop
  endfacet
  facet normal 0 0 -1
    outer loop
      vertex 6.91783 40.6625 3.8147e-07
      vertex 6.91768 40.6726 3.8147e-07
      vertex 7.32822 40.591 3.8147e-07
    endloop
  endfacet
  facet normal 0 0 -1
    outer loop
      vertex 6.91639 40.6628 3.8147e-07
      vertex 6.91768 40.6726 3.8147e-07
      vertex 6.91783 40.6625 3.8147e-07
    endloop
  endfacet
  facet normal 0 0 -1
    outer loop
      vertex 6.91492 40.6629 3.8147e-07
      vertex 6.91768 40.6726 3.8147e-07
      vertex 6.91639 40.6628 3.8147e-07
    endloop
  endfacet
  facet normal 0 0 -1
    outer loop
      vertex 6.5 40.7 3.8147e-07
      vertex 6.91492 40.6629 3.8147e-07
      vertex 6.5 40.6901 3.8147e-07
    endloop
  endfacet
  facet normal 0 0 -1
    outer loop
      vertex 6.91492 40.6629 3.8147e-07
      vertex 6.5 40.7 3.8147e-07
      vertex 6.91768 40.6726 3.8147e-07
    endloop
  endfacet
  facet normal 0 0 -1
    outer loop
      vertex 6.08508 40.6629 3.8147e-07
      vertex 6.5 40.7 3.8147e-07
      vertex 6.5 40.6901 3.8147e-07
    endloop
  endfacet
  facet normal 0 0 -1
    outer loop
      vertex 6.08232 40.6726 3.8147e-07
      vertex 6.08508 40.6629 3.8147e-07
      vertex 6.08361 40.6628 3.8147e-07
    endloop
  endfacet
  facet normal 0 0 -1
    outer loop
      vertex 6.08508 40.6629 3.8147e-07
      vertex 6.08232 40.6726 3.8147e-07
      vertex 6.5 40.7 3.8147e-07
    endloop
  endfacet
  facet normal 0 0 -1
    outer loop
      vertex 6.08217 40.6625 3.8147e-07
      vertex 6.08232 40.6726 3.8147e-07
      vertex 6.08361 40.6628 3.8147e-07
    endloop
  endfacet
  facet normal 0 0 -1
    outer loop
      vertex 5.67178 40.591 3.8147e-07
      vertex 6.08217 40.6625 3.8147e-07
      vertex 5.67435 40.5814 3.8147e-07
    endloop
  endfacet
  facet normal -0 0 -1
    outer loop
      vertex 6.08217 40.6625 3.8147e-07
      vertex 5.67178 40.591 3.8147e-07
      vertex 6.08232 40.6726 3.8147e-07
    endloop
  endfacet
  facet normal 0 0 -1
    outer loop
      vertex 5.28061 40.4477 3.8147e-07
      vertex 5.67178 40.591 3.8147e-07
      vertex 5.67435 40.5814 3.8147e-07
    endloop
  endfacet
  facet normal 0 0 -1
    outer loop
      vertex 5.27541 40.4564 3.8147e-07
      vertex 5.28061 40.4477 3.8147e-07
      vertex 5.27921 40.4472 3.8147e-07
    endloop
  endfacet
  facet normal 0 0 -1
    outer loop
      vertex 5.28061 40.4477 3.8147e-07
      vertex 5.27541 40.4564 3.8147e-07
      vertex 5.67178 40.591 3.8147e-07
    endloop
  endfacet
  facet normal 0 0 -1
    outer loop
      vertex 4.90629 40.2633 3.8147e-07
      vertex 5.27541 40.4564 3.8147e-07
      vertex 5.27921 40.4472 3.8147e-07
    endloop
  endfacet
  facet normal 0 0 -1
    outer loop
      vertex 4.9 40.2713 3.8147e-07
      vertex 4.90629 40.2633 3.8147e-07
      vertex 4.90497 40.2627 3.8147e-07
    endloop
  endfacet
  facet normal 0 0 -1
    outer loop
      vertex 4.90629 40.2633 3.8147e-07
      vertex 4.9 40.2713 3.8147e-07
      vertex 5.27541 40.4564 3.8147e-07
    endloop
  endfacet
  facet normal 0 0 -1
    outer loop
      vertex 4.90374 40.2619 3.8147e-07
      vertex 4.9 40.2713 3.8147e-07
      vertex 4.90497 40.2627 3.8147e-07
    endloop
  endfacet
  facet normal 0 0 -1
    outer loop
      vertex 4.55196 40.0387 3.8147e-07
      vertex 4.90374 40.2619 3.8147e-07
      vertex 4.55801 40.0308 3.8147e-07
    endloop
  endfacet
  facet normal -0 0 -1
    outer loop
      vertex 4.90374 40.2619 3.8147e-07
      vertex 4.55196 40.0387 3.8147e-07
      vertex 4.9 40.2713 3.8147e-07
    endloop
  endfacet
  facet normal 0 0 -1
    outer loop
      vertex 4.24539 39.7567 3.8147e-07
      vertex 4.55196 40.0387 3.8147e-07
      vertex 4.55801 40.0308 3.8147e-07
    endloop
  endfacet
  facet normal 0 0 -1
    outer loop
      vertex 4.23726 39.7627 3.8147e-07
      vertex 4.24539 39.7567 3.8147e-07
      vertex 4.24428 39.7557 3.8147e-07
    endloop
  endfacet
  facet normal 0 0 -1
    outer loop
      vertex 4.24539 39.7567 3.8147e-07
      vertex 4.23726 39.7627 3.8147e-07
      vertex 4.55196 40.0387 3.8147e-07
    endloop
  endfacet
  facet normal 0 0 -1
    outer loop
      vertex 4.24331 39.7546 3.8147e-07
      vertex 4.23726 39.7627 3.8147e-07
      vertex 4.24428 39.7557 3.8147e-07
    endloop
  endfacet
  facet normal 0 0 -1
    outer loop
      vertex 3.96127 39.448 3.8147e-07
      vertex 4.24331 39.7546 3.8147e-07
      vertex 3.96915 39.442 3.8147e-07
    endloop
  endfacet
  facet normal -0 0 -1
    outer loop
      vertex 4.24331 39.7546 3.8147e-07
      vertex 3.96127 39.448 3.8147e-07
      vertex 4.23726 39.7627 3.8147e-07
    endloop
  endfacet
  facet normal 0 0 -1
    outer loop
      vertex 3.73814 39.0963 3.8147e-07
      vertex 3.96127 39.448 3.8147e-07
      vertex 3.96915 39.442 3.8147e-07
    endloop
  endfacet
  facet normal 0 0 -1
    outer loop
      vertex 3.72872 39.1 3.8147e-07
      vertex 3.73814 39.0963 3.8147e-07
      vertex 3.73732 39.095 3.8147e-07
    endloop
  endfacet
  facet normal 0 0 -1
    outer loop
      vertex 3.73814 39.0963 3.8147e-07
      vertex 3.72872 39.1 3.8147e-07
      vertex 3.96127 39.448 3.8147e-07
    endloop
  endfacet
  facet normal 0 0 -1
    outer loop
      vertex 3.73667 39.0937 3.8147e-07
      vertex 3.72872 39.1 3.8147e-07
      vertex 3.73732 39.095 3.8147e-07
    endloop
  endfacet
  facet normal 0 0 -1
    outer loop
      vertex 3.54359 38.7246 3.8147e-07
      vertex 3.73667 39.0937 3.8147e-07
      vertex 3.55276 38.7208 3.8147e-07
    endloop
  endfacet
  facet normal -0 0 -1
    outer loop
      vertex 3.73667 39.0937 3.8147e-07
      vertex 3.54359 38.7246 3.8147e-07
      vertex 3.72872 39.1 3.8147e-07
    endloop
  endfacet
  facet normal 0 0 -1
    outer loop
      vertex 3.55229 38.7194 3.8147e-07
      vertex 3.54359 38.7246 3.8147e-07
      vertex 3.55276 38.7208 3.8147e-07
    endloop
  endfacet
  facet normal 0 0 -1
    outer loop
      vertex 3.40904 38.3282 3.8147e-07
      vertex 3.55229 38.7194 3.8147e-07
      vertex 3.41863 38.3256 3.8147e-07
    endloop
  endfacet
  facet normal -0 0 -1
    outer loop
      vertex 3.55229 38.7194 3.8147e-07
      vertex 3.40904 38.3282 3.8147e-07
      vertex 3.54359 38.7246 3.8147e-07
    endloop
  endfacet
  facet normal 0 0 -1
    outer loop
      vertex 3.33751 37.9178 3.8147e-07
      vertex 3.40904 38.3282 3.8147e-07
      vertex 3.41863 38.3256 3.8147e-07
    endloop
  endfacet
  facet normal 0 0 -1
    outer loop
      vertex 3.32738 37.9177 3.8147e-07
      vertex 3.33751 37.9178 3.8147e-07
      vertex 3.33723 37.9164 3.8147e-07
    endloop
  endfacet
  facet normal -0 0 -1
    outer loop
      vertex 3.33751 37.9178 3.8147e-07
      vertex 3.32738 37.9177 3.8147e-07
      vertex 3.40904 38.3282 3.8147e-07
    endloop
  endfacet
  facet normal 0 0 -1
    outer loop
      vertex 3.33713 37.9149 3.8147e-07
      vertex 3.32738 37.9177 3.8147e-07
      vertex 3.33723 37.9164 3.8147e-07
    endloop
  endfacet
  facet normal 0 0 -1
    outer loop
      vertex 3.3 37.5 3.8147e-07
      vertex 3.33713 37.9149 3.8147e-07
      vertex 3.30993 37.5 3.8147e-07
    endloop
  endfacet
  facet normal -0 0 -1
    outer loop
      vertex 3.33713 37.9149 3.8147e-07
      vertex 3.3 37.5 3.8147e-07
      vertex 3.32738 37.9177 3.8147e-07
    endloop
  endfacet
  facet normal 1 -0 0
    outer loop
      vertex 52 4 2.4
      vertex 52 40 3.8147e-07
      vertex 52 40 2.4
    endloop
  endfacet
  facet normal 1 0 0
    outer loop
      vertex 52 40 3.8147e-07
      vertex 52 4 2.4
      vertex 52 4 3.8147e-07
    endloop
  endfacet
  facet normal 0 -1 0
    outer loop
      vertex 4 0 3.8147e-07
      vertex 22 0 2.4
      vertex 4 0 2.4
    endloop
  endfacet
  facet normal 0 -1 -0
    outer loop
      vertex 22 0 2.4
      vertex 4 0 3.8147e-07
      vertex 30 0 2.4
    endloop
  endfacet
  facet normal 0 -1 0
    outer loop
      vertex 48 0 3.8147e-07
      vertex 30 0 2.4
      vertex 4 0 3.8147e-07
    endloop
  endfacet
  facet normal 0 -1 0
    outer loop
      vertex 30 0 2.4
      vertex 48 0 3.8147e-07
      vertex 48 0 2.4
    endloop
  endfacet
  facet normal -0.0653634 0.997862 0
    outer loop
      vertex 4 44 3.8147e-07
      vertex 3.47789 43.9658 2.4
      vertex 4 44 2.4
    endloop
  endfacet
  facet normal -0.0653634 0.997862 0
    outer loop
      vertex 3.47789 43.9658 2.4
      vertex 4 44 3.8147e-07
      vertex 3.47789 43.9658 3.8147e-07
    endloop
  endfacet
  facet normal 0 1 -0
    outer loop
      vertex 48 44 3.8147e-07
      vertex 4 44 2.4
      vertex 48 44 2.4
    endloop
  endfacet
  facet normal 0 1 0
    outer loop
      vertex 4 44 2.4
      vertex 48 44 3.8147e-07
      vertex 4 44 3.8147e-07
    endloop
  endfacet
  facet normal -1 0 0
    outer loop
      vertex 0 4 3.8147e-07
      vertex 0 40 2.4
      vertex 0 40 3.8147e-07
    endloop
  endfacet
  facet normal -1 -0 0
    outer loop
      vertex 0 40 2.4
      vertex 0 4 3.8147e-07
      vertex 0 4 2.4
    endloop
  endfacet
  facet normal -0.659337 -0.751847 0
    outer loop
      vertex 1.17157 1.17157 3.8147e-07
      vertex 1.56496 0.826584 2.4
      vertex 1.17157 1.17157 2.4
    endloop
  endfacet
  facet normal -0.659337 -0.751847 -0
    outer loop
      vertex 1.56496 0.826584 2.4
      vertex 1.17157 1.17157 3.8147e-07
      vertex 1.56496 0.826584 3.8147e-07
    endloop
  endfacet
  facet normal 0.659343 0.751842 -0
    outer loop
      vertex 50.8284 42.8284 3.8147e-07
      vertex 50.435 43.1734 2.4
      vertex 50.8284 42.8284 2.4
    endloop
  endfacet
  facet normal 0.659343 0.751842 0
    outer loop
      vertex 50.435 43.1734 2.4
      vertex 50.8284 42.8284 3.8147e-07
      vertex 50.435 43.1734 3.8147e-07
    endloop
  endfacet
  facet normal 0.5556 -0.83145 0
    outer loop
      vertex 50 0.535904 3.8147e-07
      vertex 50.435 0.826584 2.4
      vertex 50 0.535904 2.4
    endloop
  endfacet
  facet normal 0.5556 -0.83145 0
    outer loop
      vertex 50.435 0.826584 2.4
      vertex 50 0.535904 3.8147e-07
      vertex 50.435 0.826584 3.8147e-07
    endloop
  endfacet
  facet normal 0.659328 -0.751855 0
    outer loop
      vertex 50.435 0.826584 3.8147e-07
      vertex 50.8284 1.17157 2.4
      vertex 50.435 0.826584 2.4
    endloop
  endfacet
  facet normal 0.659328 -0.751855 0
    outer loop
      vertex 50.8284 1.17157 2.4
      vertex 50.435 0.826584 3.8147e-07
      vertex 50.8284 1.17157 3.8147e-07
    endloop
  endfacet
  facet normal 0.0654131 -0.997858 0
    outer loop
      vertex 48 0 3.8147e-07
      vertex 48.5221 0.0342255 2.4
      vertex 48 0 2.4
    endloop
  endfacet
  facet normal 0.0654131 -0.997858 0
    outer loop
      vertex 48.5221 0.0342255 2.4
      vertex 48 0 3.8147e-07
      vertex 48.5221 0.0342255 3.8147e-07
    endloop
  endfacet
  facet normal 0.321493 -0.946912 0
    outer loop
      vertex 49.0353 0.136292 3.8147e-07
      vertex 49.5307 0.304489 2.4
      vertex 49.0353 0.136292 2.4
    endloop
  endfacet
  facet normal 0.321493 -0.946912 0
    outer loop
      vertex 49.5307 0.304489 2.4
      vertex 49.0353 0.136292 3.8147e-07
      vertex 49.5307 0.304489 3.8147e-07
    endloop
  endfacet
  facet normal -0.555591 0.831456 0
    outer loop
      vertex 2 43.4641 3.8147e-07
      vertex 1.56496 43.1734 2.4
      vertex 2 43.4641 2.4
    endloop
  endfacet
  facet normal -0.555591 0.831456 0
    outer loop
      vertex 1.56496 43.1734 2.4
      vertex 2 43.4641 3.8147e-07
      vertex 1.56496 43.1734 3.8147e-07
    endloop
  endfacet
  facet normal -0.659353 0.751834 0
    outer loop
      vertex 1.56496 43.1734 3.8147e-07
      vertex 1.17157 42.8284 2.4
      vertex 1.56496 43.1734 2.4
    endloop
  endfacet
  facet normal -0.659353 0.751834 0
    outer loop
      vertex 1.17157 42.8284 2.4
      vertex 1.56496 43.1734 3.8147e-07
      vertex 1.17157 42.8284 3.8147e-07
    endloop
  endfacet
  facet normal -0.321469 0.94692 0
    outer loop
      vertex 2.96472 43.8637 3.8147e-07
      vertex 2.46927 43.6955 2.4
      vertex 2.96472 43.8637 2.4
    endloop
  endfacet
  facet normal -0.321469 0.94692 0
    outer loop
      vertex 2.46927 43.6955 2.4
      vertex 2.96472 43.8637 3.8147e-07
      vertex 2.46927 43.6955 3.8147e-07
    endloop
  endfacet
  facet normal 0.0653646 0.997861 -0
    outer loop
      vertex 48.5221 43.9658 3.8147e-07
      vertex 48 44 2.4
      vertex 48.5221 43.9658 2.4
    endloop
  endfacet
  facet normal 0.0653646 0.997861 0
    outer loop
      vertex 48 44 2.4
      vertex 48.5221 43.9658 3.8147e-07
      vertex 48 44 3.8147e-07
    endloop
  endfacet
  facet normal -0.997858 -0.0654119 0
    outer loop
      vertex 0.0342255 3.47789 3.8147e-07
      vertex 0 4 2.4
      vertex 0 4 3.8147e-07
    endloop
  endfacet
  facet normal -0.997858 -0.0654119 0
    outer loop
      vertex 0 4 2.4
      vertex 0.0342255 3.47789 3.8147e-07
      vertex 0.0342255 3.47789 2.4
    endloop
  endfacet
  facet normal -0.980789 -0.195073 0
    outer loop
      vertex 0.136292 2.96472 3.8147e-07
      vertex 0.0342255 3.47789 2.4
      vertex 0.0342255 3.47789 3.8147e-07
    endloop
  endfacet
  facet normal -0.980789 -0.195073 0
    outer loop
      vertex 0.0342255 3.47789 2.4
      vertex 0.136292 2.96472 3.8147e-07
      vertex 0.136292 2.96472 2.4
    endloop
  endfacet
  facet normal 0.555626 0.831432 -0
    outer loop
      vertex 50.435 43.1734 3.8147e-07
      vertex 50 43.4641 2.4
      vertex 50.435 43.1734 2.4
    endloop
  endfacet
  facet normal 0.555626 0.831432 0
    outer loop
      vertex 50 43.4641 2.4
      vertex 50.435 43.1734 3.8147e-07
      vertex 50 43.4641 3.8147e-07
    endloop
  endfacet
  facet normal 0.751842 0.659343 0
    outer loop
      vertex 51.1734 42.435 2.4
      vertex 50.8284 42.8284 3.8147e-07
      vertex 50.8284 42.8284 2.4
    endloop
  endfacet
  facet normal 0.751842 0.659343 0
    outer loop
      vertex 50.8284 42.8284 3.8147e-07
      vertex 51.1734 42.435 2.4
      vertex 51.1734 42.435 3.8147e-07
    endloop
  endfacet
  facet normal 0.831432 0.555626 0
    outer loop
      vertex 51.4641 42 2.4
      vertex 51.1734 42.435 3.8147e-07
      vertex 51.1734 42.435 2.4
    endloop
  endfacet
  facet normal 0.831432 0.555626 0
    outer loop
      vertex 51.1734 42.435 3.8147e-07
      vertex 51.4641 42 2.4
      vertex 51.4641 42 3.8147e-07
    endloop
  endfacet
  facet normal 0.94692 -0.321469 0
    outer loop
      vertex 51.6955 2.46927 2.4
      vertex 51.8637 2.96472 3.8147e-07
      vertex 51.8637 2.96472 2.4
    endloop
  endfacet
  facet normal 0.94692 -0.321469 0
    outer loop
      vertex 51.8637 2.96472 3.8147e-07
      vertex 51.6955 2.46927 2.4
      vertex 51.6955 2.46927 3.8147e-07
    endloop
  endfacet
  facet normal 0.195062 -0.980791 0
    outer loop
      vertex 48.5221 0.0342255 3.8147e-07
      vertex 49.0353 0.136292 2.4
      vertex 48.5221 0.0342255 2.4
    endloop
  endfacet
  facet normal 0.195062 -0.980791 0
    outer loop
      vertex 49.0353 0.136292 2.4
      vertex 48.5221 0.0342255 3.8147e-07
      vertex 49.0353 0.136292 3.8147e-07
    endloop
  endfacet
  facet normal -0.44226 0.896887 0
    outer loop
      vertex 2.46927 43.6955 3.8147e-07
      vertex 2 43.4641 2.4
      vertex 2.46927 43.6955 2.4
    endloop
  endfacet
  facet normal -0.44226 0.896887 0
    outer loop
      vertex 2 43.4641 2.4
      vertex 2.46927 43.6955 3.8147e-07
      vertex 2 43.4641 3.8147e-07
    endloop
  endfacet
  facet normal -0.946912 0.321493 0
    outer loop
      vertex 0.136292 41.0353 3.8147e-07
      vertex 0.304489 41.5307 2.4
      vertex 0.304489 41.5307 3.8147e-07
    endloop
  endfacet
  facet normal -0.946912 0.321493 0
    outer loop
      vertex 0.304489 41.5307 2.4
      vertex 0.136292 41.0353 3.8147e-07
      vertex 0.136292 41.0353 2.4
    endloop
  endfacet
  facet normal -0.83145 0.5556 0
    outer loop
      vertex 0.535904 42 3.8147e-07
      vertex 0.826584 42.435 2.4
      vertex 0.826584 42.435 3.8147e-07
    endloop
  endfacet
  facet normal -0.83145 0.5556 0
    outer loop
      vertex 0.826584 42.435 2.4
      vertex 0.535904 42 3.8147e-07
      vertex 0.535904 42 2.4
    endloop
  endfacet
  facet normal -0.831474 -0.555564 0
    outer loop
      vertex 0.826584 1.56496 3.8147e-07
      vertex 0.535904 2 2.4
      vertex 0.535904 2 3.8147e-07
    endloop
  endfacet
  facet normal -0.831474 -0.555564 0
    outer loop
      vertex 0.535904 2 2.4
      vertex 0.826584 1.56496 3.8147e-07
      vertex 0.826584 1.56496 2.4
    endloop
  endfacet
  facet normal -0.442284 -0.896875 0
    outer loop
      vertex 2 0.535904 3.8147e-07
      vertex 2.46927 0.304489 2.4
      vertex 2 0.535904 2.4
    endloop
  endfacet
  facet normal -0.442284 -0.896875 -0
    outer loop
      vertex 2.46927 0.304489 2.4
      vertex 2 0.535904 3.8147e-07
      vertex 2.46927 0.304489 3.8147e-07
    endloop
  endfacet
  facet normal 0.442238 0.896898 -0
    outer loop
      vertex 50 43.4641 3.8147e-07
      vertex 49.5307 43.6955 2.4
      vertex 50 43.4641 2.4
    endloop
  endfacet
  facet normal 0.442238 0.896898 0
    outer loop
      vertex 49.5307 43.6955 2.4
      vertex 50 43.4641 3.8147e-07
      vertex 49.5307 43.6955 3.8147e-07
    endloop
  endfacet
  facet normal 0.321498 0.94691 -0
    outer loop
      vertex 49.5307 43.6955 3.8147e-07
      vertex 49.0353 43.8637 2.4
      vertex 49.5307 43.6955 2.4
    endloop
  endfacet
  facet normal 0.321498 0.94691 0
    outer loop
      vertex 49.0353 43.8637 2.4
      vertex 49.5307 43.6955 3.8147e-07
      vertex 49.0353 43.8637 3.8147e-07
    endloop
  endfacet
  facet normal 0.980779 0.195124 0
    outer loop
      vertex 51.9658 40.5221 2.4
      vertex 51.8637 41.0353 3.8147e-07
      vertex 51.8637 41.0353 2.4
    endloop
  endfacet
  facet normal 0.980779 0.195124 0
    outer loop
      vertex 51.8637 41.0353 3.8147e-07
      vertex 51.9658 40.5221 2.4
      vertex 51.9658 40.5221 3.8147e-07
    endloop
  endfacet
  facet normal 0.896898 0.442238 0
    outer loop
      vertex 51.6955 41.5307 2.4
      vertex 51.4641 42 3.8147e-07
      vertex 51.4641 42 2.4
    endloop
  endfacet
  facet normal 0.896898 0.442238 0
    outer loop
      vertex 51.4641 42 3.8147e-07
      vertex 51.6955 41.5307 2.4
      vertex 51.6955 41.5307 3.8147e-07
    endloop
  endfacet
  facet normal 0.94691 0.321498 0
    outer loop
      vertex 51.8637 41.0353 2.4
      vertex 51.6955 41.5307 3.8147e-07
      vertex 51.6955 41.5307 2.4
    endloop
  endfacet
  facet normal 0.94691 0.321498 0
    outer loop
      vertex 51.6955 41.5307 3.8147e-07
      vertex 51.8637 41.0353 2.4
      vertex 51.8637 41.0353 3.8147e-07
    endloop
  endfacet
  facet normal 0.997862 -0.0653634 0
    outer loop
      vertex 51.9658 3.47789 2.4
      vertex 52 4 3.8147e-07
      vertex 52 4 2.4
    endloop
  endfacet
  facet normal 0.997862 -0.0653634 0
    outer loop
      vertex 52 4 3.8147e-07
      vertex 51.9658 3.47789 2.4
      vertex 51.9658 3.47789 3.8147e-07
    endloop
  endfacet
  facet normal -0 0 1
    outer loop
      vertex 4.30002 34.1695 2.4
      vertex 11.2346 23.8478 2.4
      vertex 6.93999 35.8579 2.4
    endloop
  endfacet
  facet normal 0 0 1
    outer loop
      vertex 10 22 2.4
      vertex 8.18546 6.72189 2.4
      vertex 8.2 6.5 2.4
    endloop
  endfacet
  facet normal 0 0 1
    outer loop
      vertex 11.2346 23.8478 2.4
      vertex 4.30002 34.1695 2.4
      vertex 11 23.732 2.4
    endloop
  endfacet
  facet normal 0 0 1
    outer loop
      vertex 10 22 2.4
      vertex 8.14207 6.93999 2.4
      vertex 8.18546 6.72189 2.4
    endloop
  endfacet
  facet normal 0 0 1
    outer loop
      vertex 11 23.732 2.4
      vertex 4.30002 34.1695 2.4
      vertex 10.7825 23.5867 2.4
    endloop
  endfacet
  facet normal 0 0 1
    outer loop
      vertex 10 22 2.4
      vertex 8.07059 7.15056 2.4
      vertex 8.14207 6.93999 2.4
    endloop
  endfacet
  facet normal 0 0 1
    outer loop
      vertex 10.7825 23.5867 2.4
      vertex 4.30002 34.1695 2.4
      vertex 10.5858 23.4142 2.4
    endloop
  endfacet
  facet normal 0 0 1
    outer loop
      vertex 10 22 2.4
      vertex 7.97224 7.35 2.4
      vertex 8.07059 7.15056 2.4
    endloop
  endfacet
  facet normal 0 0 1
    outer loop
      vertex 10.5858 23.4142 2.4
      vertex 4.30002 34.1695 2.4
      vertex 10.4133 23.2175 2.4
    endloop
  endfacet
  facet normal 0 0 1
    outer loop
      vertex 10 22 2.4
      vertex 7.8487 7.53489 2.4
      vertex 7.97224 7.35 2.4
    endloop
  endfacet
  facet normal 0 0 1
    outer loop
      vertex 10.268 23 2.4
      vertex 4.30002 34.1695 2.4
      vertex 10.1522 22.7654 2.4
    endloop
  endfacet
  facet normal 0 0 1
    outer loop
      vertex 10 22 2.4
      vertex 7.70208 7.70208 2.4
      vertex 7.8487 7.53489 2.4
    endloop
  endfacet
  facet normal 0 0 1
    outer loop
      vertex 10.1522 22.7654 2.4
      vertex 4.30002 34.1695 2.4
      vertex 10.0681 22.5176 2.4
    endloop
  endfacet
  facet normal 0 0 1
    outer loop
      vertex 10 22 2.4
      vertex 7.53489 7.8487 2.4
      vertex 7.70208 7.70208 2.4
    endloop
  endfacet
  facet normal 0 0 1
    outer loop
      vertex 10.0681 22.5176 2.4
      vertex 4.30002 34.1695 2.4
      vertex 10.0171 22.2611 2.4
    endloop
  endfacet
  facet normal 0 0 1
    outer loop
      vertex 10 22 2.4
      vertex 7.35 7.97224 2.4
      vertex 7.53489 7.8487 2.4
    endloop
  endfacet
  facet normal 0 0 1
    outer loop
      vertex 10.0171 22.2611 2.4
      vertex 4.30002 34.1695 2.4
      vertex 10 22 2.4
    endloop
  endfacet
  facet normal 0 0 1
    outer loop
      vertex 10 22 2.4
      vertex 7.15056 8.07059 2.4
      vertex 7.35 7.97224 2.4
    endloop
  endfacet
  facet normal 0 0 1
    outer loop
      vertex 10.4133 23.2175 2.4
      vertex 4.30002 34.1695 2.4
      vertex 10.268 23 2.4
    endloop
  endfacet
  facet normal 0 0 1
    outer loop
      vertex 4.30002 9.83047 2.4
      vertex 10 22 2.4
      vertex 4.30002 34.1695 2.4
    endloop
  endfacet
  facet normal 0 0 1
    outer loop
      vertex 4.30002 34.1695 2.4
      vertex 6.93999 35.8579 2.4
      vertex 6.72189 35.8145 2.4
    endloop
  endfacet
  facet normal 0 0 1
    outer loop
      vertex 10 22 2.4
      vertex 4.30002 9.83047 2.4
      vertex 7.15056 8.07059 2.4
    endloop
  endfacet
  facet normal 0 0 1
    outer loop
      vertex 4.30002 34.1695 2.4
      vertex 6.72189 35.8145 2.4
      vertex 6.5 35.8 2.4
    endloop
  endfacet
  facet normal 0 0 1
    outer loop
      vertex 7.15056 8.07059 2.4
      vertex 4.30002 9.83047 2.4
      vertex 6.93999 8.14207 2.4
    endloop
  endfacet
  facet normal 0 0 1
    outer loop
      vertex 4.30002 34.1695 2.4
      vertex 6.5 35.8 2.4
      vertex 6.27811 35.8145 2.4
    endloop
  endfacet
  facet normal 0 0 1
    outer loop
      vertex 6.93999 8.14207 2.4
      vertex 4.30002 9.83047 2.4
      vertex 6.72189 8.18546 2.4
    endloop
  endfacet
  facet normal 0 0 1
    outer loop
      vertex 4.30002 34.1695 2.4
      vertex 6.27811 35.8145 2.4
      vertex 6.06001 35.8579 2.4
    endloop
  endfacet
  facet normal 0 0 1
    outer loop
      vertex 6.72189 8.18546 2.4
      vertex 4.30002 9.83047 2.4
      vertex 6.5 8.2 2.4
    endloop
  endfacet
  facet normal 0 0 1
    outer loop
      vertex 4.30002 34.1695 2.4
      vertex 6.06001 35.8579 2.4
      vertex 5.84944 35.9294 2.4
    endloop
  endfacet
  facet normal 0 0 1
    outer loop
      vertex 6.5 8.2 2.4
      vertex 4.30002 9.83047 2.4
      vertex 6.27811 8.18546 2.4
    endloop
  endfacet
  facet normal 0 0 1
    outer loop
      vertex 4.30002 34.1695 2.4
      vertex 5.84944 35.9294 2.4
      vertex 5.65 36.0278 2.4
    endloop
  endfacet
  facet normal 0 0 1
    outer loop
      vertex 6.27811 8.18546 2.4
      vertex 4.30002 9.83047 2.4
      vertex 6.06001 8.14207 2.4
    endloop
  endfacet
  facet normal 0 0 1
    outer loop
      vertex 4.30002 34.1695 2.4
      vertex 5.65 36.0278 2.4
      vertex 5.46511 36.1513 2.4
    endloop
  endfacet
  facet normal 0 0 1
    outer loop
      vertex 6.06001 8.14207 2.4
      vertex 4.30002 9.83047 2.4
      vertex 5.84944 8.07059 2.4
    endloop
  endfacet
  facet normal 0 0 1
    outer loop
      vertex 4.30002 34.1695 2.4
      vertex 5.46511 36.1513 2.4
      vertex 5.29792 36.2979 2.4
    endloop
  endfacet
  facet normal 0 0 1
    outer loop
      vertex 5.84944 8.07059 2.4
      vertex 4.30002 9.83047 2.4
      vertex 5.65 7.97224 2.4
    endloop
  endfacet
  facet normal 0 0 1
    outer loop
      vertex 4.30002 34.1695 2.4
      vertex 5.29792 36.2979 2.4
      vertex 5.1513 36.4651 2.4
    endloop
  endfacet
  facet normal 0 0 1
    outer loop
      vertex 5.65 7.97224 2.4
      vertex 4.30002 9.83047 2.4
      vertex 5.46511 7.8487 2.4
    endloop
  endfacet
  facet normal 0 0 1
    outer loop
      vertex 4.30002 34.1695 2.4
      vertex 5.1513 36.4651 2.4
      vertex 5.02776 36.65 2.4
    endloop
  endfacet
  facet normal -0 0 1
    outer loop
      vertex 4.06496 9.6734 2.4
      vertex 5.46511 7.8487 2.4
      vertex 4.30002 9.83047 2.4
    endloop
  endfacet
  facet normal 0 0 1
    outer loop
      vertex 4.30002 34.1695 2.4
      vertex 5.02776 36.65 2.4
      vertex 4.92941 36.8494 2.4
    endloop
  endfacet
  facet normal 0 0 1
    outer loop
      vertex 5.46511 7.8487 2.4
      vertex 4.06496 9.6734 2.4
      vertex 5.29792 7.70208 2.4
    endloop
  endfacet
  facet normal 0 0 1
    outer loop
      vertex 4.30002 34.1695 2.4
      vertex 4.92941 36.8494 2.4
      vertex 4.85793 37.06 2.4
    endloop
  endfacet
  facet normal -0 0 1
    outer loop
      vertex 3.67159 9.32841 2.4
      vertex 5.29792 7.70208 2.4
      vertex 4.06496 9.6734 2.4
    endloop
  endfacet
  facet normal 0 0 1
    outer loop
      vertex 4.30002 34.1695 2.4
      vertex 4.85793 37.06 2.4
      vertex 4.81454 37.2781 2.4
    endloop
  endfacet
  facet normal 0 0 1
    outer loop
      vertex 5.29792 7.70208 2.4
      vertex 3.67159 9.32841 2.4
      vertex 5.1513 7.53489 2.4
    endloop
  endfacet
  facet normal 0 0 1
    outer loop
      vertex 4.30002 34.1695 2.4
      vertex 4.81454 37.2781 2.4
      vertex 4.8 37.5 2.4
    endloop
  endfacet
  facet normal -0 0 1
    outer loop
      vertex 3.3266 8.93504 2.4
      vertex 5.1513 7.53489 2.4
      vertex 3.67159 9.32841 2.4
    endloop
  endfacet
  facet normal -0 0 1
    outer loop
      vertex 7.97224 5.65 2.4
      vertex 9.83047 4.29999 2.4
      vertex 8.07059 5.84944 2.4
    endloop
  endfacet
  facet normal -0 0 1
    outer loop
      vertex 7.8487 5.46511 2.4
      vertex 9.83047 4.29999 2.4
      vertex 7.97224 5.65 2.4
    endloop
  endfacet
  facet normal 0 0 1
    outer loop
      vertex 9.83047 4.29999 2.4
      vertex 7.8487 5.46511 2.4
      vertex 9.67342 4.06494 2.4
    endloop
  endfacet
  facet normal 0 0 1
    outer loop
      vertex 9.67342 4.06494 2.4
      vertex 7.8487 5.46511 2.4
      vertex 9.32843 3.67157 2.4
    endloop
  endfacet
  facet normal -0 0 1
    outer loop
      vertex 7.70208 5.29792 2.4
      vertex 9.32843 3.67157 2.4
      vertex 7.8487 5.46511 2.4
    endloop
  endfacet
  facet normal 0 0 1
    outer loop
      vertex 9.32843 3.67157 2.4
      vertex 7.70208 5.29792 2.4
      vertex 8.93506 3.32658 2.4
    endloop
  endfacet
  facet normal -0 0 1
    outer loop
      vertex 7.53489 5.1513 2.4
      vertex 8.93506 3.32658 2.4
      vertex 7.70208 5.29792 2.4
    endloop
  endfacet
  facet normal 0 0 1
    outer loop
      vertex 8.93506 3.32658 2.4
      vertex 7.53489 5.1513 2.4
      vertex 8.5 3.03589 2.4
    endloop
  endfacet
  facet normal -0 0 1
    outer loop
      vertex 7.35 5.02776 2.4
      vertex 8.5 3.03589 2.4
      vertex 7.53489 5.1513 2.4
    endloop
  endfacet
  facet normal -0 0 1
    outer loop
      vertex 7.72296 2.7 2.4
      vertex 22 0 2.4
      vertex 22 2.7 2.4
    endloop
  endfacet
  facet normal 0 0 1
    outer loop
      vertex 8.5 3.03589 2.4
      vertex 7.35 5.02776 2.4
      vertex 8.03075 2.80447 2.4
    endloop
  endfacet
  facet normal -0 0 1
    outer loop
      vertex 7.15056 4.92941 2.4
      vertex 8.03075 2.80447 2.4
      vertex 7.35 5.02776 2.4
    endloop
  endfacet
  facet normal 0 0 1
    outer loop
      vertex 8.03075 2.80447 2.4
      vertex 7.15056 4.92941 2.4
      vertex 7.72296 2.7 2.4
    endloop
  endfacet
  facet normal -0 0 1
    outer loop
      vertex 6.93999 4.85793 2.4
      vertex 7.72296 2.7 2.4
      vertex 7.15056 4.92941 2.4
    endloop
  endfacet
  facet normal -0 0 1
    outer loop
      vertex 6.72189 4.81454 2.4
      vertex 7.72296 2.7 2.4
      vertex 6.93999 4.85793 2.4
    endloop
  endfacet
  facet normal -0 0 1
    outer loop
      vertex 6.5 4.8 2.4
      vertex 7.72296 2.7 2.4
      vertex 6.72189 4.81454 2.4
    endloop
  endfacet
  facet normal 0 0 1
    outer loop
      vertex 5.27705 2.7 2.4
      vertex 6.5 4.8 2.4
      vertex 6.27811 4.81454 2.4
    endloop
  endfacet
  facet normal 0 0 1
    outer loop
      vertex 5.27705 2.7 2.4
      vertex 6.27811 4.81454 2.4
      vertex 6.06001 4.85793 2.4
    endloop
  endfacet
  facet normal 0 0 1
    outer loop
      vertex 5.27705 2.7 2.4
      vertex 6.06001 4.85793 2.4
      vertex 5.84944 4.92941 2.4
    endloop
  endfacet
  facet normal 0 0 1
    outer loop
      vertex 4.96927 2.80447 2.4
      vertex 5.84944 4.92941 2.4
      vertex 5.65 5.02776 2.4
    endloop
  endfacet
  facet normal 0 0 1
    outer loop
      vertex 4.5 3.03589 2.4
      vertex 5.65 5.02776 2.4
      vertex 5.46511 5.1513 2.4
    endloop
  endfacet
  facet normal 0 0 1
    outer loop
      vertex 4.06496 3.32658 2.4
      vertex 5.46511 5.1513 2.4
      vertex 5.29792 5.29792 2.4
    endloop
  endfacet
  facet normal 0 0 1
    outer loop
      vertex 6.5 4.8 2.4
      vertex 5.27705 2.7 2.4
      vertex 7.72296 2.7 2.4
    endloop
  endfacet
  facet normal 0 0 1
    outer loop
      vertex 4 0 2.4
      vertex 7.72296 2.7 2.4
      vertex 5.27705 2.7 2.4
    endloop
  endfacet
  facet normal 0 0 1
    outer loop
      vertex 4 0 2.4
      vertex 5.27705 2.7 2.4
      vertex 4 2.7 2.4
    endloop
  endfacet
  facet normal 0 0 1
    outer loop
      vertex 7.72296 2.7 2.4
      vertex 4 0 2.4
      vertex 22 0 2.4
    endloop
  endfacet
  facet normal 0 0 1
    outer loop
      vertex 3.83032 2.71112 2.4
      vertex 4 0 2.4
      vertex 4 2.7 2.4
    endloop
  endfacet
  facet normal 0 0 1
    outer loop
      vertex 3.47789 0.0342255 2.4
      vertex 3.83032 2.71112 2.4
      vertex 3.66353 2.74429 2.4
    endloop
  endfacet
  facet normal 0 0 1
    outer loop
      vertex 2.96472 0.136292 2.4
      vertex 3.66353 2.74429 2.4
      vertex 3.50252 2.79895 2.4
    endloop
  endfacet
  facet normal 0 0 1
    outer loop
      vertex 3.83032 2.71112 2.4
      vertex 3.47789 0.0342255 2.4
      vertex 4 0 2.4
    endloop
  endfacet
  facet normal 0 0 1
    outer loop
      vertex 2.46927 0.304489 2.4
      vertex 3.50252 2.79895 2.4
      vertex 3.35001 2.87416 2.4
    endloop
  endfacet
  facet normal 0 0 1
    outer loop
      vertex 2.46927 0.304489 2.4
      vertex 3.35001 2.87416 2.4
      vertex 3.2086 2.96864 2.4
    endloop
  endfacet
  facet normal 0 0 1
    outer loop
      vertex 2.46927 0.304489 2.4
      vertex 3.2086 2.96864 2.4
      vertex 3.08076 3.08076 2.4
    endloop
  endfacet
  facet normal 0 0 1
    outer loop
      vertex 2.46927 0.304489 2.4
      vertex 3.08076 3.08076 2.4
      vertex 2.96864 3.2086 2.4
    endloop
  endfacet
  facet normal 0 0 1
    outer loop
      vertex 3.66353 2.74429 2.4
      vertex 2.96472 0.136292 2.4
      vertex 3.47789 0.0342255 2.4
    endloop
  endfacet
  facet normal 0 0 1
    outer loop
      vertex 2.46927 0.304489 2.4
      vertex 2.96864 3.2086 2.4
      vertex 2.87416 3.35001 2.4
    endloop
  endfacet
  facet normal 0 0 1
    outer loop
      vertex 2.46927 0.304489 2.4
      vertex 2.87416 3.35001 2.4
      vertex 2.79895 3.50252 2.4
    endloop
  endfacet
  facet normal 0 0 1
    outer loop
      vertex 2.46927 0.304489 2.4
      vertex 2.79895 3.50252 2.4
      vertex 2.74429 3.66353 2.4
    endloop
  endfacet
  facet normal 0 0 1
    outer loop
      vertex 2.46927 0.304489 2.4
      vertex 2.74429 3.66353 2.4
      vertex 2.71112 3.83032 2.4
    endloop
  endfacet
  facet normal 0 0 1
    outer loop
      vertex 3.50252 2.79895 2.4
      vertex 2.46927 0.304489 2.4
      vertex 2.96472 0.136292 2.4
    endloop
  endfacet
  facet normal 0 0 1
    outer loop
      vertex 2.7 4 2.4
      vertex 2.46927 0.304489 2.4
      vertex 2.71112 3.83032 2.4
    endloop
  endfacet
  facet normal 0 0 1
    outer loop
      vertex 2.7 5.27708 2.4
      vertex 2.46927 0.304489 2.4
      vertex 2.7 4 2.4
    endloop
  endfacet
  facet normal 0 0 1
    outer loop
      vertex 0 40 2.4
      vertex 2.46927 43.6955 2.4
      vertex 2 43.4641 2.4
    endloop
  endfacet
  facet normal 0 0 1
    outer loop
      vertex 0 4 2.4
      vertex 2.7 7.7229 2.4
      vertex 0 40 2.4
    endloop
  endfacet
  facet normal 0 0 1
    outer loop
      vertex 0 40 2.4
      vertex 2 43.4641 2.4
      vertex 1.56496 43.1734 2.4
    endloop
  endfacet
  facet normal 0 0 1
    outer loop
      vertex 2.7 7.7229 2.4
      vertex 0 4 2.4
      vertex 2.46927 0.304489 2.4
    endloop
  endfacet
  facet normal 0 0 1
    outer loop
      vertex 0 40 2.4
      vertex 1.56496 43.1734 2.4
      vertex 1.17157 42.8284 2.4
    endloop
  endfacet
  facet normal 0 0 1
    outer loop
      vertex 2.46927 0.304489 2.4
      vertex 0 4 2.4
      vertex 2 0.535904 2.4
    endloop
  endfacet
  facet normal 0 0 1
    outer loop
      vertex 0 40 2.4
      vertex 1.17157 42.8284 2.4
      vertex 0.826584 42.435 2.4
    endloop
  endfacet
  facet normal 0 0 1
    outer loop
      vertex 2 0.535904 2.4
      vertex 0 4 2.4
      vertex 1.56496 0.826584 2.4
    endloop
  endfacet
  facet normal 0 0 1
    outer loop
      vertex 0 40 2.4
      vertex 0.826584 42.435 2.4
      vertex 0.535904 42 2.4
    endloop
  endfacet
  facet normal 0 0 1
    outer loop
      vertex 1.56496 0.826584 2.4
      vertex 0 4 2.4
      vertex 1.17157 1.17157 2.4
    endloop
  endfacet
  facet normal 0 0 1
    outer loop
      vertex 0 40 2.4
      vertex 0.535904 42 2.4
      vertex 0.304489 41.5307 2.4
    endloop
  endfacet
  facet normal 0 0 1
    outer loop
      vertex 1.17157 1.17157 2.4
      vertex 0 4 2.4
      vertex 0.826584 1.56496 2.4
    endloop
  endfacet
  facet normal 0 0 1
    outer loop
      vertex 0 40 2.4
      vertex 0.304489 41.5307 2.4
      vertex 0.136292 41.0353 2.4
    endloop
  endfacet
  facet normal 0 0 1
    outer loop
      vertex 0.826584 1.56496 2.4
      vertex 0 4 2.4
      vertex 0.535904 2 2.4
    endloop
  endfacet
  facet normal 0 0 1
    outer loop
      vertex 0 40 2.4
      vertex 0.136292 41.0353 2.4
      vertex 0.0342255 40.5221 2.4
    endloop
  endfacet
  facet normal 0 0 1
    outer loop
      vertex 0.535904 2 2.4
      vertex 0 4 2.4
      vertex 0.304489 2.46927 2.4
    endloop
  endfacet
  facet normal 0 0 1
    outer loop
      vertex 0.304489 2.46927 2.4
      vertex 0 4 2.4
      vertex 0.136292 2.96472 2.4
    endloop
  endfacet
  facet normal 0 0 1
    outer loop
      vertex 0.136292 2.96472 2.4
      vertex 0 4 2.4
      vertex 0.0342255 3.47789 2.4
    endloop
  endfacet
  facet normal 0 0 1
    outer loop
      vertex 48.6734 35.0649 2.4
      vertex 46.8487 36.4651 2.4
      vertex 48.3284 34.6716 2.4
    endloop
  endfacet
  facet normal 0 0 1
    outer loop
      vertex 47.7 9.83046 2.4
      vertex 47.1855 6.72189 2.4
      vertex 47.2 6.5 2.4
    endloop
  endfacet
  facet normal -0 0 1
    outer loop
      vertex 46.7021 36.2979 2.4
      vertex 48.3284 34.6716 2.4
      vertex 46.8487 36.4651 2.4
    endloop
  endfacet
  facet normal 0 0 1
    outer loop
      vertex 47.7 9.83046 2.4
      vertex 47.1421 6.93999 2.4
      vertex 47.1855 6.72189 2.4
    endloop
  endfacet
  facet normal 0 0 1
    outer loop
      vertex 48.3284 34.6716 2.4
      vertex 46.7021 36.2979 2.4
      vertex 47.9351 34.3266 2.4
    endloop
  endfacet
  facet normal 0 0 1
    outer loop
      vertex 47.7 9.83046 2.4
      vertex 47.0706 7.15056 2.4
      vertex 47.1421 6.93999 2.4
    endloop
  endfacet
  facet normal -0 0 1
    outer loop
      vertex 46.5349 36.1513 2.4
      vertex 47.9351 34.3266 2.4
      vertex 46.7021 36.2979 2.4
    endloop
  endfacet
  facet normal 0 0 1
    outer loop
      vertex 47.7 9.83046 2.4
      vertex 46.9722 7.35 2.4
      vertex 47.0706 7.15056 2.4
    endloop
  endfacet
  facet normal 0 0 1
    outer loop
      vertex 47.7 34.1695 2.4
      vertex 42 22 2.4
      vertex 47.7 9.83046 2.4
    endloop
  endfacet
  facet normal 0 0 1
    outer loop
      vertex 47.7 9.83046 2.4
      vertex 46.8487 7.53489 2.4
      vertex 46.9722 7.35 2.4
    endloop
  endfacet
  facet normal 0 0 1
    outer loop
      vertex 47.9351 34.3266 2.4
      vertex 46.5349 36.1513 2.4
      vertex 47.7 34.1695 2.4
    endloop
  endfacet
  facet normal -0 0 1
    outer loop
      vertex 41.9829 21.7389 2.4
      vertex 47.7 9.83046 2.4
      vertex 42 22 2.4
    endloop
  endfacet
  facet normal -0 0 1
    outer loop
      vertex 46.35 36.0278 2.4
      vertex 47.7 34.1695 2.4
      vertex 46.5349 36.1513 2.4
    endloop
  endfacet
  facet normal 0 0 1
    outer loop
      vertex 47.7 9.83046 2.4
      vertex 46.7021 7.70208 2.4
      vertex 46.8487 7.53489 2.4
    endloop
  endfacet
  facet normal -0 0 1
    outer loop
      vertex 46.1506 35.9294 2.4
      vertex 47.7 34.1695 2.4
      vertex 46.35 36.0278 2.4
    endloop
  endfacet
  facet normal -0 0 1
    outer loop
      vertex 41.9319 21.4824 2.4
      vertex 47.7 9.83046 2.4
      vertex 41.9829 21.7389 2.4
    endloop
  endfacet
  facet normal -0 0 1
    outer loop
      vertex 45.94 35.8579 2.4
      vertex 47.7 34.1695 2.4
      vertex 46.1506 35.9294 2.4
    endloop
  endfacet
  facet normal 0 0 1
    outer loop
      vertex 47.7 9.83046 2.4
      vertex 46.5349 7.8487 2.4
      vertex 46.7021 7.70208 2.4
    endloop
  endfacet
  facet normal -0 0 1
    outer loop
      vertex 45.7219 35.8145 2.4
      vertex 47.7 34.1695 2.4
      vertex 45.94 35.8579 2.4
    endloop
  endfacet
  facet normal -0 0 1
    outer loop
      vertex 41.8478 21.2346 2.4
      vertex 47.7 9.83046 2.4
      vertex 41.9319 21.4824 2.4
    endloop
  endfacet
  facet normal -0 0 1
    outer loop
      vertex 45.5 35.8 2.4
      vertex 47.7 34.1695 2.4
      vertex 45.7219 35.8145 2.4
    endloop
  endfacet
  facet normal 0 0 1
    outer loop
      vertex 47.7 9.83046 2.4
      vertex 46.35 7.97224 2.4
      vertex 46.5349 7.8487 2.4
    endloop
  endfacet
  facet normal 0 0 1
    outer loop
      vertex 45.2781 35.8145 2.4
      vertex 47.7 34.1695 2.4
      vertex 45.5 35.8 2.4
    endloop
  endfacet
  facet normal -0 0 1
    outer loop
      vertex 41.7321 21 2.4
      vertex 47.7 9.83046 2.4
      vertex 41.8478 21.2346 2.4
    endloop
  endfacet
  facet normal 0 0 1
    outer loop
      vertex 45.06 35.8579 2.4
      vertex 47.7 34.1695 2.4
      vertex 45.2781 35.8145 2.4
    endloop
  endfacet
  facet normal 0 0 1
    outer loop
      vertex 47.7 9.83046 2.4
      vertex 46.1506 8.07059 2.4
      vertex 46.35 7.97224 2.4
    endloop
  endfacet
  facet normal 0 0 1
    outer loop
      vertex 47.7 34.1695 2.4
      vertex 45.06 35.8579 2.4
      vertex 42 22 2.4
    endloop
  endfacet
  facet normal -0 0 1
    outer loop
      vertex 41.5867 20.7825 2.4
      vertex 47.7 9.83046 2.4
      vertex 41.7321 21 2.4
    endloop
  endfacet
  facet normal 0 0 1
    outer loop
      vertex 42 22 2.4
      vertex 45.06 35.8579 2.4
      vertex 44.8494 35.9294 2.4
    endloop
  endfacet
  facet normal 0 0 1
    outer loop
      vertex 47.7 9.83046 2.4
      vertex 45.94 8.14207 2.4
      vertex 46.1506 8.07059 2.4
    endloop
  endfacet
  facet normal 0 0 1
    outer loop
      vertex 42 22 2.4
      vertex 44.8494 35.9294 2.4
      vertex 44.65 36.0278 2.4
    endloop
  endfacet
  facet normal -0 0 1
    outer loop
      vertex 41.4142 20.5858 2.4
      vertex 47.7 9.83046 2.4
      vertex 41.5867 20.7825 2.4
    endloop
  endfacet
  facet normal 0 0 1
    outer loop
      vertex 42 22 2.4
      vertex 44.65 36.0278 2.4
      vertex 44.4651 36.1513 2.4
    endloop
  endfacet
  facet normal 0 0 1
    outer loop
      vertex 47.7 9.83046 2.4
      vertex 45.7219 8.18546 2.4
      vertex 45.94 8.14207 2.4
    endloop
  endfacet
  facet normal 0 0 1
    outer loop
      vertex 42 22 2.4
      vertex 44.4651 36.1513 2.4
      vertex 44.2979 36.2979 2.4
    endloop
  endfacet
  facet normal -0 0 1
    outer loop
      vertex 41.2175 20.4133 2.4
      vertex 47.7 9.83046 2.4
      vertex 41.4142 20.5858 2.4
    endloop
  endfacet
  facet normal 0 0 1
    outer loop
      vertex 42 22 2.4
      vertex 44.2979 36.2979 2.4
      vertex 44.1513 36.4651 2.4
    endloop
  endfacet
  facet normal 0 0 1
    outer loop
      vertex 47.7 9.83046 2.4
      vertex 45.5 8.2 2.4
      vertex 45.7219 8.18546 2.4
    endloop
  endfacet
  facet normal 0 0 1
    outer loop
      vertex 42 22 2.4
      vertex 44.1513 36.4651 2.4
      vertex 44.0278 36.65 2.4
    endloop
  endfacet
  facet normal -0 0 1
    outer loop
      vertex 41 20.2679 2.4
      vertex 47.7 9.83046 2.4
      vertex 41.2175 20.4133 2.4
    endloop
  endfacet
  facet normal 0 0 1
    outer loop
      vertex 42 22 2.4
      vertex 44.0278 36.65 2.4
      vertex 43.9294 36.8494 2.4
    endloop
  endfacet
  facet normal 0 0 1
    outer loop
      vertex 47.7 9.83046 2.4
      vertex 45.2781 8.18546 2.4
      vertex 45.5 8.2 2.4
    endloop
  endfacet
  facet normal 0 0 1
    outer loop
      vertex 42 22 2.4
      vertex 43.9294 36.8494 2.4
      vertex 43.8579 37.06 2.4
    endloop
  endfacet
  facet normal -0 0 1
    outer loop
      vertex 40.7654 20.1522 2.4
      vertex 47.7 9.83046 2.4
      vertex 41 20.2679 2.4
    endloop
  endfacet
  facet normal 0 0 1
    outer loop
      vertex 42 22 2.4
      vertex 43.8579 37.06 2.4
      vertex 43.8145 37.2781 2.4
    endloop
  endfacet
  facet normal 0 0 1
    outer loop
      vertex 47.7 9.83046 2.4
      vertex 45.06 8.14207 2.4
      vertex 45.2781 8.18546 2.4
    endloop
  endfacet
  facet normal 0 0 1
    outer loop
      vertex 42 22 2.4
      vertex 43.8145 37.2781 2.4
      vertex 43.8 37.5 2.4
    endloop
  endfacet
  facet normal 0 0 1
    outer loop
      vertex 47.7 9.83046 2.4
      vertex 40.7654 20.1522 2.4
      vertex 45.06 8.14207 2.4
    endloop
  endfacet
  facet normal -0 0 1
    outer loop
      vertex 46.9722 5.65 2.4
      vertex 48.9641 4.5 2.4
      vertex 47.0706 5.84944 2.4
    endloop
  endfacet
  facet normal 0 0 1
    outer loop
      vertex 48.9641 4.5 2.4
      vertex 46.9722 5.65 2.4
      vertex 48.6734 4.06494 2.4
    endloop
  endfacet
  facet normal -0 0 1
    outer loop
      vertex 46.8487 5.46511 2.4
      vertex 48.6734 4.06494 2.4
      vertex 46.9722 5.65 2.4
    endloop
  endfacet
  facet normal 0 0 1
    outer loop
      vertex 48.6734 4.06494 2.4
      vertex 46.8487 5.46511 2.4
      vertex 48.3284 3.67157 2.4
    endloop
  endfacet
  facet normal -0 0 1
    outer loop
      vertex 46.7021 5.29792 2.4
      vertex 48.3284 3.67157 2.4
      vertex 46.8487 5.46511 2.4
    endloop
  endfacet
  facet normal 0 0 1
    outer loop
      vertex 48.3284 3.67157 2.4
      vertex 46.7021 5.29792 2.4
      vertex 47.9351 3.32658 2.4
    endloop
  endfacet
  facet normal -0 0 1
    outer loop
      vertex 46.5349 5.1513 2.4
      vertex 47.9351 3.32658 2.4
      vertex 46.7021 5.29792 2.4
    endloop
  endfacet
  facet normal 0 0 1
    outer loop
      vertex 47.9351 3.32658 2.4
      vertex 46.5349 5.1513 2.4
      vertex 47.5 3.03589 2.4
    endloop
  endfacet
  facet normal -0 0 1
    outer loop
      vertex 46.35 5.02776 2.4
      vertex 47.5 3.03589 2.4
      vertex 46.5349 5.1513 2.4
    endloop
  endfacet
  facet normal 0 0 1
    outer loop
      vertex 47.2 6.5 2.4
      vertex 49.1955 8.03073 2.4
      vertex 48.9641 8.5 2.4
    endloop
  endfacet
  facet normal 0 0 1
    outer loop
      vertex 47.2 6.5 2.4
      vertex 48.9641 8.5 2.4
      vertex 48.6734 8.93504 2.4
    endloop
  endfacet
  facet normal 0 0 1
    outer loop
      vertex 49.1955 8.03073 2.4
      vertex 47.2 6.5 2.4
      vertex 49.3 7.72295 2.4
    endloop
  endfacet
  facet normal -0 0 1
    outer loop
      vertex 47.1855 6.27811 2.4
      vertex 49.3 5.27704 2.4
      vertex 47.2 6.5 2.4
    endloop
  endfacet
  facet normal 0 0 1
    outer loop
      vertex 49.3 7.72295 2.4
      vertex 47.2 6.5 2.4
      vertex 49.3 5.27704 2.4
    endloop
  endfacet
  facet normal -0 0 1
    outer loop
      vertex 47.1421 6.06001 2.4
      vertex 49.3 5.27704 2.4
      vertex 47.1855 6.27811 2.4
    endloop
  endfacet
  facet normal 0 0 1
    outer loop
      vertex 47.2 6.5 2.4
      vertex 48.6734 8.93504 2.4
      vertex 48.3284 9.32841 2.4
    endloop
  endfacet
  facet normal -0 0 1
    outer loop
      vertex 47.0706 5.84944 2.4
      vertex 49.3 5.27704 2.4
      vertex 47.1421 6.06001 2.4
    endloop
  endfacet
  facet normal 0 0 1
    outer loop
      vertex 47.2 6.5 2.4
      vertex 47.9351 9.6734 2.4
      vertex 47.7 9.83046 2.4
    endloop
  endfacet
  facet normal 0 0 1
    outer loop
      vertex 47.9351 9.6734 2.4
      vertex 47.2 6.5 2.4
      vertex 48.3284 9.32841 2.4
    endloop
  endfacet
  facet normal 0 0 1
    outer loop
      vertex 49.3 5.27704 2.4
      vertex 47.0706 5.84944 2.4
      vertex 49.1955 4.96925 2.4
    endloop
  endfacet
  facet normal 0 0 1
    outer loop
      vertex 49.1955 4.96925 2.4
      vertex 47.0706 5.84944 2.4
      vertex 48.9641 4.5 2.4
    endloop
  endfacet
  facet normal 0 0 1
    outer loop
      vertex 48.9641 35.5 2.4
      vertex 46.9722 36.65 2.4
      vertex 48.6734 35.0649 2.4
    endloop
  endfacet
  facet normal -0 0 1
    outer loop
      vertex 46.8487 36.4651 2.4
      vertex 48.6734 35.0649 2.4
      vertex 46.9722 36.65 2.4
    endloop
  endfacet
  facet normal 0 0 1
    outer loop
      vertex 47.5 40.9641 2.4
      vertex 47.1855 37.7219 2.4
      vertex 47.2 37.5 2.4
    endloop
  endfacet
  facet normal 0 0 1
    outer loop
      vertex 47.5 40.9641 2.4
      vertex 47.1421 37.94 2.4
      vertex 47.1855 37.7219 2.4
    endloop
  endfacet
  facet normal 0 0 1
    outer loop
      vertex 47.5 40.9641 2.4
      vertex 47.0706 38.1506 2.4
      vertex 47.1421 37.94 2.4
    endloop
  endfacet
  facet normal 0 0 1
    outer loop
      vertex 46.35 38.9722 2.4
      vertex 47.5 40.9641 2.4
      vertex 47.0307 41.1955 2.4
    endloop
  endfacet
  facet normal 0 0 1
    outer loop
      vertex 47.5 40.9641 2.4
      vertex 46.9722 38.35 2.4
      vertex 47.0706 38.1506 2.4
    endloop
  endfacet
  facet normal 0 0 1
    outer loop
      vertex 47.5 40.9641 2.4
      vertex 46.8487 38.5349 2.4
      vertex 46.9722 38.35 2.4
    endloop
  endfacet
  facet normal 0 0 1
    outer loop
      vertex 46.1506 39.0706 2.4
      vertex 47.0307 41.1955 2.4
      vertex 46.7229 41.3 2.4
    endloop
  endfacet
  facet normal 0 0 1
    outer loop
      vertex 47.5 40.9641 2.4
      vertex 46.7021 38.7021 2.4
      vertex 46.8487 38.5349 2.4
    endloop
  endfacet
  facet normal 0 0 1
    outer loop
      vertex 47.2 37.5 2.4
      vertex 49.1955 39.0307 2.4
      vertex 48.9641 39.5 2.4
    endloop
  endfacet
  facet normal 0 0 1
    outer loop
      vertex 47.2 37.5 2.4
      vertex 48.9641 39.5 2.4
      vertex 48.6734 39.935 2.4
    endloop
  endfacet
  facet normal 0 0 1
    outer loop
      vertex 49.1955 39.0307 2.4
      vertex 47.2 37.5 2.4
      vertex 49.3 38.7229 2.4
    endloop
  endfacet
  facet normal -0 0 1
    outer loop
      vertex 47.1855 37.2781 2.4
      vertex 49.3 36.277 2.4
      vertex 47.2 37.5 2.4
    endloop
  endfacet
  facet normal 0 0 1
    outer loop
      vertex 49.3 38.7229 2.4
      vertex 47.2 37.5 2.4
      vertex 49.3 36.277 2.4
    endloop
  endfacet
  facet normal -0 0 1
    outer loop
      vertex 47.1421 37.06 2.4
      vertex 49.3 36.277 2.4
      vertex 47.1855 37.2781 2.4
    endloop
  endfacet
  facet normal 0 0 1
    outer loop
      vertex 47.2 37.5 2.4
      vertex 48.6734 39.935 2.4
      vertex 48.3284 40.3284 2.4
    endloop
  endfacet
  facet normal -0 0 1
    outer loop
      vertex 47.0706 36.8494 2.4
      vertex 49.3 36.277 2.4
      vertex 47.1421 37.06 2.4
    endloop
  endfacet
  facet normal 0 0 1
    outer loop
      vertex 47.2 37.5 2.4
      vertex 48.3284 40.3284 2.4
      vertex 47.9351 40.6734 2.4
    endloop
  endfacet
  facet normal 0 0 1
    outer loop
      vertex 49.3 36.277 2.4
      vertex 47.0706 36.8494 2.4
      vertex 49.1955 35.9693 2.4
    endloop
  endfacet
  facet normal 0 0 1
    outer loop
      vertex 49.1955 35.9693 2.4
      vertex 47.0706 36.8494 2.4
      vertex 48.9641 35.5 2.4
    endloop
  endfacet
  facet normal -0 0 1
    outer loop
      vertex 46.9722 36.65 2.4
      vertex 48.9641 35.5 2.4
      vertex 47.0706 36.8494 2.4
    endloop
  endfacet
  facet normal 0 0 1
    outer loop
      vertex 47.2 37.5 2.4
      vertex 47.9351 40.6734 2.4
      vertex 47.5 40.9641 2.4
    endloop
  endfacet
  facet normal 0 0 1
    outer loop
      vertex 49.3 40 2.4
      vertex 52 40 2.4
      vertex 51.9658 40.5221 2.4
    endloop
  endfacet
  facet normal 0 0 1
    outer loop
      vertex 52 40 2.4
      vertex 49.3 36.277 2.4
      vertex 52 4 2.4
    endloop
  endfacet
  facet normal 0 0 1
    outer loop
      vertex 49.2889 40.1697 2.4
      vertex 51.9658 40.5221 2.4
      vertex 51.8637 41.0353 2.4
    endloop
  endfacet
  facet normal -0 0 1
    outer loop
      vertex 49.3 7.72295 2.4
      vertex 52 4 2.4
      vertex 49.3 36.277 2.4
    endloop
  endfacet
  facet normal 0 0 1
    outer loop
      vertex 49.2557 40.3365 2.4
      vertex 51.8637 41.0353 2.4
      vertex 51.6955 41.5307 2.4
    endloop
  endfacet
  facet normal -0 0 1
    outer loop
      vertex 49.3 5.27704 2.4
      vertex 52 4 2.4
      vertex 49.3 7.72295 2.4
    endloop
  endfacet
  facet normal 0 0 1
    outer loop
      vertex 49.201 40.4975 2.4
      vertex 51.6955 41.5307 2.4
      vertex 51.4641 42 2.4
    endloop
  endfacet
  facet normal 0 0 1
    outer loop
      vertex 49.3 4 2.4
      vertex 52 4 2.4
      vertex 49.3 5.27704 2.4
    endloop
  endfacet
  facet normal 0 0 1
    outer loop
      vertex 49.1258 40.65 2.4
      vertex 51.4641 42 2.4
      vertex 51.1734 42.435 2.4
    endloop
  endfacet
  facet normal 0 0 1
    outer loop
      vertex 52 4 2.4
      vertex 49.3 4 2.4
      vertex 51.9658 3.47789 2.4
    endloop
  endfacet
  facet normal 0 0 1
    outer loop
      vertex 49.0314 40.7914 2.4
      vertex 51.1734 42.435 2.4
      vertex 50.8284 42.8284 2.4
    endloop
  endfacet
  facet normal -0 0 1
    outer loop
      vertex 49.2889 3.83032 2.4
      vertex 51.9658 3.47789 2.4
      vertex 49.3 4 2.4
    endloop
  endfacet
  facet normal 0 0 1
    outer loop
      vertex 48.9192 40.9192 2.4
      vertex 50.8284 42.8284 2.4
      vertex 50.435 43.1734 2.4
    endloop
  endfacet
  facet normal 0 0 1
    outer loop
      vertex 51.9658 3.47789 2.4
      vertex 49.2889 3.83032 2.4
      vertex 51.8637 2.96472 2.4
    endloop
  endfacet
  facet normal 0 0 1
    outer loop
      vertex 48.7914 41.0314 2.4
      vertex 50.435 43.1734 2.4
      vertex 50 43.4641 2.4
    endloop
  endfacet
  facet normal -0 0 1
    outer loop
      vertex 49.2557 3.66353 2.4
      vertex 51.8637 2.96472 2.4
      vertex 49.2889 3.83032 2.4
    endloop
  endfacet
  facet normal 0 0 1
    outer loop
      vertex 48.65 41.1258 2.4
      vertex 50 43.4641 2.4
      vertex 49.5307 43.6955 2.4
    endloop
  endfacet
  facet normal 0 0 1
    outer loop
      vertex 51.8637 2.96472 2.4
      vertex 49.2557 3.66353 2.4
      vertex 51.6955 2.46927 2.4
    endloop
  endfacet
  facet normal 0 0 1
    outer loop
      vertex 52 40 2.4
      vertex 49.3 40 2.4
      vertex 49.3 38.7229 2.4
    endloop
  endfacet
  facet normal 0 0 1
    outer loop
      vertex 51.9658 40.5221 2.4
      vertex 49.2889 40.1697 2.4
      vertex 49.3 40 2.4
    endloop
  endfacet
  facet normal 0 0 1
    outer loop
      vertex 51.8637 41.0353 2.4
      vertex 49.2557 40.3365 2.4
      vertex 49.2889 40.1697 2.4
    endloop
  endfacet
  facet normal 0 0 1
    outer loop
      vertex 51.6955 41.5307 2.4
      vertex 49.201 40.4975 2.4
      vertex 49.2557 40.3365 2.4
    endloop
  endfacet
  facet normal 0 0 1
    outer loop
      vertex 51.4641 42 2.4
      vertex 49.1258 40.65 2.4
      vertex 49.201 40.4975 2.4
    endloop
  endfacet
  facet normal 0 0 1
    outer loop
      vertex 48.4975 41.201 2.4
      vertex 49.5307 43.6955 2.4
      vertex 49.0353 43.8637 2.4
    endloop
  endfacet
  facet normal 0 0 1
    outer loop
      vertex 51.1734 42.435 2.4
      vertex 49.0314 40.7914 2.4
      vertex 49.1258 40.65 2.4
    endloop
  endfacet
  facet normal 0 0 1
    outer loop
      vertex 50.8284 42.8284 2.4
      vertex 48.9192 40.9192 2.4
      vertex 49.0314 40.7914 2.4
    endloop
  endfacet
  facet normal 0 0 1
    outer loop
      vertex 50.435 43.1734 2.4
      vertex 48.7914 41.0314 2.4
      vertex 48.9192 40.9192 2.4
    endloop
  endfacet
  facet normal 0 0 1
    outer loop
      vertex 50 43.4641 2.4
      vertex 48.65 41.1258 2.4
      vertex 48.7914 41.0314 2.4
    endloop
  endfacet
  facet normal 0 0 1
    outer loop
      vertex 48.3365 41.2557 2.4
      vertex 49.0353 43.8637 2.4
      vertex 48.5221 43.9658 2.4
    endloop
  endfacet
  facet normal 0 0 1
    outer loop
      vertex 49.5307 43.6955 2.4
      vertex 48.4975 41.201 2.4
      vertex 48.65 41.1258 2.4
    endloop
  endfacet
  facet normal 0 0 1
    outer loop
      vertex 49.0353 43.8637 2.4
      vertex 48.3365 41.2557 2.4
      vertex 48.4975 41.201 2.4
    endloop
  endfacet
  facet normal 0 0 1
    outer loop
      vertex 48.5221 43.9658 2.4
      vertex 48.1697 41.2889 2.4
      vertex 48.3365 41.2557 2.4
    endloop
  endfacet
  facet normal 0 0 1
    outer loop
      vertex 48 44 2.4
      vertex 48.1697 41.2889 2.4
      vertex 48.5221 43.9658 2.4
    endloop
  endfacet
  facet normal 0 0 1
    outer loop
      vertex 48 44 2.4
      vertex 48 41.3 2.4
      vertex 48.1697 41.2889 2.4
    endloop
  endfacet
  facet normal 0 0 1
    outer loop
      vertex 48 44 2.4
      vertex 46.7229 41.3 2.4
      vertex 48 41.3 2.4
    endloop
  endfacet
  facet normal 0 0 1
    outer loop
      vertex 47.5 40.9641 2.4
      vertex 46.5349 38.8487 2.4
      vertex 46.7021 38.7021 2.4
    endloop
  endfacet
  facet normal 0 0 1
    outer loop
      vertex 47.5 40.9641 2.4
      vertex 46.35 38.9722 2.4
      vertex 46.5349 38.8487 2.4
    endloop
  endfacet
  facet normal 0 0 1
    outer loop
      vertex 47.0307 41.1955 2.4
      vertex 46.1506 39.0706 2.4
      vertex 46.35 38.9722 2.4
    endloop
  endfacet
  facet normal 0 0 1
    outer loop
      vertex 46.7229 41.3 2.4
      vertex 45.94 39.1421 2.4
      vertex 46.1506 39.0706 2.4
    endloop
  endfacet
  facet normal 0 0 1
    outer loop
      vertex 46.7229 41.3 2.4
      vertex 45.7219 39.1855 2.4
      vertex 45.94 39.1421 2.4
    endloop
  endfacet
  facet normal 0 0 1
    outer loop
      vertex 44.2771 41.3 2.4
      vertex 46.7229 41.3 2.4
      vertex 48 44 2.4
    endloop
  endfacet
  facet normal 0 -0 1
    outer loop
      vertex 45.5 39.2 2.4
      vertex 46.7229 41.3 2.4
      vertex 44.2771 41.3 2.4
    endloop
  endfacet
  facet normal 0 0 1
    outer loop
      vertex 46.7229 41.3 2.4
      vertex 45.5 39.2 2.4
      vertex 45.7219 39.1855 2.4
    endloop
  endfacet
  facet normal 0 0 1
    outer loop
      vertex 45.5 39.2 2.4
      vertex 44.2771 41.3 2.4
      vertex 45.2781 39.1855 2.4
    endloop
  endfacet
  facet normal 0 0 1
    outer loop
      vertex 45.2781 39.1855 2.4
      vertex 44.2771 41.3 2.4
      vertex 45.06 39.1421 2.4
    endloop
  endfacet
  facet normal 0 0 1
    outer loop
      vertex 45.06 39.1421 2.4
      vertex 44.2771 41.3 2.4
      vertex 44.8494 39.0706 2.4
    endloop
  endfacet
  facet normal -0 0 1
    outer loop
      vertex 43.9693 41.1955 2.4
      vertex 44.8494 39.0706 2.4
      vertex 44.2771 41.3 2.4
    endloop
  endfacet
  facet normal 0 0 1
    outer loop
      vertex 44.8494 39.0706 2.4
      vertex 43.9693 41.1955 2.4
      vertex 44.65 38.9722 2.4
    endloop
  endfacet
  facet normal -0 0 1
    outer loop
      vertex 43.5 40.9641 2.4
      vertex 44.65 38.9722 2.4
      vertex 43.9693 41.1955 2.4
    endloop
  endfacet
  facet normal 0 0 1
    outer loop
      vertex 48 44 2.4
      vertex 7.72292 41.3 2.4
      vertex 44.2771 41.3 2.4
    endloop
  endfacet
  facet normal 0 0 1
    outer loop
      vertex 8.93506 40.6734 2.4
      vertex 7.53489 38.8487 2.4
      vertex 7.70208 38.7021 2.4
    endloop
  endfacet
  facet normal 0 0 1
    outer loop
      vertex 8.03075 41.1955 2.4
      vertex 7.35 38.9722 2.4
      vertex 7.53489 38.8487 2.4
    endloop
  endfacet
  facet normal 0 0 1
    outer loop
      vertex 8.03075 41.1955 2.4
      vertex 7.15056 39.0706 2.4
      vertex 7.35 38.9722 2.4
    endloop
  endfacet
  facet normal 0 0 1
    outer loop
      vertex 7.72292 41.3 2.4
      vertex 6.93999 39.1421 2.4
      vertex 7.15056 39.0706 2.4
    endloop
  endfacet
  facet normal 0 0 1
    outer loop
      vertex 7.72292 41.3 2.4
      vertex 6.72189 39.1855 2.4
      vertex 6.93999 39.1421 2.4
    endloop
  endfacet
  facet normal 0 0 1
    outer loop
      vertex 7.72292 41.3 2.4
      vertex 6.5 39.2 2.4
      vertex 6.72189 39.1855 2.4
    endloop
  endfacet
  facet normal -0 0 1
    outer loop
      vertex 5.2771 41.3 2.4
      vertex 6.5 39.2 2.4
      vertex 7.72292 41.3 2.4
    endloop
  endfacet
  facet normal 0 0 1
    outer loop
      vertex 6.5 39.2 2.4
      vertex 5.2771 41.3 2.4
      vertex 6.27811 39.1855 2.4
    endloop
  endfacet
  facet normal 0 0 1
    outer loop
      vertex 6.27811 39.1855 2.4
      vertex 5.2771 41.3 2.4
      vertex 6.06001 39.1421 2.4
    endloop
  endfacet
  facet normal 0 0 1
    outer loop
      vertex 6.06001 39.1421 2.4
      vertex 5.2771 41.3 2.4
      vertex 5.84944 39.0706 2.4
    endloop
  endfacet
  facet normal -0 0 1
    outer loop
      vertex 4.96927 41.1955 2.4
      vertex 5.84944 39.0706 2.4
      vertex 5.2771 41.3 2.4
    endloop
  endfacet
  facet normal 0 0 1
    outer loop
      vertex 5.84944 39.0706 2.4
      vertex 4.96927 41.1955 2.4
      vertex 5.65 38.9722 2.4
    endloop
  endfacet
  facet normal -0 0 1
    outer loop
      vertex 4.5 40.9641 2.4
      vertex 5.65 38.9722 2.4
      vertex 4.96927 41.1955 2.4
    endloop
  endfacet
  facet normal -0 0 1
    outer loop
      vertex 4 44 2.4
      vertex 7.72292 41.3 2.4
      vertex 48 44 2.4
    endloop
  endfacet
  facet normal 0 0 1
    outer loop
      vertex 7.72292 41.3 2.4
      vertex 4 44 2.4
      vertex 5.2771 41.3 2.4
    endloop
  endfacet
  facet normal 0 0 1
    outer loop
      vertex 4 44 2.4
      vertex 4 41.3 2.4
      vertex 5.2771 41.3 2.4
    endloop
  endfacet
  facet normal 0 0 1
    outer loop
      vertex 4 44 2.4
      vertex 3.83032 41.2889 2.4
      vertex 4 41.3 2.4
    endloop
  endfacet
  facet normal -0 0 1
    outer loop
      vertex 3.47789 43.9658 2.4
      vertex 3.83032 41.2889 2.4
      vertex 4 44 2.4
    endloop
  endfacet
  facet normal 0 0 1
    outer loop
      vertex 3.83032 41.2889 2.4
      vertex 3.47789 43.9658 2.4
      vertex 3.66353 41.2557 2.4
    endloop
  endfacet
  facet normal -0 0 1
    outer loop
      vertex 2.96472 43.8637 2.4
      vertex 3.66353 41.2557 2.4
      vertex 3.47789 43.9658 2.4
    endloop
  endfacet
  facet normal 0 0 1
    outer loop
      vertex 3.66353 41.2557 2.4
      vertex 2.96472 43.8637 2.4
      vertex 3.50252 41.201 2.4
    endloop
  endfacet
  facet normal -0 0 1
    outer loop
      vertex 2.46927 43.6955 2.4
      vertex 3.50252 41.201 2.4
      vertex 2.96472 43.8637 2.4
    endloop
  endfacet
  facet normal 0 0 1
    outer loop
      vertex 3.50252 41.201 2.4
      vertex 2.46927 43.6955 2.4
      vertex 3.35001 41.1258 2.4
    endloop
  endfacet
  facet normal 0 0 1
    outer loop
      vertex 3.35001 41.1258 2.4
      vertex 2.46927 43.6955 2.4
      vertex 3.2086 41.0314 2.4
    endloop
  endfacet
  facet normal 0 0 1
    outer loop
      vertex 3.2086 41.0314 2.4
      vertex 2.46927 43.6955 2.4
      vertex 3.08076 40.9192 2.4
    endloop
  endfacet
  facet normal 0 0 1
    outer loop
      vertex 3.08076 40.9192 2.4
      vertex 2.46927 43.6955 2.4
      vertex 2.96864 40.7914 2.4
    endloop
  endfacet
  facet normal 0 0 1
    outer loop
      vertex 2.96864 40.7914 2.4
      vertex 2.46927 43.6955 2.4
      vertex 2.87416 40.65 2.4
    endloop
  endfacet
  facet normal 0 0 1
    outer loop
      vertex 0 40 2.4
      vertex 2.87416 40.65 2.4
      vertex 2.46927 43.6955 2.4
    endloop
  endfacet
  facet normal 0 0 1
    outer loop
      vertex 2.87416 40.65 2.4
      vertex 0 40 2.4
      vertex 2.79895 40.4975 2.4
    endloop
  endfacet
  facet normal 0 0 1
    outer loop
      vertex 2.71112 40.1697 2.4
      vertex 0 40 2.4
      vertex 2.7 40 2.4
    endloop
  endfacet
  facet normal 0 0 1
    outer loop
      vertex 2.7 40 2.4
      vertex 0 40 2.4
      vertex 2.7 38.7229 2.4
    endloop
  endfacet
  facet normal 0 0 1
    outer loop
      vertex 2.7 38.7229 2.4
      vertex 0 40 2.4
      vertex 2.7 36.2771 2.4
    endloop
  endfacet
  facet normal 0 0 1
    outer loop
      vertex 2.7 36.2771 2.4
      vertex 0 40 2.4
      vertex 2.7 7.7229 2.4
    endloop
  endfacet
  facet normal 0 0 1
    outer loop
      vertex 2.7 7.7229 2.4
      vertex 2.46927 0.304489 2.4
      vertex 2.7 5.27708 2.4
    endloop
  endfacet
  facet normal 0 0 1
    outer loop
      vertex 2.74429 40.3365 2.4
      vertex 0 40 2.4
      vertex 2.71112 40.1697 2.4
    endloop
  endfacet
  facet normal 0 0 1
    outer loop
      vertex 2.79895 40.4975 2.4
      vertex 0 40 2.4
      vertex 2.74429 40.3365 2.4
    endloop
  endfacet
  facet normal 0 0 1
    outer loop
      vertex 52 40 2.4
      vertex 49.3 38.7229 2.4
      vertex 49.3 36.277 2.4
    endloop
  endfacet
  facet normal -0 0 1
    outer loop
      vertex 49.201 3.50252 2.4
      vertex 51.6955 2.46927 2.4
      vertex 49.2557 3.66353 2.4
    endloop
  endfacet
  facet normal 0 0 1
    outer loop
      vertex 51.6955 2.46927 2.4
      vertex 49.201 3.50252 2.4
      vertex 51.4641 2 2.4
    endloop
  endfacet
  facet normal -0 0 1
    outer loop
      vertex 49.1258 3.35001 2.4
      vertex 51.4641 2 2.4
      vertex 49.201 3.50252 2.4
    endloop
  endfacet
  facet normal 0 0 1
    outer loop
      vertex 51.4641 2 2.4
      vertex 49.1258 3.35001 2.4
      vertex 51.1734 1.56496 2.4
    endloop
  endfacet
  facet normal -0 0 1
    outer loop
      vertex 49.0314 3.2086 2.4
      vertex 51.1734 1.56496 2.4
      vertex 49.1258 3.35001 2.4
    endloop
  endfacet
  facet normal 0 0 1
    outer loop
      vertex 51.1734 1.56496 2.4
      vertex 49.0314 3.2086 2.4
      vertex 50.8284 1.17157 2.4
    endloop
  endfacet
  facet normal -0 0 1
    outer loop
      vertex 48.9192 3.08076 2.4
      vertex 50.8284 1.17157 2.4
      vertex 49.0314 3.2086 2.4
    endloop
  endfacet
  facet normal 0 0 1
    outer loop
      vertex 50.8284 1.17157 2.4
      vertex 48.9192 3.08076 2.4
      vertex 50.435 0.826584 2.4
    endloop
  endfacet
  facet normal -0 0 1
    outer loop
      vertex 48.7914 2.96864 2.4
      vertex 50.435 0.826584 2.4
      vertex 48.9192 3.08076 2.4
    endloop
  endfacet
  facet normal 0 0 1
    outer loop
      vertex 50.435 0.826584 2.4
      vertex 48.7914 2.96864 2.4
      vertex 50 0.535904 2.4
    endloop
  endfacet
  facet normal -0 0 1
    outer loop
      vertex 48.65 2.87416 2.4
      vertex 50 0.535904 2.4
      vertex 48.7914 2.96864 2.4
    endloop
  endfacet
  facet normal 0 0 1
    outer loop
      vertex 50 0.535904 2.4
      vertex 48.65 2.87416 2.4
      vertex 49.5307 0.304489 2.4
    endloop
  endfacet
  facet normal -0 0 1
    outer loop
      vertex 48.4975 2.79895 2.4
      vertex 49.5307 0.304489 2.4
      vertex 48.65 2.87416 2.4
    endloop
  endfacet
  facet normal 0 0 1
    outer loop
      vertex 49.5307 0.304489 2.4
      vertex 48.4975 2.79895 2.4
      vertex 49.0353 0.136292 2.4
    endloop
  endfacet
  facet normal -0 0 1
    outer loop
      vertex 48.3365 2.74429 2.4
      vertex 49.0353 0.136292 2.4
      vertex 48.4975 2.79895 2.4
    endloop
  endfacet
  facet normal 0 0 1
    outer loop
      vertex 49.0353 0.136292 2.4
      vertex 48.3365 2.74429 2.4
      vertex 48.5221 0.0342255 2.4
    endloop
  endfacet
  facet normal -0 0 1
    outer loop
      vertex 48.1697 2.71112 2.4
      vertex 48.5221 0.0342255 2.4
      vertex 48.3365 2.74429 2.4
    endloop
  endfacet
  facet normal -0 0 1
    outer loop
      vertex 48 2.7 2.4
      vertex 48.5221 0.0342255 2.4
      vertex 48.1697 2.71112 2.4
    endloop
  endfacet
  facet normal 0 0 1
    outer loop
      vertex 48 2.7 2.4
      vertex 48 0 2.4
      vertex 48.5221 0.0342255 2.4
    endloop
  endfacet
  facet normal -0 0 1
    outer loop
      vertex 46.723 2.7 2.4
      vertex 48 0 2.4
      vertex 48 2.7 2.4
    endloop
  endfacet
  facet normal 0 0 1
    outer loop
      vertex 47.5 3.03589 2.4
      vertex 46.35 5.02776 2.4
      vertex 47.0307 2.80447 2.4
    endloop
  endfacet
  facet normal -0 0 1
    outer loop
      vertex 46.1506 4.92941 2.4
      vertex 47.0307 2.80447 2.4
      vertex 46.35 5.02776 2.4
    endloop
  endfacet
  facet normal 0 0 1
    outer loop
      vertex 47.0307 2.80447 2.4
      vertex 46.1506 4.92941 2.4
      vertex 46.723 2.7 2.4
    endloop
  endfacet
  facet normal -0 0 1
    outer loop
      vertex 45.94 4.85793 2.4
      vertex 46.723 2.7 2.4
      vertex 46.1506 4.92941 2.4
    endloop
  endfacet
  facet normal -0 0 1
    outer loop
      vertex 45.7219 4.81454 2.4
      vertex 46.723 2.7 2.4
      vertex 45.94 4.85793 2.4
    endloop
  endfacet
  facet normal -0 0 1
    outer loop
      vertex 45.5 4.8 2.4
      vertex 46.723 2.7 2.4
      vertex 45.7219 4.81454 2.4
    endloop
  endfacet
  facet normal 0 0 1
    outer loop
      vertex 46.723 2.7 2.4
      vertex 45.5 4.8 2.4
      vertex 44.2771 2.7 2.4
    endloop
  endfacet
  facet normal 0 0 1
    outer loop
      vertex 44.2771 2.7 2.4
      vertex 45.5 4.8 2.4
      vertex 45.2781 4.81454 2.4
    endloop
  endfacet
  facet normal 0 0 1
    outer loop
      vertex 44.2771 2.7 2.4
      vertex 45.2781 4.81454 2.4
      vertex 45.06 4.85793 2.4
    endloop
  endfacet
  facet normal 0 0 1
    outer loop
      vertex 44.2771 2.7 2.4
      vertex 45.06 4.85793 2.4
      vertex 44.8494 4.92941 2.4
    endloop
  endfacet
  facet normal 0 0 1
    outer loop
      vertex 43.9693 2.80447 2.4
      vertex 44.8494 4.92941 2.4
      vertex 44.65 5.02776 2.4
    endloop
  endfacet
  facet normal 0 0 1
    outer loop
      vertex 43.5 3.03589 2.4
      vertex 44.65 5.02776 2.4
      vertex 44.4651 5.1513 2.4
    endloop
  endfacet
  facet normal 0 0 1
    outer loop
      vertex 43.065 3.32658 2.4
      vertex 44.4651 5.1513 2.4
      vertex 44.2979 5.29792 2.4
    endloop
  endfacet
  facet normal 0 0 1
    outer loop
      vertex 46.723 2.7 2.4
      vertex 44.2771 2.7 2.4
      vertex 48 0 2.4
    endloop
  endfacet
  facet normal 0 0 1
    outer loop
      vertex 30 0 2.4
      vertex 44.2771 2.7 2.4
      vertex 30 2.7 2.4
    endloop
  endfacet
  facet normal 0 0 1
    outer loop
      vertex 44.2771 2.7 2.4
      vertex 30 0 2.4
      vertex 48 0 2.4
    endloop
  endfacet
  facet normal 0 0 1
    outer loop
      vertex 42.6716 3.67157 2.4
      vertex 44.2979 5.29792 2.4
      vertex 44.1513 5.46511 2.4
    endloop
  endfacet
  facet normal 0 0 1
    outer loop
      vertex 42.1695 4.29999 2.4
      vertex 44.1513 5.46511 2.4
      vertex 44.0278 5.65 2.4
    endloop
  endfacet
  facet normal 0 0 1
    outer loop
      vertex 44.8494 4.92941 2.4
      vertex 43.9693 2.80447 2.4
      vertex 44.2771 2.7 2.4
    endloop
  endfacet
  facet normal 0 0 1
    outer loop
      vertex 42.1695 4.29999 2.4
      vertex 44.0278 5.65 2.4
      vertex 43.9294 5.84944 2.4
    endloop
  endfacet
  facet normal 0 0 1
    outer loop
      vertex 42.1695 4.29999 2.4
      vertex 43.9294 5.84944 2.4
      vertex 43.8579 6.06001 2.4
    endloop
  endfacet
  facet normal 0 0 1
    outer loop
      vertex 42.1695 4.29999 2.4
      vertex 43.8579 6.06001 2.4
      vertex 43.8145 6.27811 2.4
    endloop
  endfacet
  facet normal 0 0 1
    outer loop
      vertex 42.1695 4.29999 2.4
      vertex 43.8145 6.27811 2.4
      vertex 43.8 6.5 2.4
    endloop
  endfacet
  facet normal 0 0 1
    outer loop
      vertex 44.65 5.02776 2.4
      vertex 43.5 3.03589 2.4
      vertex 43.9693 2.80447 2.4
    endloop
  endfacet
  facet normal 0 0 1
    outer loop
      vertex 45.06 8.14207 2.4
      vertex 40.7654 20.1522 2.4
      vertex 44.8494 8.07059 2.4
    endloop
  endfacet
  facet normal 0 0 1
    outer loop
      vertex 42.1695 39.7 2.4
      vertex 43.5 40.9641 2.4
      vertex 43.065 40.6734 2.4
    endloop
  endfacet
  facet normal -0 0 1
    outer loop
      vertex 40.5176 20.0681 2.4
      vertex 44.8494 8.07059 2.4
      vertex 40.7654 20.1522 2.4
    endloop
  endfacet
  facet normal 0 0 1
    outer loop
      vertex 42.1695 39.7 2.4
      vertex 43.065 40.6734 2.4
      vertex 42.6716 40.3284 2.4
    endloop
  endfacet
  facet normal -0 0 1
    outer loop
      vertex 36.6728 16.7368 2.4
      vertex 44.8494 8.07059 2.4
      vertex 40.5176 20.0681 2.4
    endloop
  endfacet
  facet normal 0 0 1
    outer loop
      vertex 42.1695 39.7 2.4
      vertex 42.6716 40.3284 2.4
      vertex 42.3266 39.935 2.4
    endloop
  endfacet
  facet normal 0 0 1
    outer loop
      vertex 44.8494 8.07059 2.4
      vertex 36.6728 16.7368 2.4
      vertex 44.65 7.97224 2.4
    endloop
  endfacet
  facet normal -0 0 1
    outer loop
      vertex 36.3057 16.05 2.4
      vertex 44.65 7.97224 2.4
      vertex 36.6728 16.7368 2.4
    endloop
  endfacet
  facet normal 0 0 1
    outer loop
      vertex 43.5 40.9641 2.4
      vertex 42.1695 39.7 2.4
      vertex 41.5867 23.2175 2.4
    endloop
  endfacet
  facet normal 0 0 1
    outer loop
      vertex 44.65 7.97224 2.4
      vertex 36.3057 16.05 2.4
      vertex 44.4651 7.8487 2.4
    endloop
  endfacet
  facet normal -0 0 1
    outer loop
      vertex 35.8945 15.3887 2.4
      vertex 44.4651 7.8487 2.4
      vertex 36.3057 16.05 2.4
    endloop
  endfacet
  facet normal 0 0 1
    outer loop
      vertex 44.1513 5.46511 2.4
      vertex 42.1695 4.29999 2.4
      vertex 42.3266 4.06494 2.4
    endloop
  endfacet
  facet normal 0 0 1
    outer loop
      vertex 44.2979 5.29792 2.4
      vertex 42.6716 3.67157 2.4
      vertex 43.065 3.32658 2.4
    endloop
  endfacet
  facet normal 0 0 1
    outer loop
      vertex 44.1513 5.46511 2.4
      vertex 42.3266 4.06494 2.4
      vertex 42.6716 3.67157 2.4
    endloop
  endfacet
  facet normal 0 0 1
    outer loop
      vertex 44.4651 5.1513 2.4
      vertex 43.065 3.32658 2.4
      vertex 43.5 3.03589 2.4
    endloop
  endfacet
  facet normal 0 0 1
    outer loop
      vertex 44.4651 7.8487 2.4
      vertex 35.8945 15.3887 2.4
      vertex 44.2979 7.70208 2.4
    endloop
  endfacet
  facet normal -0 0 1
    outer loop
      vertex 35.4409 14.7557 2.4
      vertex 44.2979 7.70208 2.4
      vertex 35.8945 15.3887 2.4
    endloop
  endfacet
  facet normal -0 0 1
    outer loop
      vertex 34.9469 14.1538 2.4
      vertex 44.1513 7.53489 2.4
      vertex 35.4409 14.7557 2.4
    endloop
  endfacet
  facet normal 0 0 1
    outer loop
      vertex 44.1513 7.53489 2.4
      vertex 34.9469 14.1538 2.4
      vertex 44.0278 7.35 2.4
    endloop
  endfacet
  facet normal 0 0 1
    outer loop
      vertex 44.2979 7.70208 2.4
      vertex 35.4409 14.7557 2.4
      vertex 44.1513 7.53489 2.4
    endloop
  endfacet
  facet normal 0 0 1
    outer loop
      vertex 36.9942 17.4461 2.4
      vertex 40.5176 20.0681 2.4
      vertex 40.2611 20.0171 2.4
    endloop
  endfacet
  facet normal 0 0 1
    outer loop
      vertex 36.9942 17.4461 2.4
      vertex 40.2611 20.0171 2.4
      vertex 40 20 2.4
    endloop
  endfacet
  facet normal 0 0 1
    outer loop
      vertex 37.2685 18.1749 2.4
      vertex 40 20 2.4
      vertex 39.7389 20.0171 2.4
    endloop
  endfacet
  facet normal 0 0 1
    outer loop
      vertex 37.4945 18.9201 2.4
      vertex 39.7389 20.0171 2.4
      vertex 39.4824 20.0681 2.4
    endloop
  endfacet
  facet normal 0 0 1
    outer loop
      vertex 37.4945 18.9201 2.4
      vertex 39.4824 20.0681 2.4
      vertex 39.2346 20.1522 2.4
    endloop
  endfacet
  facet normal 0 0 1
    outer loop
      vertex 37.6713 19.6784 2.4
      vertex 39.2346 20.1522 2.4
      vertex 39 20.2679 2.4
    endloop
  endfacet
  facet normal 0 0 1
    outer loop
      vertex 37.6713 19.6784 2.4
      vertex 39 20.2679 2.4
      vertex 38.7825 20.4133 2.4
    endloop
  endfacet
  facet normal -0 0 1
    outer loop
      vertex 37.7982 20.4467 2.4
      vertex 38.7825 20.4133 2.4
      vertex 38.5858 20.5858 2.4
    endloop
  endfacet
  facet normal 0 0 1
    outer loop
      vertex 37.7982 20.4467 2.4
      vertex 38.5858 20.5858 2.4
      vertex 38.4133 20.7825 2.4
    endloop
  endfacet
  facet normal 0 0 1
    outer loop
      vertex 37.7982 20.4467 2.4
      vertex 38.4133 20.7825 2.4
      vertex 38.268 21 2.4
    endloop
  endfacet
  facet normal -0 0 1
    outer loop
      vertex 37.8745 21.2217 2.4
      vertex 38.268 21 2.4
      vertex 38.1522 21.2346 2.4
    endloop
  endfacet
  facet normal 0 0 1
    outer loop
      vertex 37.8745 21.2217 2.4
      vertex 38.1522 21.2346 2.4
      vertex 38.0681 21.4824 2.4
    endloop
  endfacet
  facet normal -0 0 1
    outer loop
      vertex 37.9 22 2.4
      vertex 38.0171 21.7389 2.4
      vertex 38 22 2.4
    endloop
  endfacet
  facet normal 0 0 1
    outer loop
      vertex 37.8745 21.2217 2.4
      vertex 38.0171 21.7389 2.4
      vertex 37.9 22 2.4
    endloop
  endfacet
  facet normal 0 0 1
    outer loop
      vertex 38.0171 21.7389 2.4
      vertex 37.8745 21.2217 2.4
      vertex 38.0681 21.4824 2.4
    endloop
  endfacet
  facet normal 0 0 1
    outer loop
      vertex 38.268 21 2.4
      vertex 37.8745 21.2217 2.4
      vertex 37.7982 20.4467 2.4
    endloop
  endfacet
  facet normal 0 0 1
    outer loop
      vertex 38.7825 20.4133 2.4
      vertex 37.7982 20.4467 2.4
      vertex 37.6713 19.6784 2.4
    endloop
  endfacet
  facet normal 0 0 1
    outer loop
      vertex 39.2346 20.1522 2.4
      vertex 37.6713 19.6784 2.4
      vertex 37.4945 18.9201 2.4
    endloop
  endfacet
  facet normal 0 0 1
    outer loop
      vertex 39.7389 20.0171 2.4
      vertex 37.4945 18.9201 2.4
      vertex 37.2685 18.1749 2.4
    endloop
  endfacet
  facet normal 0 0 1
    outer loop
      vertex 40 20 2.4
      vertex 37.2685 18.1749 2.4
      vertex 36.9942 17.4461 2.4
    endloop
  endfacet
  facet normal 0 0 1
    outer loop
      vertex 40.5176 20.0681 2.4
      vertex 36.9942 17.4461 2.4
      vertex 36.6728 16.7368 2.4
    endloop
  endfacet
  facet normal -0 0 1
    outer loop
      vertex 34.4146 13.5854 2.4
      vertex 44.0278 7.35 2.4
      vertex 34.9469 14.1538 2.4
    endloop
  endfacet
  facet normal 0 0 1
    outer loop
      vertex 44.0278 7.35 2.4
      vertex 34.4146 13.5854 2.4
      vertex 43.9294 7.15056 2.4
    endloop
  endfacet
  facet normal 0 0 1
    outer loop
      vertex 43.9294 7.15056 2.4
      vertex 34.4146 13.5854 2.4
      vertex 43.8579 6.93999 2.4
    endloop
  endfacet
  facet normal -0 0 1
    outer loop
      vertex 33.8462 13.0531 2.4
      vertex 43.8579 6.93999 2.4
      vertex 34.4146 13.5854 2.4
    endloop
  endfacet
  facet normal 0 -0 1
    outer loop
      vertex 42.1695 4.29999 2.4
      vertex 43.8579 6.93999 2.4
      vertex 33.8462 13.0531 2.4
    endloop
  endfacet
  facet normal 0 0 1
    outer loop
      vertex 43.8145 6.72189 2.4
      vertex 42.1695 4.29999 2.4
      vertex 43.8 6.5 2.4
    endloop
  endfacet
  facet normal 0 0 1
    outer loop
      vertex 43.8579 6.93999 2.4
      vertex 42.1695 4.29999 2.4
      vertex 43.8145 6.72189 2.4
    endloop
  endfacet
  facet normal -0 0 1
    outer loop
      vertex 33.2443 12.5591 2.4
      vertex 42.1695 4.29999 2.4
      vertex 33.8462 13.0531 2.4
    endloop
  endfacet
  facet normal -0 0 1
    outer loop
      vertex 32.6113 12.1055 2.4
      vertex 42.1695 4.29999 2.4
      vertex 33.2443 12.5591 2.4
    endloop
  endfacet
  facet normal 0 0 1
    outer loop
      vertex 30 4.29999 2.4
      vertex 32.6113 12.1055 2.4
      vertex 31.95 11.6943 2.4
    endloop
  endfacet
  facet normal 0 0 1
    outer loop
      vertex 30 4.29999 2.4
      vertex 31.95 11.6943 2.4
      vertex 31.2632 11.3272 2.4
    endloop
  endfacet
  facet normal 0 0 1
    outer loop
      vertex 30 4.29999 2.4
      vertex 31.2632 11.3272 2.4
      vertex 30.5539 11.0058 2.4
    endloop
  endfacet
  facet normal 0 0 1
    outer loop
      vertex 30 4.29999 2.4
      vertex 30.5539 11.0058 2.4
      vertex 30 10.7973 2.4
    endloop
  endfacet
  facet normal 0 0 1
    outer loop
      vertex 32.6113 12.1055 2.4
      vertex 30 4.29999 2.4
      vertex 42.1695 4.29999 2.4
    endloop
  endfacet
  facet normal 0 0 1
    outer loop
      vertex 44.65 38.9722 2.4
      vertex 43.5 40.9641 2.4
      vertex 44.4651 38.8487 2.4
    endloop
  endfacet
  facet normal 0 0 1
    outer loop
      vertex 44.4651 38.8487 2.4
      vertex 43.5 40.9641 2.4
      vertex 44.2979 38.7021 2.4
    endloop
  endfacet
  facet normal 0 0 1
    outer loop
      vertex 44.2979 38.7021 2.4
      vertex 43.5 40.9641 2.4
      vertex 44.1513 38.5349 2.4
    endloop
  endfacet
  facet normal 0 0 1
    outer loop
      vertex 44.1513 38.5349 2.4
      vertex 43.5 40.9641 2.4
      vertex 44.0278 38.35 2.4
    endloop
  endfacet
  facet normal 0 0 1
    outer loop
      vertex 44.0278 38.35 2.4
      vertex 43.5 40.9641 2.4
      vertex 43.9294 38.1506 2.4
    endloop
  endfacet
  facet normal 0 0 1
    outer loop
      vertex 43.9294 38.1506 2.4
      vertex 43.5 40.9641 2.4
      vertex 43.8579 37.94 2.4
    endloop
  endfacet
  facet normal 0 0 1
    outer loop
      vertex 43.8579 37.94 2.4
      vertex 43.5 40.9641 2.4
      vertex 43.8145 37.7219 2.4
    endloop
  endfacet
  facet normal 0 0 1
    outer loop
      vertex 42 22 2.4
      vertex 43.8 37.5 2.4
      vertex 43.5 40.9641 2.4
    endloop
  endfacet
  facet normal 0 0 1
    outer loop
      vertex 43.8145 37.7219 2.4
      vertex 43.5 40.9641 2.4
      vertex 43.8 37.5 2.4
    endloop
  endfacet
  facet normal 0 0 1
    outer loop
      vertex 43.5 40.9641 2.4
      vertex 41.9829 22.2611 2.4
      vertex 42 22 2.4
    endloop
  endfacet
  facet normal 0 0 1
    outer loop
      vertex 43.5 40.9641 2.4
      vertex 41.9319 22.5176 2.4
      vertex 41.9829 22.2611 2.4
    endloop
  endfacet
  facet normal 0 0 1
    outer loop
      vertex 43.5 40.9641 2.4
      vertex 41.8478 22.7654 2.4
      vertex 41.9319 22.5176 2.4
    endloop
  endfacet
  facet normal 0 0 1
    outer loop
      vertex 43.5 40.9641 2.4
      vertex 41.7321 23 2.4
      vertex 41.8478 22.7654 2.4
    endloop
  endfacet
  facet normal 0 0 1
    outer loop
      vertex 43.5 40.9641 2.4
      vertex 41.5867 23.2175 2.4
      vertex 41.7321 23 2.4
    endloop
  endfacet
  facet normal 0 0 1
    outer loop
      vertex 42.1695 39.7 2.4
      vertex 41.4142 23.4142 2.4
      vertex 41.5867 23.2175 2.4
    endloop
  endfacet
  facet normal 0 0 1
    outer loop
      vertex 42.1695 39.7 2.4
      vertex 41.2175 23.5867 2.4
      vertex 41.4142 23.4142 2.4
    endloop
  endfacet
  facet normal 0 0 1
    outer loop
      vertex 42.1695 39.7 2.4
      vertex 41 23.732 2.4
      vertex 41.2175 23.5867 2.4
    endloop
  endfacet
  facet normal 0 0 1
    outer loop
      vertex 42.1695 39.7 2.4
      vertex 40.7654 23.8478 2.4
      vertex 41 23.732 2.4
    endloop
  endfacet
  facet normal -0 0 1
    outer loop
      vertex 36.6728 27.2632 2.4
      vertex 40.7654 23.8478 2.4
      vertex 42.1695 39.7 2.4
    endloop
  endfacet
  facet normal 0 0 1
    outer loop
      vertex 40.7654 23.8478 2.4
      vertex 36.6728 27.2632 2.4
      vertex 40.5176 23.9319 2.4
    endloop
  endfacet
  facet normal -0 -0 1
    outer loop
      vertex 36.9942 26.5539 2.4
      vertex 40.5176 23.9319 2.4
      vertex 36.6728 27.2632 2.4
    endloop
  endfacet
  facet normal 0 0 1
    outer loop
      vertex 40.5176 23.9319 2.4
      vertex 36.9942 26.5539 2.4
      vertex 40.2611 23.9829 2.4
    endloop
  endfacet
  facet normal 0 0 1
    outer loop
      vertex 40.2611 23.9829 2.4
      vertex 36.9942 26.5539 2.4
      vertex 40 24 2.4
    endloop
  endfacet
  facet normal -0 -0 1
    outer loop
      vertex 37.2685 25.8251 2.4
      vertex 40 24 2.4
      vertex 36.9942 26.5539 2.4
    endloop
  endfacet
  facet normal 0 0 1
    outer loop
      vertex 40 24 2.4
      vertex 37.2685 25.8251 2.4
      vertex 39.7389 23.9829 2.4
    endloop
  endfacet
  facet normal 0 0 1
    outer loop
      vertex 39.7389 23.9829 2.4
      vertex 37.4945 25.0799 2.4
      vertex 39.4824 23.9319 2.4
    endloop
  endfacet
  facet normal 0 0 1
    outer loop
      vertex 39.4824 23.9319 2.4
      vertex 37.4945 25.0799 2.4
      vertex 39.2346 23.8478 2.4
    endloop
  endfacet
  facet normal 0 0 1
    outer loop
      vertex 39.2346 23.8478 2.4
      vertex 37.6713 24.3216 2.4
      vertex 39 23.732 2.4
    endloop
  endfacet
  facet normal 0 0 1
    outer loop
      vertex 39 23.732 2.4
      vertex 37.6713 24.3216 2.4
      vertex 38.7825 23.5867 2.4
    endloop
  endfacet
  facet normal 0 0 1
    outer loop
      vertex 38.7825 23.5867 2.4
      vertex 37.7982 23.5533 2.4
      vertex 38.5858 23.4142 2.4
    endloop
  endfacet
  facet normal 0 0 1
    outer loop
      vertex 38.4133 23.2175 2.4
      vertex 37.7982 23.5533 2.4
      vertex 38.268 23 2.4
    endloop
  endfacet
  facet normal 0 0 1
    outer loop
      vertex 38.0171 22.2611 2.4
      vertex 37.9 22 2.4
      vertex 38 22 2.4
    endloop
  endfacet
  facet normal 0 0 1
    outer loop
      vertex 37.8745 22.7783 2.4
      vertex 38.0171 22.2611 2.4
      vertex 38.0681 22.5176 2.4
    endloop
  endfacet
  facet normal 0 -0 1
    outer loop
      vertex 37.8745 22.7783 2.4
      vertex 38.268 23 2.4
      vertex 37.7982 23.5533 2.4
    endloop
  endfacet
  facet normal 0 0 1
    outer loop
      vertex 38.0171 22.2611 2.4
      vertex 37.8745 22.7783 2.4
      vertex 37.9 22 2.4
    endloop
  endfacet
  facet normal 0 0 1
    outer loop
      vertex 38.1522 22.7654 2.4
      vertex 37.8745 22.7783 2.4
      vertex 38.0681 22.5176 2.4
    endloop
  endfacet
  facet normal 0 0 1
    outer loop
      vertex 38.268 23 2.4
      vertex 37.8745 22.7783 2.4
      vertex 38.1522 22.7654 2.4
    endloop
  endfacet
  facet normal 0 0 1
    outer loop
      vertex 38.5858 23.4142 2.4
      vertex 37.7982 23.5533 2.4
      vertex 38.4133 23.2175 2.4
    endloop
  endfacet
  facet normal 0 -0 1
    outer loop
      vertex 37.7982 23.5533 2.4
      vertex 38.7825 23.5867 2.4
      vertex 37.6713 24.3216 2.4
    endloop
  endfacet
  facet normal -0 -0 1
    outer loop
      vertex 37.6713 24.3216 2.4
      vertex 39.2346 23.8478 2.4
      vertex 37.4945 25.0799 2.4
    endloop
  endfacet
  facet normal -0 -0 1
    outer loop
      vertex 37.4945 25.0799 2.4
      vertex 39.7389 23.9829 2.4
      vertex 37.2685 25.8251 2.4
    endloop
  endfacet
  facet normal 0 0 1
    outer loop
      vertex 42.1695 39.7 2.4
      vertex 36.3057 27.95 2.4
      vertex 36.6728 27.2632 2.4
    endloop
  endfacet
  facet normal 0 0 1
    outer loop
      vertex 42.1695 39.7 2.4
      vertex 35.8945 28.6113 2.4
      vertex 36.3057 27.95 2.4
    endloop
  endfacet
  facet normal 0 0 1
    outer loop
      vertex 42.1695 39.7 2.4
      vertex 35.4409 29.2443 2.4
      vertex 35.8945 28.6113 2.4
    endloop
  endfacet
  facet normal 0 0 1
    outer loop
      vertex 42.1695 39.7 2.4
      vertex 34.9469 29.8462 2.4
      vertex 35.4409 29.2443 2.4
    endloop
  endfacet
  facet normal 0 0 1
    outer loop
      vertex 42.1695 39.7 2.4
      vertex 34.4146 30.4146 2.4
      vertex 34.9469 29.8462 2.4
    endloop
  endfacet
  facet normal 0 0 1
    outer loop
      vertex 42.1695 39.7 2.4
      vertex 33.8462 30.9469 2.4
      vertex 34.4146 30.4146 2.4
    endloop
  endfacet
  facet normal 0 0 1
    outer loop
      vertex 42.1695 39.7 2.4
      vertex 33.2443 31.4409 2.4
      vertex 33.8462 30.9469 2.4
    endloop
  endfacet
  facet normal 0 0 1
    outer loop
      vertex 42.1695 39.7 2.4
      vertex 32.6113 31.8945 2.4
      vertex 33.2443 31.4409 2.4
    endloop
  endfacet
  facet normal 0 0 1
    outer loop
      vertex 42.1695 39.7 2.4
      vertex 31.95 32.3057 2.4
      vertex 32.6113 31.8945 2.4
    endloop
  endfacet
  facet normal 0 0 1
    outer loop
      vertex 42.1695 39.7 2.4
      vertex 31.2632 32.6728 2.4
      vertex 31.95 32.3057 2.4
    endloop
  endfacet
  facet normal 0 0 1
    outer loop
      vertex 42.1695 39.7 2.4
      vertex 30.5539 32.9942 2.4
      vertex 31.2632 32.6728 2.4
    endloop
  endfacet
  facet normal 0 0 1
    outer loop
      vertex 42.1695 39.7 2.4
      vertex 29.8251 33.2685 2.4
      vertex 30.5539 32.9942 2.4
    endloop
  endfacet
  facet normal 0 0 1
    outer loop
      vertex 42.1695 39.7 2.4
      vertex 29.0799 33.4945 2.4
      vertex 29.8251 33.2685 2.4
    endloop
  endfacet
  facet normal 0 0 1
    outer loop
      vertex 42.1695 39.7 2.4
      vertex 28.3216 33.6713 2.4
      vertex 29.0799 33.4945 2.4
    endloop
  endfacet
  facet normal 0 0 1
    outer loop
      vertex 42.1695 39.7 2.4
      vertex 27.5533 33.7982 2.4
      vertex 28.3216 33.6713 2.4
    endloop
  endfacet
  facet normal 0 0 1
    outer loop
      vertex 42.1695 39.7 2.4
      vertex 26.7783 33.8745 2.4
      vertex 27.5533 33.7982 2.4
    endloop
  endfacet
  facet normal 0 0 1
    outer loop
      vertex 42.1695 39.7 2.4
      vertex 26 33.9 2.4
      vertex 26.7783 33.8745 2.4
    endloop
  endfacet
  facet normal -0 0 1
    outer loop
      vertex 9.83049 39.7 2.4
      vertex 26 33.9 2.4
      vertex 42.1695 39.7 2.4
    endloop
  endfacet
  facet normal 0 0 1
    outer loop
      vertex 26 33.9 2.4
      vertex 9.83049 39.7 2.4
      vertex 25.2217 33.8745 2.4
    endloop
  endfacet
  facet normal 0 0 1
    outer loop
      vertex 25.2217 33.8745 2.4
      vertex 9.83049 39.7 2.4
      vertex 24.4467 33.7982 2.4
    endloop
  endfacet
  facet normal 0 0 1
    outer loop
      vertex 24.4467 33.7982 2.4
      vertex 9.83049 39.7 2.4
      vertex 23.6784 33.6713 2.4
    endloop
  endfacet
  facet normal 0 0 1
    outer loop
      vertex 23.6784 33.6713 2.4
      vertex 9.83049 39.7 2.4
      vertex 22.9201 33.4945 2.4
    endloop
  endfacet
  facet normal -0 0 1
    outer loop
      vertex 13.9829 22.2611 2.4
      vertex 14.1 22 2.4
      vertex 14.1255 22.7783 2.4
    endloop
  endfacet
  facet normal -0 0 1
    outer loop
      vertex 13.7321 23 2.4
      vertex 14.1255 22.7783 2.4
      vertex 14.2018 23.5533 2.4
    endloop
  endfacet
  facet normal 0 0 1
    outer loop
      vertex 14.1 22 2.4
      vertex 13.9829 22.2611 2.4
      vertex 14 22 2.4
    endloop
  endfacet
  facet normal -0 0 1
    outer loop
      vertex 13.2175 23.5867 2.4
      vertex 14.2018 23.5533 2.4
      vertex 14.3287 24.3216 2.4
    endloop
  endfacet
  facet normal 0 0 1
    outer loop
      vertex 14.1255 22.7783 2.4
      vertex 13.9319 22.5176 2.4
      vertex 13.9829 22.2611 2.4
    endloop
  endfacet
  facet normal 0 0 1
    outer loop
      vertex 14.1255 22.7783 2.4
      vertex 13.8478 22.7654 2.4
      vertex 13.9319 22.5176 2.4
    endloop
  endfacet
  facet normal 0 0 1
    outer loop
      vertex 12.7654 23.8478 2.4
      vertex 14.3287 24.3216 2.4
      vertex 14.5055 25.0799 2.4
    endloop
  endfacet
  facet normal 0 0 1
    outer loop
      vertex 14.1255 22.7783 2.4
      vertex 13.7321 23 2.4
      vertex 13.8478 22.7654 2.4
    endloop
  endfacet
  facet normal 0 0 1
    outer loop
      vertex 12.2611 23.9829 2.4
      vertex 14.5055 25.0799 2.4
      vertex 14.7315 25.8251 2.4
    endloop
  endfacet
  facet normal 0 0 1
    outer loop
      vertex 14.2018 23.5533 2.4
      vertex 13.5867 23.2175 2.4
      vertex 13.7321 23 2.4
    endloop
  endfacet
  facet normal 0 0 1
    outer loop
      vertex 12 24 2.4
      vertex 14.7315 25.8251 2.4
      vertex 15.0058 26.5539 2.4
    endloop
  endfacet
  facet normal 0 0 1
    outer loop
      vertex 14.2018 23.5533 2.4
      vertex 13.4142 23.4142 2.4
      vertex 13.5867 23.2175 2.4
    endloop
  endfacet
  facet normal 0 0 1
    outer loop
      vertex 11.4824 23.9319 2.4
      vertex 15.0058 26.5539 2.4
      vertex 15.3272 27.2632 2.4
    endloop
  endfacet
  facet normal 0 0 1
    outer loop
      vertex 14.2018 23.5533 2.4
      vertex 13.2175 23.5867 2.4
      vertex 13.4142 23.4142 2.4
    endloop
  endfacet
  facet normal 0 0 1
    outer loop
      vertex 17.5854 30.4146 2.4
      vertex 7.97224 36.65 2.4
      vertex 17.0531 29.8462 2.4
    endloop
  endfacet
  facet normal 0 0 1
    outer loop
      vertex 14.3287 24.3216 2.4
      vertex 13 23.732 2.4
      vertex 13.2175 23.5867 2.4
    endloop
  endfacet
  facet normal -0 0 1
    outer loop
      vertex 7.97224 36.65 2.4
      vertex 17.5854 30.4146 2.4
      vertex 8.07059 36.8494 2.4
    endloop
  endfacet
  facet normal 0 0 1
    outer loop
      vertex 14.3287 24.3216 2.4
      vertex 12.7654 23.8478 2.4
      vertex 13 23.732 2.4
    endloop
  endfacet
  facet normal 0 0 1
    outer loop
      vertex 14.5055 25.0799 2.4
      vertex 12.5176 23.9319 2.4
      vertex 12.7654 23.8478 2.4
    endloop
  endfacet
  facet normal -0 0 1
    outer loop
      vertex 8.07059 36.8494 2.4
      vertex 17.5854 30.4146 2.4
      vertex 8.14207 37.06 2.4
    endloop
  endfacet
  facet normal 0 0 1
    outer loop
      vertex 14.5055 25.0799 2.4
      vertex 12.2611 23.9829 2.4
      vertex 12.5176 23.9319 2.4
    endloop
  endfacet
  facet normal 0 0 1
    outer loop
      vertex 14.7315 25.8251 2.4
      vertex 12 24 2.4
      vertex 12.2611 23.9829 2.4
    endloop
  endfacet
  facet normal 0 0 1
    outer loop
      vertex 18.1538 30.9469 2.4
      vertex 8.14207 37.06 2.4
      vertex 17.5854 30.4146 2.4
    endloop
  endfacet
  facet normal 0 0 1
    outer loop
      vertex 15.0058 26.5539 2.4
      vertex 11.7389 23.9829 2.4
      vertex 12 24 2.4
    endloop
  endfacet
  facet normal 0 0 1
    outer loop
      vertex 15.0058 26.5539 2.4
      vertex 11.4824 23.9319 2.4
      vertex 11.7389 23.9829 2.4
    endloop
  endfacet
  facet normal 0 0 1
    outer loop
      vertex 9.83049 39.7 2.4
      vertex 8.14207 37.06 2.4
      vertex 18.1538 30.9469 2.4
    endloop
  endfacet
  facet normal -0 0 1
    outer loop
      vertex 7.8487 36.4651 2.4
      vertex 17.0531 29.8462 2.4
      vertex 7.97224 36.65 2.4
    endloop
  endfacet
  facet normal 0 0 1
    outer loop
      vertex 17.0531 29.8462 2.4
      vertex 7.8487 36.4651 2.4
      vertex 16.5591 29.2443 2.4
    endloop
  endfacet
  facet normal -0 0 1
    outer loop
      vertex 7.70208 36.2979 2.4
      vertex 16.5591 29.2443 2.4
      vertex 7.8487 36.4651 2.4
    endloop
  endfacet
  facet normal 0 0 1
    outer loop
      vertex 16.5591 29.2443 2.4
      vertex 7.70208 36.2979 2.4
      vertex 16.1055 28.6113 2.4
    endloop
  endfacet
  facet normal 0 0 1
    outer loop
      vertex 15.3272 27.2632 2.4
      vertex 7.15056 35.9294 2.4
      vertex 11.4824 23.9319 2.4
    endloop
  endfacet
  facet normal -0 0 1
    outer loop
      vertex 7.15056 35.9294 2.4
      vertex 15.3272 27.2632 2.4
      vertex 7.35 36.0278 2.4
    endloop
  endfacet
  facet normal 0 0 1
    outer loop
      vertex 15.6943 27.95 2.4
      vertex 7.35 36.0278 2.4
      vertex 15.3272 27.2632 2.4
    endloop
  endfacet
  facet normal -0 0 1
    outer loop
      vertex 7.35 36.0278 2.4
      vertex 15.6943 27.95 2.4
      vertex 7.53489 36.1513 2.4
    endloop
  endfacet
  facet normal 0 0 1
    outer loop
      vertex 16.1055 28.6113 2.4
      vertex 7.53489 36.1513 2.4
      vertex 15.6943 27.95 2.4
    endloop
  endfacet
  facet normal -0 0 1
    outer loop
      vertex 7.53489 36.1513 2.4
      vertex 16.1055 28.6113 2.4
      vertex 7.70208 36.2979 2.4
    endloop
  endfacet
  facet normal 0 0 1
    outer loop
      vertex 8.18546 37.2781 2.4
      vertex 9.83049 39.7 2.4
      vertex 8.2 37.5 2.4
    endloop
  endfacet
  facet normal 0 0 1
    outer loop
      vertex 8.14207 37.06 2.4
      vertex 9.83049 39.7 2.4
      vertex 8.18546 37.2781 2.4
    endloop
  endfacet
  facet normal 0 0 1
    outer loop
      vertex 18.7557 31.4409 2.4
      vertex 9.83049 39.7 2.4
      vertex 18.1538 30.9469 2.4
    endloop
  endfacet
  facet normal 0 0 1
    outer loop
      vertex 19.3887 31.8945 2.4
      vertex 9.83049 39.7 2.4
      vertex 18.7557 31.4409 2.4
    endloop
  endfacet
  facet normal 0 0 1
    outer loop
      vertex 20.05 32.3057 2.4
      vertex 9.83049 39.7 2.4
      vertex 19.3887 31.8945 2.4
    endloop
  endfacet
  facet normal 0 0 1
    outer loop
      vertex 20.7368 32.6728 2.4
      vertex 9.83049 39.7 2.4
      vertex 20.05 32.3057 2.4
    endloop
  endfacet
  facet normal 0 0 1
    outer loop
      vertex 21.4461 32.9942 2.4
      vertex 9.83049 39.7 2.4
      vertex 20.7368 32.6728 2.4
    endloop
  endfacet
  facet normal 0 0 1
    outer loop
      vertex 22.1749 33.2685 2.4
      vertex 9.83049 39.7 2.4
      vertex 21.4461 32.9942 2.4
    endloop
  endfacet
  facet normal 0 0 1
    outer loop
      vertex 22.9201 33.4945 2.4
      vertex 9.83049 39.7 2.4
      vertex 22.1749 33.2685 2.4
    endloop
  endfacet
  facet normal 0 0 1
    outer loop
      vertex 21.4461 11.0058 2.4
      vertex 22 4.29999 2.4
      vertex 22 10.7973 2.4
    endloop
  endfacet
  facet normal 0 0 1
    outer loop
      vertex 20.7368 11.3272 2.4
      vertex 22 4.29999 2.4
      vertex 21.4461 11.0058 2.4
    endloop
  endfacet
  facet normal 0 0 1
    outer loop
      vertex 20.05 11.6943 2.4
      vertex 22 4.29999 2.4
      vertex 20.7368 11.3272 2.4
    endloop
  endfacet
  facet normal 0 0 1
    outer loop
      vertex 19.3887 12.1055 2.4
      vertex 22 4.29999 2.4
      vertex 20.05 11.6943 2.4
    endloop
  endfacet
  facet normal 0 0 1
    outer loop
      vertex 9.83047 4.29999 2.4
      vertex 19.3887 12.1055 2.4
      vertex 18.7557 12.5591 2.4
    endloop
  endfacet
  facet normal 0 0 1
    outer loop
      vertex 9.83047 4.29999 2.4
      vertex 18.7557 12.5591 2.4
      vertex 18.1538 13.0531 2.4
    endloop
  endfacet
  facet normal 0 0 1
    outer loop
      vertex 9.83047 4.29999 2.4
      vertex 18.1538 13.0531 2.4
      vertex 17.5854 13.5854 2.4
    endloop
  endfacet
  facet normal 0 0 1
    outer loop
      vertex 8.2 6.5 2.4
      vertex 17.5854 13.5854 2.4
      vertex 17.0531 14.1538 2.4
    endloop
  endfacet
  facet normal 0 0 1
    outer loop
      vertex 8.2 6.5 2.4
      vertex 17.0531 14.1538 2.4
      vertex 16.5591 14.7557 2.4
    endloop
  endfacet
  facet normal 0 0 1
    outer loop
      vertex 8.2 6.5 2.4
      vertex 16.5591 14.7557 2.4
      vertex 16.1055 15.3887 2.4
    endloop
  endfacet
  facet normal 0 0 1
    outer loop
      vertex 8.2 6.5 2.4
      vertex 16.1055 15.3887 2.4
      vertex 15.6943 16.05 2.4
    endloop
  endfacet
  facet normal 0 0 1
    outer loop
      vertex 13.9829 21.7389 2.4
      vertex 14.1 22 2.4
      vertex 14 22 2.4
    endloop
  endfacet
  facet normal 0 0 1
    outer loop
      vertex 14.1 22 2.4
      vertex 13.9829 21.7389 2.4
      vertex 14.1255 21.2217 2.4
    endloop
  endfacet
  facet normal -0 0 1
    outer loop
      vertex 13.9319 21.4824 2.4
      vertex 14.1255 21.2217 2.4
      vertex 13.9829 21.7389 2.4
    endloop
  endfacet
  facet normal -0 0 1
    outer loop
      vertex 13.8478 21.2346 2.4
      vertex 14.1255 21.2217 2.4
      vertex 13.9319 21.4824 2.4
    endloop
  endfacet
  facet normal 0 0 1
    outer loop
      vertex 13.7321 21 2.4
      vertex 14.1255 21.2217 2.4
      vertex 13.8478 21.2346 2.4
    endloop
  endfacet
  facet normal 0 0 1
    outer loop
      vertex 14.1255 21.2217 2.4
      vertex 13.7321 21 2.4
      vertex 14.2018 20.4467 2.4
    endloop
  endfacet
  facet normal -0 0 1
    outer loop
      vertex 13.5867 20.7825 2.4
      vertex 14.2018 20.4467 2.4
      vertex 13.7321 21 2.4
    endloop
  endfacet
  facet normal -0 0 1
    outer loop
      vertex 13.4142 20.5858 2.4
      vertex 14.2018 20.4467 2.4
      vertex 13.5867 20.7825 2.4
    endloop
  endfacet
  facet normal 0 0 1
    outer loop
      vertex 13.2175 20.4133 2.4
      vertex 14.2018 20.4467 2.4
      vertex 13.4142 20.5858 2.4
    endloop
  endfacet
  facet normal 0 0 1
    outer loop
      vertex 14.2018 20.4467 2.4
      vertex 13.2175 20.4133 2.4
      vertex 14.3287 19.6784 2.4
    endloop
  endfacet
  facet normal -0 0 1
    outer loop
      vertex 13 20.2679 2.4
      vertex 14.3287 19.6784 2.4
      vertex 13.2175 20.4133 2.4
    endloop
  endfacet
  facet normal -0 0 1
    outer loop
      vertex 12.7654 20.1522 2.4
      vertex 14.3287 19.6784 2.4
      vertex 13 20.2679 2.4
    endloop
  endfacet
  facet normal 0 0 1
    outer loop
      vertex 14.3287 19.6784 2.4
      vertex 12.7654 20.1522 2.4
      vertex 14.5055 18.9201 2.4
    endloop
  endfacet
  facet normal -0 0 1
    outer loop
      vertex 12.5176 20.0681 2.4
      vertex 14.5055 18.9201 2.4
      vertex 12.7654 20.1522 2.4
    endloop
  endfacet
  facet normal -0 0 1
    outer loop
      vertex 12.2611 20.0171 2.4
      vertex 14.5055 18.9201 2.4
      vertex 12.5176 20.0681 2.4
    endloop
  endfacet
  facet normal 0 0 1
    outer loop
      vertex 14.5055 18.9201 2.4
      vertex 12.2611 20.0171 2.4
      vertex 14.7315 18.1749 2.4
    endloop
  endfacet
  facet normal -0 0 1
    outer loop
      vertex 12 20 2.4
      vertex 14.7315 18.1749 2.4
      vertex 12.2611 20.0171 2.4
    endloop
  endfacet
  facet normal 0 0 1
    outer loop
      vertex 14.7315 18.1749 2.4
      vertex 12 20 2.4
      vertex 15.0058 17.4461 2.4
    endloop
  endfacet
  facet normal 0 0 1
    outer loop
      vertex 11.7389 20.0171 2.4
      vertex 15.0058 17.4461 2.4
      vertex 12 20 2.4
    endloop
  endfacet
  facet normal 0 0 1
    outer loop
      vertex 11.4824 20.0681 2.4
      vertex 15.0058 17.4461 2.4
      vertex 11.7389 20.0171 2.4
    endloop
  endfacet
  facet normal 0 0 1
    outer loop
      vertex 15.0058 17.4461 2.4
      vertex 11.4824 20.0681 2.4
      vertex 15.3272 16.7368 2.4
    endloop
  endfacet
  facet normal 0 0 1
    outer loop
      vertex 11.2346 20.1522 2.4
      vertex 15.3272 16.7368 2.4
      vertex 11.4824 20.0681 2.4
    endloop
  endfacet
  facet normal 0 0 1
    outer loop
      vertex 8.2 6.5 2.4
      vertex 15.3272 16.7368 2.4
      vertex 11.2346 20.1522 2.4
    endloop
  endfacet
  facet normal 0 0 1
    outer loop
      vertex 15.3272 16.7368 2.4
      vertex 8.2 6.5 2.4
      vertex 15.6943 16.05 2.4
    endloop
  endfacet
  facet normal 0 0 1
    outer loop
      vertex 8.2 6.5 2.4
      vertex 11.2346 20.1522 2.4
      vertex 11 20.2679 2.4
    endloop
  endfacet
  facet normal 0 0 1
    outer loop
      vertex 8.2 6.5 2.4
      vertex 11 20.2679 2.4
      vertex 10.7825 20.4133 2.4
    endloop
  endfacet
  facet normal 0 0 1
    outer loop
      vertex 8.2 6.5 2.4
      vertex 10.7825 20.4133 2.4
      vertex 10.5858 20.5858 2.4
    endloop
  endfacet
  facet normal 0 0 1
    outer loop
      vertex 8.2 6.5 2.4
      vertex 10.5858 20.5858 2.4
      vertex 10.4133 20.7825 2.4
    endloop
  endfacet
  facet normal 0 0 1
    outer loop
      vertex 19.3887 12.1055 2.4
      vertex 9.83047 4.29999 2.4
      vertex 22 4.29999 2.4
    endloop
  endfacet
  facet normal 0 0 1
    outer loop
      vertex 8.2 6.5 2.4
      vertex 10.4133 20.7825 2.4
      vertex 10.268 21 2.4
    endloop
  endfacet
  facet normal 0 0 1
    outer loop
      vertex 8.2 6.5 2.4
      vertex 10.268 21 2.4
      vertex 10.1522 21.2346 2.4
    endloop
  endfacet
  facet normal 0 0 1
    outer loop
      vertex 8.2 6.5 2.4
      vertex 10.1522 21.2346 2.4
      vertex 10.0681 21.4824 2.4
    endloop
  endfacet
  facet normal 0 0 1
    outer loop
      vertex 8.2 6.5 2.4
      vertex 10.0681 21.4824 2.4
      vertex 10.0171 21.7389 2.4
    endloop
  endfacet
  facet normal 0 0 1
    outer loop
      vertex 8.2 6.5 2.4
      vertex 10.0171 21.7389 2.4
      vertex 10 22 2.4
    endloop
  endfacet
  facet normal 0 0 1
    outer loop
      vertex 11.4824 23.9319 2.4
      vertex 7.15056 35.9294 2.4
      vertex 11.2346 23.8478 2.4
    endloop
  endfacet
  facet normal 0 0 1
    outer loop
      vertex 7.8487 38.5349 2.4
      vertex 9.83049 39.7 2.4
      vertex 9.67342 39.935 2.4
    endloop
  endfacet
  facet normal -0 0 1
    outer loop
      vertex 6.93999 35.8579 2.4
      vertex 11.2346 23.8478 2.4
      vertex 7.15056 35.9294 2.4
    endloop
  endfacet
  facet normal 0 0 1
    outer loop
      vertex 7.8487 38.5349 2.4
      vertex 9.67342 39.935 2.4
      vertex 9.32843 40.3284 2.4
    endloop
  endfacet
  facet normal 0 0 1
    outer loop
      vertex 17.5854 13.5854 2.4
      vertex 8.2 6.5 2.4
      vertex 9.83047 4.29999 2.4
    endloop
  endfacet
  facet normal 0 0 1
    outer loop
      vertex 7.70208 38.7021 2.4
      vertex 9.32843 40.3284 2.4
      vertex 8.93506 40.6734 2.4
    endloop
  endfacet
  facet normal -0 0 1
    outer loop
      vertex 8.14207 6.06001 2.4
      vertex 9.83047 4.29999 2.4
      vertex 8.18546 6.27811 2.4
    endloop
  endfacet
  facet normal 0 0 1
    outer loop
      vertex 7.53489 38.8487 2.4
      vertex 8.93506 40.6734 2.4
      vertex 8.5 40.9641 2.4
    endloop
  endfacet
  facet normal -0 0 1
    outer loop
      vertex 8.18546 6.27811 2.4
      vertex 9.83047 4.29999 2.4
      vertex 8.2 6.5 2.4
    endloop
  endfacet
  facet normal -0 0 1
    outer loop
      vertex 8.07059 5.84944 2.4
      vertex 9.83047 4.29999 2.4
      vertex 8.14207 6.06001 2.4
    endloop
  endfacet
  facet normal 0 0 1
    outer loop
      vertex 9.83049 39.7 2.4
      vertex 8.18546 37.7219 2.4
      vertex 8.2 37.5 2.4
    endloop
  endfacet
  facet normal 0 0 1
    outer loop
      vertex 9.83049 39.7 2.4
      vertex 8.14207 37.94 2.4
      vertex 8.18546 37.7219 2.4
    endloop
  endfacet
  facet normal 0 0 1
    outer loop
      vertex 9.83049 39.7 2.4
      vertex 8.07059 38.1506 2.4
      vertex 8.14207 37.94 2.4
    endloop
  endfacet
  facet normal 0 0 1
    outer loop
      vertex 7.53489 38.8487 2.4
      vertex 8.5 40.9641 2.4
      vertex 8.03075 41.1955 2.4
    endloop
  endfacet
  facet normal 0 0 1
    outer loop
      vertex 9.83049 39.7 2.4
      vertex 7.97224 38.35 2.4
      vertex 8.07059 38.1506 2.4
    endloop
  endfacet
  facet normal 0 0 1
    outer loop
      vertex 9.83049 39.7 2.4
      vertex 7.8487 38.5349 2.4
      vertex 7.97224 38.35 2.4
    endloop
  endfacet
  facet normal 0 0 1
    outer loop
      vertex 7.15056 39.0706 2.4
      vertex 8.03075 41.1955 2.4
      vertex 7.72292 41.3 2.4
    endloop
  endfacet
  facet normal 0 0 1
    outer loop
      vertex 9.32843 40.3284 2.4
      vertex 7.70208 38.7021 2.4
      vertex 7.8487 38.5349 2.4
    endloop
  endfacet
  facet normal 0 0 1
    outer loop
      vertex 3.67159 3.67157 2.4
      vertex 5.29792 5.29792 2.4
      vertex 5.1513 5.46511 2.4
    endloop
  endfacet
  facet normal 0 0 1
    outer loop
      vertex 3.3266 4.06494 2.4
      vertex 5.1513 5.46511 2.4
      vertex 5.02776 5.65 2.4
    endloop
  endfacet
  facet normal 0 0 1
    outer loop
      vertex 5.84944 4.92941 2.4
      vertex 4.96927 2.80447 2.4
      vertex 5.27705 2.7 2.4
    endloop
  endfacet
  facet normal 0 0 1
    outer loop
      vertex 3.0359 4.5 2.4
      vertex 5.02776 5.65 2.4
      vertex 4.92941 5.84944 2.4
    endloop
  endfacet
  facet normal 0 0 1
    outer loop
      vertex 2.7 5.27708 2.4
      vertex 4.92941 5.84944 2.4
      vertex 4.85793 6.06001 2.4
    endloop
  endfacet
  facet normal 0 0 1
    outer loop
      vertex 2.7 5.27708 2.4
      vertex 4.85793 6.06001 2.4
      vertex 4.81454 6.27811 2.4
    endloop
  endfacet
  facet normal 0 0 1
    outer loop
      vertex 2.7 5.27708 2.4
      vertex 4.81454 6.27811 2.4
      vertex 4.8 6.5 2.4
    endloop
  endfacet
  facet normal 0 0 1
    outer loop
      vertex 5.65 5.02776 2.4
      vertex 4.5 3.03589 2.4
      vertex 4.96927 2.80447 2.4
    endloop
  endfacet
  facet normal 0 0 1
    outer loop
      vertex 5.1513 7.53489 2.4
      vertex 3.3266 8.93504 2.4
      vertex 5.02776 7.35 2.4
    endloop
  endfacet
  facet normal -0 0 1
    outer loop
      vertex 3.0359 8.5 2.4
      vertex 5.02776 7.35 2.4
      vertex 3.3266 8.93504 2.4
    endloop
  endfacet
  facet normal -0 0 1
    outer loop
      vertex 4.06496 40.6734 2.4
      vertex 4.30002 34.1695 2.4
      vertex 4.5 40.9641 2.4
    endloop
  endfacet
  facet normal -0 0 1
    outer loop
      vertex 3.67159 40.3284 2.4
      vertex 4.30002 34.1695 2.4
      vertex 4.06496 40.6734 2.4
    endloop
  endfacet
  facet normal -0 0 1
    outer loop
      vertex 3.67159 34.6716 2.4
      vertex 4.30002 34.1695 2.4
      vertex 3.67159 40.3284 2.4
    endloop
  endfacet
  facet normal 0 0 1
    outer loop
      vertex 4.30002 34.1695 2.4
      vertex 3.67159 34.6716 2.4
      vertex 4.06496 34.3266 2.4
    endloop
  endfacet
  facet normal -0 0 1
    outer loop
      vertex 3.3266 39.935 2.4
      vertex 3.67159 34.6716 2.4
      vertex 3.67159 40.3284 2.4
    endloop
  endfacet
  facet normal 0 0 1
    outer loop
      vertex 3.3266 39.935 2.4
      vertex 3.3266 35.0649 2.4
      vertex 3.67159 34.6716 2.4
    endloop
  endfacet
  facet normal 0 0 1
    outer loop
      vertex 2.7 38.7229 2.4
      vertex 3.3266 39.935 2.4
      vertex 3.0359 39.5 2.4
    endloop
  endfacet
  facet normal 0 0 1
    outer loop
      vertex 3.3266 39.935 2.4
      vertex 2.7 38.7229 2.4
      vertex 3.3266 35.0649 2.4
    endloop
  endfacet
  facet normal 0 0 1
    outer loop
      vertex 2.7 38.7229 2.4
      vertex 3.0359 39.5 2.4
      vertex 2.80449 39.0307 2.4
    endloop
  endfacet
  facet normal -0 0 1
    outer loop
      vertex 2.7 36.2771 2.4
      vertex 3.3266 35.0649 2.4
      vertex 2.7 38.7229 2.4
    endloop
  endfacet
  facet normal 0 0 1
    outer loop
      vertex 3.3266 35.0649 2.4
      vertex 2.7 36.2771 2.4
      vertex 3.0359 35.5 2.4
    endloop
  endfacet
  facet normal 0 0 1
    outer loop
      vertex 3.0359 35.5 2.4
      vertex 2.7 36.2771 2.4
      vertex 2.80449 35.9693 2.4
    endloop
  endfacet
  facet normal 0 0 1
    outer loop
      vertex 5.65 38.9722 2.4
      vertex 4.5 40.9641 2.4
      vertex 5.46511 38.8487 2.4
    endloop
  endfacet
  facet normal 0 0 1
    outer loop
      vertex 5.46511 38.8487 2.4
      vertex 4.5 40.9641 2.4
      vertex 5.29792 38.7021 2.4
    endloop
  endfacet
  facet normal 0 0 1
    outer loop
      vertex 5.29792 38.7021 2.4
      vertex 4.5 40.9641 2.4
      vertex 5.1513 38.5349 2.4
    endloop
  endfacet
  facet normal 0 0 1
    outer loop
      vertex 5.1513 38.5349 2.4
      vertex 4.5 40.9641 2.4
      vertex 5.02776 38.35 2.4
    endloop
  endfacet
  facet normal 0 0 1
    outer loop
      vertex 5.02776 38.35 2.4
      vertex 4.5 40.9641 2.4
      vertex 4.92941 38.1506 2.4
    endloop
  endfacet
  facet normal 0 0 1
    outer loop
      vertex 4.92941 38.1506 2.4
      vertex 4.5 40.9641 2.4
      vertex 4.85793 37.94 2.4
    endloop
  endfacet
  facet normal 0 0 1
    outer loop
      vertex 4.85793 37.94 2.4
      vertex 4.5 40.9641 2.4
      vertex 4.81454 37.7219 2.4
    endloop
  endfacet
  facet normal 0 0 1
    outer loop
      vertex 4.30002 34.1695 2.4
      vertex 4.8 37.5 2.4
      vertex 4.5 40.9641 2.4
    endloop
  endfacet
  facet normal 0 0 1
    outer loop
      vertex 4.81454 37.7219 2.4
      vertex 4.5 40.9641 2.4
      vertex 4.8 37.5 2.4
    endloop
  endfacet
  facet normal 0 0 1
    outer loop
      vertex 5.02776 7.35 2.4
      vertex 3.0359 8.5 2.4
      vertex 4.92941 7.15056 2.4
    endloop
  endfacet
  facet normal -0 0 1
    outer loop
      vertex 2.80449 8.03073 2.4
      vertex 4.92941 7.15056 2.4
      vertex 3.0359 8.5 2.4
    endloop
  endfacet
  facet normal 0 0 1
    outer loop
      vertex 5.46511 5.1513 2.4
      vertex 4.06496 3.32658 2.4
      vertex 4.5 3.03589 2.4
    endloop
  endfacet
  facet normal -0 0 1
    outer loop
      vertex 2.7 7.7229 2.4
      vertex 4.92941 7.15056 2.4
      vertex 2.80449 8.03073 2.4
    endloop
  endfacet
  facet normal 0 0 1
    outer loop
      vertex 5.29792 5.29792 2.4
      vertex 3.67159 3.67157 2.4
      vertex 4.06496 3.32658 2.4
    endloop
  endfacet
  facet normal 0 0 1
    outer loop
      vertex 4.92941 7.15056 2.4
      vertex 2.7 7.7229 2.4
      vertex 4.85793 6.93999 2.4
    endloop
  endfacet
  facet normal 0 0 1
    outer loop
      vertex 5.1513 5.46511 2.4
      vertex 3.3266 4.06494 2.4
      vertex 3.67159 3.67157 2.4
    endloop
  endfacet
  facet normal 0 0 1
    outer loop
      vertex 4.85793 6.93999 2.4
      vertex 2.7 7.7229 2.4
      vertex 4.81454 6.72189 2.4
    endloop
  endfacet
  facet normal 0 0 1
    outer loop
      vertex 2.7 5.27708 2.4
      vertex 4.8 6.5 2.4
      vertex 2.7 7.7229 2.4
    endloop
  endfacet
  facet normal 0 0 1
    outer loop
      vertex 4.81454 6.72189 2.4
      vertex 2.7 7.7229 2.4
      vertex 4.8 6.5 2.4
    endloop
  endfacet
  facet normal 0 0 1
    outer loop
      vertex 4.92941 5.84944 2.4
      vertex 2.7 5.27708 2.4
      vertex 2.80449 4.96925 2.4
    endloop
  endfacet
  facet normal 0 0 1
    outer loop
      vertex 5.02776 5.65 2.4
      vertex 3.0359 4.5 2.4
      vertex 3.3266 4.06494 2.4
    endloop
  endfacet
  facet normal 0 0 1
    outer loop
      vertex 4.92941 5.84944 2.4
      vertex 2.80449 4.96925 2.4
      vertex 3.0359 4.5 2.4
    endloop
  endfacet
  facet normal -0 0 1
    outer loop
      vertex 29.8251 10.7315 2.4
      vertex 30 4.29999 2.4
      vertex 30 10.7973 2.4
    endloop
  endfacet
  facet normal -0 0 1
    outer loop
      vertex 29.0799 10.5055 2.4
      vertex 30 4.29999 2.4
      vertex 29.8251 10.7315 2.4
    endloop
  endfacet
  facet normal -0 0 1
    outer loop
      vertex 28.3216 10.3287 2.4
      vertex 30 4.29999 2.4
      vertex 29.0799 10.5055 2.4
    endloop
  endfacet
  facet normal -0 0 1
    outer loop
      vertex 27.5533 10.2018 2.4
      vertex 30 4.29999 2.4
      vertex 28.3216 10.3287 2.4
    endloop
  endfacet
  facet normal -0 0 1
    outer loop
      vertex 26.7783 10.1255 2.4
      vertex 30 4.29999 2.4
      vertex 27.5533 10.2018 2.4
    endloop
  endfacet
  facet normal -0 0 1
    outer loop
      vertex 26 10.1 2.4
      vertex 30 4.29999 2.4
      vertex 26.7783 10.1255 2.4
    endloop
  endfacet
  facet normal 0 0 1
    outer loop
      vertex 22 4.29999 2.4
      vertex 30 4.29999 2.4
      vertex 26 10.1 2.4
    endloop
  endfacet
  facet normal 0 0 1
    outer loop
      vertex 30 4.29999 2.4
      vertex 22 4.29999 2.4
      vertex 30 2.7 2.4
    endloop
  endfacet
  facet normal 0 0 1
    outer loop
      vertex 22 4.29999 2.4
      vertex 26 10.1 2.4
      vertex 25.2217 10.1255 2.4
    endloop
  endfacet
  facet normal 0 0 1
    outer loop
      vertex 22 4.29999 2.4
      vertex 25.2217 10.1255 2.4
      vertex 24.4467 10.2018 2.4
    endloop
  endfacet
  facet normal 0 0 1
    outer loop
      vertex 22 4.29999 2.4
      vertex 24.4467 10.2018 2.4
      vertex 23.6784 10.3287 2.4
    endloop
  endfacet
  facet normal 0 0 1
    outer loop
      vertex 22 4.29999 2.4
      vertex 23.6784 10.3287 2.4
      vertex 22.9201 10.5055 2.4
    endloop
  endfacet
  facet normal 0 0 1
    outer loop
      vertex 22 4.29999 2.4
      vertex 22.9201 10.5055 2.4
      vertex 22.1749 10.7315 2.4
    endloop
  endfacet
  facet normal 0 0 1
    outer loop
      vertex 22 4.29999 2.4
      vertex 22.1749 10.7315 2.4
      vertex 22 10.7973 2.4
    endloop
  endfacet
  facet normal 0 0 1
    outer loop
      vertex 22 2.7 2.4
      vertex 30 2.7 2.4
      vertex 22 4.29999 2.4
    endloop
  endfacet
  facet normal 0 0 1
    outer loop
      vertex 30 2.7 2.4
      vertex 22 2.7 2.4
      vertex 30 0 2.4
    endloop
  endfacet
  facet normal 0 0 1
    outer loop
      vertex 30 0 2.4
      vertex 22 2.7 2.4
      vertex 22 0 2.4
    endloop
  endfacet
  facet normal 0.980776 -0.195135 0
    outer loop
      vertex 51.8637 2.96472 2.4
      vertex 51.9658 3.47789 3.8147e-07
      vertex 51.9658 3.47789 2.4
    endloop
  endfacet
  facet normal 0.980776 -0.195135 0
    outer loop
      vertex 51.9658 3.47789 3.8147e-07
      vertex 51.8637 2.96472 2.4
      vertex 51.8637 2.96472 3.8147e-07
    endloop
  endfacet
  facet normal 0.896887 -0.44226 0
    outer loop
      vertex 51.4641 2 2.4
      vertex 51.6955 2.46927 3.8147e-07
      vertex 51.6955 2.46927 2.4
    endloop
  endfacet
  facet normal 0.896887 -0.44226 0
    outer loop
      vertex 51.6955 2.46927 3.8147e-07
      vertex 51.4641 2 2.4
      vertex 51.4641 2 3.8147e-07
    endloop
  endfacet
  facet normal 0.751834 -0.659353 0
    outer loop
      vertex 50.8284 1.17157 2.4
      vertex 51.1734 1.56496 3.8147e-07
      vertex 51.1734 1.56496 2.4
    endloop
  endfacet
  facet normal 0.751834 -0.659353 0
    outer loop
      vertex 51.1734 1.56496 3.8147e-07
      vertex 50.8284 1.17157 2.4
      vertex 50.8284 1.17157 3.8147e-07
    endloop
  endfacet
  facet normal 0.442261 -0.896886 0
    outer loop
      vertex 49.5307 0.304489 3.8147e-07
      vertex 50 0.535904 2.4
      vertex 49.5307 0.304489 2.4
    endloop
  endfacet
  facet normal 0.442261 -0.896886 0
    outer loop
      vertex 50 0.535904 2.4
      vertex 49.5307 0.304489 3.8147e-07
      vertex 50 0.535904 3.8147e-07
    endloop
  endfacet
  facet normal -0.195135 0.980776 0
    outer loop
      vertex 3.47789 43.9658 3.8147e-07
      vertex 2.96472 43.8637 2.4
      vertex 3.47789 43.9658 2.4
    endloop
  endfacet
  facet normal -0.195135 0.980776 0
    outer loop
      vertex 2.96472 43.8637 2.4
      vertex 3.47789 43.9658 3.8147e-07
      vertex 2.96472 43.8637 3.8147e-07
    endloop
  endfacet
  facet normal -0.997858 0.0654131 0
    outer loop
      vertex 0 40 3.8147e-07
      vertex 0.0342255 40.5221 2.4
      vertex 0.0342255 40.5221 3.8147e-07
    endloop
  endfacet
  facet normal -0.997858 0.0654131 0
    outer loop
      vertex 0.0342255 40.5221 2.4
      vertex 0 40 3.8147e-07
      vertex 0 40 2.4
    endloop
  endfacet
  facet normal -0.980791 0.195062 0
    outer loop
      vertex 0.0342255 40.5221 3.8147e-07
      vertex 0.136292 41.0353 2.4
      vertex 0.136292 41.0353 3.8147e-07
    endloop
  endfacet
  facet normal -0.980791 0.195062 0
    outer loop
      vertex 0.136292 41.0353 2.4
      vertex 0.0342255 40.5221 3.8147e-07
      vertex 0.0342255 40.5221 2.4
    endloop
  endfacet
  facet normal -0.896886 0.442261 0
    outer loop
      vertex 0.304489 41.5307 3.8147e-07
      vertex 0.535904 42 2.4
      vertex 0.535904 42 3.8147e-07
    endloop
  endfacet
  facet normal -0.896886 0.442261 0
    outer loop
      vertex 0.535904 42 2.4
      vertex 0.304489 41.5307 3.8147e-07
      vertex 0.304489 41.5307 2.4
    endloop
  endfacet
  facet normal -0.896875 -0.442284 0
    outer loop
      vertex 0.535904 2 3.8147e-07
      vertex 0.304489 2.46927 2.4
      vertex 0.304489 2.46927 3.8147e-07
    endloop
  endfacet
  facet normal -0.896875 -0.442284 0
    outer loop
      vertex 0.304489 2.46927 2.4
      vertex 0.535904 2 3.8147e-07
      vertex 0.535904 2 2.4
    endloop
  endfacet
  facet normal -0.751847 -0.659337 0
    outer loop
      vertex 1.17157 1.17157 3.8147e-07
      vertex 0.826584 1.56496 2.4
      vertex 0.826584 1.56496 3.8147e-07
    endloop
  endfacet
  facet normal -0.751847 -0.659337 0
    outer loop
      vertex 0.826584 1.56496 2.4
      vertex 1.17157 1.17157 3.8147e-07
      vertex 1.17157 1.17157 2.4
    endloop
  endfacet
  facet normal -0.555564 -0.831474 0
    outer loop
      vertex 1.56496 0.826584 3.8147e-07
      vertex 2 0.535904 2.4
      vertex 1.56496 0.826584 2.4
    endloop
  endfacet
  facet normal -0.555564 -0.831474 -0
    outer loop
      vertex 2 0.535904 2.4
      vertex 1.56496 0.826584 3.8147e-07
      vertex 2 0.535904 3.8147e-07
    endloop
  endfacet
  facet normal 0.831456 -0.555591 0
    outer loop
      vertex 51.1734 1.56496 2.4
      vertex 51.4641 2 3.8147e-07
      vertex 51.4641 2 2.4
    endloop
  endfacet
  facet normal 0.831456 -0.555591 0
    outer loop
      vertex 51.4641 2 3.8147e-07
      vertex 51.1734 1.56496 2.4
      vertex 51.1734 1.56496 3.8147e-07
    endloop
  endfacet
  facet normal -0.946922 -0.321464 0
    outer loop
      vertex 0.304489 2.46927 3.8147e-07
      vertex 0.136292 2.96472 2.4
      vertex 0.136292 2.96472 3.8147e-07
    endloop
  endfacet
  facet normal -0.946922 -0.321464 0
    outer loop
      vertex 0.136292 2.96472 2.4
      vertex 0.304489 2.46927 3.8147e-07
      vertex 0.304489 2.46927 2.4
    endloop
  endfacet
  facet normal 0 0 1
    outer loop
      vertex 48.6734 39.935 6.4
      vertex 49.3 40 6.4
      vertex 49.2889 40.1697 6.4
    endloop
  endfacet
  facet normal 0 0 1
    outer loop
      vertex 48.6734 39.935 6.4
      vertex 49.2889 40.1697 6.4
      vertex 49.2557 40.3365 6.4
    endloop
  endfacet
  facet normal 0 0 1
    outer loop
      vertex 48.6734 39.935 6.4
      vertex 49.2557 40.3365 6.4
      vertex 49.201 40.4975 6.4
    endloop
  endfacet
  facet normal 0 0 1
    outer loop
      vertex 49.3 40 6.4
      vertex 49.1955 39.0307 6.4
      vertex 49.3 38.7229 6.4
    endloop
  endfacet
  facet normal 0 0 1
    outer loop
      vertex 48.3284 40.3284 6.4
      vertex 49.201 40.4975 6.4
      vertex 49.1258 40.65 6.4
    endloop
  endfacet
  facet normal 0 0 1
    outer loop
      vertex 48.3284 40.3284 6.4
      vertex 49.1258 40.65 6.4
      vertex 49.0314 40.7914 6.4
    endloop
  endfacet
  facet normal 0 0 1
    outer loop
      vertex 49.3 40 6.4
      vertex 48.9641 39.5 6.4
      vertex 49.1955 39.0307 6.4
    endloop
  endfacet
  facet normal 0 0 1
    outer loop
      vertex 48.3284 40.3284 6.4
      vertex 49.0314 40.7914 6.4
      vertex 48.9192 40.9192 6.4
    endloop
  endfacet
  facet normal 0 0 1
    outer loop
      vertex 48.3284 40.3284 6.4
      vertex 48.9192 40.9192 6.4
      vertex 48.7914 41.0314 6.4
    endloop
  endfacet
  facet normal 0 0 1
    outer loop
      vertex 49.3 40 6.4
      vertex 48.6734 39.935 6.4
      vertex 48.9641 39.5 6.4
    endloop
  endfacet
  facet normal 0 0 1
    outer loop
      vertex 48.3284 40.3284 6.4
      vertex 48.7914 41.0314 6.4
      vertex 48.65 41.1258 6.4
    endloop
  endfacet
  facet normal 0 0 1
    outer loop
      vertex 48.3284 40.3284 6.4
      vertex 48.65 41.1258 6.4
      vertex 48.4975 41.201 6.4
    endloop
  endfacet
  facet normal 0 0 1
    outer loop
      vertex 47.9351 40.6734 6.4
      vertex 48.4975 41.201 6.4
      vertex 48.3365 41.2557 6.4
    endloop
  endfacet
  facet normal 0 0 1
    outer loop
      vertex 49.201 40.4975 6.4
      vertex 48.3284 40.3284 6.4
      vertex 48.6734 39.935 6.4
    endloop
  endfacet
  facet normal 0 0 1
    outer loop
      vertex 47.9351 40.6734 6.4
      vertex 48.3365 41.2557 6.4
      vertex 48.1697 41.2889 6.4
    endloop
  endfacet
  facet normal 0 0 1
    outer loop
      vertex 47.9351 40.6734 6.4
      vertex 48.1697 41.2889 6.4
      vertex 48 41.3 6.4
    endloop
  endfacet
  facet normal 0 0 1
    outer loop
      vertex 48.4975 41.201 6.4
      vertex 47.9351 40.6734 6.4
      vertex 48.3284 40.3284 6.4
    endloop
  endfacet
  facet normal 0 0 1
    outer loop
      vertex 48 41.3 6.4
      vertex 47.5 40.9641 6.4
      vertex 47.9351 40.6734 6.4
    endloop
  endfacet
  facet normal 0 0 1
    outer loop
      vertex 48 41.3 6.4
      vertex 47.0307 41.1955 6.4
      vertex 47.5 40.9641 6.4
    endloop
  endfacet
  facet normal 0 -0 1
    outer loop
      vertex 47.0307 41.1955 6.4
      vertex 48 41.3 6.4
      vertex 46.7229 41.3 6.4
    endloop
  endfacet
  facet normal 0 0 1
    outer loop
      vertex 42.3266 39.935 6.4
      vertex 9.83049 39.7 6.4
      vertex 42.1695 39.7 6.4
    endloop
  endfacet
  facet normal 0 0 1
    outer loop
      vertex 9.67342 39.935 6.4
      vertex 42.3266 39.935 6.4
      vertex 42.6716 40.3284 6.4
    endloop
  endfacet
  facet normal 0 0 1
    outer loop
      vertex 9.32843 40.3284 6.4
      vertex 42.6716 40.3284 6.4
      vertex 43.065 40.6734 6.4
    endloop
  endfacet
  facet normal 0 0 1
    outer loop
      vertex 8.93506 40.6734 6.4
      vertex 43.065 40.6734 6.4
      vertex 43.5 40.9641 6.4
    endloop
  endfacet
  facet normal 0 0 1
    outer loop
      vertex 8.5 40.9641 6.4
      vertex 43.5 40.9641 6.4
      vertex 43.9693 41.1955 6.4
    endloop
  endfacet
  facet normal 0 0 1
    outer loop
      vertex 8.03075 41.1955 6.4
      vertex 43.9693 41.1955 6.4
      vertex 44.2771 41.3 6.4
    endloop
  endfacet
  facet normal 0 0 1
    outer loop
      vertex 42.3266 39.935 6.4
      vertex 9.67342 39.935 6.4
      vertex 9.83049 39.7 6.4
    endloop
  endfacet
  facet normal 0 0 1
    outer loop
      vertex 42.6716 40.3284 6.4
      vertex 9.32843 40.3284 6.4
      vertex 9.67342 39.935 6.4
    endloop
  endfacet
  facet normal 0 0 1
    outer loop
      vertex 43.065 40.6734 6.4
      vertex 8.93506 40.6734 6.4
      vertex 9.32843 40.3284 6.4
    endloop
  endfacet
  facet normal 0 0 1
    outer loop
      vertex 43.5 40.9641 6.4
      vertex 8.5 40.9641 6.4
      vertex 8.93506 40.6734 6.4
    endloop
  endfacet
  facet normal 0 0 1
    outer loop
      vertex 43.9693 41.1955 6.4
      vertex 8.03075 41.1955 6.4
      vertex 8.5 40.9641 6.4
    endloop
  endfacet
  facet normal 0 -0 1
    outer loop
      vertex 8.03075 41.1955 6.4
      vertex 44.2771 41.3 6.4
      vertex 7.72292 41.3 6.4
    endloop
  endfacet
  facet normal -0 0 1
    outer loop
      vertex 4 41.3 6.4
      vertex 4.96927 41.1955 6.4
      vertex 5.2771 41.3 6.4
    endloop
  endfacet
  facet normal 0 0 1
    outer loop
      vertex 4 41.3 6.4
      vertex 4.5 40.9641 6.4
      vertex 4.96927 41.1955 6.4
    endloop
  endfacet
  facet normal 0 0 1
    outer loop
      vertex 4 41.3 6.4
      vertex 4.06496 40.6734 6.4
      vertex 4.5 40.9641 6.4
    endloop
  endfacet
  facet normal -0 0 1
    outer loop
      vertex 3.83032 41.2889 6.4
      vertex 4.06496 40.6734 6.4
      vertex 4 41.3 6.4
    endloop
  endfacet
  facet normal -0 0 1
    outer loop
      vertex 3.66353 41.2557 6.4
      vertex 4.06496 40.6734 6.4
      vertex 3.83032 41.2889 6.4
    endloop
  endfacet
  facet normal -0 0 1
    outer loop
      vertex 3.50252 41.201 6.4
      vertex 4.06496 40.6734 6.4
      vertex 3.66353 41.2557 6.4
    endloop
  endfacet
  facet normal 0 0 1
    outer loop
      vertex 4.06496 40.6734 6.4
      vertex 3.50252 41.201 6.4
      vertex 3.67159 40.3284 6.4
    endloop
  endfacet
  facet normal -0 0 1
    outer loop
      vertex 3.35001 41.1258 6.4
      vertex 3.67159 40.3284 6.4
      vertex 3.50252 41.201 6.4
    endloop
  endfacet
  facet normal -0 0 1
    outer loop
      vertex 3.2086 41.0314 6.4
      vertex 3.67159 40.3284 6.4
      vertex 3.35001 41.1258 6.4
    endloop
  endfacet
  facet normal -0 0 1
    outer loop
      vertex 3.08076 40.9192 6.4
      vertex 3.67159 40.3284 6.4
      vertex 3.2086 41.0314 6.4
    endloop
  endfacet
  facet normal -0 0 1
    outer loop
      vertex 2.96864 40.7914 6.4
      vertex 3.67159 40.3284 6.4
      vertex 3.08076 40.9192 6.4
    endloop
  endfacet
  facet normal -0 0 1
    outer loop
      vertex 2.87416 40.65 6.4
      vertex 3.67159 40.3284 6.4
      vertex 2.96864 40.7914 6.4
    endloop
  endfacet
  facet normal -0 0 1
    outer loop
      vertex 2.79895 40.4975 6.4
      vertex 3.67159 40.3284 6.4
      vertex 2.87416 40.65 6.4
    endloop
  endfacet
  facet normal 0 0 1
    outer loop
      vertex 3.67159 40.3284 6.4
      vertex 2.79895 40.4975 6.4
      vertex 3.3266 39.935 6.4
    endloop
  endfacet
  facet normal -0 0 1
    outer loop
      vertex 2.74429 40.3365 6.4
      vertex 3.3266 39.935 6.4
      vertex 2.79895 40.4975 6.4
    endloop
  endfacet
  facet normal -0 0 1
    outer loop
      vertex 2.71112 40.1697 6.4
      vertex 3.3266 39.935 6.4
      vertex 2.74429 40.3365 6.4
    endloop
  endfacet
  facet normal -0 0 1
    outer loop
      vertex 2.7 40 6.4
      vertex 3.3266 39.935 6.4
      vertex 2.71112 40.1697 6.4
    endloop
  endfacet
  facet normal 0 0 1
    outer loop
      vertex 3.3266 39.935 6.4
      vertex 2.7 40 6.4
      vertex 3.0359 39.5 6.4
    endloop
  endfacet
  facet normal 0 0 1
    outer loop
      vertex 3.0359 39.5 6.4
      vertex 2.7 40 6.4
      vertex 2.80449 39.0307 6.4
    endloop
  endfacet
  facet normal 0 0 1
    outer loop
      vertex 2.80449 39.0307 6.4
      vertex 2.7 40 6.4
      vertex 2.7 38.7229 6.4
    endloop
  endfacet
  facet normal 0 0 1
    outer loop
      vertex 4.06496 34.3266 6.4
      vertex 4.30002 9.83047 6.4
      vertex 4.30002 34.1695 6.4
    endloop
  endfacet
  facet normal 0 0 1
    outer loop
      vertex 4.06496 34.3266 6.4
      vertex 4.06496 9.6734 6.4
      vertex 4.30002 9.83047 6.4
    endloop
  endfacet
  facet normal 0 0 1
    outer loop
      vertex 3.67159 34.6716 6.4
      vertex 4.06496 9.6734 6.4
      vertex 4.06496 34.3266 6.4
    endloop
  endfacet
  facet normal 0 0 1
    outer loop
      vertex 3.67159 34.6716 6.4
      vertex 3.67159 9.32841 6.4
      vertex 4.06496 9.6734 6.4
    endloop
  endfacet
  facet normal 0 0 1
    outer loop
      vertex 3.3266 35.0649 6.4
      vertex 3.67159 9.32841 6.4
      vertex 3.67159 34.6716 6.4
    endloop
  endfacet
  facet normal 0 0 1
    outer loop
      vertex 3.3266 35.0649 6.4
      vertex 3.3266 8.93504 6.4
      vertex 3.67159 9.32841 6.4
    endloop
  endfacet
  facet normal 0 0 1
    outer loop
      vertex 3.0359 35.5 6.4
      vertex 3.3266 8.93504 6.4
      vertex 3.3266 35.0649 6.4
    endloop
  endfacet
  facet normal 0 0 1
    outer loop
      vertex 3.0359 35.5 6.4
      vertex 3.0359 8.5 6.4
      vertex 3.3266 8.93504 6.4
    endloop
  endfacet
  facet normal 0 0 1
    outer loop
      vertex 2.80449 35.9693 6.4
      vertex 3.0359 8.5 6.4
      vertex 3.0359 35.5 6.4
    endloop
  endfacet
  facet normal 0 0 1
    outer loop
      vertex 2.80449 35.9693 6.4
      vertex 2.80449 8.03073 6.4
      vertex 3.0359 8.5 6.4
    endloop
  endfacet
  facet normal 0 0 1
    outer loop
      vertex 2.7 36.2771 6.4
      vertex 2.80449 8.03073 6.4
      vertex 2.80449 35.9693 6.4
    endloop
  endfacet
  facet normal 0 0 1
    outer loop
      vertex 2.80449 8.03073 6.4
      vertex 2.7 36.2771 6.4
      vertex 2.7 7.7229 6.4
    endloop
  endfacet
  facet normal -0 0 1
    outer loop
      vertex 49.1955 35.9693 6.4
      vertex 49.3 7.72295 6.4
      vertex 49.3 36.277 6.4
    endloop
  endfacet
  facet normal 0 0 1
    outer loop
      vertex 49.1955 35.9693 6.4
      vertex 49.1955 8.03073 6.4
      vertex 49.3 7.72295 6.4
    endloop
  endfacet
  facet normal -0 0 1
    outer loop
      vertex 48.9641 35.5 6.4
      vertex 49.1955 8.03073 6.4
      vertex 49.1955 35.9693 6.4
    endloop
  endfacet
  facet normal 0 0 1
    outer loop
      vertex 48.9641 35.5 6.4
      vertex 48.9641 8.5 6.4
      vertex 49.1955 8.03073 6.4
    endloop
  endfacet
  facet normal -0 0 1
    outer loop
      vertex 48.6734 35.0649 6.4
      vertex 48.9641 8.5 6.4
      vertex 48.9641 35.5 6.4
    endloop
  endfacet
  facet normal 0 0 1
    outer loop
      vertex 48.6734 35.0649 6.4
      vertex 48.6734 8.93504 6.4
      vertex 48.9641 8.5 6.4
    endloop
  endfacet
  facet normal -0 0 1
    outer loop
      vertex 48.3284 34.6716 6.4
      vertex 48.6734 8.93504 6.4
      vertex 48.6734 35.0649 6.4
    endloop
  endfacet
  facet normal 0 0 1
    outer loop
      vertex 48.3284 34.6716 6.4
      vertex 48.3284 9.32841 6.4
      vertex 48.6734 8.93504 6.4
    endloop
  endfacet
  facet normal -0 0 1
    outer loop
      vertex 47.9351 34.3266 6.4
      vertex 48.3284 9.32841 6.4
      vertex 48.3284 34.6716 6.4
    endloop
  endfacet
  facet normal 0 0 1
    outer loop
      vertex 47.9351 34.3266 6.4
      vertex 47.9351 9.6734 6.4
      vertex 48.3284 9.32841 6.4
    endloop
  endfacet
  facet normal -0 0 1
    outer loop
      vertex 47.7 34.1695 6.4
      vertex 47.9351 9.6734 6.4
      vertex 47.9351 34.3266 6.4
    endloop
  endfacet
  facet normal 0 0 1
    outer loop
      vertex 47.9351 9.6734 6.4
      vertex 47.7 34.1695 6.4
      vertex 47.7 9.83046 6.4
    endloop
  endfacet
  facet normal 0 0 1
    outer loop
      vertex 4.96927 2.80447 6.4
      vertex 4 2.7 6.4
      vertex 5.27705 2.7 6.4
    endloop
  endfacet
  facet normal 0 0 1
    outer loop
      vertex 4.5 3.03589 6.4
      vertex 4 2.7 6.4
      vertex 4.96927 2.80447 6.4
    endloop
  endfacet
  facet normal 0 0 1
    outer loop
      vertex 4.06496 3.32658 6.4
      vertex 4 2.7 6.4
      vertex 4.5 3.03589 6.4
    endloop
  endfacet
  facet normal 0 0 1
    outer loop
      vertex 4.06496 3.32658 6.4
      vertex 3.83032 2.71112 6.4
      vertex 4 2.7 6.4
    endloop
  endfacet
  facet normal 0 0 1
    outer loop
      vertex 3.50252 2.79895 6.4
      vertex 4.06496 3.32658 6.4
      vertex 3.67159 3.67157 6.4
    endloop
  endfacet
  facet normal 0 0 1
    outer loop
      vertex 4.06496 3.32658 6.4
      vertex 3.66353 2.74429 6.4
      vertex 3.83032 2.71112 6.4
    endloop
  endfacet
  facet normal 0 0 1
    outer loop
      vertex 4.06496 3.32658 6.4
      vertex 3.50252 2.79895 6.4
      vertex 3.66353 2.74429 6.4
    endloop
  endfacet
  facet normal 0 0 1
    outer loop
      vertex 3.67159 3.67157 6.4
      vertex 3.35001 2.87416 6.4
      vertex 3.50252 2.79895 6.4
    endloop
  endfacet
  facet normal 0 0 1
    outer loop
      vertex 2.79895 3.50252 6.4
      vertex 3.67159 3.67157 6.4
      vertex 3.3266 4.06494 6.4
    endloop
  endfacet
  facet normal 0 0 1
    outer loop
      vertex 3.67159 3.67157 6.4
      vertex 3.2086 2.96864 6.4
      vertex 3.35001 2.87416 6.4
    endloop
  endfacet
  facet normal 0 0 1
    outer loop
      vertex 3.67159 3.67157 6.4
      vertex 3.08076 3.08076 6.4
      vertex 3.2086 2.96864 6.4
    endloop
  endfacet
  facet normal 0 0 1
    outer loop
      vertex 2.7 4 6.4
      vertex 3.3266 4.06494 6.4
      vertex 3.0359 4.5 6.4
    endloop
  endfacet
  facet normal 0 0 1
    outer loop
      vertex 3.67159 3.67157 6.4
      vertex 2.96864 3.2086 6.4
      vertex 3.08076 3.08076 6.4
    endloop
  endfacet
  facet normal 0 0 1
    outer loop
      vertex 3.67159 3.67157 6.4
      vertex 2.87416 3.35001 6.4
      vertex 2.96864 3.2086 6.4
    endloop
  endfacet
  facet normal 0 0 1
    outer loop
      vertex 2.7 4 6.4
      vertex 3.0359 4.5 6.4
      vertex 2.80449 4.96925 6.4
    endloop
  endfacet
  facet normal 0 0 1
    outer loop
      vertex 3.3266 4.06494 6.4
      vertex 2.7 4 6.4
      vertex 2.71112 3.83032 6.4
    endloop
  endfacet
  facet normal 0 0 1
    outer loop
      vertex 3.67159 3.67157 6.4
      vertex 2.79895 3.50252 6.4
      vertex 2.87416 3.35001 6.4
    endloop
  endfacet
  facet normal 0 0 1
    outer loop
      vertex 3.3266 4.06494 6.4
      vertex 2.74429 3.66353 6.4
      vertex 2.79895 3.50252 6.4
    endloop
  endfacet
  facet normal 0 0 1
    outer loop
      vertex 2.7 4 6.4
      vertex 2.80449 4.96925 6.4
      vertex 2.7 5.27708 6.4
    endloop
  endfacet
  facet normal 0 0 1
    outer loop
      vertex 3.3266 4.06494 6.4
      vertex 2.71112 3.83032 6.4
      vertex 2.74429 3.66353 6.4
    endloop
  endfacet
  facet normal -0 0 1
    outer loop
      vertex 49.1955 4.96925 6.4
      vertex 49.3 4 6.4
      vertex 49.3 5.27704 6.4
    endloop
  endfacet
  facet normal -0 0 1
    outer loop
      vertex 48.9641 4.5 6.4
      vertex 49.3 4 6.4
      vertex 49.1955 4.96925 6.4
    endloop
  endfacet
  facet normal -0 0 1
    outer loop
      vertex 48.6734 4.06494 6.4
      vertex 49.3 4 6.4
      vertex 48.9641 4.5 6.4
    endloop
  endfacet
  facet normal 0 0 1
    outer loop
      vertex 49.3 4 6.4
      vertex 48.6734 4.06494 6.4
      vertex 49.2889 3.83032 6.4
    endloop
  endfacet
  facet normal 0 0 1
    outer loop
      vertex 49.2889 3.83032 6.4
      vertex 48.6734 4.06494 6.4
      vertex 49.2557 3.66353 6.4
    endloop
  endfacet
  facet normal 0 0 1
    outer loop
      vertex 49.2557 3.66353 6.4
      vertex 48.6734 4.06494 6.4
      vertex 49.201 3.50252 6.4
    endloop
  endfacet
  facet normal -0 0 1
    outer loop
      vertex 48.3284 3.67157 6.4
      vertex 49.201 3.50252 6.4
      vertex 48.6734 4.06494 6.4
    endloop
  endfacet
  facet normal 0 0 1
    outer loop
      vertex 49.201 3.50252 6.4
      vertex 48.3284 3.67157 6.4
      vertex 49.1258 3.35001 6.4
    endloop
  endfacet
  facet normal 0 0 1
    outer loop
      vertex 49.1258 3.35001 6.4
      vertex 48.3284 3.67157 6.4
      vertex 49.0314 3.2086 6.4
    endloop
  endfacet
  facet normal 0 0 1
    outer loop
      vertex 49.0314 3.2086 6.4
      vertex 48.3284 3.67157 6.4
      vertex 48.9192 3.08076 6.4
    endloop
  endfacet
  facet normal 0 0 1
    outer loop
      vertex 48.9192 3.08076 6.4
      vertex 48.3284 3.67157 6.4
      vertex 48.7914 2.96864 6.4
    endloop
  endfacet
  facet normal 0 0 1
    outer loop
      vertex 48.7914 2.96864 6.4
      vertex 48.3284 3.67157 6.4
      vertex 48.65 2.87416 6.4
    endloop
  endfacet
  facet normal 0 0 1
    outer loop
      vertex 48.65 2.87416 6.4
      vertex 48.3284 3.67157 6.4
      vertex 48.4975 2.79895 6.4
    endloop
  endfacet
  facet normal -0 0 1
    outer loop
      vertex 47.9351 3.32658 6.4
      vertex 48.4975 2.79895 6.4
      vertex 48.3284 3.67157 6.4
    endloop
  endfacet
  facet normal 0 0 1
    outer loop
      vertex 48.4975 2.79895 6.4
      vertex 47.9351 3.32658 6.4
      vertex 48.3365 2.74429 6.4
    endloop
  endfacet
  facet normal 0 0 1
    outer loop
      vertex 48.3365 2.74429 6.4
      vertex 47.9351 3.32658 6.4
      vertex 48.1697 2.71112 6.4
    endloop
  endfacet
  facet normal 0 0 1
    outer loop
      vertex 48.1697 2.71112 6.4
      vertex 47.9351 3.32658 6.4
      vertex 48 2.7 6.4
    endloop
  endfacet
  facet normal -0 0 1
    outer loop
      vertex 47.5 3.03589 6.4
      vertex 48 2.7 6.4
      vertex 47.9351 3.32658 6.4
    endloop
  endfacet
  facet normal -0 0 1
    outer loop
      vertex 47.0307 2.80447 6.4
      vertex 48 2.7 6.4
      vertex 47.5 3.03589 6.4
    endloop
  endfacet
  facet normal 0 0 1
    outer loop
      vertex 48 2.7 6.4
      vertex 47.0307 2.80447 6.4
      vertex 46.723 2.7 6.4
    endloop
  endfacet
  facet normal 0 0 1
    outer loop
      vertex 30 2.7 6.4
      vertex 42.1695 4.29999 6.4
      vertex 30 4.29999 6.4
    endloop
  endfacet
  facet normal 0 0 1
    outer loop
      vertex 42.1695 4.29999 6.4
      vertex 30 2.7 6.4
      vertex 42.3266 4.06494 6.4
    endloop
  endfacet
  facet normal 0 0 1
    outer loop
      vertex 42.3266 4.06494 6.4
      vertex 30 2.7 6.4
      vertex 42.6716 3.67157 6.4
    endloop
  endfacet
  facet normal 0 0 1
    outer loop
      vertex 42.6716 3.67157 6.4
      vertex 30 2.7 6.4
      vertex 43.065 3.32658 6.4
    endloop
  endfacet
  facet normal 0 0 1
    outer loop
      vertex 43.065 3.32658 6.4
      vertex 30 2.7 6.4
      vertex 43.5 3.03589 6.4
    endloop
  endfacet
  facet normal 0 0 1
    outer loop
      vertex 43.5 3.03589 6.4
      vertex 30 2.7 6.4
      vertex 43.9693 2.80447 6.4
    endloop
  endfacet
  facet normal 0 0 1
    outer loop
      vertex 43.9693 2.80447 6.4
      vertex 30 2.7 6.4
      vertex 44.2771 2.7 6.4
    endloop
  endfacet
  facet normal -0 0 1
    outer loop
      vertex 9.83047 4.29999 6.4
      vertex 22 2.7 6.4
      vertex 22 4.29999 6.4
    endloop
  endfacet
  facet normal -0 0 1
    outer loop
      vertex 9.67342 4.06494 6.4
      vertex 22 2.7 6.4
      vertex 9.83047 4.29999 6.4
    endloop
  endfacet
  facet normal -0 0 1
    outer loop
      vertex 9.32843 3.67157 6.4
      vertex 22 2.7 6.4
      vertex 9.67342 4.06494 6.4
    endloop
  endfacet
  facet normal -0 0 1
    outer loop
      vertex 8.93506 3.32658 6.4
      vertex 22 2.7 6.4
      vertex 9.32843 3.67157 6.4
    endloop
  endfacet
  facet normal -0 0 1
    outer loop
      vertex 8.5 3.03589 6.4
      vertex 22 2.7 6.4
      vertex 8.93506 3.32658 6.4
    endloop
  endfacet
  facet normal -0 0 1
    outer loop
      vertex 8.03075 2.80447 6.4
      vertex 22 2.7 6.4
      vertex 8.5 3.03589 6.4
    endloop
  endfacet
  facet normal 0 0 1
    outer loop
      vertex 22 2.7 6.4
      vertex 8.03075 2.80447 6.4
      vertex 7.72296 2.7 6.4
    endloop
  endfacet
  facet normal -0.896898 -0.442238 0
    outer loop
      vertex 49.1955 39.0307 2.4
      vertex 48.9641 39.5 6.4
      vertex 48.9641 39.5 2.4
    endloop
  endfacet
  facet normal -0.896898 -0.442238 0
    outer loop
      vertex 48.9641 39.5 6.4
      vertex 49.1955 39.0307 2.4
      vertex 49.1955 39.0307 6.4
    endloop
  endfacet
  facet normal -0.831432 -0.555626 0
    outer loop
      vertex 48.9641 39.5 2.4
      vertex 48.6734 39.935 6.4
      vertex 48.6734 39.935 2.4
    endloop
  endfacet
  facet normal -0.831432 -0.555626 0
    outer loop
      vertex 48.6734 39.935 6.4
      vertex 48.9641 39.5 2.4
      vertex 48.9641 39.5 6.4
    endloop
  endfacet
  facet normal -0.751842 -0.659343 0
    outer loop
      vertex 48.6734 39.935 2.4
      vertex 48.3284 40.3284 6.4
      vertex 48.3284 40.3284 2.4
    endloop
  endfacet
  facet normal -0.751842 -0.659343 0
    outer loop
      vertex 48.3284 40.3284 6.4
      vertex 48.6734 39.935 2.4
      vertex 48.6734 39.935 6.4
    endloop
  endfacet
  facet normal -0.659438 -0.751759 0
    outer loop
      vertex 47.9351 40.6734 2.4
      vertex 48.3284 40.3284 6.4
      vertex 47.9351 40.6734 6.4
    endloop
  endfacet
  facet normal -0.659438 -0.751759 -0
    outer loop
      vertex 48.3284 40.3284 6.4
      vertex 47.9351 40.6734 2.4
      vertex 48.3284 40.3284 2.4
    endloop
  endfacet
  facet normal -0.555538 -0.831491 0
    outer loop
      vertex 47.5 40.9641 2.4
      vertex 47.9351 40.6734 6.4
      vertex 47.5 40.9641 6.4
    endloop
  endfacet
  facet normal -0.555538 -0.831491 -0
    outer loop
      vertex 47.9351 40.6734 6.4
      vertex 47.5 40.9641 2.4
      vertex 47.9351 40.6734 2.4
    endloop
  endfacet
  facet normal -0.442238 -0.896898 0
    outer loop
      vertex 47.0307 41.1955 2.4
      vertex 47.5 40.9641 6.4
      vertex 47.0307 41.1955 6.4
    endloop
  endfacet
  facet normal -0.442238 -0.896898 -0
    outer loop
      vertex 47.5 40.9641 6.4
      vertex 47.0307 41.1955 2.4
      vertex 47.5 40.9641 2.4
    endloop
  endfacet
  facet normal -0.321484 -0.946915 0
    outer loop
      vertex 46.7229 41.3 2.4
      vertex 47.0307 41.1955 6.4
      vertex 46.7229 41.3 6.4
    endloop
  endfacet
  facet normal -0.321484 -0.946915 -0
    outer loop
      vertex 47.0307 41.1955 6.4
      vertex 46.7229 41.3 2.4
      vertex 47.0307 41.1955 2.4
    endloop
  endfacet
  facet normal 0 1 -0
    outer loop
      vertex 48 41.3 2.4
      vertex 46.7229 41.3 6.4
      vertex 48 41.3 6.4
    endloop
  endfacet
  facet normal 0 1 0
    outer loop
      vertex 46.7229 41.3 6.4
      vertex 48 41.3 2.4
      vertex 46.7229 41.3 2.4
    endloop
  endfacet
  facet normal 0.0652701 0.997868 -0
    outer loop
      vertex 48.1697 41.2889 2.4
      vertex 48 41.3 6.4
      vertex 48.1697 41.2889 6.4
    endloop
  endfacet
  facet normal 0.0652701 0.997868 0
    outer loop
      vertex 48 41.3 6.4
      vertex 48.1697 41.2889 2.4
      vertex 48 41.3 2.4
    endloop
  endfacet
  facet normal 0.195211 0.980761 -0
    outer loop
      vertex 48.3365 41.2557 2.4
      vertex 48.1697 41.2889 6.4
      vertex 48.3365 41.2557 6.4
    endloop
  endfacet
  facet normal 0.195211 0.980761 0
    outer loop
      vertex 48.1697 41.2889 6.4
      vertex 48.3365 41.2557 2.4
      vertex 48.1697 41.2889 2.4
    endloop
  endfacet
  facet normal 0.321692 0.946844 -0
    outer loop
      vertex 48.4975 41.201 2.4
      vertex 48.3365 41.2557 6.4
      vertex 48.4975 41.201 6.4
    endloop
  endfacet
  facet normal 0.321692 0.946844 0
    outer loop
      vertex 48.3365 41.2557 6.4
      vertex 48.4975 41.201 2.4
      vertex 48.3365 41.2557 2.4
    endloop
  endfacet
  facet normal 0.442267 0.896884 -0
    outer loop
      vertex 48.65 41.1258 2.4
      vertex 48.4975 41.201 6.4
      vertex 48.65 41.1258 6.4
    endloop
  endfacet
  facet normal 0.442267 0.896884 0
    outer loop
      vertex 48.4975 41.201 6.4
      vertex 48.65 41.1258 2.4
      vertex 48.4975 41.201 2.4
    endloop
  endfacet
  facet normal 0.555243 0.831688 -0
    outer loop
      vertex 48.7914 41.0314 2.4
      vertex 48.65 41.1258 6.4
      vertex 48.7914 41.0314 6.4
    endloop
  endfacet
  facet normal 0.555243 0.831688 0
    outer loop
      vertex 48.65 41.1258 6.4
      vertex 48.7914 41.0314 2.4
      vertex 48.65 41.1258 2.4
    endloop
  endfacet
  facet normal 0.659753 0.751483 -0
    outer loop
      vertex 48.9192 40.9192 2.4
      vertex 48.7914 41.0314 6.4
      vertex 48.9192 40.9192 6.4
    endloop
  endfacet
  facet normal 0.659753 0.751483 0
    outer loop
      vertex 48.7914 41.0314 6.4
      vertex 48.9192 40.9192 2.4
      vertex 48.7914 41.0314 2.4
    endloop
  endfacet
  facet normal 0.751483 0.659753 0
    outer loop
      vertex 49.0314 40.7914 6.4
      vertex 48.9192 40.9192 2.4
      vertex 48.9192 40.9192 6.4
    endloop
  endfacet
  facet normal 0.751483 0.659753 0
    outer loop
      vertex 48.9192 40.9192 2.4
      vertex 49.0314 40.7914 6.4
      vertex 49.0314 40.7914 2.4
    endloop
  endfacet
  facet normal 0.831688 0.555243 0
    outer loop
      vertex 49.1258 40.65 6.4
      vertex 49.0314 40.7914 2.4
      vertex 49.0314 40.7914 6.4
    endloop
  endfacet
  facet normal 0.831688 0.555243 0
    outer loop
      vertex 49.0314 40.7914 2.4
      vertex 49.1258 40.65 6.4
      vertex 49.1258 40.65 2.4
    endloop
  endfacet
  facet normal 0.896884 0.442267 0
    outer loop
      vertex 49.201 40.4975 6.4
      vertex 49.1258 40.65 2.4
      vertex 49.1258 40.65 6.4
    endloop
  endfacet
  facet normal 0.896884 0.442267 0
    outer loop
      vertex 49.1258 40.65 2.4
      vertex 49.201 40.4975 6.4
      vertex 49.201 40.4975 2.4
    endloop
  endfacet
  facet normal 0.946844 0.321692 0
    outer loop
      vertex 49.2557 40.3365 6.4
      vertex 49.201 40.4975 2.4
      vertex 49.201 40.4975 6.4
    endloop
  endfacet
  facet normal 0.946844 0.321692 0
    outer loop
      vertex 49.201 40.4975 2.4
      vertex 49.2557 40.3365 6.4
      vertex 49.2557 40.3365 2.4
    endloop
  endfacet
  facet normal 0.980761 0.195211 0
    outer loop
      vertex 49.2889 40.1697 6.4
      vertex 49.2557 40.3365 2.4
      vertex 49.2557 40.3365 6.4
    endloop
  endfacet
  facet normal 0.980761 0.195211 0
    outer loop
      vertex 49.2557 40.3365 2.4
      vertex 49.2889 40.1697 6.4
      vertex 49.2889 40.1697 2.4
    endloop
  endfacet
  facet normal 0.997868 0.0652701 0
    outer loop
      vertex 49.3 40 6.4
      vertex 49.2889 40.1697 2.4
      vertex 49.2889 40.1697 6.4
    endloop
  endfacet
  facet normal 0.997868 0.0652701 0
    outer loop
      vertex 49.2889 40.1697 2.4
      vertex 49.3 40 6.4
      vertex 49.3 40 2.4
    endloop
  endfacet
  facet normal 1 -0 0
    outer loop
      vertex 49.3 38.7229 6.4
      vertex 49.3 40 2.4
      vertex 49.3 40 6.4
    endloop
  endfacet
  facet normal 1 0 0
    outer loop
      vertex 49.3 40 2.4
      vertex 49.3 38.7229 6.4
      vertex 49.3 38.7229 2.4
    endloop
  endfacet
  facet normal -0.946915 -0.321484 0
    outer loop
      vertex 49.3 38.7229 2.4
      vertex 49.1955 39.0307 6.4
      vertex 49.1955 39.0307 2.4
    endloop
  endfacet
  facet normal -0.946915 -0.321484 0
    outer loop
      vertex 49.1955 39.0307 6.4
      vertex 49.3 38.7229 2.4
      vertex 49.3 38.7229 6.4
    endloop
  endfacet
  facet normal -0.751852 -0.659332 0
    outer loop
      vertex 9.67342 39.935 2.4
      vertex 9.32843 40.3284 6.4
      vertex 9.32843 40.3284 2.4
    endloop
  endfacet
  facet normal -0.751852 -0.659332 0
    outer loop
      vertex 9.32843 40.3284 6.4
      vertex 9.67342 39.935 2.4
      vertex 9.67342 39.935 6.4
    endloop
  endfacet
  facet normal -0.659371 -0.751817 0
    outer loop
      vertex 8.93506 40.6734 2.4
      vertex 9.32843 40.3284 6.4
      vertex 8.93506 40.6734 6.4
    endloop
  endfacet
  facet normal -0.659371 -0.751817 -0
    outer loop
      vertex 9.32843 40.3284 6.4
      vertex 8.93506 40.6734 2.4
      vertex 9.32843 40.3284 2.4
    endloop
  endfacet
  facet normal -0.555573 -0.831468 0
    outer loop
      vertex 8.5 40.9641 2.4
      vertex 8.93506 40.6734 6.4
      vertex 8.5 40.9641 6.4
    endloop
  endfacet
  facet normal -0.555573 -0.831468 -0
    outer loop
      vertex 8.93506 40.6734 6.4
      vertex 8.5 40.9641 2.4
      vertex 8.93506 40.6734 2.4
    endloop
  endfacet
  facet normal -0.442276 -0.896879 0
    outer loop
      vertex 8.03075 41.1955 2.4
      vertex 8.5 40.9641 6.4
      vertex 8.03075 41.1955 6.4
    endloop
  endfacet
  facet normal -0.442276 -0.896879 -0
    outer loop
      vertex 8.5 40.9641 6.4
      vertex 8.03075 41.1955 2.4
      vertex 8.5 40.9641 2.4
    endloop
  endfacet
  facet normal -0.321455 -0.946925 0
    outer loop
      vertex 7.72292 41.3 2.4
      vertex 8.03075 41.1955 6.4
      vertex 7.72292 41.3 6.4
    endloop
  endfacet
  facet normal -0.321455 -0.946925 -0
    outer loop
      vertex 8.03075 41.1955 6.4
      vertex 7.72292 41.3 2.4
      vertex 8.03075 41.1955 2.4
    endloop
  endfacet
  facet normal 0 1 -0
    outer loop
      vertex 44.2771 41.3 2.4
      vertex 7.72292 41.3 6.4
      vertex 44.2771 41.3 6.4
    endloop
  endfacet
  facet normal 0 1 0
    outer loop
      vertex 7.72292 41.3 6.4
      vertex 44.2771 41.3 2.4
      vertex 7.72292 41.3 2.4
    endloop
  endfacet
  facet normal 0.321484 -0.946915 0
    outer loop
      vertex 43.9693 41.1955 2.4
      vertex 44.2771 41.3 6.4
      vertex 43.9693 41.1955 6.4
    endloop
  endfacet
  facet normal 0.321484 -0.946915 0
    outer loop
      vertex 44.2771 41.3 6.4
      vertex 43.9693 41.1955 2.4
      vertex 44.2771 41.3 2.4
    endloop
  endfacet
  facet normal 0.442238 -0.896898 0
    outer loop
      vertex 43.5 40.9641 2.4
      vertex 43.9693 41.1955 6.4
      vertex 43.5 40.9641 6.4
    endloop
  endfacet
  facet normal 0.442238 -0.896898 0
    outer loop
      vertex 43.9693 41.1955 6.4
      vertex 43.5 40.9641 2.4
      vertex 43.9693 41.1955 2.4
    endloop
  endfacet
  facet normal 0.555626 -0.831432 0
    outer loop
      vertex 43.065 40.6734 2.4
      vertex 43.5 40.9641 6.4
      vertex 43.065 40.6734 6.4
    endloop
  endfacet
  facet normal 0.555626 -0.831432 0
    outer loop
      vertex 43.5 40.9641 6.4
      vertex 43.065 40.6734 2.4
      vertex 43.5 40.9641 2.4
    endloop
  endfacet
  facet normal 0.659343 -0.751842 0
    outer loop
      vertex 42.6716 40.3284 2.4
      vertex 43.065 40.6734 6.4
      vertex 42.6716 40.3284 6.4
    endloop
  endfacet
  facet normal 0.659343 -0.751842 0
    outer loop
      vertex 43.065 40.6734 6.4
      vertex 42.6716 40.3284 2.4
      vertex 43.065 40.6734 2.4
    endloop
  endfacet
  facet normal 0.751842 -0.659343 0
    outer loop
      vertex 42.3266 39.935 6.4
      vertex 42.6716 40.3284 2.4
      vertex 42.6716 40.3284 6.4
    endloop
  endfacet
  facet normal 0.751842 -0.659343 0
    outer loop
      vertex 42.6716 40.3284 2.4
      vertex 42.3266 39.935 6.4
      vertex 42.3266 39.935 2.4
    endloop
  endfacet
  facet normal 0.831342 -0.555761 0
    outer loop
      vertex 42.1695 39.7 6.4
      vertex 42.3266 39.935 2.4
      vertex 42.3266 39.935 6.4
    endloop
  endfacet
  facet normal 0.831342 -0.555761 0
    outer loop
      vertex 42.3266 39.935 2.4
      vertex 42.1695 39.7 6.4
      vertex 42.1695 39.7 2.4
    endloop
  endfacet
  facet normal 0 -1 0
    outer loop
      vertex 9.83049 39.7 2.4
      vertex 42.1695 39.7 6.4
      vertex 9.83049 39.7 6.4
    endloop
  endfacet
  facet normal 0 -1 -0
    outer loop
      vertex 42.1695 39.7 6.4
      vertex 9.83049 39.7 2.4
      vertex 42.1695 39.7 2.4
    endloop
  endfacet
  facet normal -0.831391 -0.555688 0
    outer loop
      vertex 9.83049 39.7 2.4
      vertex 9.67342 39.935 6.4
      vertex 9.67342 39.935 2.4
    endloop
  endfacet
  facet normal -0.831391 -0.555688 0
    outer loop
      vertex 9.67342 39.935 6.4
      vertex 9.83049 39.7 2.4
      vertex 9.83049 39.7 6.4
    endloop
  endfacet
  facet normal -0.99786 0.0653872 0
    outer loop
      vertex 2.7 40 2.4
      vertex 2.71112 40.1697 6.4
      vertex 2.71112 40.1697 2.4
    endloop
  endfacet
  facet normal -0.99786 0.0653872 0
    outer loop
      vertex 2.71112 40.1697 6.4
      vertex 2.7 40 2.4
      vertex 2.7 40 6.4
    endloop
  endfacet
  facet normal -0.980795 0.195042 0
    outer loop
      vertex 2.71112 40.1697 2.4
      vertex 2.74429 40.3365 6.4
      vertex 2.74429 40.3365 2.4
    endloop
  endfacet
  facet normal -0.980795 0.195042 0
    outer loop
      vertex 2.74429 40.3365 6.4
      vertex 2.71112 40.1697 2.4
      vertex 2.71112 40.1697 6.4
    endloop
  endfacet
  facet normal -0.946916 0.321481 0
    outer loop
      vertex 2.74429 40.3365 2.4
      vertex 2.79895 40.4975 6.4
      vertex 2.79895 40.4975 2.4
    endloop
  endfacet
  facet normal -0.946916 0.321481 0
    outer loop
      vertex 2.79895 40.4975 6.4
      vertex 2.74429 40.3365 2.4
      vertex 2.74429 40.3365 6.4
    endloop
  endfacet
  facet normal -0.89686 0.442314 0
    outer loop
      vertex 2.79895 40.4975 2.4
      vertex 2.87416 40.65 6.4
      vertex 2.87416 40.65 2.4
    endloop
  endfacet
  facet normal -0.89686 0.442314 0
    outer loop
      vertex 2.87416 40.65 6.4
      vertex 2.79895 40.4975 2.4
      vertex 2.79895 40.4975 6.4
    endloop
  endfacet
  facet normal -0.831471 0.555568 0
    outer loop
      vertex 2.87416 40.65 2.4
      vertex 2.96864 40.7914 6.4
      vertex 2.96864 40.7914 2.4
    endloop
  endfacet
  facet normal -0.831471 0.555568 0
    outer loop
      vertex 2.96864 40.7914 6.4
      vertex 2.87416 40.65 2.4
      vertex 2.87416 40.65 6.4
    endloop
  endfacet
  facet normal -0.751716 0.659487 0
    outer loop
      vertex 2.96864 40.7914 2.4
      vertex 3.08076 40.9192 6.4
      vertex 3.08076 40.9192 2.4
    endloop
  endfacet
  facet normal -0.751716 0.659487 0
    outer loop
      vertex 3.08076 40.9192 6.4
      vertex 2.96864 40.7914 2.4
      vertex 2.96864 40.7914 6.4
    endloop
  endfacet
  facet normal -0.659636 0.751585 0
    outer loop
      vertex 3.2086 41.0314 2.4
      vertex 3.08076 40.9192 6.4
      vertex 3.2086 41.0314 6.4
    endloop
  endfacet
  facet normal -0.659636 0.751585 0
    outer loop
      vertex 3.08076 40.9192 6.4
      vertex 3.2086 41.0314 2.4
      vertex 3.08076 40.9192 2.4
    endloop
  endfacet
  facet normal -0.555216 0.831706 0
    outer loop
      vertex 3.35001 41.1258 2.4
      vertex 3.2086 41.0314 6.4
      vertex 3.35001 41.1258 6.4
    endloop
  endfacet
  facet normal -0.555216 0.831706 0
    outer loop
      vertex 3.2086 41.0314 6.4
      vertex 3.35001 41.1258 2.4
      vertex 3.2086 41.0314 2.4
    endloop
  endfacet
  facet normal -0.442243 0.896895 0
    outer loop
      vertex 3.50252 41.201 2.4
      vertex 3.35001 41.1258 6.4
      vertex 3.50252 41.201 6.4
    endloop
  endfacet
  facet normal -0.442243 0.896895 0
    outer loop
      vertex 3.35001 41.1258 6.4
      vertex 3.50252 41.201 2.4
      vertex 3.35001 41.1258 2.4
    endloop
  endfacet
  facet normal -0.321674 0.946851 0
    outer loop
      vertex 3.66353 41.2557 2.4
      vertex 3.50252 41.201 6.4
      vertex 3.66353 41.2557 6.4
    endloop
  endfacet
  facet normal -0.321674 0.946851 0
    outer loop
      vertex 3.50252 41.201 6.4
      vertex 3.66353 41.2557 2.4
      vertex 3.50252 41.201 2.4
    endloop
  endfacet
  facet normal -0.195223 0.980759 0
    outer loop
      vertex 3.83032 41.2889 2.4
      vertex 3.66353 41.2557 6.4
      vertex 3.83032 41.2889 6.4
    endloop
  endfacet
  facet normal -0.195223 0.980759 0
    outer loop
      vertex 3.66353 41.2557 6.4
      vertex 3.83032 41.2889 2.4
      vertex 3.66353 41.2557 2.4
    endloop
  endfacet
  facet normal -0.0652777 0.997867 0
    outer loop
      vertex 4 41.3 2.4
      vertex 3.83032 41.2889 6.4
      vertex 4 41.3 6.4
    endloop
  endfacet
  facet normal -0.0652777 0.997867 0
    outer loop
      vertex 3.83032 41.2889 6.4
      vertex 4 41.3 2.4
      vertex 3.83032 41.2889 2.4
    endloop
  endfacet
  facet normal 0 1 -0
    outer loop
      vertex 5.2771 41.3 2.4
      vertex 4 41.3 6.4
      vertex 5.2771 41.3 6.4
    endloop
  endfacet
  facet normal 0 1 0
    outer loop
      vertex 4 41.3 6.4
      vertex 5.2771 41.3 2.4
      vertex 4 41.3 2.4
    endloop
  endfacet
  facet normal 0.321455 -0.946925 0
    outer loop
      vertex 4.96927 41.1955 2.4
      vertex 5.2771 41.3 6.4
      vertex 4.96927 41.1955 6.4
    endloop
  endfacet
  facet normal 0.321455 -0.946925 0
    outer loop
      vertex 5.2771 41.3 6.4
      vertex 4.96927 41.1955 2.4
      vertex 5.2771 41.3 2.4
    endloop
  endfacet
  facet normal 0.44226 -0.896887 0
    outer loop
      vertex 4.5 40.9641 2.4
      vertex 4.96927 41.1955 6.4
      vertex 4.5 40.9641 6.4
    endloop
  endfacet
  facet normal 0.44226 -0.896887 0
    outer loop
      vertex 4.96927 41.1955 6.4
      vertex 4.5 40.9641 2.4
      vertex 4.96927 41.1955 2.4
    endloop
  endfacet
  facet normal 0.555591 -0.831456 0
    outer loop
      vertex 4.06496 40.6734 2.4
      vertex 4.5 40.9641 6.4
      vertex 4.06496 40.6734 6.4
    endloop
  endfacet
  facet normal 0.555591 -0.831456 0
    outer loop
      vertex 4.5 40.9641 6.4
      vertex 4.06496 40.6734 2.4
      vertex 4.5 40.9641 2.4
    endloop
  endfacet
  facet normal 0.659371 -0.751817 0
    outer loop
      vertex 3.67159 40.3284 2.4
      vertex 4.06496 40.6734 6.4
      vertex 3.67159 40.3284 6.4
    endloop
  endfacet
  facet normal 0.659371 -0.751817 0
    outer loop
      vertex 4.06496 40.6734 6.4
      vertex 3.67159 40.3284 2.4
      vertex 4.06496 40.6734 2.4
    endloop
  endfacet
  facet normal 0.751852 -0.659332 0
    outer loop
      vertex 3.3266 39.935 6.4
      vertex 3.67159 40.3284 2.4
      vertex 3.67159 40.3284 6.4
    endloop
  endfacet
  facet normal 0.751852 -0.659332 0
    outer loop
      vertex 3.67159 40.3284 2.4
      vertex 3.3266 39.935 6.4
      vertex 3.3266 39.935 2.4
    endloop
  endfacet
  facet normal 0.831432 -0.555626 0
    outer loop
      vertex 3.0359 39.5 6.4
      vertex 3.3266 39.935 2.4
      vertex 3.3266 39.935 6.4
    endloop
  endfacet
  facet normal 0.831432 -0.555626 0
    outer loop
      vertex 3.3266 39.935 2.4
      vertex 3.0359 39.5 6.4
      vertex 3.0359 39.5 2.4
    endloop
  endfacet
  facet normal 0.89689 -0.442253 0
    outer loop
      vertex 2.80449 39.0307 6.4
      vertex 3.0359 39.5 2.4
      vertex 3.0359 39.5 6.4
    endloop
  endfacet
  facet normal 0.89689 -0.442253 0
    outer loop
      vertex 3.0359 39.5 2.4
      vertex 2.80449 39.0307 6.4
      vertex 2.80449 39.0307 2.4
    endloop
  endfacet
  facet normal 0.946925 -0.321456 0
    outer loop
      vertex 2.7 38.7229 6.4
      vertex 2.80449 39.0307 2.4
      vertex 2.80449 39.0307 6.4
    endloop
  endfacet
  facet normal 0.946925 -0.321456 0
    outer loop
      vertex 2.80449 39.0307 2.4
      vertex 2.7 38.7229 6.4
      vertex 2.7 38.7229 2.4
    endloop
  endfacet
  facet normal -1 0 0
    outer loop
      vertex 2.7 38.7229 2.4
      vertex 2.7 40 6.4
      vertex 2.7 40 2.4
    endloop
  endfacet
  facet normal -1 -0 0
    outer loop
      vertex 2.7 40 6.4
      vertex 2.7 38.7229 2.4
      vertex 2.7 38.7229 6.4
    endloop
  endfacet
  facet normal 0.946925 0.321456 0
    outer loop
      vertex 2.80449 35.9693 6.4
      vertex 2.7 36.2771 2.4
      vertex 2.7 36.2771 6.4
    endloop
  endfacet
  facet normal 0.946925 0.321456 0
    outer loop
      vertex 2.7 36.2771 2.4
      vertex 2.80449 35.9693 6.4
      vertex 2.80449 35.9693 2.4
    endloop
  endfacet
  facet normal 0.89689 0.442253 0
    outer loop
      vertex 3.0359 35.5 6.4
      vertex 2.80449 35.9693 2.4
      vertex 2.80449 35.9693 6.4
    endloop
  endfacet
  facet normal 0.89689 0.442253 0
    outer loop
      vertex 2.80449 35.9693 2.4
      vertex 3.0359 35.5 6.4
      vertex 3.0359 35.5 2.4
    endloop
  endfacet
  facet normal 0.831491 0.555538 0
    outer loop
      vertex 3.3266 35.0649 6.4
      vertex 3.0359 35.5 2.4
      vertex 3.0359 35.5 6.4
    endloop
  endfacet
  facet normal 0.831491 0.555538 0
    outer loop
      vertex 3.0359 35.5 2.4
      vertex 3.3266 35.0649 6.4
      vertex 3.3266 35.0649 2.4
    endloop
  endfacet
  facet normal 0.751769 0.659427 0
    outer loop
      vertex 3.67159 34.6716 6.4
      vertex 3.3266 35.0649 2.4
      vertex 3.3266 35.0649 6.4
    endloop
  endfacet
  facet normal 0.751769 0.659427 0
    outer loop
      vertex 3.3266 35.0649 2.4
      vertex 3.67159 34.6716 6.4
      vertex 3.67159 34.6716 2.4
    endloop
  endfacet
  facet normal 0.659371 0.751817 -0
    outer loop
      vertex 4.06496 34.3266 2.4
      vertex 3.67159 34.6716 6.4
      vertex 4.06496 34.3266 6.4
    endloop
  endfacet
  facet normal 0.659371 0.751817 0
    outer loop
      vertex 3.67159 34.6716 6.4
      vertex 4.06496 34.3266 2.4
      vertex 3.67159 34.6716 2.4
    endloop
  endfacet
  facet normal 0.555663 0.831408 -0
    outer loop
      vertex 4.30002 34.1695 2.4
      vertex 4.06496 34.3266 6.4
      vertex 4.30002 34.1695 6.4
    endloop
  endfacet
  facet normal 0.555663 0.831408 0
    outer loop
      vertex 4.06496 34.3266 6.4
      vertex 4.30002 34.1695 2.4
      vertex 4.06496 34.3266 2.4
    endloop
  endfacet
  facet normal 1 -0 0
    outer loop
      vertex 4.30002 9.83047 6.4
      vertex 4.30002 34.1695 2.4
      vertex 4.30002 34.1695 6.4
    endloop
  endfacet
  facet normal 1 0 0
    outer loop
      vertex 4.30002 34.1695 2.4
      vertex 4.30002 9.83047 6.4
      vertex 4.30002 9.83047 2.4
    endloop
  endfacet
  facet normal 0.55559 -0.831457 0
    outer loop
      vertex 4.06496 9.6734 2.4
      vertex 4.30002 9.83047 6.4
      vertex 4.06496 9.6734 6.4
    endloop
  endfacet
  facet normal 0.55559 -0.831457 0
    outer loop
      vertex 4.30002 9.83047 6.4
      vertex 4.06496 9.6734 2.4
      vertex 4.30002 9.83047 2.4
    endloop
  endfacet
  facet normal 0.659361 -0.751827 0
    outer loop
      vertex 3.67159 9.32841 2.4
      vertex 4.06496 9.6734 6.4
      vertex 3.67159 9.32841 6.4
    endloop
  endfacet
  facet normal 0.659361 -0.751827 0
    outer loop
      vertex 4.06496 9.6734 6.4
      vertex 3.67159 9.32841 2.4
      vertex 4.06496 9.6734 2.4
    endloop
  endfacet
  facet normal 0.751827 -0.659361 0
    outer loop
      vertex 3.3266 8.93504 6.4
      vertex 3.67159 9.32841 2.4
      vertex 3.67159 9.32841 6.4
    endloop
  endfacet
  facet normal 0.751827 -0.659361 0
    outer loop
      vertex 3.67159 9.32841 2.4
      vertex 3.3266 8.93504 6.4
      vertex 3.3266 8.93504 2.4
    endloop
  endfacet
  facet normal 0.831456 -0.555591 0
    outer loop
      vertex 3.0359 8.5 6.4
      vertex 3.3266 8.93504 2.4
      vertex 3.3266 8.93504 6.4
    endloop
  endfacet
  facet normal 0.831456 -0.555591 0
    outer loop
      vertex 3.3266 8.93504 2.4
      vertex 3.0359 8.5 6.4
      vertex 3.0359 8.5 2.4
    endloop
  endfacet
  facet normal 0.896879 -0.442276 0
    outer loop
      vertex 2.80449 8.03073 6.4
      vertex 3.0359 8.5 2.4
      vertex 3.0359 8.5 6.4
    endloop
  endfacet
  facet normal 0.896879 -0.442276 0
    outer loop
      vertex 3.0359 8.5 2.4
      vertex 2.80449 8.03073 6.4
      vertex 2.80449 8.03073 2.4
    endloop
  endfacet
  facet normal 0.946934 -0.321428 0
    outer loop
      vertex 2.7 7.7229 6.4
      vertex 2.80449 8.03073 2.4
      vertex 2.80449 8.03073 6.4
    endloop
  endfacet
  facet normal 0.946934 -0.321428 0
    outer loop
      vertex 2.80449 8.03073 2.4
      vertex 2.7 7.7229 6.4
      vertex 2.7 7.7229 2.4
    endloop
  endfacet
  facet normal -1 0 0
    outer loop
      vertex 2.7 7.7229 2.4
      vertex 2.7 36.2771 6.4
      vertex 2.7 36.2771 2.4
    endloop
  endfacet
  facet normal -1 -0 0
    outer loop
      vertex 2.7 36.2771 6.4
      vertex 2.7 7.7229 2.4
      vertex 2.7 7.7229 6.4
    endloop
  endfacet
  facet normal -0.896887 -0.44226 0
    outer loop
      vertex 49.1955 8.03073 2.4
      vertex 48.9641 8.5 6.4
      vertex 48.9641 8.5 2.4
    endloop
  endfacet
  facet normal -0.896887 -0.44226 0
    outer loop
      vertex 48.9641 8.5 6.4
      vertex 49.1955 8.03073 2.4
      vertex 49.1955 8.03073 6.4
    endloop
  endfacet
  facet normal -0.831456 -0.555591 0
    outer loop
      vertex 48.9641 8.5 2.4
      vertex 48.6734 8.93504 6.4
      vertex 48.6734 8.93504 2.4
    endloop
  endfacet
  facet normal -0.831456 -0.555591 0
    outer loop
      vertex 48.6734 8.93504 6.4
      vertex 48.9641 8.5 2.4
      vertex 48.9641 8.5 6.4
    endloop
  endfacet
  facet normal -0.751817 -0.659371 0
    outer loop
      vertex 48.6734 8.93504 2.4
      vertex 48.3284 9.32841 6.4
      vertex 48.3284 9.32841 2.4
    endloop
  endfacet
  facet normal -0.751817 -0.659371 0
    outer loop
      vertex 48.3284 9.32841 6.4
      vertex 48.6734 8.93504 2.4
      vertex 48.6734 8.93504 6.4
    endloop
  endfacet
  facet normal -0.659427 -0.751769 0
    outer loop
      vertex 47.9351 9.6734 2.4
      vertex 48.3284 9.32841 6.4
      vertex 47.9351 9.6734 6.4
    endloop
  endfacet
  facet normal -0.659427 -0.751769 -0
    outer loop
      vertex 48.3284 9.32841 6.4
      vertex 47.9351 9.6734 2.4
      vertex 48.3284 9.32841 2.4
    endloop
  endfacet
  facet normal -0.5555 -0.831517 0
    outer loop
      vertex 47.7 9.83046 2.4
      vertex 47.9351 9.6734 6.4
      vertex 47.7 9.83046 6.4
    endloop
  endfacet
  facet normal -0.5555 -0.831517 -0
    outer loop
      vertex 47.9351 9.6734 6.4
      vertex 47.7 9.83046 2.4
      vertex 47.9351 9.6734 2.4
    endloop
  endfacet
  facet normal -1 0 0
    outer loop
      vertex 47.7 9.83046 2.4
      vertex 47.7 34.1695 6.4
      vertex 47.7 34.1695 2.4
    endloop
  endfacet
  facet normal -1 -0 0
    outer loop
      vertex 47.7 34.1695 6.4
      vertex 47.7 9.83046 2.4
      vertex 47.7 9.83046 6.4
    endloop
  endfacet
  facet normal -0.555598 0.831451 0
    outer loop
      vertex 47.9351 34.3266 2.4
      vertex 47.7 34.1695 6.4
      vertex 47.9351 34.3266 6.4
    endloop
  endfacet
  facet normal -0.555598 0.831451 0
    outer loop
      vertex 47.7 34.1695 6.4
      vertex 47.9351 34.3266 2.4
      vertex 47.7 34.1695 2.4
    endloop
  endfacet
  facet normal -0.659438 0.751759 0
    outer loop
      vertex 48.3284 34.6716 2.4
      vertex 47.9351 34.3266 6.4
      vertex 48.3284 34.6716 6.4
    endloop
  endfacet
  facet normal -0.659438 0.751759 0
    outer loop
      vertex 47.9351 34.3266 6.4
      vertex 48.3284 34.6716 2.4
      vertex 47.9351 34.3266 2.4
    endloop
  endfacet
  facet normal -0.751759 0.659438 0
    outer loop
      vertex 48.3284 34.6716 2.4
      vertex 48.6734 35.0649 6.4
      vertex 48.6734 35.0649 2.4
    endloop
  endfacet
  facet normal -0.751759 0.659438 0
    outer loop
      vertex 48.6734 35.0649 6.4
      vertex 48.3284 34.6716 2.4
      vertex 48.3284 34.6716 6.4
    endloop
  endfacet
  facet normal -0.831491 0.555538 0
    outer loop
      vertex 48.6734 35.0649 2.4
      vertex 48.9641 35.5 6.4
      vertex 48.9641 35.5 2.4
    endloop
  endfacet
  facet normal -0.831491 0.555538 0
    outer loop
      vertex 48.9641 35.5 6.4
      vertex 48.6734 35.0649 2.4
      vertex 48.6734 35.0649 6.4
    endloop
  endfacet
  facet normal -0.896898 0.442238 0
    outer loop
      vertex 48.9641 35.5 2.4
      vertex 49.1955 35.9693 6.4
      vertex 49.1955 35.9693 2.4
    endloop
  endfacet
  facet normal -0.896898 0.442238 0
    outer loop
      vertex 49.1955 35.9693 6.4
      vertex 48.9641 35.5 2.4
      vertex 48.9641 35.5 6.4
    endloop
  endfacet
  facet normal -0.946883 0.321577 0
    outer loop
      vertex 49.1955 35.9693 2.4
      vertex 49.3 36.277 6.4
      vertex 49.3 36.277 2.4
    endloop
  endfacet
  facet normal -0.946883 0.321577 0
    outer loop
      vertex 49.3 36.277 6.4
      vertex 49.1955 35.9693 2.4
      vertex 49.1955 35.9693 6.4
    endloop
  endfacet
  facet normal 1 -0 0
    outer loop
      vertex 49.3 7.72295 6.4
      vertex 49.3 36.277 2.4
      vertex 49.3 36.277 6.4
    endloop
  endfacet
  facet normal 1 0 0
    outer loop
      vertex 49.3 36.277 2.4
      vertex 49.3 7.72295 6.4
      vertex 49.3 7.72295 2.4
    endloop
  endfacet
  facet normal -0.946909 -0.321502 0
    outer loop
      vertex 49.3 7.72295 2.4
      vertex 49.1955 8.03073 6.4
      vertex 49.1955 8.03073 2.4
    endloop
  endfacet
  facet normal -0.946909 -0.321502 0
    outer loop
      vertex 49.1955 8.03073 6.4
      vertex 49.3 7.72295 2.4
      vertex 49.3 7.72295 6.4
    endloop
  endfacet
  facet normal -0.195053 -0.980793 0
    outer loop
      vertex 3.66353 2.74429 2.4
      vertex 3.83032 2.71112 6.4
      vertex 3.66353 2.74429 6.4
    endloop
  endfacet
  facet normal -0.195053 -0.980793 -0
    outer loop
      vertex 3.83032 2.71112 6.4
      vertex 3.66353 2.74429 2.4
      vertex 3.83032 2.71112 2.4
    endloop
  endfacet
  facet normal -0.321463 -0.946922 0
    outer loop
      vertex 3.50252 2.79895 2.4
      vertex 3.66353 2.74429 6.4
      vertex 3.50252 2.79895 6.4
    endloop
  endfacet
  facet normal -0.321463 -0.946922 -0
    outer loop
      vertex 3.66353 2.74429 6.4
      vertex 3.50252 2.79895 2.4
      vertex 3.66353 2.74429 2.4
    endloop
  endfacet
  facet normal -0.442291 -0.896872 0
    outer loop
      vertex 3.35001 2.87416 2.4
      vertex 3.50252 2.79895 6.4
      vertex 3.35001 2.87416 6.4
    endloop
  endfacet
  facet normal -0.442291 -0.896872 -0
    outer loop
      vertex 3.50252 2.79895 6.4
      vertex 3.35001 2.87416 2.4
      vertex 3.50252 2.79895 2.4
    endloop
  endfacet
  facet normal -0.555541 -0.831489 0
    outer loop
      vertex 3.2086 2.96864 2.4
      vertex 3.35001 2.87416 6.4
      vertex 3.2086 2.96864 6.4
    endloop
  endfacet
  facet normal -0.555541 -0.831489 -0
    outer loop
      vertex 3.35001 2.87416 6.4
      vertex 3.2086 2.96864 2.4
      vertex 3.35001 2.87416 2.4
    endloop
  endfacet
  facet normal -0.65937 -0.751818 0
    outer loop
      vertex 3.08076 3.08076 2.4
      vertex 3.2086 2.96864 6.4
      vertex 3.08076 3.08076 6.4
    endloop
  endfacet
  facet normal -0.65937 -0.751818 -0
    outer loop
      vertex 3.2086 2.96864 6.4
      vertex 3.08076 3.08076 2.4
      vertex 3.2086 2.96864 2.4
    endloop
  endfacet
  facet normal -0.751818 -0.65937 0
    outer loop
      vertex 3.08076 3.08076 2.4
      vertex 2.96864 3.2086 6.4
      vertex 2.96864 3.2086 2.4
    endloop
  endfacet
  facet normal -0.751818 -0.65937 0
    outer loop
      vertex 2.96864 3.2086 6.4
      vertex 3.08076 3.08076 2.4
      vertex 3.08076 3.08076 6.4
    endloop
  endfacet
  facet normal -0.831489 -0.555541 0
    outer loop
      vertex 2.96864 3.2086 2.4
      vertex 2.87416 3.35001 6.4
      vertex 2.87416 3.35001 2.4
    endloop
  endfacet
  facet normal -0.831489 -0.555541 0
    outer loop
      vertex 2.87416 3.35001 6.4
      vertex 2.96864 3.2086 2.4
      vertex 2.96864 3.2086 6.4
    endloop
  endfacet
  facet normal -0.896872 -0.442291 0
    outer loop
      vertex 2.87416 3.35001 2.4
      vertex 2.79895 3.50252 6.4
      vertex 2.79895 3.50252 2.4
    endloop
  endfacet
  facet normal -0.896872 -0.442291 0
    outer loop
      vertex 2.79895 3.50252 6.4
      vertex 2.87416 3.35001 2.4
      vertex 2.87416 3.35001 6.4
    endloop
  endfacet
  facet normal -0.946922 -0.321463 0
    outer loop
      vertex 2.79895 3.50252 2.4
      vertex 2.74429 3.66353 6.4
      vertex 2.74429 3.66353 2.4
    endloop
  endfacet
  facet normal -0.946922 -0.321463 0
    outer loop
      vertex 2.74429 3.66353 6.4
      vertex 2.79895 3.50252 2.4
      vertex 2.79895 3.50252 6.4
    endloop
  endfacet
  facet normal -0.980793 -0.195053 0
    outer loop
      vertex 2.74429 3.66353 2.4
      vertex 2.71112 3.83032 6.4
      vertex 2.71112 3.83032 2.4
    endloop
  endfacet
  facet normal -0.980793 -0.195053 0
    outer loop
      vertex 2.71112 3.83032 6.4
      vertex 2.74429 3.66353 2.4
      vertex 2.74429 3.66353 6.4
    endloop
  endfacet
  facet normal -0.997859 -0.0653948 0
    outer loop
      vertex 2.71112 3.83032 2.4
      vertex 2.7 4 6.4
      vertex 2.7 4 2.4
    endloop
  endfacet
  facet normal -0.997859 -0.0653948 0
    outer loop
      vertex 2.7 4 6.4
      vertex 2.71112 3.83032 2.4
      vertex 2.71112 3.83032 6.4
    endloop
  endfacet
  facet normal -1 0 0
    outer loop
      vertex 2.7 4 2.4
      vertex 2.7 5.27708 6.4
      vertex 2.7 5.27708 2.4
    endloop
  endfacet
  facet normal -1 -0 0
    outer loop
      vertex 2.7 5.27708 6.4
      vertex 2.7 4 2.4
      vertex 2.7 4 6.4
    endloop
  endfacet
  facet normal 0.946934 0.321428 0
    outer loop
      vertex 2.80449 4.96925 6.4
      vertex 2.7 5.27708 2.4
      vertex 2.7 5.27708 6.4
    endloop
  endfacet
  facet normal 0.946934 0.321428 0
    outer loop
      vertex 2.7 5.27708 2.4
      vertex 2.80449 4.96925 6.4
      vertex 2.80449 4.96925 2.4
    endloop
  endfacet
  facet normal 0.896872 0.442291 0
    outer loop
      vertex 3.0359 4.5 6.4
      vertex 2.80449 4.96925 2.4
      vertex 2.80449 4.96925 6.4
    endloop
  endfacet
  facet normal 0.896872 0.442291 0
    outer loop
      vertex 2.80449 4.96925 2.4
      vertex 3.0359 4.5 6.4
      vertex 3.0359 4.5 2.4
    endloop
  endfacet
  facet normal 0.831468 0.555573 0
    outer loop
      vertex 3.3266 4.06494 6.4
      vertex 3.0359 4.5 2.4
      vertex 3.0359 4.5 6.4
    endloop
  endfacet
  facet normal 0.831468 0.555573 0
    outer loop
      vertex 3.0359 4.5 2.4
      vertex 3.3266 4.06494 6.4
      vertex 3.3266 4.06494 2.4
    endloop
  endfacet
  facet normal 0.751827 0.659361 0
    outer loop
      vertex 3.67159 3.67157 6.4
      vertex 3.3266 4.06494 2.4
      vertex 3.3266 4.06494 6.4
    endloop
  endfacet
  facet normal 0.751827 0.659361 0
    outer loop
      vertex 3.3266 4.06494 2.4
      vertex 3.67159 3.67157 6.4
      vertex 3.67159 3.67157 2.4
    endloop
  endfacet
  facet normal 0.659361 0.751827 -0
    outer loop
      vertex 4.06496 3.32658 2.4
      vertex 3.67159 3.67157 6.4
      vertex 4.06496 3.32658 6.4
    endloop
  endfacet
  facet normal 0.659361 0.751827 0
    outer loop
      vertex 3.67159 3.67157 6.4
      vertex 4.06496 3.32658 2.4
      vertex 3.67159 3.67157 2.4
    endloop
  endfacet
  facet normal 0.555578 0.831465 -0
    outer loop
      vertex 4.5 3.03589 2.4
      vertex 4.06496 3.32658 6.4
      vertex 4.5 3.03589 6.4
    endloop
  endfacet
  facet normal 0.555578 0.831465 0
    outer loop
      vertex 4.06496 3.32658 6.4
      vertex 4.5 3.03589 2.4
      vertex 4.06496 3.32658 2.4
    endloop
  endfacet
  facet normal 0.442291 0.896871 -0
    outer loop
      vertex 4.96927 2.80447 2.4
      vertex 4.5 3.03589 6.4
      vertex 4.96927 2.80447 6.4
    endloop
  endfacet
  facet normal 0.442291 0.896871 0
    outer loop
      vertex 4.5 3.03589 6.4
      vertex 4.96927 2.80447 2.4
      vertex 4.5 3.03589 2.4
    endloop
  endfacet
  facet normal 0.32142 0.946937 -0
    outer loop
      vertex 5.27705 2.7 2.4
      vertex 4.96927 2.80447 6.4
      vertex 5.27705 2.7 6.4
    endloop
  endfacet
  facet normal 0.32142 0.946937 0
    outer loop
      vertex 4.96927 2.80447 6.4
      vertex 5.27705 2.7 2.4
      vertex 4.96927 2.80447 2.4
    endloop
  endfacet
  facet normal 0 -1 0
    outer loop
      vertex 4 2.7 2.4
      vertex 5.27705 2.7 6.4
      vertex 4 2.7 6.4
    endloop
  endfacet
  facet normal 0 -1 -0
    outer loop
      vertex 5.27705 2.7 6.4
      vertex 4 2.7 2.4
      vertex 5.27705 2.7 2.4
    endloop
  endfacet
  facet normal -0.0653948 -0.997859 0
    outer loop
      vertex 3.83032 2.71112 2.4
      vertex 4 2.7 6.4
      vertex 3.83032 2.71112 6.4
    endloop
  endfacet
  facet normal -0.0653948 -0.997859 -0
    outer loop
      vertex 4 2.7 6.4
      vertex 3.83032 2.71112 2.4
      vertex 4 2.7 2.4
    endloop
  endfacet
  facet normal -0.442268 0.896883 0
    outer loop
      vertex 47.5 3.03589 2.4
      vertex 47.0307 2.80447 6.4
      vertex 47.5 3.03589 6.4
    endloop
  endfacet
  facet normal -0.442268 0.896883 0
    outer loop
      vertex 47.0307 2.80447 6.4
      vertex 47.5 3.03589 2.4
      vertex 47.0307 2.80447 2.4
    endloop
  endfacet
  facet normal -0.555525 0.8315 0
    outer loop
      vertex 47.9351 3.32658 2.4
      vertex 47.5 3.03589 6.4
      vertex 47.9351 3.32658 6.4
    endloop
  endfacet
  facet normal -0.555525 0.8315 0
    outer loop
      vertex 47.5 3.03589 6.4
      vertex 47.9351 3.32658 2.4
      vertex 47.5 3.03589 2.4
    endloop
  endfacet
  facet normal -0.659427 0.751769 0
    outer loop
      vertex 48.3284 3.67157 2.4
      vertex 47.9351 3.32658 6.4
      vertex 48.3284 3.67157 6.4
    endloop
  endfacet
  facet normal -0.659427 0.751769 0
    outer loop
      vertex 47.9351 3.32658 6.4
      vertex 48.3284 3.67157 2.4
      vertex 47.9351 3.32658 2.4
    endloop
  endfacet
  facet normal -0.751817 0.659371 0
    outer loop
      vertex 48.3284 3.67157 2.4
      vertex 48.6734 4.06494 6.4
      vertex 48.6734 4.06494 2.4
    endloop
  endfacet
  facet normal -0.751817 0.659371 0
    outer loop
      vertex 48.6734 4.06494 6.4
      vertex 48.3284 3.67157 2.4
      vertex 48.3284 3.67157 6.4
    endloop
  endfacet
  facet normal -0.831468 0.555573 0
    outer loop
      vertex 48.6734 4.06494 2.4
      vertex 48.9641 4.5 6.4
      vertex 48.9641 4.5 2.4
    endloop
  endfacet
  facet normal -0.831468 0.555573 0
    outer loop
      vertex 48.9641 4.5 6.4
      vertex 48.6734 4.06494 2.4
      vertex 48.6734 4.06494 6.4
    endloop
  endfacet
  facet normal -0.896879 0.442276 0
    outer loop
      vertex 48.9641 4.5 2.4
      vertex 49.1955 4.96925 6.4
      vertex 49.1955 4.96925 2.4
    endloop
  endfacet
  facet normal -0.896879 0.442276 0
    outer loop
      vertex 49.1955 4.96925 6.4
      vertex 48.9641 4.5 2.4
      vertex 48.9641 4.5 6.4
    endloop
  endfacet
  facet normal -0.946912 0.321493 0
    outer loop
      vertex 49.1955 4.96925 2.4
      vertex 49.3 5.27704 6.4
      vertex 49.3 5.27704 2.4
    endloop
  endfacet
  facet normal -0.946912 0.321493 0
    outer loop
      vertex 49.3 5.27704 6.4
      vertex 49.1955 4.96925 2.4
      vertex 49.1955 4.96925 6.4
    endloop
  endfacet
  facet normal 1 -0 0
    outer loop
      vertex 49.3 4 6.4
      vertex 49.3 5.27704 2.4
      vertex 49.3 5.27704 6.4
    endloop
  endfacet
  facet normal 1 0 0
    outer loop
      vertex 49.3 5.27704 2.4
      vertex 49.3 4 6.4
      vertex 49.3 4 2.4
    endloop
  endfacet
  facet normal 0.997867 -0.0652777 0
    outer loop
      vertex 49.2889 3.83032 6.4
      vertex 49.3 4 2.4
      vertex 49.3 4 6.4
    endloop
  endfacet
  facet normal 0.997867 -0.0652777 0
    outer loop
      vertex 49.3 4 2.4
      vertex 49.2889 3.83032 6.4
      vertex 49.2889 3.83032 2.4
    endloop
  endfacet
  facet normal 0.980759 -0.195223 0
    outer loop
      vertex 49.2557 3.66353 6.4
      vertex 49.2889 3.83032 2.4
      vertex 49.2889 3.83032 6.4
    endloop
  endfacet
  facet normal 0.980759 -0.195223 0
    outer loop
      vertex 49.2889 3.83032 2.4
      vertex 49.2557 3.66353 6.4
      vertex 49.2557 3.66353 2.4
    endloop
  endfacet
  facet normal 0.946851 -0.321674 0
    outer loop
      vertex 49.201 3.50252 6.4
      vertex 49.2557 3.66353 2.4
      vertex 49.2557 3.66353 6.4
    endloop
  endfacet
  facet normal 0.946851 -0.321674 0
    outer loop
      vertex 49.2557 3.66353 2.4
      vertex 49.201 3.50252 6.4
      vertex 49.201 3.50252 2.4
    endloop
  endfacet
  facet normal 0.896895 -0.442243 0
    outer loop
      vertex 49.1258 3.35001 6.4
      vertex 49.201 3.50252 2.4
      vertex 49.201 3.50252 6.4
    endloop
  endfacet
  facet normal 0.896895 -0.442243 0
    outer loop
      vertex 49.201 3.50252 2.4
      vertex 49.1258 3.35001 6.4
      vertex 49.1258 3.35001 2.4
    endloop
  endfacet
  facet normal 0.831706 -0.555216 0
    outer loop
      vertex 49.0314 3.2086 6.4
      vertex 49.1258 3.35001 2.4
      vertex 49.1258 3.35001 6.4
    endloop
  endfacet
  facet normal 0.831706 -0.555216 0
    outer loop
      vertex 49.1258 3.35001 2.4
      vertex 49.0314 3.2086 6.4
      vertex 49.0314 3.2086 2.4
    endloop
  endfacet
  facet normal 0.751585 -0.659636 0
    outer loop
      vertex 48.9192 3.08076 6.4
      vertex 49.0314 3.2086 2.4
      vertex 49.0314 3.2086 6.4
    endloop
  endfacet
  facet normal 0.751585 -0.659636 0
    outer loop
      vertex 49.0314 3.2086 2.4
      vertex 48.9192 3.08076 6.4
      vertex 48.9192 3.08076 2.4
    endloop
  endfacet
  facet normal 0.659487 -0.751716 0
    outer loop
      vertex 48.7914 2.96864 2.4
      vertex 48.9192 3.08076 6.4
      vertex 48.7914 2.96864 6.4
    endloop
  endfacet
  facet normal 0.659487 -0.751716 0
    outer loop
      vertex 48.9192 3.08076 6.4
      vertex 48.7914 2.96864 2.4
      vertex 48.9192 3.08076 2.4
    endloop
  endfacet
  facet normal 0.555568 -0.831471 0
    outer loop
      vertex 48.65 2.87416 2.4
      vertex 48.7914 2.96864 6.4
      vertex 48.65 2.87416 6.4
    endloop
  endfacet
  facet normal 0.555568 -0.831471 0
    outer loop
      vertex 48.7914 2.96864 6.4
      vertex 48.65 2.87416 2.4
      vertex 48.7914 2.96864 2.4
    endloop
  endfacet
  facet normal 0.442314 -0.89686 0
    outer loop
      vertex 48.4975 2.79895 2.4
      vertex 48.65 2.87416 6.4
      vertex 48.4975 2.79895 6.4
    endloop
  endfacet
  facet normal 0.442314 -0.89686 0
    outer loop
      vertex 48.65 2.87416 6.4
      vertex 48.4975 2.79895 2.4
      vertex 48.65 2.87416 2.4
    endloop
  endfacet
  facet normal 0.321481 -0.946916 0
    outer loop
      vertex 48.3365 2.74429 2.4
      vertex 48.4975 2.79895 6.4
      vertex 48.3365 2.74429 6.4
    endloop
  endfacet
  facet normal 0.321481 -0.946916 0
    outer loop
      vertex 48.4975 2.79895 6.4
      vertex 48.3365 2.74429 2.4
      vertex 48.4975 2.79895 2.4
    endloop
  endfacet
  facet normal 0.195042 -0.980795 0
    outer loop
      vertex 48.1697 2.71112 2.4
      vertex 48.3365 2.74429 6.4
      vertex 48.1697 2.71112 6.4
    endloop
  endfacet
  facet normal 0.195042 -0.980795 0
    outer loop
      vertex 48.3365 2.74429 6.4
      vertex 48.1697 2.71112 2.4
      vertex 48.3365 2.74429 2.4
    endloop
  endfacet
  facet normal 0.0653872 -0.99786 0
    outer loop
      vertex 48 2.7 2.4
      vertex 48.1697 2.71112 6.4
      vertex 48 2.7 6.4
    endloop
  endfacet
  facet normal 0.0653872 -0.99786 0
    outer loop
      vertex 48.1697 2.71112 6.4
      vertex 48 2.7 2.4
      vertex 48.1697 2.71112 2.4
    endloop
  endfacet
  facet normal 0 -1 0
    outer loop
      vertex 46.723 2.7 2.4
      vertex 48 2.7 6.4
      vertex 46.723 2.7 6.4
    endloop
  endfacet
  facet normal 0 -1 -0
    outer loop
      vertex 48 2.7 6.4
      vertex 46.723 2.7 2.4
      vertex 48 2.7 2.4
    endloop
  endfacet
  facet normal -0.321494 0.946911 0
    outer loop
      vertex 47.0307 2.80447 2.4
      vertex 46.723 2.7 6.4
      vertex 47.0307 2.80447 6.4
    endloop
  endfacet
  facet normal -0.321494 0.946911 0
    outer loop
      vertex 46.723 2.7 6.4
      vertex 47.0307 2.80447 2.4
      vertex 46.723 2.7 2.4
    endloop
  endfacet
  facet normal -0.442306 0.896864 0
    outer loop
      vertex 8.5 3.03589 2.4
      vertex 8.03075 2.80447 6.4
      vertex 8.5 3.03589 6.4
    endloop
  endfacet
  facet normal -0.442306 0.896864 0
    outer loop
      vertex 8.03075 2.80447 6.4
      vertex 8.5 3.03589 2.4
      vertex 8.03075 2.80447 2.4
    endloop
  endfacet
  facet normal -0.55556 0.831476 0
    outer loop
      vertex 8.93506 3.32658 2.4
      vertex 8.5 3.03589 6.4
      vertex 8.93506 3.32658 6.4
    endloop
  endfacet
  facet normal -0.55556 0.831476 0
    outer loop
      vertex 8.5 3.03589 6.4
      vertex 8.93506 3.32658 2.4
      vertex 8.5 3.03589 2.4
    endloop
  endfacet
  facet normal -0.659361 0.751827 0
    outer loop
      vertex 9.32843 3.67157 2.4
      vertex 8.93506 3.32658 6.4
      vertex 9.32843 3.67157 6.4
    endloop
  endfacet
  facet normal -0.659361 0.751827 0
    outer loop
      vertex 8.93506 3.32658 6.4
      vertex 9.32843 3.67157 2.4
      vertex 8.93506 3.32658 2.4
    endloop
  endfacet
  facet normal -0.751827 0.659361 0
    outer loop
      vertex 9.32843 3.67157 2.4
      vertex 9.67342 4.06494 6.4
      vertex 9.67342 4.06494 2.4
    endloop
  endfacet
  facet normal -0.751827 0.659361 0
    outer loop
      vertex 9.67342 4.06494 6.4
      vertex 9.32843 3.67157 2.4
      vertex 9.32843 3.67157 6.4
    endloop
  endfacet
  facet normal -0.831478 0.555557 0
    outer loop
      vertex 9.67342 4.06494 2.4
      vertex 9.83047 4.29999 6.4
      vertex 9.83047 4.29999 2.4
    endloop
  endfacet
  facet normal -0.831478 0.555557 0
    outer loop
      vertex 9.83047 4.29999 6.4
      vertex 9.67342 4.06494 2.4
      vertex 9.67342 4.06494 6.4
    endloop
  endfacet
  facet normal 0 1 -0
    outer loop
      vertex 22 4.29999 2.4
      vertex 9.83047 4.29999 6.4
      vertex 22 4.29999 6.4
    endloop
  endfacet
  facet normal 0 1 0
    outer loop
      vertex 9.83047 4.29999 6.4
      vertex 22 4.29999 2.4
      vertex 9.83047 4.29999 2.4
    endloop
  endfacet
  facet normal 0 1 -0
    outer loop
      vertex 42.1695 4.29999 2.4
      vertex 30 4.29999 6.4
      vertex 42.1695 4.29999 6.4
    endloop
  endfacet
  facet normal 0 1 0
    outer loop
      vertex 30 4.29999 6.4
      vertex 42.1695 4.29999 2.4
      vertex 30 4.29999 2.4
    endloop
  endfacet
  facet normal 0.831397 0.555679 0
    outer loop
      vertex 42.3266 4.06494 6.4
      vertex 42.1695 4.29999 2.4
      vertex 42.1695 4.29999 6.4
    endloop
  endfacet
  facet normal 0.831397 0.555679 0
    outer loop
      vertex 42.1695 4.29999 2.4
      vertex 42.3266 4.06494 6.4
      vertex 42.3266 4.06494 2.4
    endloop
  endfacet
  facet normal 0.751817 0.659371 0
    outer loop
      vertex 42.6716 3.67157 6.4
      vertex 42.3266 4.06494 2.4
      vertex 42.3266 4.06494 6.4
    endloop
  endfacet
  facet normal 0.751817 0.659371 0
    outer loop
      vertex 42.3266 4.06494 2.4
      vertex 42.6716 3.67157 6.4
      vertex 42.6716 3.67157 2.4
    endloop
  endfacet
  facet normal 0.659332 0.751852 -0
    outer loop
      vertex 43.065 3.32658 2.4
      vertex 42.6716 3.67157 6.4
      vertex 43.065 3.32658 6.4
    endloop
  endfacet
  facet normal 0.659332 0.751852 0
    outer loop
      vertex 42.6716 3.67157 6.4
      vertex 43.065 3.32658 2.4
      vertex 42.6716 3.67157 2.4
    endloop
  endfacet
  facet normal 0.555613 0.831441 -0
    outer loop
      vertex 43.5 3.03589 2.4
      vertex 43.065 3.32658 6.4
      vertex 43.5 3.03589 6.4
    endloop
  endfacet
  facet normal 0.555613 0.831441 0
    outer loop
      vertex 43.065 3.32658 6.4
      vertex 43.5 3.03589 2.4
      vertex 43.065 3.32658 2.4
    endloop
  endfacet
  facet normal 0.442268 0.896883 -0
    outer loop
      vertex 43.9693 2.80447 2.4
      vertex 43.5 3.03589 6.4
      vertex 43.9693 2.80447 6.4
    endloop
  endfacet
  facet normal 0.442268 0.896883 0
    outer loop
      vertex 43.5 3.03589 6.4
      vertex 43.9693 2.80447 2.4
      vertex 43.5 3.03589 2.4
    endloop
  endfacet
  facet normal 0.321401 0.946943 -0
    outer loop
      vertex 44.2771 2.7 2.4
      vertex 43.9693 2.80447 6.4
      vertex 44.2771 2.7 6.4
    endloop
  endfacet
  facet normal 0.321401 0.946943 0
    outer loop
      vertex 43.9693 2.80447 6.4
      vertex 44.2771 2.7 2.4
      vertex 43.9693 2.80447 2.4
    endloop
  endfacet
  facet normal 0 -1 0
    outer loop
      vertex 30 2.7 2.4
      vertex 44.2771 2.7 6.4
      vertex 30 2.7 6.4
    endloop
  endfacet
  facet normal 0 -1 -0
    outer loop
      vertex 44.2771 2.7 6.4
      vertex 30 2.7 2.4
      vertex 44.2771 2.7 2.4
    endloop
  endfacet
  facet normal 0 -1 0
    outer loop
      vertex 7.72296 2.7 2.4
      vertex 22 2.7 6.4
      vertex 7.72296 2.7 6.4
    endloop
  endfacet
  facet normal 0 -1 -0
    outer loop
      vertex 22 2.7 6.4
      vertex 7.72296 2.7 2.4
      vertex 22 2.7 2.4
    endloop
  endfacet
  facet normal -0.32141 0.94694 0
    outer loop
      vertex 8.03075 2.80447 2.4
      vertex 7.72296 2.7 6.4
      vertex 8.03075 2.80447 6.4
    endloop
  endfacet
  facet normal -0.32141 0.94694 0
    outer loop
      vertex 7.72296 2.7 6.4
      vertex 8.03075 2.80447 2.4
      vertex 7.72296 2.7 2.4
    endloop
  endfacet
  facet normal 0.555551 -0.831483 0
    outer loop
      vertex 44.4651 7.8487 1.5
      vertex 44.65 7.97224 2.4
      vertex 44.4651 7.8487 2.4
    endloop
  endfacet
  facet normal 0.555551 -0.831483 0
    outer loop
      vertex 44.65 7.97224 2.4
      vertex 44.4651 7.8487 1.5
      vertex 44.65 7.97224 1.5
    endloop
  endfacet
  facet normal -0.946901 -0.321525 0
    outer loop
      vertex 47.1421 6.93999 1.5
      vertex 47.0706 7.15056 2.4
      vertex 47.0706 7.15056 1.5
    endloop
  endfacet
  facet normal -0.946901 -0.321525 0
    outer loop
      vertex 47.0706 7.15056 2.4
      vertex 47.1421 6.93999 1.5
      vertex 47.1421 6.93999 2.4
    endloop
  endfacet
  facet normal -0.321403 0.946943 0
    outer loop
      vertex 46.1506 4.92941 1.5
      vertex 45.94 4.85793 2.4
      vertex 46.1506 4.92941 2.4
    endloop
  endfacet
  facet normal -0.321403 0.946943 0
    outer loop
      vertex 45.94 4.85793 2.4
      vertex 46.1506 4.92941 1.5
      vertex 45.94 4.85793 1.5
    endloop
  endfacet
  facet normal 0.442349 -0.896843 0
    outer loop
      vertex 44.65 7.97224 1.5
      vertex 44.8494 8.07059 2.4
      vertex 44.65 7.97224 2.4
    endloop
  endfacet
  facet normal 0.442349 -0.896843 0
    outer loop
      vertex 44.8494 8.07059 2.4
      vertex 44.65 7.97224 1.5
      vertex 44.8494 8.07059 1.5
    endloop
  endfacet
  facet normal -0.321403 -0.946943 0
    outer loop
      vertex 45.94 8.14207 1.5
      vertex 46.1506 8.07059 2.4
      vertex 45.94 8.14207 2.4
    endloop
  endfacet
  facet normal -0.321403 -0.946943 -0
    outer loop
      vertex 46.1506 8.07059 2.4
      vertex 45.94 8.14207 1.5
      vertex 46.1506 8.07059 1.5
    endloop
  endfacet
  facet normal -0.896789 -0.442459 0
    outer loop
      vertex 47.0706 7.15056 1.5
      vertex 46.9722 7.35 2.4
      vertex 46.9722 7.35 1.5
    endloop
  endfacet
  facet normal -0.896789 -0.442459 0
    outer loop
      vertex 46.9722 7.35 2.4
      vertex 47.0706 7.15056 1.5
      vertex 47.0706 7.15056 2.4
    endloop
  endfacet
  facet normal -0.896789 0.442459 0
    outer loop
      vertex 46.9722 5.65 1.5
      vertex 47.0706 5.84944 2.4
      vertex 47.0706 5.84944 1.5
    endloop
  endfacet
  facet normal -0.896789 0.442459 0
    outer loop
      vertex 47.0706 5.84944 2.4
      vertex 46.9722 5.65 1.5
      vertex 46.9722 5.65 2.4
    endloop
  endfacet
  facet normal 0.98077 -0.195165 0
    outer loop
      vertex 43.8145 6.72189 2.4
      vertex 43.8579 6.93999 1.5
      vertex 43.8579 6.93999 2.4
    endloop
  endfacet
  facet normal 0.98077 -0.195165 0
    outer loop
      vertex 43.8579 6.93999 1.5
      vertex 43.8145 6.72189 2.4
      vertex 43.8145 6.72189 1.5
    endloop
  endfacet
  facet normal 0.946901 -0.321525 0
    outer loop
      vertex 43.8579 6.93999 2.4
      vertex 43.9294 7.15056 1.5
      vertex 43.9294 7.15056 2.4
    endloop
  endfacet
  facet normal 0.946901 -0.321525 0
    outer loop
      vertex 43.9294 7.15056 1.5
      vertex 43.8579 6.93999 2.4
      vertex 43.8579 6.93999 1.5
    endloop
  endfacet
  facet normal 0.831552 -0.555447 0
    outer loop
      vertex 44.0278 7.35 2.4
      vertex 44.1513 7.53489 1.5
      vertex 44.1513 7.53489 2.4
    endloop
  endfacet
  facet normal 0.831552 -0.555447 0
    outer loop
      vertex 44.1513 7.53489 1.5
      vertex 44.0278 7.35 2.4
      vertex 44.0278 7.35 1.5
    endloop
  endfacet
  facet normal 0.751888 -0.659291 0
    outer loop
      vertex 44.1513 7.53489 2.4
      vertex 44.2979 7.70208 1.5
      vertex 44.2979 7.70208 2.4
    endloop
  endfacet
  facet normal 0.751888 -0.659291 0
    outer loop
      vertex 44.2979 7.70208 1.5
      vertex 44.1513 7.53489 2.4
      vertex 44.1513 7.53489 1.5
    endloop
  endfacet
  facet normal 0.321403 -0.946943 0
    outer loop
      vertex 44.8494 8.07059 1.5
      vertex 45.06 8.14207 2.4
      vertex 44.8494 8.07059 2.4
    endloop
  endfacet
  facet normal 0.321403 -0.946943 0
    outer loop
      vertex 45.06 8.14207 2.4
      vertex 44.8494 8.07059 1.5
      vertex 45.06 8.14207 1.5
    endloop
  endfacet
  facet normal 0.0653848 -0.99786 0
    outer loop
      vertex 45.2781 8.18546 1.5
      vertex 45.5 8.2 2.4
      vertex 45.2781 8.18546 2.4
    endloop
  endfacet
  facet normal 0.0653848 -0.99786 0
    outer loop
      vertex 45.5 8.2 2.4
      vertex 45.2781 8.18546 1.5
      vertex 45.5 8.2 1.5
    endloop
  endfacet
  facet normal -0.751888 -0.659291 0
    outer loop
      vertex 46.8487 7.53489 1.5
      vertex 46.7021 7.70208 2.4
      vertex 46.7021 7.70208 1.5
    endloop
  endfacet
  facet normal -0.751888 -0.659291 0
    outer loop
      vertex 46.7021 7.70208 2.4
      vertex 46.8487 7.53489 1.5
      vertex 46.8487 7.53489 2.4
    endloop
  endfacet
  facet normal -0.659319 -0.751863 0
    outer loop
      vertex 46.5349 7.8487 1.5
      vertex 46.7021 7.70208 2.4
      vertex 46.5349 7.8487 2.4
    endloop
  endfacet
  facet normal -0.659319 -0.751863 -0
    outer loop
      vertex 46.7021 7.70208 2.4
      vertex 46.5349 7.8487 1.5
      vertex 46.7021 7.70208 1.5
    endloop
  endfacet
  facet normal 0.997872 -0.0652086 0
    outer loop
      vertex 43.8 6.5 2.4
      vertex 43.8145 6.72189 1.5
      vertex 43.8145 6.72189 2.4
    endloop
  endfacet
  facet normal 0.997872 -0.0652086 0
    outer loop
      vertex 43.8145 6.72189 1.5
      vertex 43.8 6.5 2.4
      vertex 43.8 6.5 1.5
    endloop
  endfacet
  facet normal 0.321403 0.946943 -0
    outer loop
      vertex 45.06 4.85793 1.5
      vertex 44.8494 4.92941 2.4
      vertex 45.06 4.85793 2.4
    endloop
  endfacet
  facet normal 0.321403 0.946943 0
    outer loop
      vertex 44.8494 4.92941 2.4
      vertex 45.06 4.85793 1.5
      vertex 44.8494 4.92941 1.5
    endloop
  endfacet
  facet normal 0.831552 0.555447 0
    outer loop
      vertex 44.1513 5.46511 2.4
      vertex 44.0278 5.65 1.5
      vertex 44.0278 5.65 2.4
    endloop
  endfacet
  facet normal 0.831552 0.555447 0
    outer loop
      vertex 44.0278 5.65 1.5
      vertex 44.1513 5.46511 2.4
      vertex 44.1513 5.46511 1.5
    endloop
  endfacet
  facet normal 0.751888 0.659291 0
    outer loop
      vertex 44.2979 5.29792 2.4
      vertex 44.1513 5.46511 1.5
      vertex 44.1513 5.46511 2.4
    endloop
  endfacet
  facet normal 0.751888 0.659291 0
    outer loop
      vertex 44.1513 5.46511 1.5
      vertex 44.2979 5.29792 2.4
      vertex 44.2979 5.29792 1.5
    endloop
  endfacet
  facet normal -0.659319 0.751863 0
    outer loop
      vertex 46.7021 5.29792 1.5
      vertex 46.5349 5.1513 2.4
      vertex 46.7021 5.29792 2.4
    endloop
  endfacet
  facet normal -0.659319 0.751863 0
    outer loop
      vertex 46.5349 5.1513 2.4
      vertex 46.7021 5.29792 1.5
      vertex 46.5349 5.1513 1.5
    endloop
  endfacet
  facet normal 0.896789 -0.442459 0
    outer loop
      vertex 43.9294 7.15056 2.4
      vertex 44.0278 7.35 1.5
      vertex 44.0278 7.35 2.4
    endloop
  endfacet
  facet normal 0.896789 -0.442459 0
    outer loop
      vertex 44.0278 7.35 1.5
      vertex 43.9294 7.15056 2.4
      vertex 43.9294 7.15056 1.5
    endloop
  endfacet
  facet normal 0.659319 -0.751863 0
    outer loop
      vertex 44.2979 7.70208 1.5
      vertex 44.4651 7.8487 2.4
      vertex 44.2979 7.70208 2.4
    endloop
  endfacet
  facet normal 0.659319 -0.751863 0
    outer loop
      vertex 44.4651 7.8487 2.4
      vertex 44.2979 7.70208 1.5
      vertex 44.4651 7.8487 1.5
    endloop
  endfacet
  facet normal 0.195122 -0.980779 0
    outer loop
      vertex 45.06 8.14207 1.5
      vertex 45.2781 8.18546 2.4
      vertex 45.06 8.14207 2.4
    endloop
  endfacet
  facet normal 0.195122 -0.980779 0
    outer loop
      vertex 45.2781 8.18546 2.4
      vertex 45.06 8.14207 1.5
      vertex 45.2781 8.18546 1.5
    endloop
  endfacet
  facet normal -0.997872 -0.0652086 0
    outer loop
      vertex 47.2 6.5 1.5
      vertex 47.1855 6.72189 2.4
      vertex 47.1855 6.72189 1.5
    endloop
  endfacet
  facet normal -0.997872 -0.0652086 0
    outer loop
      vertex 47.1855 6.72189 2.4
      vertex 47.2 6.5 1.5
      vertex 47.2 6.5 2.4
    endloop
  endfacet
  facet normal -0.98077 -0.195165 0
    outer loop
      vertex 47.1855 6.72189 1.5
      vertex 47.1421 6.93999 2.4
      vertex 47.1421 6.93999 1.5
    endloop
  endfacet
  facet normal -0.98077 -0.195165 0
    outer loop
      vertex 47.1421 6.93999 2.4
      vertex 47.1855 6.72189 1.5
      vertex 47.1855 6.72189 2.4
    endloop
  endfacet
  facet normal -0.831552 -0.555447 0
    outer loop
      vertex 46.9722 7.35 1.5
      vertex 46.8487 7.53489 2.4
      vertex 46.8487 7.53489 1.5
    endloop
  endfacet
  facet normal -0.831552 -0.555447 0
    outer loop
      vertex 46.8487 7.53489 2.4
      vertex 46.9722 7.35 1.5
      vertex 46.9722 7.35 2.4
    endloop
  endfacet
  facet normal -0.0653848 -0.99786 0
    outer loop
      vertex 45.5 8.2 1.5
      vertex 45.7219 8.18546 2.4
      vertex 45.5 8.2 2.4
    endloop
  endfacet
  facet normal -0.0653848 -0.99786 -0
    outer loop
      vertex 45.7219 8.18546 2.4
      vertex 45.5 8.2 1.5
      vertex 45.7219 8.18546 1.5
    endloop
  endfacet
  facet normal -0.195122 -0.980779 0
    outer loop
      vertex 45.7219 8.18546 1.5
      vertex 45.94 8.14207 2.4
      vertex 45.7219 8.18546 2.4
    endloop
  endfacet
  facet normal -0.195122 -0.980779 -0
    outer loop
      vertex 45.94 8.14207 2.4
      vertex 45.7219 8.18546 1.5
      vertex 45.94 8.14207 1.5
    endloop
  endfacet
  facet normal -0.442349 -0.896843 0
    outer loop
      vertex 46.1506 8.07059 1.5
      vertex 46.35 7.97224 2.4
      vertex 46.1506 8.07059 2.4
    endloop
  endfacet
  facet normal -0.442349 -0.896843 -0
    outer loop
      vertex 46.35 7.97224 2.4
      vertex 46.1506 8.07059 1.5
      vertex 46.35 7.97224 1.5
    endloop
  endfacet
  facet normal -0.555551 -0.831483 0
    outer loop
      vertex 46.35 7.97224 1.5
      vertex 46.5349 7.8487 2.4
      vertex 46.35 7.97224 2.4
    endloop
  endfacet
  facet normal -0.555551 -0.831483 -0
    outer loop
      vertex 46.5349 7.8487 2.4
      vertex 46.35 7.97224 1.5
      vertex 46.5349 7.8487 1.5
    endloop
  endfacet
  facet normal 0.997872 0.0652086 0
    outer loop
      vertex 43.8145 6.27811 2.4
      vertex 43.8 6.5 1.5
      vertex 43.8 6.5 2.4
    endloop
  endfacet
  facet normal 0.997872 0.0652086 0
    outer loop
      vertex 43.8 6.5 1.5
      vertex 43.8145 6.27811 2.4
      vertex 43.8145 6.27811 1.5
    endloop
  endfacet
  facet normal 0.98077 0.195165 0
    outer loop
      vertex 43.8579 6.06001 2.4
      vertex 43.8145 6.27811 1.5
      vertex 43.8145 6.27811 2.4
    endloop
  endfacet
  facet normal 0.98077 0.195165 0
    outer loop
      vertex 43.8145 6.27811 1.5
      vertex 43.8579 6.06001 2.4
      vertex 43.8579 6.06001 1.5
    endloop
  endfacet
  facet normal 0.0653848 0.99786 -0
    outer loop
      vertex 45.5 4.8 1.5
      vertex 45.2781 4.81454 2.4
      vertex 45.5 4.8 2.4
    endloop
  endfacet
  facet normal 0.0653848 0.99786 0
    outer loop
      vertex 45.2781 4.81454 2.4
      vertex 45.5 4.8 1.5
      vertex 45.2781 4.81454 1.5
    endloop
  endfacet
  facet normal 0.195122 0.980779 -0
    outer loop
      vertex 45.2781 4.81454 1.5
      vertex 45.06 4.85793 2.4
      vertex 45.2781 4.81454 2.4
    endloop
  endfacet
  facet normal 0.195122 0.980779 0
    outer loop
      vertex 45.06 4.85793 2.4
      vertex 45.2781 4.81454 1.5
      vertex 45.06 4.85793 1.5
    endloop
  endfacet
  facet normal 0.442349 0.896843 -0
    outer loop
      vertex 44.8494 4.92941 1.5
      vertex 44.65 5.02776 2.4
      vertex 44.8494 4.92941 2.4
    endloop
  endfacet
  facet normal 0.442349 0.896843 0
    outer loop
      vertex 44.65 5.02776 2.4
      vertex 44.8494 4.92941 1.5
      vertex 44.65 5.02776 1.5
    endloop
  endfacet
  facet normal 0.659319 0.751863 -0
    outer loop
      vertex 44.4651 5.1513 1.5
      vertex 44.2979 5.29792 2.4
      vertex 44.4651 5.1513 2.4
    endloop
  endfacet
  facet normal 0.659319 0.751863 0
    outer loop
      vertex 44.2979 5.29792 2.4
      vertex 44.4651 5.1513 1.5
      vertex 44.2979 5.29792 1.5
    endloop
  endfacet
  facet normal 0.946901 0.321525 0
    outer loop
      vertex 43.9294 5.84944 2.4
      vertex 43.8579 6.06001 1.5
      vertex 43.8579 6.06001 2.4
    endloop
  endfacet
  facet normal 0.946901 0.321525 0
    outer loop
      vertex 43.8579 6.06001 1.5
      vertex 43.9294 5.84944 2.4
      vertex 43.9294 5.84944 1.5
    endloop
  endfacet
  facet normal -0.195122 0.980779 0
    outer loop
      vertex 45.94 4.85793 1.5
      vertex 45.7219 4.81454 2.4
      vertex 45.94 4.85793 2.4
    endloop
  endfacet
  facet normal -0.195122 0.980779 0
    outer loop
      vertex 45.7219 4.81454 2.4
      vertex 45.94 4.85793 1.5
      vertex 45.7219 4.81454 1.5
    endloop
  endfacet
  facet normal -0.0653848 0.99786 0
    outer loop
      vertex 45.7219 4.81454 1.5
      vertex 45.5 4.8 2.4
      vertex 45.7219 4.81454 2.4
    endloop
  endfacet
  facet normal -0.0653848 0.99786 0
    outer loop
      vertex 45.5 4.8 2.4
      vertex 45.7219 4.81454 1.5
      vertex 45.5 4.8 1.5
    endloop
  endfacet
  facet normal -0.555551 0.831483 0
    outer loop
      vertex 46.5349 5.1513 1.5
      vertex 46.35 5.02776 2.4
      vertex 46.5349 5.1513 2.4
    endloop
  endfacet
  facet normal -0.555551 0.831483 0
    outer loop
      vertex 46.35 5.02776 2.4
      vertex 46.5349 5.1513 1.5
      vertex 46.35 5.02776 1.5
    endloop
  endfacet
  facet normal -0.946901 0.321525 0
    outer loop
      vertex 47.0706 5.84944 1.5
      vertex 47.1421 6.06001 2.4
      vertex 47.1421 6.06001 1.5
    endloop
  endfacet
  facet normal -0.946901 0.321525 0
    outer loop
      vertex 47.1421 6.06001 2.4
      vertex 47.0706 5.84944 1.5
      vertex 47.0706 5.84944 2.4
    endloop
  endfacet
  facet normal -0.997872 0.0652086 0
    outer loop
      vertex 47.1855 6.27811 1.5
      vertex 47.2 6.5 2.4
      vertex 47.2 6.5 1.5
    endloop
  endfacet
  facet normal -0.997872 0.0652086 0
    outer loop
      vertex 47.2 6.5 2.4
      vertex 47.1855 6.27811 1.5
      vertex 47.1855 6.27811 2.4
    endloop
  endfacet
  facet normal -0.751888 0.659291 0
    outer loop
      vertex 46.7021 5.29792 1.5
      vertex 46.8487 5.46511 2.4
      vertex 46.8487 5.46511 1.5
    endloop
  endfacet
  facet normal -0.751888 0.659291 0
    outer loop
      vertex 46.8487 5.46511 2.4
      vertex 46.7021 5.29792 1.5
      vertex 46.7021 5.29792 2.4
    endloop
  endfacet
  facet normal 0.555551 0.831483 -0
    outer loop
      vertex 44.65 5.02776 1.5
      vertex 44.4651 5.1513 2.4
      vertex 44.65 5.02776 2.4
    endloop
  endfacet
  facet normal 0.555551 0.831483 0
    outer loop
      vertex 44.4651 5.1513 2.4
      vertex 44.65 5.02776 1.5
      vertex 44.4651 5.1513 1.5
    endloop
  endfacet
  facet normal 0.896789 0.442459 0
    outer loop
      vertex 44.0278 5.65 2.4
      vertex 43.9294 5.84944 1.5
      vertex 43.9294 5.84944 2.4
    endloop
  endfacet
  facet normal 0.896789 0.442459 0
    outer loop
      vertex 43.9294 5.84944 1.5
      vertex 44.0278 5.65 2.4
      vertex 44.0278 5.65 1.5
    endloop
  endfacet
  facet normal -0.442349 0.896843 0
    outer loop
      vertex 46.35 5.02776 1.5
      vertex 46.1506 4.92941 2.4
      vertex 46.35 5.02776 2.4
    endloop
  endfacet
  facet normal -0.442349 0.896843 0
    outer loop
      vertex 46.1506 4.92941 2.4
      vertex 46.35 5.02776 1.5
      vertex 46.1506 4.92941 1.5
    endloop
  endfacet
  facet normal -0.98077 0.195165 0
    outer loop
      vertex 47.1421 6.06001 1.5
      vertex 47.1855 6.27811 2.4
      vertex 47.1855 6.27811 1.5
    endloop
  endfacet
  facet normal -0.98077 0.195165 0
    outer loop
      vertex 47.1855 6.27811 2.4
      vertex 47.1421 6.06001 1.5
      vertex 47.1421 6.06001 2.4
    endloop
  endfacet
  facet normal -0.831552 0.555447 0
    outer loop
      vertex 46.8487 5.46511 1.5
      vertex 46.9722 5.65 2.4
      vertex 46.9722 5.65 1.5
    endloop
  endfacet
  facet normal -0.831552 0.555447 0
    outer loop
      vertex 46.9722 5.65 2.4
      vertex 46.8487 5.46511 1.5
      vertex 46.8487 5.46511 2.4
    endloop
  endfacet
  facet normal 0.0464599 0.708685 -0.703994
    outer loop
      vertex 45.0851 3.33713 3.8147e-07
      vertex 45.5 4.8 1.5
      vertex 45.5 3.30993 3.8147e-07
    endloop
  endfacet
  facet normal 0.708678 -0.0464572 -0.704001
    outer loop
      vertex 42.3099 6.5 3.8147e-07
      vertex 42.3371 6.91492 3.8147e-07
      vertex 43.8 6.5 1.5
    endloop
  endfacet
  facet normal 0.708518 -0.0481985 -0.704045
    outer loop
      vertex 43.8145 6.72189 1.5
      vertex 42.3371 6.91492 3.8147e-07
      vertex 42.3372 6.91639 3.8147e-07
    endloop
  endfacet
  facet normal 0.708703 -0.0463121 -0.703985
    outer loop
      vertex 42.3371 6.91492 3.8147e-07
      vertex 43.8145 6.72189 1.5
      vertex 43.8 6.5 1.5
    endloop
  endfacet
  facet normal 0.708703 0.0463121 -0.703985
    outer loop
      vertex 43.8145 6.27811 1.5
      vertex 42.3371 6.08508 3.8147e-07
      vertex 43.8 6.5 1.5
    endloop
  endfacet
  facet normal 0.708518 0.0481985 -0.704045
    outer loop
      vertex 42.3371 6.08508 3.8147e-07
      vertex 43.8145 6.27811 1.5
      vertex 42.3372 6.08361 3.8147e-07
    endloop
  endfacet
  facet normal -0.695501 0.144896 -0.703764
    outer loop
      vertex 48.6625 6.08217 3.8147e-07
      vertex 47.1855 6.27811 1.5
      vertex 48.6628 6.08361 3.8147e-07
    endloop
  endfacet
  facet normal -0.696559 0.138609 -0.703984
    outer loop
      vertex 47.1855 6.27811 1.5
      vertex 48.6625 6.08217 3.8147e-07
      vertex 47.1421 6.06001 1.5
    endloop
  endfacet
  facet normal -0.138577 -0.696559 -0.70399
    outer loop
      vertex 45.7219 8.18546 1.5
      vertex 45.9178 9.66249 3.8147e-07
      vertex 45.94 8.14207 1.5
    endloop
  endfacet
  facet normal -0.139288 -0.696441 -0.703967
    outer loop
      vertex 45.9178 9.66249 3.8147e-07
      vertex 45.7219 8.18546 1.5
      vertex 45.9164 9.66277 3.8147e-07
    endloop
  endfacet
  facet normal 0.696567 0.138521 -0.703994
    outer loop
      vertex 42.4186 5.67435 3.8147e-07
      vertex 42.3375 6.08217 3.8147e-07
      vertex 43.8579 6.06001 1.5
    endloop
  endfacet
  facet normal 0.527455 0.475184 -0.704267
    outer loop
      vertex 43.2433 4.24539 3.8147e-07
      vertex 44.2979 5.29792 1.5
      vertex 43.2443 4.24428 3.8147e-07
    endloop
  endfacet
  facet normal 0.533998 0.468235 -0.70399
    outer loop
      vertex 44.2979 5.29792 1.5
      vertex 43.2433 4.24539 3.8147e-07
      vertex 44.1513 5.46511 1.5
    endloop
  endfacet
  facet normal 0.228263 0.672527 -0.703991
    outer loop
      vertex 44.2806 3.55229 3.8147e-07
      vertex 44.8494 4.92941 1.5
      vertex 45.06 4.85793 1.5
    endloop
  endfacet
  facet normal 0.226055 0.673354 -0.703913
    outer loop
      vertex 44.8494 4.92941 1.5
      vertex 44.2806 3.55229 3.8147e-07
      vertex 44.2792 3.55276 3.8147e-07
    endloop
  endfacet
  facet normal 0.314139 0.636956 -0.703992
    outer loop
      vertex 44.2792 3.55276 3.8147e-07
      vertex 43.9063 3.73667 3.8147e-07
      vertex 44.8494 4.92941 1.5
    endloop
  endfacet
  facet normal 0.394593 -0.590498 -0.703995
    outer loop
      vertex 43.558 9.03085 3.8147e-07
      vertex 43.9037 9.26186 3.8147e-07
      vertex 44.4651 7.8487 1.5
    endloop
  endfacet
  facet normal 0.672494 0.228355 -0.703992
    outer loop
      vertex 42.5523 5.28061 3.8147e-07
      vertex 42.4186 5.67435 3.8147e-07
      vertex 43.8579 6.06001 1.5
    endloop
  endfacet
  facet normal 0.708678 0.0464572 -0.704001
    outer loop
      vertex 42.3371 6.08508 3.8147e-07
      vertex 42.3099 6.5 3.8147e-07
      vertex 43.8 6.5 1.5
    endloop
  endfacet
  facet normal 0.668538 0.238764 -0.704307
    outer loop
      vertex 42.5523 5.28061 3.8147e-07
      vertex 43.9294 5.84944 1.5
      vertex 42.5528 5.27921 3.8147e-07
    endloop
  endfacet
  facet normal 0.672497 0.228349 -0.703992
    outer loop
      vertex 43.9294 5.84944 1.5
      vertex 42.5523 5.28061 3.8147e-07
      vertex 43.8579 6.06001 1.5
    endloop
  endfacet
  facet normal 0.228263 0.672527 -0.703991
    outer loop
      vertex 44.6744 3.41863 3.8147e-07
      vertex 44.2806 3.55229 3.8147e-07
      vertex 45.06 4.85793 1.5
    endloop
  endfacet
  facet normal 0.394593 0.590498 -0.703995
    outer loop
      vertex 43.9037 3.73814 3.8147e-07
      vertex 43.558 3.96915 3.8147e-07
      vertex 44.4651 5.1513 1.5
    endloop
  endfacet
  facet normal 0.13856 0.69656 -0.703992
    outer loop
      vertex 44.6744 3.41863 3.8147e-07
      vertex 45.06 4.85793 1.5
      vertex 45.0822 3.33751 3.8147e-07
    endloop
  endfacet
  facet normal -0.13856 0.69656 -0.703992
    outer loop
      vertex 45.9178 3.33751 3.8147e-07
      vertex 45.94 4.85793 1.5
      vertex 46.3256 3.41863 3.8147e-07
    endloop
  endfacet
  facet normal 0.696559 0.138609 -0.703984
    outer loop
      vertex 42.3375 6.08217 3.8147e-07
      vertex 43.8145 6.27811 1.5
      vertex 43.8579 6.06001 1.5
    endloop
  endfacet
  facet normal 0.695501 0.144896 -0.703764
    outer loop
      vertex 43.8145 6.27811 1.5
      vertex 42.3375 6.08217 3.8147e-07
      vertex 42.3372 6.08361 3.8147e-07
    endloop
  endfacet
  facet normal 0.590448 0.394679 -0.703988
    outer loop
      vertex 42.9692 4.55801 3.8147e-07
      vertex 42.7381 4.90374 3.8147e-07
      vertex 44.1513 5.46511 1.5
    endloop
  endfacet
  facet normal 0.534017 0.468217 -0.703988
    outer loop
      vertex 43.2433 4.24539 3.8147e-07
      vertex 42.9692 4.55801 3.8147e-07
      vertex 44.1513 5.46511 1.5
    endloop
  endfacet
  facet normal 0.468288 0.533947 -0.703993
    outer loop
      vertex 43.558 3.96915 3.8147e-07
      vertex 43.2454 4.24331 3.8147e-07
      vertex 44.4651 5.1513 1.5
    endloop
  endfacet
  facet normal 0.139288 0.696441 -0.703967
    outer loop
      vertex 45.0822 3.33751 3.8147e-07
      vertex 45.2781 4.81454 1.5
      vertex 45.0836 3.33723 3.8147e-07
    endloop
  endfacet
  facet normal 0.138577 0.696559 -0.70399
    outer loop
      vertex 45.2781 4.81454 1.5
      vertex 45.0822 3.33751 3.8147e-07
      vertex 45.06 4.85793 1.5
    endloop
  endfacet
  facet normal 0.0464369 0.708689 -0.703991
    outer loop
      vertex 45.0851 3.33713 3.8147e-07
      vertex 45.2781 4.81454 1.5
      vertex 45.5 4.8 1.5
    endloop
  endfacet
  facet normal 0.0472407 0.70861 -0.704017
    outer loop
      vertex 45.2781 4.81454 1.5
      vertex 45.0851 3.33713 3.8147e-07
      vertex 45.0836 3.33723 3.8147e-07
    endloop
  endfacet
  facet normal -0.672494 0.228355 -0.703992
    outer loop
      vertex 48.4477 5.28061 3.8147e-07
      vertex 47.1421 6.06001 1.5
      vertex 48.5814 5.67435 3.8147e-07
    endloop
  endfacet
  facet normal -0.696567 0.138521 -0.703994
    outer loop
      vertex 48.5814 5.67435 3.8147e-07
      vertex 47.1421 6.06001 1.5
      vertex 48.6625 6.08217 3.8147e-07
    endloop
  endfacet
  facet normal -0.228263 0.672527 -0.703991
    outer loop
      vertex 46.3256 3.41863 3.8147e-07
      vertex 45.94 4.85793 1.5
      vertex 46.7194 3.55229 3.8147e-07
    endloop
  endfacet
  facet normal -0.0472407 0.70861 -0.704017
    outer loop
      vertex 45.9149 3.33713 3.8147e-07
      vertex 45.7219 4.81454 1.5
      vertex 45.9164 3.33723 3.8147e-07
    endloop
  endfacet
  facet normal -0.0464369 0.708689 -0.703991
    outer loop
      vertex 45.7219 4.81454 1.5
      vertex 45.9149 3.33713 3.8147e-07
      vertex 45.5 4.8 1.5
    endloop
  endfacet
  facet normal -0.0464599 0.708685 -0.703994
    outer loop
      vertex 45.5 3.30993 3.8147e-07
      vertex 45.5 4.8 1.5
      vertex 45.9149 3.33713 3.8147e-07
    endloop
  endfacet
  facet normal -0.378641 0.600284 -0.704479
    outer loop
      vertex 46.35 5.02776 1.5
      vertex 47.0963 3.73814 3.8147e-07
      vertex 47.095 3.73732 3.8147e-07
    endloop
  endfacet
  facet normal -0.394552 0.590519 -0.704
    outer loop
      vertex 47.0963 3.73814 3.8147e-07
      vertex 46.35 5.02776 1.5
      vertex 46.5349 5.1513 1.5
    endloop
  endfacet
  facet normal -0.394593 0.590498 -0.703995
    outer loop
      vertex 47.0963 3.73814 3.8147e-07
      vertex 46.5349 5.1513 1.5
      vertex 47.442 3.96915 3.8147e-07
    endloop
  endfacet
  facet normal -0.590448 0.394679 -0.703988
    outer loop
      vertex 48.0308 4.55801 3.8147e-07
      vertex 46.8487 5.46511 1.5
      vertex 48.2619 4.90374 3.8147e-07
    endloop
  endfacet
  facet normal -0.534017 0.468217 -0.703988
    outer loop
      vertex 47.7567 4.24539 3.8147e-07
      vertex 46.8487 5.46511 1.5
      vertex 48.0308 4.55801 3.8147e-07
    endloop
  endfacet
  facet normal 0.314139 -0.636956 -0.703992
    outer loop
      vertex 43.9063 9.26333 3.8147e-07
      vertex 44.2792 9.44724 3.8147e-07
      vertex 44.8494 8.07059 1.5
    endloop
  endfacet
  facet normal -0.228263 -0.672527 -0.703991
    outer loop
      vertex 45.94 8.14207 1.5
      vertex 46.3256 9.58137 3.8147e-07
      vertex 46.7194 9.44771 3.8147e-07
    endloop
  endfacet
  facet normal -0.13856 -0.69656 -0.703992
    outer loop
      vertex 45.94 8.14207 1.5
      vertex 45.9178 9.66249 3.8147e-07
      vertex 46.3256 9.58137 3.8147e-07
    endloop
  endfacet
  facet normal -0.672494 -0.228355 -0.703992
    outer loop
      vertex 47.1421 6.93999 1.5
      vertex 48.4477 7.71939 3.8147e-07
      vertex 48.5814 7.32565 3.8147e-07
    endloop
  endfacet
  facet normal -0.696567 -0.138521 -0.703994
    outer loop
      vertex 47.1421 6.93999 1.5
      vertex 48.5814 7.32565 3.8147e-07
      vertex 48.6625 6.91783 3.8147e-07
    endloop
  endfacet
  facet normal -0.59513 -0.387077 -0.704267
    outer loop
      vertex 46.9722 7.35 1.5
      vertex 48.2619 8.09626 3.8147e-07
      vertex 48.2627 8.09503 3.8147e-07
    endloop
  endfacet
  facet normal -0.590557 -0.394471 -0.704013
    outer loop
      vertex 48.2619 8.09626 3.8147e-07
      vertex 46.9722 7.35 1.5
      vertex 46.8487 7.53489 1.5
    endloop
  endfacet
  facet normal -0.590448 -0.394679 -0.703988
    outer loop
      vertex 46.8487 7.53489 1.5
      vertex 48.0308 8.44199 3.8147e-07
      vertex 48.2619 8.09626 3.8147e-07
    endloop
  endfacet
  facet normal -0.394593 -0.590498 -0.703995
    outer loop
      vertex 46.5349 7.8487 1.5
      vertex 47.0963 9.26186 3.8147e-07
      vertex 47.442 9.03085 3.8147e-07
    endloop
  endfacet
  facet normal -0.468288 -0.533947 -0.703993
    outer loop
      vertex 46.5349 7.8487 1.5
      vertex 47.442 9.03085 3.8147e-07
      vertex 47.7546 8.75669 3.8147e-07
    endloop
  endfacet
  facet normal 0.647358 0.294253 -0.703095
    outer loop
      vertex 42.7367 4.90629 3.8147e-07
      vertex 44.0278 5.65 1.5
      vertex 42.7373 4.90497 3.8147e-07
    endloop
  endfacet
  facet normal 0.636899 0.314234 -0.704
    outer loop
      vertex 44.0278 5.65 1.5
      vertex 42.7367 4.90629 3.8147e-07
      vertex 43.9294 5.84944 1.5
    endloop
  endfacet
  facet normal 0.636975 0.314115 -0.703985
    outer loop
      vertex 42.7367 4.90629 3.8147e-07
      vertex 42.5528 5.27921 3.8147e-07
      vertex 43.9294 5.84944 1.5
    endloop
  endfacet
  facet normal 0.468256 0.533982 -0.703988
    outer loop
      vertex 43.2454 4.24331 3.8147e-07
      vertex 44.2979 5.29792 1.5
      vertex 44.4651 5.1513 1.5
    endloop
  endfacet
  facet normal 0.46969 0.532639 -0.70405
    outer loop
      vertex 44.2979 5.29792 1.5
      vertex 43.2454 4.24331 3.8147e-07
      vertex 43.2443 4.24428 3.8147e-07
    endloop
  endfacet
  facet normal -0.647358 0.294253 -0.703095
    outer loop
      vertex 46.9722 5.65 1.5
      vertex 48.2633 4.90629 3.8147e-07
      vertex 48.2627 4.90497 3.8147e-07
    endloop
  endfacet
  facet normal -0.636899 0.314234 -0.704
    outer loop
      vertex 48.2633 4.90629 3.8147e-07
      vertex 46.9722 5.65 1.5
      vertex 47.0706 5.84944 1.5
    endloop
  endfacet
  facet normal -0.226055 0.673354 -0.703913
    outer loop
      vertex 46.7194 3.55229 3.8147e-07
      vertex 46.1506 4.92941 1.5
      vertex 46.7208 3.55276 3.8147e-07
    endloop
  endfacet
  facet normal -0.228263 0.672527 -0.703991
    outer loop
      vertex 46.1506 4.92941 1.5
      vertex 46.7194 3.55229 3.8147e-07
      vertex 45.94 4.85793 1.5
    endloop
  endfacet
  facet normal -0.139288 0.696441 -0.703967
    outer loop
      vertex 45.7219 4.81454 1.5
      vertex 45.9178 3.33751 3.8147e-07
      vertex 45.9164 3.33723 3.8147e-07
    endloop
  endfacet
  facet normal -0.138577 0.696559 -0.70399
    outer loop
      vertex 45.9178 3.33751 3.8147e-07
      vertex 45.7219 4.81454 1.5
      vertex 45.94 4.85793 1.5
    endloop
  endfacet
  facet normal -0.527455 0.475184 -0.704267
    outer loop
      vertex 46.7021 5.29792 1.5
      vertex 47.7567 4.24539 3.8147e-07
      vertex 47.7557 4.24428 3.8147e-07
    endloop
  endfacet
  facet normal -0.533998 0.468235 -0.70399
    outer loop
      vertex 47.7567 4.24539 3.8147e-07
      vertex 46.7021 5.29792 1.5
      vertex 46.8487 5.46511 1.5
    endloop
  endfacet
  facet normal 0.13856 -0.69656 -0.703992
    outer loop
      vertex 45.06 8.14207 1.5
      vertex 44.6744 9.58137 3.8147e-07
      vertex 45.0822 9.66249 3.8147e-07
    endloop
  endfacet
  facet normal 0.534017 -0.468217 -0.703988
    outer loop
      vertex 42.9692 8.44199 3.8147e-07
      vertex 43.2433 8.75461 3.8147e-07
      vertex 44.1513 7.53489 1.5
    endloop
  endfacet
  facet normal 0.590448 -0.394679 -0.703988
    outer loop
      vertex 42.7381 8.09626 3.8147e-07
      vertex 42.9692 8.44199 3.8147e-07
      vertex 44.1513 7.53489 1.5
    endloop
  endfacet
  facet normal 0.672494 -0.228355 -0.703992
    outer loop
      vertex 42.4186 7.32565 3.8147e-07
      vertex 42.5523 7.71939 3.8147e-07
      vertex 43.8579 6.93999 1.5
    endloop
  endfacet
  facet normal -0.317561 -0.635122 -0.704113
    outer loop
      vertex 46.35 7.97224 1.5
      vertex 47.0937 9.26333 3.8147e-07
      vertex 47.095 9.26268 3.8147e-07
    endloop
  endfacet
  facet normal -0.314159 -0.636943 -0.703994
    outer loop
      vertex 47.0937 9.26333 3.8147e-07
      vertex 46.35 7.97224 1.5
      vertex 46.1506 8.07059 1.5
    endloop
  endfacet
  facet normal -0.708678 -0.0464572 -0.704001
    outer loop
      vertex 47.2 6.5 1.5
      vertex 48.6629 6.91492 3.8147e-07
      vertex 48.6901 6.5 3.8147e-07
    endloop
  endfacet
  facet normal -0.672497 -0.228349 -0.703992
    outer loop
      vertex 47.0706 7.15056 1.5
      vertex 48.4477 7.71939 3.8147e-07
      vertex 47.1421 6.93999 1.5
    endloop
  endfacet
  facet normal -0.668538 -0.238764 -0.704307
    outer loop
      vertex 48.4477 7.71939 3.8147e-07
      vertex 47.0706 7.15056 1.5
      vertex 48.4472 7.72079 3.8147e-07
    endloop
  endfacet
  facet normal -0.46969 -0.532639 -0.70405
    outer loop
      vertex 46.7021 7.70208 1.5
      vertex 47.7546 8.75669 3.8147e-07
      vertex 47.7557 8.75572 3.8147e-07
    endloop
  endfacet
  facet normal -0.468256 -0.533982 -0.703988
    outer loop
      vertex 47.7546 8.75669 3.8147e-07
      vertex 46.7021 7.70208 1.5
      vertex 46.5349 7.8487 1.5
    endloop
  endfacet
  facet normal 0.590557 0.394471 -0.704013
    outer loop
      vertex 42.7381 4.90374 3.8147e-07
      vertex 44.0278 5.65 1.5
      vertex 44.1513 5.46511 1.5
    endloop
  endfacet
  facet normal 0.59513 0.387077 -0.704267
    outer loop
      vertex 44.0278 5.65 1.5
      vertex 42.7381 4.90374 3.8147e-07
      vertex 42.7373 4.90497 3.8147e-07
    endloop
  endfacet
  facet normal 0.378641 0.600284 -0.704479
    outer loop
      vertex 43.9037 3.73814 3.8147e-07
      vertex 44.65 5.02776 1.5
      vertex 43.905 3.73732 3.8147e-07
    endloop
  endfacet
  facet normal 0.394552 0.590519 -0.704
    outer loop
      vertex 44.65 5.02776 1.5
      vertex 43.9037 3.73814 3.8147e-07
      vertex 44.4651 5.1513 1.5
    endloop
  endfacet
  facet normal 0.314159 0.636943 -0.703994
    outer loop
      vertex 43.9063 3.73667 3.8147e-07
      vertex 44.65 5.02776 1.5
      vertex 44.8494 4.92941 1.5
    endloop
  endfacet
  facet normal 0.317561 0.635122 -0.704113
    outer loop
      vertex 44.65 5.02776 1.5
      vertex 43.9063 3.73667 3.8147e-07
      vertex 43.905 3.73732 3.8147e-07
    endloop
  endfacet
  facet normal -0.668538 0.238764 -0.704307
    outer loop
      vertex 47.0706 5.84944 1.5
      vertex 48.4477 5.28061 3.8147e-07
      vertex 48.4472 5.27921 3.8147e-07
    endloop
  endfacet
  facet normal -0.672497 0.228349 -0.703992
    outer loop
      vertex 48.4477 5.28061 3.8147e-07
      vertex 47.0706 5.84944 1.5
      vertex 47.1421 6.06001 1.5
    endloop
  endfacet
  facet normal -0.636975 0.314115 -0.703985
    outer loop
      vertex 48.2633 4.90629 3.8147e-07
      vertex 47.0706 5.84944 1.5
      vertex 48.4472 5.27921 3.8147e-07
    endloop
  endfacet
  facet normal -0.59513 0.387077 -0.704267
    outer loop
      vertex 48.2619 4.90374 3.8147e-07
      vertex 46.9722 5.65 1.5
      vertex 48.2627 4.90497 3.8147e-07
    endloop
  endfacet
  facet normal -0.590557 0.394471 -0.704013
    outer loop
      vertex 46.9722 5.65 1.5
      vertex 48.2619 4.90374 3.8147e-07
      vertex 46.8487 5.46511 1.5
    endloop
  endfacet
  facet normal -0.314139 0.636956 -0.703992
    outer loop
      vertex 46.7208 3.55276 3.8147e-07
      vertex 46.1506 4.92941 1.5
      vertex 47.0937 3.73667 3.8147e-07
    endloop
  endfacet
  facet normal -0.317561 0.635122 -0.704113
    outer loop
      vertex 47.0937 3.73667 3.8147e-07
      vertex 46.35 5.02776 1.5
      vertex 47.095 3.73732 3.8147e-07
    endloop
  endfacet
  facet normal -0.314159 0.636943 -0.703994
    outer loop
      vertex 46.35 5.02776 1.5
      vertex 47.0937 3.73667 3.8147e-07
      vertex 46.1506 4.92941 1.5
    endloop
  endfacet
  facet normal -0.46969 0.532639 -0.70405
    outer loop
      vertex 47.7546 4.24331 3.8147e-07
      vertex 46.7021 5.29792 1.5
      vertex 47.7557 4.24428 3.8147e-07
    endloop
  endfacet
  facet normal -0.468256 0.533982 -0.703988
    outer loop
      vertex 46.7021 5.29792 1.5
      vertex 47.7546 4.24331 3.8147e-07
      vertex 46.5349 5.1513 1.5
    endloop
  endfacet
  facet normal -0.468288 0.533947 -0.703993
    outer loop
      vertex 47.442 3.96915 3.8147e-07
      vertex 46.5349 5.1513 1.5
      vertex 47.7546 4.24331 3.8147e-07
    endloop
  endfacet
  facet normal -0.0464599 -0.708685 -0.703994
    outer loop
      vertex 45.5 8.2 1.5
      vertex 45.5 9.69007 3.8147e-07
      vertex 45.9149 9.66287 3.8147e-07
    endloop
  endfacet
  facet normal 0.0464599 -0.708685 -0.703994
    outer loop
      vertex 45.0851 9.66287 3.8147e-07
      vertex 45.5 9.69007 3.8147e-07
      vertex 45.5 8.2 1.5
    endloop
  endfacet
  facet normal 0.590557 -0.394471 -0.704013
    outer loop
      vertex 44.0278 7.35 1.5
      vertex 42.7381 8.09626 3.8147e-07
      vertex 44.1513 7.53489 1.5
    endloop
  endfacet
  facet normal 0.59513 -0.387077 -0.704267
    outer loop
      vertex 42.7381 8.09626 3.8147e-07
      vertex 44.0278 7.35 1.5
      vertex 42.7373 8.09503 3.8147e-07
    endloop
  endfacet
  facet normal 0.468256 -0.533982 -0.703988
    outer loop
      vertex 44.2979 7.70208 1.5
      vertex 43.2454 8.75669 3.8147e-07
      vertex 44.4651 7.8487 1.5
    endloop
  endfacet
  facet normal 0.46969 -0.532639 -0.70405
    outer loop
      vertex 43.2454 8.75669 3.8147e-07
      vertex 44.2979 7.70208 1.5
      vertex 43.2443 8.75572 3.8147e-07
    endloop
  endfacet
  facet normal 0.468288 -0.533947 -0.703993
    outer loop
      vertex 43.2454 8.75669 3.8147e-07
      vertex 43.558 9.03085 3.8147e-07
      vertex 44.4651 7.8487 1.5
    endloop
  endfacet
  facet normal 0.696567 -0.138521 -0.703994
    outer loop
      vertex 42.3375 6.91783 3.8147e-07
      vertex 42.4186 7.32565 3.8147e-07
      vertex 43.8579 6.93999 1.5
    endloop
  endfacet
  facet normal 0.696559 -0.138609 -0.703984
    outer loop
      vertex 43.8145 6.72189 1.5
      vertex 42.3375 6.91783 3.8147e-07
      vertex 43.8579 6.93999 1.5
    endloop
  endfacet
  facet normal 0.695501 -0.144896 -0.703764
    outer loop
      vertex 42.3375 6.91783 3.8147e-07
      vertex 43.8145 6.72189 1.5
      vertex 42.3372 6.91639 3.8147e-07
    endloop
  endfacet
  facet normal -0.226055 -0.673354 -0.703913
    outer loop
      vertex 46.1506 8.07059 1.5
      vertex 46.7194 9.44771 3.8147e-07
      vertex 46.7208 9.44724 3.8147e-07
    endloop
  endfacet
  facet normal -0.228263 -0.672527 -0.703991
    outer loop
      vertex 46.7194 9.44771 3.8147e-07
      vertex 46.1506 8.07059 1.5
      vertex 45.94 8.14207 1.5
    endloop
  endfacet
  facet normal -0.314139 -0.636956 -0.703992
    outer loop
      vertex 46.1506 8.07059 1.5
      vertex 46.7208 9.44724 3.8147e-07
      vertex 47.0937 9.26333 3.8147e-07
    endloop
  endfacet
  facet normal -0.394552 -0.590519 -0.704
    outer loop
      vertex 46.35 7.97224 1.5
      vertex 47.0963 9.26186 3.8147e-07
      vertex 46.5349 7.8487 1.5
    endloop
  endfacet
  facet normal -0.378641 -0.600284 -0.704479
    outer loop
      vertex 47.0963 9.26186 3.8147e-07
      vertex 46.35 7.97224 1.5
      vertex 47.095 9.26268 3.8147e-07
    endloop
  endfacet
  facet normal -0.708678 0.0464572 -0.704001
    outer loop
      vertex 48.6629 6.08508 3.8147e-07
      vertex 47.2 6.5 1.5
      vertex 48.6901 6.5 3.8147e-07
    endloop
  endfacet
  facet normal -0.636975 -0.314115 -0.703985
    outer loop
      vertex 47.0706 7.15056 1.5
      vertex 48.2633 8.09371 3.8147e-07
      vertex 48.4472 7.72079 3.8147e-07
    endloop
  endfacet
  facet normal -0.636899 -0.314234 -0.704
    outer loop
      vertex 46.9722 7.35 1.5
      vertex 48.2633 8.09371 3.8147e-07
      vertex 47.0706 7.15056 1.5
    endloop
  endfacet
  facet normal -0.647358 -0.294253 -0.703095
    outer loop
      vertex 48.2633 8.09371 3.8147e-07
      vertex 46.9722 7.35 1.5
      vertex 48.2627 8.09503 3.8147e-07
    endloop
  endfacet
  facet normal -0.533998 -0.468235 -0.70399
    outer loop
      vertex 46.7021 7.70208 1.5
      vertex 47.7567 8.75461 3.8147e-07
      vertex 46.8487 7.53489 1.5
    endloop
  endfacet
  facet normal -0.527455 -0.475184 -0.704267
    outer loop
      vertex 47.7567 8.75461 3.8147e-07
      vertex 46.7021 7.70208 1.5
      vertex 47.7557 8.75572 3.8147e-07
    endloop
  endfacet
  facet normal -0.534017 -0.468217 -0.703988
    outer loop
      vertex 46.8487 7.53489 1.5
      vertex 47.7567 8.75461 3.8147e-07
      vertex 48.0308 8.44199 3.8147e-07
    endloop
  endfacet
  facet normal 0.139288 -0.696441 -0.703967
    outer loop
      vertex 45.2781 8.18546 1.5
      vertex 45.0822 9.66249 3.8147e-07
      vertex 45.0836 9.66277 3.8147e-07
    endloop
  endfacet
  facet normal 0.138577 -0.696559 -0.70399
    outer loop
      vertex 45.0822 9.66249 3.8147e-07
      vertex 45.2781 8.18546 1.5
      vertex 45.06 8.14207 1.5
    endloop
  endfacet
  facet normal 0.228263 -0.672527 -0.703991
    outer loop
      vertex 44.8494 8.07059 1.5
      vertex 44.2806 9.44771 3.8147e-07
      vertex 45.06 8.14207 1.5
    endloop
  endfacet
  facet normal 0.226055 -0.673354 -0.703913
    outer loop
      vertex 44.2806 9.44771 3.8147e-07
      vertex 44.8494 8.07059 1.5
      vertex 44.2792 9.44724 3.8147e-07
    endloop
  endfacet
  facet normal 0.228263 -0.672527 -0.703991
    outer loop
      vertex 44.2806 9.44771 3.8147e-07
      vertex 44.6744 9.58137 3.8147e-07
      vertex 45.06 8.14207 1.5
    endloop
  endfacet
  facet normal 0.314159 -0.636943 -0.703994
    outer loop
      vertex 44.65 7.97224 1.5
      vertex 43.9063 9.26333 3.8147e-07
      vertex 44.8494 8.07059 1.5
    endloop
  endfacet
  facet normal 0.317561 -0.635122 -0.704113
    outer loop
      vertex 43.9063 9.26333 3.8147e-07
      vertex 44.65 7.97224 1.5
      vertex 43.905 9.26268 3.8147e-07
    endloop
  endfacet
  facet normal 0.394552 -0.590519 -0.704
    outer loop
      vertex 43.9037 9.26186 3.8147e-07
      vertex 44.65 7.97224 1.5
      vertex 44.4651 7.8487 1.5
    endloop
  endfacet
  facet normal 0.378641 -0.600284 -0.704479
    outer loop
      vertex 44.65 7.97224 1.5
      vertex 43.9037 9.26186 3.8147e-07
      vertex 43.905 9.26268 3.8147e-07
    endloop
  endfacet
  facet normal 0.0472407 -0.70861 -0.704017
    outer loop
      vertex 45.0851 9.66287 3.8147e-07
      vertex 45.2781 8.18546 1.5
      vertex 45.0836 9.66277 3.8147e-07
    endloop
  endfacet
  facet normal 0.0464369 -0.708689 -0.703991
    outer loop
      vertex 45.2781 8.18546 1.5
      vertex 45.0851 9.66287 3.8147e-07
      vertex 45.5 8.2 1.5
    endloop
  endfacet
  facet normal -0.0464369 -0.708689 -0.703991
    outer loop
      vertex 45.9149 9.66287 3.8147e-07
      vertex 45.7219 8.18546 1.5
      vertex 45.5 8.2 1.5
    endloop
  endfacet
  facet normal -0.0472407 -0.70861 -0.704017
    outer loop
      vertex 45.7219 8.18546 1.5
      vertex 45.9149 9.66287 3.8147e-07
      vertex 45.9164 9.66277 3.8147e-07
    endloop
  endfacet
  facet normal 0.533998 -0.468235 -0.70399
    outer loop
      vertex 43.2433 8.75461 3.8147e-07
      vertex 44.2979 7.70208 1.5
      vertex 44.1513 7.53489 1.5
    endloop
  endfacet
  facet normal 0.527455 -0.475184 -0.704267
    outer loop
      vertex 44.2979 7.70208 1.5
      vertex 43.2433 8.75461 3.8147e-07
      vertex 43.2443 8.75572 3.8147e-07
    endloop
  endfacet
  facet normal 0.636975 -0.314115 -0.703985
    outer loop
      vertex 42.5528 7.72079 3.8147e-07
      vertex 42.7367 8.09371 3.8147e-07
      vertex 43.9294 7.15056 1.5
    endloop
  endfacet
  facet normal 0.672497 -0.228349 -0.703992
    outer loop
      vertex 42.5523 7.71939 3.8147e-07
      vertex 43.9294 7.15056 1.5
      vertex 43.8579 6.93999 1.5
    endloop
  endfacet
  facet normal 0.668538 -0.238764 -0.704307
    outer loop
      vertex 43.9294 7.15056 1.5
      vertex 42.5523 7.71939 3.8147e-07
      vertex 42.5528 7.72079 3.8147e-07
    endloop
  endfacet
  facet normal -0.708703 0.0463121 -0.703985
    outer loop
      vertex 48.6629 6.08508 3.8147e-07
      vertex 47.1855 6.27811 1.5
      vertex 47.2 6.5 1.5
    endloop
  endfacet
  facet normal -0.708518 0.0481985 -0.704045
    outer loop
      vertex 47.1855 6.27811 1.5
      vertex 48.6629 6.08508 3.8147e-07
      vertex 48.6628 6.08361 3.8147e-07
    endloop
  endfacet
  facet normal 0.636899 -0.314234 -0.704
    outer loop
      vertex 42.7367 8.09371 3.8147e-07
      vertex 44.0278 7.35 1.5
      vertex 43.9294 7.15056 1.5
    endloop
  endfacet
  facet normal 0.647358 -0.294253 -0.703095
    outer loop
      vertex 44.0278 7.35 1.5
      vertex 42.7367 8.09371 3.8147e-07
      vertex 42.7373 8.09503 3.8147e-07
    endloop
  endfacet
  facet normal -0.708518 -0.0481985 -0.704045
    outer loop
      vertex 48.6629 6.91492 3.8147e-07
      vertex 47.1855 6.72189 1.5
      vertex 48.6628 6.91639 3.8147e-07
    endloop
  endfacet
  facet normal -0.708703 -0.0463121 -0.703985
    outer loop
      vertex 47.1855 6.72189 1.5
      vertex 48.6629 6.91492 3.8147e-07
      vertex 47.2 6.5 1.5
    endloop
  endfacet
  facet normal -0.695501 -0.144896 -0.703764
    outer loop
      vertex 47.1855 6.72189 1.5
      vertex 48.6625 6.91783 3.8147e-07
      vertex 48.6628 6.91639 3.8147e-07
    endloop
  endfacet
  facet normal -0.696559 -0.138609 -0.703984
    outer loop
      vertex 48.6625 6.91783 3.8147e-07
      vertex 47.1855 6.72189 1.5
      vertex 47.1421 6.93999 1.5
    endloop
  endfacet
  facet normal 0.555572 -0.831469 0
    outer loop
      vertex 5.46511 7.8487 1.5
      vertex 5.65 7.97224 2.4
      vertex 5.46511 7.8487 2.4
    endloop
  endfacet
  facet normal 0.555572 -0.831469 0
    outer loop
      vertex 5.65 7.97224 2.4
      vertex 5.46511 7.8487 1.5
      vertex 5.65 7.97224 1.5
    endloop
  endfacet
  facet normal -0.946929 -0.321444 0
    outer loop
      vertex 8.14207 6.93999 1.5
      vertex 8.07059 7.15056 2.4
      vertex 8.07059 7.15056 1.5
    endloop
  endfacet
  facet normal -0.946929 -0.321444 0
    outer loop
      vertex 8.07059 7.15056 2.4
      vertex 8.14207 6.93999 1.5
      vertex 8.14207 6.93999 2.4
    endloop
  endfacet
  facet normal -0.321444 0.946929 0
    outer loop
      vertex 7.15056 4.92941 1.5
      vertex 6.93999 4.85793 2.4
      vertex 7.15056 4.92941 2.4
    endloop
  endfacet
  facet normal -0.321444 0.946929 0
    outer loop
      vertex 6.93999 4.85793 2.4
      vertex 7.15056 4.92941 1.5
      vertex 6.93999 4.85793 1.5
    endloop
  endfacet
  facet normal 0.442278 -0.896878 0
    outer loop
      vertex 5.65 7.97224 1.5
      vertex 5.84944 8.07059 2.4
      vertex 5.65 7.97224 2.4
    endloop
  endfacet
  facet normal 0.442278 -0.896878 0
    outer loop
      vertex 5.84944 8.07059 2.4
      vertex 5.65 7.97224 1.5
      vertex 5.84944 8.07059 1.5
    endloop
  endfacet
  facet normal -0.321444 -0.946929 0
    outer loop
      vertex 6.93999 8.14207 1.5
      vertex 7.15056 8.07059 2.4
      vertex 6.93999 8.14207 2.4
    endloop
  endfacet
  facet normal -0.321444 -0.946929 -0
    outer loop
      vertex 7.15056 8.07059 2.4
      vertex 6.93999 8.14207 1.5
      vertex 7.15056 8.07059 1.5
    endloop
  endfacet
  facet normal -0.896878 -0.442278 0
    outer loop
      vertex 8.07059 7.15056 1.5
      vertex 7.97224 7.35 2.4
      vertex 7.97224 7.35 1.5
    endloop
  endfacet
  facet normal -0.896878 -0.442278 0
    outer loop
      vertex 7.97224 7.35 2.4
      vertex 8.07059 7.15056 1.5
      vertex 8.07059 7.15056 2.4
    endloop
  endfacet
  facet normal -0.896878 0.442278 0
    outer loop
      vertex 7.97224 5.65 1.5
      vertex 8.07059 5.84944 2.4
      vertex 8.07059 5.84944 1.5
    endloop
  endfacet
  facet normal -0.896878 0.442278 0
    outer loop
      vertex 8.07059 5.84944 2.4
      vertex 7.97224 5.65 1.5
      vertex 7.97224 5.65 2.4
    endloop
  endfacet
  facet normal 0.980779 -0.195122 0
    outer loop
      vertex 4.81454 6.72189 2.4
      vertex 4.85793 6.93999 1.5
      vertex 4.85793 6.93999 2.4
    endloop
  endfacet
  facet normal 0.980779 -0.195122 0
    outer loop
      vertex 4.85793 6.93999 1.5
      vertex 4.81454 6.72189 2.4
      vertex 4.81454 6.72189 1.5
    endloop
  endfacet
  facet normal 0.946929 -0.321444 0
    outer loop
      vertex 4.85793 6.93999 2.4
      vertex 4.92941 7.15056 1.5
      vertex 4.92941 7.15056 2.4
    endloop
  endfacet
  facet normal 0.946929 -0.321444 0
    outer loop
      vertex 4.92941 7.15056 1.5
      vertex 4.85793 6.93999 2.4
      vertex 4.85793 6.93999 1.5
    endloop
  endfacet
  facet normal 0.831469 -0.555572 0
    outer loop
      vertex 5.02776 7.35 2.4
      vertex 5.1513 7.53489 1.5
      vertex 5.1513 7.53489 2.4
    endloop
  endfacet
  facet normal 0.831469 -0.555572 0
    outer loop
      vertex 5.1513 7.53489 1.5
      vertex 5.02776 7.35 2.4
      vertex 5.02776 7.35 1.5
    endloop
  endfacet
  facet normal 0.751844 -0.659342 0
    outer loop
      vertex 5.1513 7.53489 2.4
      vertex 5.29792 7.70208 1.5
      vertex 5.29792 7.70208 2.4
    endloop
  endfacet
  facet normal 0.751844 -0.659342 0
    outer loop
      vertex 5.29792 7.70208 1.5
      vertex 5.1513 7.53489 2.4
      vertex 5.1513 7.53489 1.5
    endloop
  endfacet
  facet normal 0.321444 -0.946929 0
    outer loop
      vertex 5.84944 8.07059 1.5
      vertex 6.06001 8.14207 2.4
      vertex 5.84944 8.07059 2.4
    endloop
  endfacet
  facet normal 0.321444 -0.946929 0
    outer loop
      vertex 6.06001 8.14207 2.4
      vertex 5.84944 8.07059 1.5
      vertex 6.06001 8.14207 1.5
    endloop
  endfacet
  facet normal 0.0653877 -0.99786 0
    outer loop
      vertex 6.27811 8.18546 1.5
      vertex 6.5 8.2 2.4
      vertex 6.27811 8.18546 2.4
    endloop
  endfacet
  facet normal 0.0653877 -0.99786 0
    outer loop
      vertex 6.5 8.2 2.4
      vertex 6.27811 8.18546 1.5
      vertex 6.5 8.2 1.5
    endloop
  endfacet
  facet normal -0.751844 -0.659342 0
    outer loop
      vertex 7.8487 7.53489 1.5
      vertex 7.70208 7.70208 2.4
      vertex 7.70208 7.70208 1.5
    endloop
  endfacet
  facet normal -0.751844 -0.659342 0
    outer loop
      vertex 7.70208 7.70208 2.4
      vertex 7.8487 7.53489 1.5
      vertex 7.8487 7.53489 2.4
    endloop
  endfacet
  facet normal -0.659342 -0.751844 0
    outer loop
      vertex 7.53489 7.8487 1.5
      vertex 7.70208 7.70208 2.4
      vertex 7.53489 7.8487 2.4
    endloop
  endfacet
  facet normal -0.659342 -0.751844 -0
    outer loop
      vertex 7.70208 7.70208 2.4
      vertex 7.53489 7.8487 1.5
      vertex 7.70208 7.70208 1.5
    endloop
  endfacet
  facet normal 0.99786 -0.0653877 0
    outer loop
      vertex 4.8 6.5 2.4
      vertex 4.81454 6.72189 1.5
      vertex 4.81454 6.72189 2.4
    endloop
  endfacet
  facet normal 0.99786 -0.0653877 0
    outer loop
      vertex 4.81454 6.72189 1.5
      vertex 4.8 6.5 2.4
      vertex 4.8 6.5 1.5
    endloop
  endfacet
  facet normal 0.321444 0.946929 -0
    outer loop
      vertex 6.06001 4.85793 1.5
      vertex 5.84944 4.92941 2.4
      vertex 6.06001 4.85793 2.4
    endloop
  endfacet
  facet normal 0.321444 0.946929 0
    outer loop
      vertex 5.84944 4.92941 2.4
      vertex 6.06001 4.85793 1.5
      vertex 5.84944 4.92941 1.5
    endloop
  endfacet
  facet normal 0.831469 0.555572 0
    outer loop
      vertex 5.1513 5.46511 2.4
      vertex 5.02776 5.65 1.5
      vertex 5.02776 5.65 2.4
    endloop
  endfacet
  facet normal 0.831469 0.555572 0
    outer loop
      vertex 5.02776 5.65 1.5
      vertex 5.1513 5.46511 2.4
      vertex 5.1513 5.46511 1.5
    endloop
  endfacet
  facet normal 0.751844 0.659342 0
    outer loop
      vertex 5.29792 5.29792 2.4
      vertex 5.1513 5.46511 1.5
      vertex 5.1513 5.46511 2.4
    endloop
  endfacet
  facet normal 0.751844 0.659342 0
    outer loop
      vertex 5.1513 5.46511 1.5
      vertex 5.29792 5.29792 2.4
      vertex 5.29792 5.29792 1.5
    endloop
  endfacet
  facet normal -0.659342 0.751844 0
    outer loop
      vertex 7.70208 5.29792 1.5
      vertex 7.53489 5.1513 2.4
      vertex 7.70208 5.29792 2.4
    endloop
  endfacet
  facet normal -0.659342 0.751844 0
    outer loop
      vertex 7.53489 5.1513 2.4
      vertex 7.70208 5.29792 1.5
      vertex 7.53489 5.1513 1.5
    endloop
  endfacet
  facet normal 0.896878 -0.442278 0
    outer loop
      vertex 4.92941 7.15056 2.4
      vertex 5.02776 7.35 1.5
      vertex 5.02776 7.35 2.4
    endloop
  endfacet
  facet normal 0.896878 -0.442278 0
    outer loop
      vertex 5.02776 7.35 1.5
      vertex 4.92941 7.15056 2.4
      vertex 4.92941 7.15056 1.5
    endloop
  endfacet
  facet normal 0.659342 -0.751844 0
    outer loop
      vertex 5.29792 7.70208 1.5
      vertex 5.46511 7.8487 2.4
      vertex 5.29792 7.70208 2.4
    endloop
  endfacet
  facet normal 0.659342 -0.751844 0
    outer loop
      vertex 5.46511 7.8487 2.4
      vertex 5.29792 7.70208 1.5
      vertex 5.46511 7.8487 1.5
    endloop
  endfacet
  facet normal 0.195122 -0.980779 0
    outer loop
      vertex 6.06001 8.14207 1.5
      vertex 6.27811 8.18546 2.4
      vertex 6.06001 8.14207 2.4
    endloop
  endfacet
  facet normal 0.195122 -0.980779 0
    outer loop
      vertex 6.27811 8.18546 2.4
      vertex 6.06001 8.14207 1.5
      vertex 6.27811 8.18546 1.5
    endloop
  endfacet
  facet normal -0.99786 -0.0653877 0
    outer loop
      vertex 8.2 6.5 1.5
      vertex 8.18546 6.72189 2.4
      vertex 8.18546 6.72189 1.5
    endloop
  endfacet
  facet normal -0.99786 -0.0653877 0
    outer loop
      vertex 8.18546 6.72189 2.4
      vertex 8.2 6.5 1.5
      vertex 8.2 6.5 2.4
    endloop
  endfacet
  facet normal -0.980779 -0.195122 0
    outer loop
      vertex 8.18546 6.72189 1.5
      vertex 8.14207 6.93999 2.4
      vertex 8.14207 6.93999 1.5
    endloop
  endfacet
  facet normal -0.980779 -0.195122 0
    outer loop
      vertex 8.14207 6.93999 2.4
      vertex 8.18546 6.72189 1.5
      vertex 8.18546 6.72189 2.4
    endloop
  endfacet
  facet normal -0.831469 -0.555572 0
    outer loop
      vertex 7.97224 7.35 1.5
      vertex 7.8487 7.53489 2.4
      vertex 7.8487 7.53489 1.5
    endloop
  endfacet
  facet normal -0.831469 -0.555572 0
    outer loop
      vertex 7.8487 7.53489 2.4
      vertex 7.97224 7.35 1.5
      vertex 7.97224 7.35 2.4
    endloop
  endfacet
  facet normal -0.0653877 -0.99786 0
    outer loop
      vertex 6.5 8.2 1.5
      vertex 6.72189 8.18546 2.4
      vertex 6.5 8.2 2.4
    endloop
  endfacet
  facet normal -0.0653877 -0.99786 -0
    outer loop
      vertex 6.72189 8.18546 2.4
      vertex 6.5 8.2 1.5
      vertex 6.72189 8.18546 1.5
    endloop
  endfacet
  facet normal -0.195122 -0.980779 0
    outer loop
      vertex 6.72189 8.18546 1.5
      vertex 6.93999 8.14207 2.4
      vertex 6.72189 8.18546 2.4
    endloop
  endfacet
  facet normal -0.195122 -0.980779 -0
    outer loop
      vertex 6.93999 8.14207 2.4
      vertex 6.72189 8.18546 1.5
      vertex 6.93999 8.14207 1.5
    endloop
  endfacet
  facet normal -0.442278 -0.896878 0
    outer loop
      vertex 7.15056 8.07059 1.5
      vertex 7.35 7.97224 2.4
      vertex 7.15056 8.07059 2.4
    endloop
  endfacet
  facet normal -0.442278 -0.896878 -0
    outer loop
      vertex 7.35 7.97224 2.4
      vertex 7.15056 8.07059 1.5
      vertex 7.35 7.97224 1.5
    endloop
  endfacet
  facet normal -0.555572 -0.831469 0
    outer loop
      vertex 7.35 7.97224 1.5
      vertex 7.53489 7.8487 2.4
      vertex 7.35 7.97224 2.4
    endloop
  endfacet
  facet normal -0.555572 -0.831469 -0
    outer loop
      vertex 7.53489 7.8487 2.4
      vertex 7.35 7.97224 1.5
      vertex 7.53489 7.8487 1.5
    endloop
  endfacet
  facet normal 0.99786 0.0653877 0
    outer loop
      vertex 4.81454 6.27811 2.4
      vertex 4.8 6.5 1.5
      vertex 4.8 6.5 2.4
    endloop
  endfacet
  facet normal 0.99786 0.0653877 0
    outer loop
      vertex 4.8 6.5 1.5
      vertex 4.81454 6.27811 2.4
      vertex 4.81454 6.27811 1.5
    endloop
  endfacet
  facet normal 0.980779 0.195122 0
    outer loop
      vertex 4.85793 6.06001 2.4
      vertex 4.81454 6.27811 1.5
      vertex 4.81454 6.27811 2.4
    endloop
  endfacet
  facet normal 0.980779 0.195122 0
    outer loop
      vertex 4.81454 6.27811 1.5
      vertex 4.85793 6.06001 2.4
      vertex 4.85793 6.06001 1.5
    endloop
  endfacet
  facet normal 0.0653877 0.99786 -0
    outer loop
      vertex 6.5 4.8 1.5
      vertex 6.27811 4.81454 2.4
      vertex 6.5 4.8 2.4
    endloop
  endfacet
  facet normal 0.0653877 0.99786 0
    outer loop
      vertex 6.27811 4.81454 2.4
      vertex 6.5 4.8 1.5
      vertex 6.27811 4.81454 1.5
    endloop
  endfacet
  facet normal 0.195122 0.980779 -0
    outer loop
      vertex 6.27811 4.81454 1.5
      vertex 6.06001 4.85793 2.4
      vertex 6.27811 4.81454 2.4
    endloop
  endfacet
  facet normal 0.195122 0.980779 0
    outer loop
      vertex 6.06001 4.85793 2.4
      vertex 6.27811 4.81454 1.5
      vertex 6.06001 4.85793 1.5
    endloop
  endfacet
  facet normal 0.442278 0.896878 -0
    outer loop
      vertex 5.84944 4.92941 1.5
      vertex 5.65 5.02776 2.4
      vertex 5.84944 4.92941 2.4
    endloop
  endfacet
  facet normal 0.442278 0.896878 0
    outer loop
      vertex 5.65 5.02776 2.4
      vertex 5.84944 4.92941 1.5
      vertex 5.65 5.02776 1.5
    endloop
  endfacet
  facet normal 0.659342 0.751844 -0
    outer loop
      vertex 5.46511 5.1513 1.5
      vertex 5.29792 5.29792 2.4
      vertex 5.46511 5.1513 2.4
    endloop
  endfacet
  facet normal 0.659342 0.751844 0
    outer loop
      vertex 5.29792 5.29792 2.4
      vertex 5.46511 5.1513 1.5
      vertex 5.29792 5.29792 1.5
    endloop
  endfacet
  facet normal 0.946929 0.321444 0
    outer loop
      vertex 4.92941 5.84944 2.4
      vertex 4.85793 6.06001 1.5
      vertex 4.85793 6.06001 2.4
    endloop
  endfacet
  facet normal 0.946929 0.321444 0
    outer loop
      vertex 4.85793 6.06001 1.5
      vertex 4.92941 5.84944 2.4
      vertex 4.92941 5.84944 1.5
    endloop
  endfacet
  facet normal -0.195122 0.980779 0
    outer loop
      vertex 6.93999 4.85793 1.5
      vertex 6.72189 4.81454 2.4
      vertex 6.93999 4.85793 2.4
    endloop
  endfacet
  facet normal -0.195122 0.980779 0
    outer loop
      vertex 6.72189 4.81454 2.4
      vertex 6.93999 4.85793 1.5
      vertex 6.72189 4.81454 1.5
    endloop
  endfacet
  facet normal -0.0653877 0.99786 0
    outer loop
      vertex 6.72189 4.81454 1.5
      vertex 6.5 4.8 2.4
      vertex 6.72189 4.81454 2.4
    endloop
  endfacet
  facet normal -0.0653877 0.99786 0
    outer loop
      vertex 6.5 4.8 2.4
      vertex 6.72189 4.81454 1.5
      vertex 6.5 4.8 1.5
    endloop
  endfacet
  facet normal -0.555572 0.831469 0
    outer loop
      vertex 7.53489 5.1513 1.5
      vertex 7.35 5.02776 2.4
      vertex 7.53489 5.1513 2.4
    endloop
  endfacet
  facet normal -0.555572 0.831469 0
    outer loop
      vertex 7.35 5.02776 2.4
      vertex 7.53489 5.1513 1.5
      vertex 7.35 5.02776 1.5
    endloop
  endfacet
  facet normal -0.946929 0.321444 0
    outer loop
      vertex 8.07059 5.84944 1.5
      vertex 8.14207 6.06001 2.4
      vertex 8.14207 6.06001 1.5
    endloop
  endfacet
  facet normal -0.946929 0.321444 0
    outer loop
      vertex 8.14207 6.06001 2.4
      vertex 8.07059 5.84944 1.5
      vertex 8.07059 5.84944 2.4
    endloop
  endfacet
  facet normal -0.99786 0.0653877 0
    outer loop
      vertex 8.18546 6.27811 1.5
      vertex 8.2 6.5 2.4
      vertex 8.2 6.5 1.5
    endloop
  endfacet
  facet normal -0.99786 0.0653877 0
    outer loop
      vertex 8.2 6.5 2.4
      vertex 8.18546 6.27811 1.5
      vertex 8.18546 6.27811 2.4
    endloop
  endfacet
  facet normal -0.751844 0.659342 0
    outer loop
      vertex 7.70208 5.29792 1.5
      vertex 7.8487 5.46511 2.4
      vertex 7.8487 5.46511 1.5
    endloop
  endfacet
  facet normal -0.751844 0.659342 0
    outer loop
      vertex 7.8487 5.46511 2.4
      vertex 7.70208 5.29792 1.5
      vertex 7.70208 5.29792 2.4
    endloop
  endfacet
  facet normal 0.555572 0.831469 -0
    outer loop
      vertex 5.65 5.02776 1.5
      vertex 5.46511 5.1513 2.4
      vertex 5.65 5.02776 2.4
    endloop
  endfacet
  facet normal 0.555572 0.831469 0
    outer loop
      vertex 5.46511 5.1513 2.4
      vertex 5.65 5.02776 1.5
      vertex 5.46511 5.1513 1.5
    endloop
  endfacet
  facet normal 0.896878 0.442278 0
    outer loop
      vertex 5.02776 5.65 2.4
      vertex 4.92941 5.84944 1.5
      vertex 4.92941 5.84944 2.4
    endloop
  endfacet
  facet normal 0.896878 0.442278 0
    outer loop
      vertex 4.92941 5.84944 1.5
      vertex 5.02776 5.65 2.4
      vertex 5.02776 5.65 1.5
    endloop
  endfacet
  facet normal -0.442278 0.896878 0
    outer loop
      vertex 7.35 5.02776 1.5
      vertex 7.15056 4.92941 2.4
      vertex 7.35 5.02776 2.4
    endloop
  endfacet
  facet normal -0.442278 0.896878 0
    outer loop
      vertex 7.15056 4.92941 2.4
      vertex 7.35 5.02776 1.5
      vertex 7.15056 4.92941 1.5
    endloop
  endfacet
  facet normal -0.980779 0.195122 0
    outer loop
      vertex 8.14207 6.06001 1.5
      vertex 8.18546 6.27811 2.4
      vertex 8.18546 6.27811 1.5
    endloop
  endfacet
  facet normal -0.980779 0.195122 0
    outer loop
      vertex 8.18546 6.27811 2.4
      vertex 8.14207 6.06001 1.5
      vertex 8.14207 6.06001 2.4
    endloop
  endfacet
  facet normal -0.831469 0.555572 0
    outer loop
      vertex 7.8487 5.46511 1.5
      vertex 7.97224 5.65 2.4
      vertex 7.97224 5.65 1.5
    endloop
  endfacet
  facet normal -0.831469 0.555572 0
    outer loop
      vertex 7.97224 5.65 2.4
      vertex 7.8487 5.46511 1.5
      vertex 7.8487 5.46511 2.4
    endloop
  endfacet
  facet normal 0.0464577 0.708685 -0.703994
    outer loop
      vertex 6.08508 3.33713 3.8147e-07
      vertex 6.5 4.8 1.5
      vertex 6.5 3.30993 3.8147e-07
    endloop
  endfacet
  facet normal 0.708685 -0.0464577 -0.703994
    outer loop
      vertex 3.30993 6.5 3.8147e-07
      vertex 3.33713 6.91492 3.8147e-07
      vertex 4.8 6.5 1.5
    endloop
  endfacet
  facet normal 0.708515 -0.0481983 -0.704048
    outer loop
      vertex 4.81454 6.72189 1.5
      vertex 3.33713 6.91492 3.8147e-07
      vertex 3.33723 6.91639 3.8147e-07
    endloop
  endfacet
  facet normal 0.708688 -0.0464389 -0.703992
    outer loop
      vertex 3.33713 6.91492 3.8147e-07
      vertex 4.81454 6.72189 1.5
      vertex 4.8 6.5 1.5
    endloop
  endfacet
  facet normal 0.708688 0.0464389 -0.703992
    outer loop
      vertex 4.81454 6.27811 1.5
      vertex 3.33713 6.08508 3.8147e-07
      vertex 4.8 6.5 1.5
    endloop
  endfacet
  facet normal 0.708515 0.0481983 -0.704048
    outer loop
      vertex 3.33713 6.08508 3.8147e-07
      vertex 4.81454 6.27811 1.5
      vertex 3.33723 6.08361 3.8147e-07
    endloop
  endfacet
  facet normal -0.697057 0.135539 -0.704088
    outer loop
      vertex 9.66249 6.08217 3.8147e-07
      vertex 8.18546 6.27811 1.5
      vertex 9.66277 6.08361 3.8147e-07
    endloop
  endfacet
  facet normal -0.696557 0.138577 -0.703992
    outer loop
      vertex 8.18546 6.27811 1.5
      vertex 9.66249 6.08217 3.8147e-07
      vertex 8.14207 6.06001 1.5
    endloop
  endfacet
  facet normal -0.138577 -0.696557 -0.703992
    outer loop
      vertex 6.72189 8.18546 1.5
      vertex 6.91783 9.66249 3.8147e-07
      vertex 6.93999 8.14207 1.5
    endloop
  endfacet
  facet normal -0.135539 -0.697057 -0.704088
    outer loop
      vertex 6.91783 9.66249 3.8147e-07
      vertex 6.72189 8.18546 1.5
      vertex 6.91639 9.66277 3.8147e-07
    endloop
  endfacet
  facet normal 0.696559 0.138553 -0.703995
    outer loop
      vertex 3.41863 5.67435 3.8147e-07
      vertex 3.33751 6.08217 3.8147e-07
      vertex 4.85793 6.06001 1.5
    endloop
  endfacet
  facet normal 0.534813 0.467359 -0.703953
    outer loop
      vertex 4.24331 4.24539 3.8147e-07
      vertex 5.29792 5.29792 1.5
      vertex 4.24428 4.24428 3.8147e-07
    endloop
  endfacet
  facet normal 0.533964 0.468268 -0.703994
    outer loop
      vertex 5.29792 5.29792 1.5
      vertex 4.24331 4.24539 3.8147e-07
      vertex 5.1513 5.46511 1.5
    endloop
  endfacet
  facet normal 0.228291 0.672514 -0.703994
    outer loop
      vertex 5.28061 3.55229 3.8147e-07
      vertex 5.84944 4.92941 1.5
      vertex 6.06001 4.85793 1.5
    endloop
  endfacet
  facet normal 0.226054 0.673352 -0.703915
    outer loop
      vertex 5.84944 4.92941 1.5
      vertex 5.28061 3.55229 3.8147e-07
      vertex 5.27921 3.55276 3.8147e-07
    endloop
  endfacet
  facet normal 0.314124 0.636959 -0.703995
    outer loop
      vertex 5.27921 3.55276 3.8147e-07
      vertex 4.90629 3.73667 3.8147e-07
      vertex 5.84944 4.92941 1.5
    endloop
  endfacet
  facet normal 0.39457 -0.590514 -0.703994
    outer loop
      vertex 4.55801 9.03085 3.8147e-07
      vertex 4.90374 9.26186 3.8147e-07
      vertex 5.46511 7.8487 1.5
    endloop
  endfacet
  facet normal 0.672513 0.228293 -0.703995
    outer loop
      vertex 3.55229 5.28061 3.8147e-07
      vertex 3.41863 5.67435 3.8147e-07
      vertex 4.85793 6.06001 1.5
    endloop
  endfacet
  facet normal 0.708685 0.0464577 -0.703994
    outer loop
      vertex 3.33713 6.08508 3.8147e-07
      vertex 3.30993 6.5 3.8147e-07
      vertex 4.8 6.5 1.5
    endloop
  endfacet
  facet normal 0.673352 0.226054 -0.703915
    outer loop
      vertex 3.55229 5.28061 3.8147e-07
      vertex 4.92941 5.84944 1.5
      vertex 3.55276 5.27921 3.8147e-07
    endloop
  endfacet
  facet normal 0.672514 0.228291 -0.703994
    outer loop
      vertex 4.92941 5.84944 1.5
      vertex 3.55229 5.28061 3.8147e-07
      vertex 4.85793 6.06001 1.5
    endloop
  endfacet
  facet normal 0.228293 0.672513 -0.703995
    outer loop
      vertex 5.67435 3.41863 3.8147e-07
      vertex 5.28061 3.55229 3.8147e-07
      vertex 6.06001 4.85793 1.5
    endloop
  endfacet
  facet normal 0.39457 0.590514 -0.703994
    outer loop
      vertex 4.90374 3.73814 3.8147e-07
      vertex 4.55801 3.96915 3.8147e-07
      vertex 5.46511 5.1513 1.5
    endloop
  endfacet
  facet normal 0.138553 0.696559 -0.703995
    outer loop
      vertex 5.67435 3.41863 3.8147e-07
      vertex 6.06001 4.85793 1.5
      vertex 6.08217 3.33751 3.8147e-07
    endloop
  endfacet
  facet normal -0.138553 0.696559 -0.703995
    outer loop
      vertex 6.91783 3.33751 3.8147e-07
      vertex 6.93999 4.85793 1.5
      vertex 7.32565 3.41863 3.8147e-07
    endloop
  endfacet
  facet normal 0.696557 0.138577 -0.703992
    outer loop
      vertex 3.33751 6.08217 3.8147e-07
      vertex 4.81454 6.27811 1.5
      vertex 4.85793 6.06001 1.5
    endloop
  endfacet
  facet normal 0.697057 0.135539 -0.704088
    outer loop
      vertex 4.81454 6.27811 1.5
      vertex 3.33751 6.08217 3.8147e-07
      vertex 3.33723 6.08361 3.8147e-07
    endloop
  endfacet
  facet normal 0.590514 0.39457 -0.703994
    outer loop
      vertex 3.96915 4.55801 3.8147e-07
      vertex 3.73814 4.90374 3.8147e-07
      vertex 5.1513 5.46511 1.5
    endloop
  endfacet
  facet normal 0.533961 0.468271 -0.703994
    outer loop
      vertex 4.24331 4.24539 3.8147e-07
      vertex 3.96915 4.55801 3.8147e-07
      vertex 5.1513 5.46511 1.5
    endloop
  endfacet
  facet normal 0.468271 0.533961 -0.703994
    outer loop
      vertex 4.55801 3.96915 3.8147e-07
      vertex 4.24539 4.24331 3.8147e-07
      vertex 5.46511 5.1513 1.5
    endloop
  endfacet
  facet normal 0.135539 0.697057 -0.704088
    outer loop
      vertex 6.08217 3.33751 3.8147e-07
      vertex 6.27811 4.81454 1.5
      vertex 6.08361 3.33723 3.8147e-07
    endloop
  endfacet
  facet normal 0.138577 0.696557 -0.703992
    outer loop
      vertex 6.27811 4.81454 1.5
      vertex 6.08217 3.33751 3.8147e-07
      vertex 6.06001 4.85793 1.5
    endloop
  endfacet
  facet normal 0.0464389 0.708688 -0.703992
    outer loop
      vertex 6.08508 3.33713 3.8147e-07
      vertex 6.27811 4.81454 1.5
      vertex 6.5 4.8 1.5
    endloop
  endfacet
  facet normal 0.0481983 0.708515 -0.704048
    outer loop
      vertex 6.27811 4.81454 1.5
      vertex 6.08508 3.33713 3.8147e-07
      vertex 6.08361 3.33723 3.8147e-07
    endloop
  endfacet
  facet normal -0.672513 0.228293 -0.703995
    outer loop
      vertex 9.44771 5.28061 3.8147e-07
      vertex 8.14207 6.06001 1.5
      vertex 9.58137 5.67435 3.8147e-07
    endloop
  endfacet
  facet normal -0.696559 0.138553 -0.703995
    outer loop
      vertex 9.58137 5.67435 3.8147e-07
      vertex 8.14207 6.06001 1.5
      vertex 9.66249 6.08217 3.8147e-07
    endloop
  endfacet
  facet normal -0.228293 0.672513 -0.703995
    outer loop
      vertex 7.32565 3.41863 3.8147e-07
      vertex 6.93999 4.85793 1.5
      vertex 7.71939 3.55229 3.8147e-07
    endloop
  endfacet
  facet normal -0.0481983 0.708515 -0.704048
    outer loop
      vertex 6.91492 3.33713 3.8147e-07
      vertex 6.72189 4.81454 1.5
      vertex 6.91639 3.33723 3.8147e-07
    endloop
  endfacet
  facet normal -0.0464389 0.708688 -0.703992
    outer loop
      vertex 6.72189 4.81454 1.5
      vertex 6.91492 3.33713 3.8147e-07
      vertex 6.5 4.8 1.5
    endloop
  endfacet
  facet normal -0.0464577 0.708685 -0.703994
    outer loop
      vertex 6.5 3.30993 3.8147e-07
      vertex 6.5 4.8 1.5
      vertex 6.91492 3.33713 3.8147e-07
    endloop
  endfacet
  facet normal -0.393938 0.590907 -0.704018
    outer loop
      vertex 7.35 5.02776 1.5
      vertex 8.09626 3.73814 3.8147e-07
      vertex 8.09503 3.73732 3.8147e-07
    endloop
  endfacet
  facet normal -0.39457 0.590514 -0.703994
    outer loop
      vertex 8.09626 3.73814 3.8147e-07
      vertex 7.35 5.02776 1.5
      vertex 7.53489 5.1513 1.5
    endloop
  endfacet
  facet normal -0.39457 0.590514 -0.703994
    outer loop
      vertex 8.09626 3.73814 3.8147e-07
      vertex 7.53489 5.1513 1.5
      vertex 8.44199 3.96915 3.8147e-07
    endloop
  endfacet
  facet normal -0.590514 0.39457 -0.703994
    outer loop
      vertex 9.03085 4.55801 3.8147e-07
      vertex 7.8487 5.46511 1.5
      vertex 9.26186 4.90374 3.8147e-07
    endloop
  endfacet
  facet normal -0.533961 0.468271 -0.703994
    outer loop
      vertex 8.75669 4.24539 3.8147e-07
      vertex 7.8487 5.46511 1.5
      vertex 9.03085 4.55801 3.8147e-07
    endloop
  endfacet
  facet normal 0.314124 -0.636959 -0.703995
    outer loop
      vertex 4.90629 9.26333 3.8147e-07
      vertex 5.27921 9.44724 3.8147e-07
      vertex 5.84944 8.07059 1.5
    endloop
  endfacet
  facet normal -0.228293 -0.672513 -0.703995
    outer loop
      vertex 6.93999 8.14207 1.5
      vertex 7.32565 9.58137 3.8147e-07
      vertex 7.71939 9.44771 3.8147e-07
    endloop
  endfacet
  facet normal -0.138553 -0.696559 -0.703995
    outer loop
      vertex 6.93999 8.14207 1.5
      vertex 6.91783 9.66249 3.8147e-07
      vertex 7.32565 9.58137 3.8147e-07
    endloop
  endfacet
  facet normal -0.672513 -0.228293 -0.703995
    outer loop
      vertex 8.14207 6.93999 1.5
      vertex 9.44771 7.71939 3.8147e-07
      vertex 9.58137 7.32565 3.8147e-07
    endloop
  endfacet
  facet normal -0.696559 -0.138553 -0.703995
    outer loop
      vertex 8.14207 6.93999 1.5
      vertex 9.58137 7.32565 3.8147e-07
      vertex 9.66249 6.91783 3.8147e-07
    endloop
  endfacet
  facet normal -0.590907 -0.393938 -0.704018
    outer loop
      vertex 7.97224 7.35 1.5
      vertex 9.26186 8.09626 3.8147e-07
      vertex 9.26268 8.09503 3.8147e-07
    endloop
  endfacet
  facet normal -0.590514 -0.39457 -0.703994
    outer loop
      vertex 9.26186 8.09626 3.8147e-07
      vertex 7.97224 7.35 1.5
      vertex 7.8487 7.53489 1.5
    endloop
  endfacet
  facet normal -0.590514 -0.39457 -0.703994
    outer loop
      vertex 7.8487 7.53489 1.5
      vertex 9.03085 8.44199 3.8147e-07
      vertex 9.26186 8.09626 3.8147e-07
    endloop
  endfacet
  facet normal -0.39457 -0.590514 -0.703994
    outer loop
      vertex 7.53489 7.8487 1.5
      vertex 8.09626 9.26186 3.8147e-07
      vertex 8.44199 9.03085 3.8147e-07
    endloop
  endfacet
  facet normal -0.468271 -0.533961 -0.703994
    outer loop
      vertex 7.53489 7.8487 1.5
      vertex 8.44199 9.03085 3.8147e-07
      vertex 8.75461 8.75669 3.8147e-07
    endloop
  endfacet
  facet normal 0.637159 0.313752 -0.70398
    outer loop
      vertex 3.73667 4.90629 3.8147e-07
      vertex 5.02776 5.65 1.5
      vertex 3.73732 4.90497 3.8147e-07
    endloop
  endfacet
  facet normal 0.636969 0.314109 -0.703993
    outer loop
      vertex 5.02776 5.65 1.5
      vertex 3.73667 4.90629 3.8147e-07
      vertex 4.92941 5.84944 1.5
    endloop
  endfacet
  facet normal 0.636959 0.314124 -0.703995
    outer loop
      vertex 3.73667 4.90629 3.8147e-07
      vertex 3.55276 5.27921 3.8147e-07
      vertex 4.92941 5.84944 1.5
    endloop
  endfacet
  facet normal 0.468268 0.533964 -0.703994
    outer loop
      vertex 4.24539 4.24331 3.8147e-07
      vertex 5.29792 5.29792 1.5
      vertex 5.46511 5.1513 1.5
    endloop
  endfacet
  facet normal 0.467359 0.534813 -0.703953
    outer loop
      vertex 5.29792 5.29792 1.5
      vertex 4.24539 4.24331 3.8147e-07
      vertex 4.24428 4.24428 3.8147e-07
    endloop
  endfacet
  facet normal -0.637159 0.313752 -0.70398
    outer loop
      vertex 7.97224 5.65 1.5
      vertex 9.26333 4.90629 3.8147e-07
      vertex 9.26268 4.90497 3.8147e-07
    endloop
  endfacet
  facet normal -0.636969 0.314109 -0.703993
    outer loop
      vertex 9.26333 4.90629 3.8147e-07
      vertex 7.97224 5.65 1.5
      vertex 8.07059 5.84944 1.5
    endloop
  endfacet
  facet normal -0.226054 0.673352 -0.703915
    outer loop
      vertex 7.71939 3.55229 3.8147e-07
      vertex 7.15056 4.92941 1.5
      vertex 7.72079 3.55276 3.8147e-07
    endloop
  endfacet
  facet normal -0.228291 0.672514 -0.703994
    outer loop
      vertex 7.15056 4.92941 1.5
      vertex 7.71939 3.55229 3.8147e-07
      vertex 6.93999 4.85793 1.5
    endloop
  endfacet
  facet normal -0.135539 0.697057 -0.704088
    outer loop
      vertex 6.72189 4.81454 1.5
      vertex 6.91783 3.33751 3.8147e-07
      vertex 6.91639 3.33723 3.8147e-07
    endloop
  endfacet
  facet normal -0.138577 0.696557 -0.703992
    outer loop
      vertex 6.91783 3.33751 3.8147e-07
      vertex 6.72189 4.81454 1.5
      vertex 6.93999 4.85793 1.5
    endloop
  endfacet
  facet normal -0.534813 0.467359 -0.703953
    outer loop
      vertex 7.70208 5.29792 1.5
      vertex 8.75669 4.24539 3.8147e-07
      vertex 8.75572 4.24428 3.8147e-07
    endloop
  endfacet
  facet normal -0.533964 0.468268 -0.703994
    outer loop
      vertex 8.75669 4.24539 3.8147e-07
      vertex 7.70208 5.29792 1.5
      vertex 7.8487 5.46511 1.5
    endloop
  endfacet
  facet normal 0.138553 -0.696559 -0.703995
    outer loop
      vertex 6.06001 8.14207 1.5
      vertex 5.67435 9.58137 3.8147e-07
      vertex 6.08217 9.66249 3.8147e-07
    endloop
  endfacet
  facet normal 0.533961 -0.468271 -0.703994
    outer loop
      vertex 3.96915 8.44199 3.8147e-07
      vertex 4.24331 8.75461 3.8147e-07
      vertex 5.1513 7.53489 1.5
    endloop
  endfacet
  facet normal 0.590514 -0.39457 -0.703994
    outer loop
      vertex 3.73814 8.09626 3.8147e-07
      vertex 3.96915 8.44199 3.8147e-07
      vertex 5.1513 7.53489 1.5
    endloop
  endfacet
  facet normal 0.672513 -0.228293 -0.703995
    outer loop
      vertex 3.41863 7.32565 3.8147e-07
      vertex 3.55229 7.71939 3.8147e-07
      vertex 4.85793 6.93999 1.5
    endloop
  endfacet
  facet normal -0.313752 -0.637159 -0.70398
    outer loop
      vertex 7.35 7.97224 1.5
      vertex 8.09371 9.26333 3.8147e-07
      vertex 8.09503 9.26268 3.8147e-07
    endloop
  endfacet
  facet normal -0.314109 -0.636969 -0.703993
    outer loop
      vertex 8.09371 9.26333 3.8147e-07
      vertex 7.35 7.97224 1.5
      vertex 7.15056 8.07059 1.5
    endloop
  endfacet
  facet normal -0.708685 -0.0464577 -0.703994
    outer loop
      vertex 8.2 6.5 1.5
      vertex 9.66287 6.91492 3.8147e-07
      vertex 9.69007 6.5 3.8147e-07
    endloop
  endfacet
  facet normal -0.672514 -0.228291 -0.703994
    outer loop
      vertex 8.07059 7.15056 1.5
      vertex 9.44771 7.71939 3.8147e-07
      vertex 8.14207 6.93999 1.5
    endloop
  endfacet
  facet normal -0.673352 -0.226054 -0.703915
    outer loop
      vertex 9.44771 7.71939 3.8147e-07
      vertex 8.07059 7.15056 1.5
      vertex 9.44724 7.72079 3.8147e-07
    endloop
  endfacet
  facet normal -0.467359 -0.534813 -0.703953
    outer loop
      vertex 7.70208 7.70208 1.5
      vertex 8.75461 8.75669 3.8147e-07
      vertex 8.75572 8.75572 3.8147e-07
    endloop
  endfacet
  facet normal -0.468268 -0.533964 -0.703994
    outer loop
      vertex 8.75461 8.75669 3.8147e-07
      vertex 7.70208 7.70208 1.5
      vertex 7.53489 7.8487 1.5
    endloop
  endfacet
  facet normal 0.590514 0.39457 -0.703994
    outer loop
      vertex 3.73814 4.90374 3.8147e-07
      vertex 5.02776 5.65 1.5
      vertex 5.1513 5.46511 1.5
    endloop
  endfacet
  facet normal 0.590907 0.393938 -0.704018
    outer loop
      vertex 5.02776 5.65 1.5
      vertex 3.73814 4.90374 3.8147e-07
      vertex 3.73732 4.90497 3.8147e-07
    endloop
  endfacet
  facet normal 0.393938 0.590907 -0.704018
    outer loop
      vertex 4.90374 3.73814 3.8147e-07
      vertex 5.65 5.02776 1.5
      vertex 4.90497 3.73732 3.8147e-07
    endloop
  endfacet
  facet normal 0.39457 0.590514 -0.703994
    outer loop
      vertex 5.65 5.02776 1.5
      vertex 4.90374 3.73814 3.8147e-07
      vertex 5.46511 5.1513 1.5
    endloop
  endfacet
  facet normal 0.314109 0.636969 -0.703993
    outer loop
      vertex 4.90629 3.73667 3.8147e-07
      vertex 5.65 5.02776 1.5
      vertex 5.84944 4.92941 1.5
    endloop
  endfacet
  facet normal 0.313752 0.637159 -0.70398
    outer loop
      vertex 5.65 5.02776 1.5
      vertex 4.90629 3.73667 3.8147e-07
      vertex 4.90497 3.73732 3.8147e-07
    endloop
  endfacet
  facet normal -0.673352 0.226054 -0.703915
    outer loop
      vertex 8.07059 5.84944 1.5
      vertex 9.44771 5.28061 3.8147e-07
      vertex 9.44724 5.27921 3.8147e-07
    endloop
  endfacet
  facet normal -0.672514 0.228291 -0.703994
    outer loop
      vertex 9.44771 5.28061 3.8147e-07
      vertex 8.07059 5.84944 1.5
      vertex 8.14207 6.06001 1.5
    endloop
  endfacet
  facet normal -0.636959 0.314124 -0.703995
    outer loop
      vertex 9.26333 4.90629 3.8147e-07
      vertex 8.07059 5.84944 1.5
      vertex 9.44724 5.27921 3.8147e-07
    endloop
  endfacet
  facet normal -0.590907 0.393938 -0.704018
    outer loop
      vertex 9.26186 4.90374 3.8147e-07
      vertex 7.97224 5.65 1.5
      vertex 9.26268 4.90497 3.8147e-07
    endloop
  endfacet
  facet normal -0.590514 0.39457 -0.703994
    outer loop
      vertex 7.97224 5.65 1.5
      vertex 9.26186 4.90374 3.8147e-07
      vertex 7.8487 5.46511 1.5
    endloop
  endfacet
  facet normal -0.314124 0.636959 -0.703995
    outer loop
      vertex 7.72079 3.55276 3.8147e-07
      vertex 7.15056 4.92941 1.5
      vertex 8.09371 3.73667 3.8147e-07
    endloop
  endfacet
  facet normal -0.313752 0.637159 -0.70398
    outer loop
      vertex 8.09371 3.73667 3.8147e-07
      vertex 7.35 5.02776 1.5
      vertex 8.09503 3.73732 3.8147e-07
    endloop
  endfacet
  facet normal -0.314109 0.636969 -0.703993
    outer loop
      vertex 7.35 5.02776 1.5
      vertex 8.09371 3.73667 3.8147e-07
      vertex 7.15056 4.92941 1.5
    endloop
  endfacet
  facet normal -0.467359 0.534813 -0.703953
    outer loop
      vertex 8.75461 4.24331 3.8147e-07
      vertex 7.70208 5.29792 1.5
      vertex 8.75572 4.24428 3.8147e-07
    endloop
  endfacet
  facet normal -0.468268 0.533964 -0.703994
    outer loop
      vertex 7.70208 5.29792 1.5
      vertex 8.75461 4.24331 3.8147e-07
      vertex 7.53489 5.1513 1.5
    endloop
  endfacet
  facet normal -0.468271 0.533961 -0.703994
    outer loop
      vertex 8.44199 3.96915 3.8147e-07
      vertex 7.53489 5.1513 1.5
      vertex 8.75461 4.24331 3.8147e-07
    endloop
  endfacet
  facet normal -0.0464577 -0.708685 -0.703994
    outer loop
      vertex 6.5 8.2 1.5
      vertex 6.5 9.69007 3.8147e-07
      vertex 6.91492 9.66287 3.8147e-07
    endloop
  endfacet
  facet normal 0.0464577 -0.708685 -0.703994
    outer loop
      vertex 6.08508 9.66287 3.8147e-07
      vertex 6.5 9.69007 3.8147e-07
      vertex 6.5 8.2 1.5
    endloop
  endfacet
  facet normal 0.590514 -0.39457 -0.703994
    outer loop
      vertex 5.02776 7.35 1.5
      vertex 3.73814 8.09626 3.8147e-07
      vertex 5.1513 7.53489 1.5
    endloop
  endfacet
  facet normal 0.590907 -0.393938 -0.704018
    outer loop
      vertex 3.73814 8.09626 3.8147e-07
      vertex 5.02776 7.35 1.5
      vertex 3.73732 8.09503 3.8147e-07
    endloop
  endfacet
  facet normal 0.468268 -0.533964 -0.703994
    outer loop
      vertex 5.29792 7.70208 1.5
      vertex 4.24539 8.75669 3.8147e-07
      vertex 5.46511 7.8487 1.5
    endloop
  endfacet
  facet normal 0.467359 -0.534813 -0.703953
    outer loop
      vertex 4.24539 8.75669 3.8147e-07
      vertex 5.29792 7.70208 1.5
      vertex 4.24428 8.75572 3.8147e-07
    endloop
  endfacet
  facet normal 0.468271 -0.533961 -0.703994
    outer loop
      vertex 4.24539 8.75669 3.8147e-07
      vertex 4.55801 9.03085 3.8147e-07
      vertex 5.46511 7.8487 1.5
    endloop
  endfacet
  facet normal 0.696559 -0.138553 -0.703995
    outer loop
      vertex 3.33751 6.91783 3.8147e-07
      vertex 3.41863 7.32565 3.8147e-07
      vertex 4.85793 6.93999 1.5
    endloop
  endfacet
  facet normal 0.696557 -0.138577 -0.703992
    outer loop
      vertex 4.81454 6.72189 1.5
      vertex 3.33751 6.91783 3.8147e-07
      vertex 4.85793 6.93999 1.5
    endloop
  endfacet
  facet normal 0.697057 -0.135539 -0.704088
    outer loop
      vertex 3.33751 6.91783 3.8147e-07
      vertex 4.81454 6.72189 1.5
      vertex 3.33723 6.91639 3.8147e-07
    endloop
  endfacet
  facet normal -0.226054 -0.673352 -0.703915
    outer loop
      vertex 7.15056 8.07059 1.5
      vertex 7.71939 9.44771 3.8147e-07
      vertex 7.72079 9.44724 3.8147e-07
    endloop
  endfacet
  facet normal -0.228291 -0.672514 -0.703994
    outer loop
      vertex 7.71939 9.44771 3.8147e-07
      vertex 7.15056 8.07059 1.5
      vertex 6.93999 8.14207 1.5
    endloop
  endfacet
  facet normal -0.314124 -0.636959 -0.703995
    outer loop
      vertex 7.15056 8.07059 1.5
      vertex 7.72079 9.44724 3.8147e-07
      vertex 8.09371 9.26333 3.8147e-07
    endloop
  endfacet
  facet normal -0.39457 -0.590514 -0.703994
    outer loop
      vertex 7.35 7.97224 1.5
      vertex 8.09626 9.26186 3.8147e-07
      vertex 7.53489 7.8487 1.5
    endloop
  endfacet
  facet normal -0.393938 -0.590907 -0.704018
    outer loop
      vertex 8.09626 9.26186 3.8147e-07
      vertex 7.35 7.97224 1.5
      vertex 8.09503 9.26268 3.8147e-07
    endloop
  endfacet
  facet normal -0.708685 0.0464577 -0.703994
    outer loop
      vertex 9.66287 6.08508 3.8147e-07
      vertex 8.2 6.5 1.5
      vertex 9.69007 6.5 3.8147e-07
    endloop
  endfacet
  facet normal -0.636959 -0.314124 -0.703995
    outer loop
      vertex 8.07059 7.15056 1.5
      vertex 9.26333 8.09371 3.8147e-07
      vertex 9.44724 7.72079 3.8147e-07
    endloop
  endfacet
  facet normal -0.636969 -0.314109 -0.703993
    outer loop
      vertex 7.97224 7.35 1.5
      vertex 9.26333 8.09371 3.8147e-07
      vertex 8.07059 7.15056 1.5
    endloop
  endfacet
  facet normal -0.637159 -0.313752 -0.70398
    outer loop
      vertex 9.26333 8.09371 3.8147e-07
      vertex 7.97224 7.35 1.5
      vertex 9.26268 8.09503 3.8147e-07
    endloop
  endfacet
  facet normal -0.533964 -0.468268 -0.703994
    outer loop
      vertex 7.70208 7.70208 1.5
      vertex 8.75669 8.75461 3.8147e-07
      vertex 7.8487 7.53489 1.5
    endloop
  endfacet
  facet normal -0.534813 -0.467359 -0.703953
    outer loop
      vertex 8.75669 8.75461 3.8147e-07
      vertex 7.70208 7.70208 1.5
      vertex 8.75572 8.75572 3.8147e-07
    endloop
  endfacet
  facet normal -0.533961 -0.468271 -0.703994
    outer loop
      vertex 7.8487 7.53489 1.5
      vertex 8.75669 8.75461 3.8147e-07
      vertex 9.03085 8.44199 3.8147e-07
    endloop
  endfacet
  facet normal 0.135539 -0.697057 -0.704088
    outer loop
      vertex 6.27811 8.18546 1.5
      vertex 6.08217 9.66249 3.8147e-07
      vertex 6.08361 9.66277 3.8147e-07
    endloop
  endfacet
  facet normal 0.138577 -0.696557 -0.703992
    outer loop
      vertex 6.08217 9.66249 3.8147e-07
      vertex 6.27811 8.18546 1.5
      vertex 6.06001 8.14207 1.5
    endloop
  endfacet
  facet normal 0.228291 -0.672514 -0.703994
    outer loop
      vertex 5.84944 8.07059 1.5
      vertex 5.28061 9.44771 3.8147e-07
      vertex 6.06001 8.14207 1.5
    endloop
  endfacet
  facet normal 0.226054 -0.673352 -0.703915
    outer loop
      vertex 5.28061 9.44771 3.8147e-07
      vertex 5.84944 8.07059 1.5
      vertex 5.27921 9.44724 3.8147e-07
    endloop
  endfacet
  facet normal 0.228293 -0.672513 -0.703995
    outer loop
      vertex 5.28061 9.44771 3.8147e-07
      vertex 5.67435 9.58137 3.8147e-07
      vertex 6.06001 8.14207 1.5
    endloop
  endfacet
  facet normal 0.314109 -0.636969 -0.703993
    outer loop
      vertex 5.65 7.97224 1.5
      vertex 4.90629 9.26333 3.8147e-07
      vertex 5.84944 8.07059 1.5
    endloop
  endfacet
  facet normal 0.313752 -0.637159 -0.70398
    outer loop
      vertex 4.90629 9.26333 3.8147e-07
      vertex 5.65 7.97224 1.5
      vertex 4.90497 9.26268 3.8147e-07
    endloop
  endfacet
  facet normal 0.39457 -0.590514 -0.703994
    outer loop
      vertex 4.90374 9.26186 3.8147e-07
      vertex 5.65 7.97224 1.5
      vertex 5.46511 7.8487 1.5
    endloop
  endfacet
  facet normal 0.393938 -0.590907 -0.704018
    outer loop
      vertex 5.65 7.97224 1.5
      vertex 4.90374 9.26186 3.8147e-07
      vertex 4.90497 9.26268 3.8147e-07
    endloop
  endfacet
  facet normal 0.0481983 -0.708515 -0.704048
    outer loop
      vertex 6.08508 9.66287 3.8147e-07
      vertex 6.27811 8.18546 1.5
      vertex 6.08361 9.66277 3.8147e-07
    endloop
  endfacet
  facet normal 0.0464389 -0.708688 -0.703992
    outer loop
      vertex 6.27811 8.18546 1.5
      vertex 6.08508 9.66287 3.8147e-07
      vertex 6.5 8.2 1.5
    endloop
  endfacet
  facet normal -0.0464389 -0.708688 -0.703992
    outer loop
      vertex 6.91492 9.66287 3.8147e-07
      vertex 6.72189 8.18546 1.5
      vertex 6.5 8.2 1.5
    endloop
  endfacet
  facet normal -0.0481983 -0.708515 -0.704048
    outer loop
      vertex 6.72189 8.18546 1.5
      vertex 6.91492 9.66287 3.8147e-07
      vertex 6.91639 9.66277 3.8147e-07
    endloop
  endfacet
  facet normal 0.533964 -0.468268 -0.703994
    outer loop
      vertex 4.24331 8.75461 3.8147e-07
      vertex 5.29792 7.70208 1.5
      vertex 5.1513 7.53489 1.5
    endloop
  endfacet
  facet normal 0.534813 -0.467359 -0.703953
    outer loop
      vertex 5.29792 7.70208 1.5
      vertex 4.24331 8.75461 3.8147e-07
      vertex 4.24428 8.75572 3.8147e-07
    endloop
  endfacet
  facet normal 0.636959 -0.314124 -0.703995
    outer loop
      vertex 3.55276 7.72079 3.8147e-07
      vertex 3.73667 8.09371 3.8147e-07
      vertex 4.92941 7.15056 1.5
    endloop
  endfacet
  facet normal 0.672514 -0.228291 -0.703994
    outer loop
      vertex 3.55229 7.71939 3.8147e-07
      vertex 4.92941 7.15056 1.5
      vertex 4.85793 6.93999 1.5
    endloop
  endfacet
  facet normal 0.673352 -0.226054 -0.703915
    outer loop
      vertex 4.92941 7.15056 1.5
      vertex 3.55229 7.71939 3.8147e-07
      vertex 3.55276 7.72079 3.8147e-07
    endloop
  endfacet
  facet normal -0.708688 0.0464389 -0.703992
    outer loop
      vertex 9.66287 6.08508 3.8147e-07
      vertex 8.18546 6.27811 1.5
      vertex 8.2 6.5 1.5
    endloop
  endfacet
  facet normal -0.708515 0.0481983 -0.704048
    outer loop
      vertex 8.18546 6.27811 1.5
      vertex 9.66287 6.08508 3.8147e-07
      vertex 9.66277 6.08361 3.8147e-07
    endloop
  endfacet
  facet normal 0.636969 -0.314109 -0.703993
    outer loop
      vertex 3.73667 8.09371 3.8147e-07
      vertex 5.02776 7.35 1.5
      vertex 4.92941 7.15056 1.5
    endloop
  endfacet
  facet normal 0.637159 -0.313752 -0.70398
    outer loop
      vertex 5.02776 7.35 1.5
      vertex 3.73667 8.09371 3.8147e-07
      vertex 3.73732 8.09503 3.8147e-07
    endloop
  endfacet
  facet normal -0.708515 -0.0481983 -0.704048
    outer loop
      vertex 9.66287 6.91492 3.8147e-07
      vertex 8.18546 6.72189 1.5
      vertex 9.66277 6.91639 3.8147e-07
    endloop
  endfacet
  facet normal -0.708688 -0.0464389 -0.703992
    outer loop
      vertex 8.18546 6.72189 1.5
      vertex 9.66287 6.91492 3.8147e-07
      vertex 8.2 6.5 1.5
    endloop
  endfacet
  facet normal -0.697057 -0.135539 -0.704088
    outer loop
      vertex 8.18546 6.72189 1.5
      vertex 9.66249 6.91783 3.8147e-07
      vertex 9.66277 6.91639 3.8147e-07
    endloop
  endfacet
  facet normal -0.696557 -0.138577 -0.703992
    outer loop
      vertex 9.66249 6.91783 3.8147e-07
      vertex 8.18546 6.72189 1.5
      vertex 8.14207 6.93999 1.5
    endloop
  endfacet
  facet normal 0.555426 -0.831566 0
    outer loop
      vertex 44.4651 38.8487 1.5
      vertex 44.65 38.9722 2.4
      vertex 44.4651 38.8487 2.4
    endloop
  endfacet
  facet normal 0.555426 -0.831566 0
    outer loop
      vertex 44.65 38.9722 2.4
      vertex 44.4651 38.8487 1.5
      vertex 44.65 38.9722 1.5
    endloop
  endfacet
  facet normal -0.946915 -0.321484 0
    outer loop
      vertex 47.1421 37.94 1.5
      vertex 47.0706 38.1506 2.4
      vertex 47.0706 38.1506 1.5
    endloop
  endfacet
  facet normal -0.946915 -0.321484 0
    outer loop
      vertex 47.0706 38.1506 2.4
      vertex 47.1421 37.94 1.5
      vertex 47.1421 37.94 2.4
    endloop
  endfacet
  facet normal -0.321484 0.946915 0
    outer loop
      vertex 46.1506 35.9294 1.5
      vertex 45.94 35.8579 2.4
      vertex 46.1506 35.9294 2.4
    endloop
  endfacet
  facet normal -0.321484 0.946915 0
    outer loop
      vertex 45.94 35.8579 2.4
      vertex 46.1506 35.9294 1.5
      vertex 45.94 35.8579 1.5
    endloop
  endfacet
  facet normal 0.44253 -0.896754 0
    outer loop
      vertex 44.65 38.9722 1.5
      vertex 44.8494 39.0706 2.4
      vertex 44.65 38.9722 2.4
    endloop
  endfacet
  facet normal 0.44253 -0.896754 0
    outer loop
      vertex 44.8494 39.0706 2.4
      vertex 44.65 38.9722 1.5
      vertex 44.8494 39.0706 1.5
    endloop
  endfacet
  facet normal -0.321484 -0.946915 0
    outer loop
      vertex 45.94 39.1421 1.5
      vertex 46.1506 39.0706 2.4
      vertex 45.94 39.1421 2.4
    endloop
  endfacet
  facet normal -0.321484 -0.946915 -0
    outer loop
      vertex 46.1506 39.0706 2.4
      vertex 45.94 39.1421 1.5
      vertex 46.1506 39.0706 1.5
    endloop
  endfacet
  facet normal -0.896754 -0.44253 0
    outer loop
      vertex 47.0706 38.1506 1.5
      vertex 46.9722 38.35 2.4
      vertex 46.9722 38.35 1.5
    endloop
  endfacet
  facet normal -0.896754 -0.44253 0
    outer loop
      vertex 46.9722 38.35 2.4
      vertex 47.0706 38.1506 1.5
      vertex 47.0706 38.1506 2.4
    endloop
  endfacet
  facet normal -0.896754 0.44253 0
    outer loop
      vertex 46.9722 36.65 1.5
      vertex 47.0706 36.8494 2.4
      vertex 47.0706 36.8494 1.5
    endloop
  endfacet
  facet normal -0.896754 0.44253 0
    outer loop
      vertex 47.0706 36.8494 2.4
      vertex 46.9722 36.65 1.5
      vertex 46.9722 36.65 2.4
    endloop
  endfacet
  facet normal 0.98077 -0.195165 0
    outer loop
      vertex 43.8145 37.7219 2.4
      vertex 43.8579 37.94 1.5
      vertex 43.8579 37.94 2.4
    endloop
  endfacet
  facet normal 0.98077 -0.195165 0
    outer loop
      vertex 43.8579 37.94 1.5
      vertex 43.8145 37.7219 2.4
      vertex 43.8145 37.7219 1.5
    endloop
  endfacet
  facet normal 0.946915 -0.321484 0
    outer loop
      vertex 43.8579 37.94 2.4
      vertex 43.9294 38.1506 1.5
      vertex 43.9294 38.1506 2.4
    endloop
  endfacet
  facet normal 0.946915 -0.321484 0
    outer loop
      vertex 43.9294 38.1506 1.5
      vertex 43.8579 37.94 2.4
      vertex 43.8579 37.94 1.5
    endloop
  endfacet
  facet normal 0.831566 -0.555426 0
    outer loop
      vertex 44.0278 38.35 2.4
      vertex 44.1513 38.5349 1.5
      vertex 44.1513 38.5349 2.4
    endloop
  endfacet
  facet normal 0.831566 -0.555426 0
    outer loop
      vertex 44.1513 38.5349 1.5
      vertex 44.0278 38.35 2.4
      vertex 44.0278 38.35 1.5
    endloop
  endfacet
  facet normal 0.751908 -0.659268 0
    outer loop
      vertex 44.1513 38.5349 2.4
      vertex 44.2979 38.7021 1.5
      vertex 44.2979 38.7021 2.4
    endloop
  endfacet
  facet normal 0.751908 -0.659268 0
    outer loop
      vertex 44.2979 38.7021 1.5
      vertex 44.1513 38.5349 2.4
      vertex 44.1513 38.5349 1.5
    endloop
  endfacet
  facet normal 0.321484 -0.946915 0
    outer loop
      vertex 44.8494 39.0706 1.5
      vertex 45.06 39.1421 2.4
      vertex 44.8494 39.0706 2.4
    endloop
  endfacet
  facet normal 0.321484 -0.946915 0
    outer loop
      vertex 45.06 39.1421 2.4
      vertex 44.8494 39.0706 1.5
      vertex 45.06 39.1421 1.5
    endloop
  endfacet
  facet normal 0.0652057 -0.997872 0
    outer loop
      vertex 45.2781 39.1855 1.5
      vertex 45.5 39.2 2.4
      vertex 45.2781 39.1855 2.4
    endloop
  endfacet
  facet normal 0.0652057 -0.997872 0
    outer loop
      vertex 45.5 39.2 2.4
      vertex 45.2781 39.1855 1.5
      vertex 45.5 39.2 1.5
    endloop
  endfacet
  facet normal -0.751908 -0.659268 0
    outer loop
      vertex 46.8487 38.5349 1.5
      vertex 46.7021 38.7021 2.4
      vertex 46.7021 38.7021 1.5
    endloop
  endfacet
  facet normal -0.751908 -0.659268 0
    outer loop
      vertex 46.7021 38.7021 2.4
      vertex 46.8487 38.5349 1.5
      vertex 46.8487 38.5349 2.4
    endloop
  endfacet
  facet normal -0.659268 -0.751908 0
    outer loop
      vertex 46.5349 38.8487 1.5
      vertex 46.7021 38.7021 2.4
      vertex 46.5349 38.8487 2.4
    endloop
  endfacet
  facet normal -0.659268 -0.751908 -0
    outer loop
      vertex 46.7021 38.7021 2.4
      vertex 46.5349 38.8487 1.5
      vertex 46.7021 38.7021 1.5
    endloop
  endfacet
  facet normal 0.997872 -0.0652057 0
    outer loop
      vertex 43.8 37.5 2.4
      vertex 43.8145 37.7219 1.5
      vertex 43.8145 37.7219 2.4
    endloop
  endfacet
  facet normal 0.997872 -0.0652057 0
    outer loop
      vertex 43.8145 37.7219 1.5
      vertex 43.8 37.5 2.4
      vertex 43.8 37.5 1.5
    endloop
  endfacet
  facet normal 0.321484 0.946915 -0
    outer loop
      vertex 45.06 35.8579 1.5
      vertex 44.8494 35.9294 2.4
      vertex 45.06 35.8579 2.4
    endloop
  endfacet
  facet normal 0.321484 0.946915 0
    outer loop
      vertex 44.8494 35.9294 2.4
      vertex 45.06 35.8579 1.5
      vertex 44.8494 35.9294 1.5
    endloop
  endfacet
  facet normal 0.831566 0.555426 0
    outer loop
      vertex 44.1513 36.4651 2.4
      vertex 44.0278 36.65 1.5
      vertex 44.0278 36.65 2.4
    endloop
  endfacet
  facet normal 0.831566 0.555426 0
    outer loop
      vertex 44.0278 36.65 1.5
      vertex 44.1513 36.4651 2.4
      vertex 44.1513 36.4651 1.5
    endloop
  endfacet
  facet normal 0.751908 0.659268 0
    outer loop
      vertex 44.2979 36.2979 2.4
      vertex 44.1513 36.4651 1.5
      vertex 44.1513 36.4651 2.4
    endloop
  endfacet
  facet normal 0.751908 0.659268 0
    outer loop
      vertex 44.1513 36.4651 1.5
      vertex 44.2979 36.2979 2.4
      vertex 44.2979 36.2979 1.5
    endloop
  endfacet
  facet normal -0.659268 0.751908 0
    outer loop
      vertex 46.7021 36.2979 1.5
      vertex 46.5349 36.1513 2.4
      vertex 46.7021 36.2979 2.4
    endloop
  endfacet
  facet normal -0.659268 0.751908 0
    outer loop
      vertex 46.5349 36.1513 2.4
      vertex 46.7021 36.2979 1.5
      vertex 46.5349 36.1513 1.5
    endloop
  endfacet
  facet normal 0.896754 -0.44253 0
    outer loop
      vertex 43.9294 38.1506 2.4
      vertex 44.0278 38.35 1.5
      vertex 44.0278 38.35 2.4
    endloop
  endfacet
  facet normal 0.896754 -0.44253 0
    outer loop
      vertex 44.0278 38.35 1.5
      vertex 43.9294 38.1506 2.4
      vertex 43.9294 38.1506 1.5
    endloop
  endfacet
  facet normal 0.659268 -0.751908 0
    outer loop
      vertex 44.2979 38.7021 1.5
      vertex 44.4651 38.8487 2.4
      vertex 44.2979 38.7021 2.4
    endloop
  endfacet
  facet normal 0.659268 -0.751908 0
    outer loop
      vertex 44.4651 38.8487 2.4
      vertex 44.2979 38.7021 1.5
      vertex 44.4651 38.8487 1.5
    endloop
  endfacet
  facet normal 0.195165 -0.98077 0
    outer loop
      vertex 45.06 39.1421 1.5
      vertex 45.2781 39.1855 2.4
      vertex 45.06 39.1421 2.4
    endloop
  endfacet
  facet normal 0.195165 -0.98077 0
    outer loop
      vertex 45.2781 39.1855 2.4
      vertex 45.06 39.1421 1.5
      vertex 45.2781 39.1855 1.5
    endloop
  endfacet
  facet normal -0.997872 -0.0652057 0
    outer loop
      vertex 47.2 37.5 1.5
      vertex 47.1855 37.7219 2.4
      vertex 47.1855 37.7219 1.5
    endloop
  endfacet
  facet normal -0.997872 -0.0652057 0
    outer loop
      vertex 47.1855 37.7219 2.4
      vertex 47.2 37.5 1.5
      vertex 47.2 37.5 2.4
    endloop
  endfacet
  facet normal -0.98077 -0.195165 0
    outer loop
      vertex 47.1855 37.7219 1.5
      vertex 47.1421 37.94 2.4
      vertex 47.1421 37.94 1.5
    endloop
  endfacet
  facet normal -0.98077 -0.195165 0
    outer loop
      vertex 47.1421 37.94 2.4
      vertex 47.1855 37.7219 1.5
      vertex 47.1855 37.7219 2.4
    endloop
  endfacet
  facet normal -0.831566 -0.555426 0
    outer loop
      vertex 46.9722 38.35 1.5
      vertex 46.8487 38.5349 2.4
      vertex 46.8487 38.5349 1.5
    endloop
  endfacet
  facet normal -0.831566 -0.555426 0
    outer loop
      vertex 46.8487 38.5349 2.4
      vertex 46.9722 38.35 1.5
      vertex 46.9722 38.35 2.4
    endloop
  endfacet
  facet normal -0.0652057 -0.997872 0
    outer loop
      vertex 45.5 39.2 1.5
      vertex 45.7219 39.1855 2.4
      vertex 45.5 39.2 2.4
    endloop
  endfacet
  facet normal -0.0652057 -0.997872 -0
    outer loop
      vertex 45.7219 39.1855 2.4
      vertex 45.5 39.2 1.5
      vertex 45.7219 39.1855 1.5
    endloop
  endfacet
  facet normal -0.195165 -0.98077 0
    outer loop
      vertex 45.7219 39.1855 1.5
      vertex 45.94 39.1421 2.4
      vertex 45.7219 39.1855 2.4
    endloop
  endfacet
  facet normal -0.195165 -0.98077 -0
    outer loop
      vertex 45.94 39.1421 2.4
      vertex 45.7219 39.1855 1.5
      vertex 45.94 39.1421 1.5
    endloop
  endfacet
  facet normal -0.44253 -0.896754 0
    outer loop
      vertex 46.1506 39.0706 1.5
      vertex 46.35 38.9722 2.4
      vertex 46.1506 39.0706 2.4
    endloop
  endfacet
  facet normal -0.44253 -0.896754 -0
    outer loop
      vertex 46.35 38.9722 2.4
      vertex 46.1506 39.0706 1.5
      vertex 46.35 38.9722 1.5
    endloop
  endfacet
  facet normal -0.555426 -0.831566 0
    outer loop
      vertex 46.35 38.9722 1.5
      vertex 46.5349 38.8487 2.4
      vertex 46.35 38.9722 2.4
    endloop
  endfacet
  facet normal -0.555426 -0.831566 -0
    outer loop
      vertex 46.5349 38.8487 2.4
      vertex 46.35 38.9722 1.5
      vertex 46.5349 38.8487 1.5
    endloop
  endfacet
  facet normal 0.997872 0.0652057 0
    outer loop
      vertex 43.8145 37.2781 2.4
      vertex 43.8 37.5 1.5
      vertex 43.8 37.5 2.4
    endloop
  endfacet
  facet normal 0.997872 0.0652057 0
    outer loop
      vertex 43.8 37.5 1.5
      vertex 43.8145 37.2781 2.4
      vertex 43.8145 37.2781 1.5
    endloop
  endfacet
  facet normal 0.98077 0.195165 0
    outer loop
      vertex 43.8579 37.06 2.4
      vertex 43.8145 37.2781 1.5
      vertex 43.8145 37.2781 2.4
    endloop
  endfacet
  facet normal 0.98077 0.195165 0
    outer loop
      vertex 43.8145 37.2781 1.5
      vertex 43.8579 37.06 2.4
      vertex 43.8579 37.06 1.5
    endloop
  endfacet
  facet normal 0.0652057 0.997872 -0
    outer loop
      vertex 45.5 35.8 1.5
      vertex 45.2781 35.8145 2.4
      vertex 45.5 35.8 2.4
    endloop
  endfacet
  facet normal 0.0652057 0.997872 0
    outer loop
      vertex 45.2781 35.8145 2.4
      vertex 45.5 35.8 1.5
      vertex 45.2781 35.8145 1.5
    endloop
  endfacet
  facet normal 0.195165 0.98077 -0
    outer loop
      vertex 45.2781 35.8145 1.5
      vertex 45.06 35.8579 2.4
      vertex 45.2781 35.8145 2.4
    endloop
  endfacet
  facet normal 0.195165 0.98077 0
    outer loop
      vertex 45.06 35.8579 2.4
      vertex 45.2781 35.8145 1.5
      vertex 45.06 35.8579 1.5
    endloop
  endfacet
  facet normal 0.44253 0.896754 -0
    outer loop
      vertex 44.8494 35.9294 1.5
      vertex 44.65 36.0278 2.4
      vertex 44.8494 35.9294 2.4
    endloop
  endfacet
  facet normal 0.44253 0.896754 0
    outer loop
      vertex 44.65 36.0278 2.4
      vertex 44.8494 35.9294 1.5
      vertex 44.65 36.0278 1.5
    endloop
  endfacet
  facet normal 0.659268 0.751908 -0
    outer loop
      vertex 44.4651 36.1513 1.5
      vertex 44.2979 36.2979 2.4
      vertex 44.4651 36.1513 2.4
    endloop
  endfacet
  facet normal 0.659268 0.751908 0
    outer loop
      vertex 44.2979 36.2979 2.4
      vertex 44.4651 36.1513 1.5
      vertex 44.2979 36.2979 1.5
    endloop
  endfacet
  facet normal 0.946915 0.321484 0
    outer loop
      vertex 43.9294 36.8494 2.4
      vertex 43.8579 37.06 1.5
      vertex 43.8579 37.06 2.4
    endloop
  endfacet
  facet normal 0.946915 0.321484 0
    outer loop
      vertex 43.8579 37.06 1.5
      vertex 43.9294 36.8494 2.4
      vertex 43.9294 36.8494 1.5
    endloop
  endfacet
  facet normal -0.195165 0.98077 0
    outer loop
      vertex 45.94 35.8579 1.5
      vertex 45.7219 35.8145 2.4
      vertex 45.94 35.8579 2.4
    endloop
  endfacet
  facet normal -0.195165 0.98077 0
    outer loop
      vertex 45.7219 35.8145 2.4
      vertex 45.94 35.8579 1.5
      vertex 45.7219 35.8145 1.5
    endloop
  endfacet
  facet normal -0.0652057 0.997872 0
    outer loop
      vertex 45.7219 35.8145 1.5
      vertex 45.5 35.8 2.4
      vertex 45.7219 35.8145 2.4
    endloop
  endfacet
  facet normal -0.0652057 0.997872 0
    outer loop
      vertex 45.5 35.8 2.4
      vertex 45.7219 35.8145 1.5
      vertex 45.5 35.8 1.5
    endloop
  endfacet
  facet normal -0.555426 0.831566 0
    outer loop
      vertex 46.5349 36.1513 1.5
      vertex 46.35 36.0278 2.4
      vertex 46.5349 36.1513 2.4
    endloop
  endfacet
  facet normal -0.555426 0.831566 0
    outer loop
      vertex 46.35 36.0278 2.4
      vertex 46.5349 36.1513 1.5
      vertex 46.35 36.0278 1.5
    endloop
  endfacet
  facet normal -0.946915 0.321484 0
    outer loop
      vertex 47.0706 36.8494 1.5
      vertex 47.1421 37.06 2.4
      vertex 47.1421 37.06 1.5
    endloop
  endfacet
  facet normal -0.946915 0.321484 0
    outer loop
      vertex 47.1421 37.06 2.4
      vertex 47.0706 36.8494 1.5
      vertex 47.0706 36.8494 2.4
    endloop
  endfacet
  facet normal -0.997872 0.0652057 0
    outer loop
      vertex 47.1855 37.2781 1.5
      vertex 47.2 37.5 2.4
      vertex 47.2 37.5 1.5
    endloop
  endfacet
  facet normal -0.997872 0.0652057 0
    outer loop
      vertex 47.2 37.5 2.4
      vertex 47.1855 37.2781 1.5
      vertex 47.1855 37.2781 2.4
    endloop
  endfacet
  facet normal -0.751908 0.659268 0
    outer loop
      vertex 46.7021 36.2979 1.5
      vertex 46.8487 36.4651 2.4
      vertex 46.8487 36.4651 1.5
    endloop
  endfacet
  facet normal -0.751908 0.659268 0
    outer loop
      vertex 46.8487 36.4651 2.4
      vertex 46.7021 36.2979 1.5
      vertex 46.7021 36.2979 2.4
    endloop
  endfacet
  facet normal 0.555426 0.831566 -0
    outer loop
      vertex 44.65 36.0278 1.5
      vertex 44.4651 36.1513 2.4
      vertex 44.65 36.0278 2.4
    endloop
  endfacet
  facet normal 0.555426 0.831566 0
    outer loop
      vertex 44.4651 36.1513 2.4
      vertex 44.65 36.0278 1.5
      vertex 44.4651 36.1513 1.5
    endloop
  endfacet
  facet normal 0.896754 0.44253 0
    outer loop
      vertex 44.0278 36.65 2.4
      vertex 43.9294 36.8494 1.5
      vertex 43.9294 36.8494 2.4
    endloop
  endfacet
  facet normal 0.896754 0.44253 0
    outer loop
      vertex 43.9294 36.8494 1.5
      vertex 44.0278 36.65 2.4
      vertex 44.0278 36.65 1.5
    endloop
  endfacet
  facet normal -0.44253 0.896754 0
    outer loop
      vertex 46.35 36.0278 1.5
      vertex 46.1506 35.9294 2.4
      vertex 46.35 36.0278 2.4
    endloop
  endfacet
  facet normal -0.44253 0.896754 0
    outer loop
      vertex 46.1506 35.9294 2.4
      vertex 46.35 36.0278 1.5
      vertex 46.1506 35.9294 1.5
    endloop
  endfacet
  facet normal -0.98077 0.195165 0
    outer loop
      vertex 47.1421 37.06 1.5
      vertex 47.1855 37.2781 2.4
      vertex 47.1855 37.2781 1.5
    endloop
  endfacet
  facet normal -0.98077 0.195165 0
    outer loop
      vertex 47.1855 37.2781 2.4
      vertex 47.1421 37.06 1.5
      vertex 47.1421 37.06 2.4
    endloop
  endfacet
  facet normal -0.831566 0.555426 0
    outer loop
      vertex 46.8487 36.4651 1.5
      vertex 46.9722 36.65 2.4
      vertex 46.9722 36.65 1.5
    endloop
  endfacet
  facet normal -0.831566 0.555426 0
    outer loop
      vertex 46.9722 36.65 2.4
      vertex 46.8487 36.4651 1.5
      vertex 46.8487 36.4651 2.4
    endloop
  endfacet
  facet normal 0.0464595 0.708678 -0.704001
    outer loop
      vertex 45.0851 34.3371 3.8147e-07
      vertex 45.5 35.8 1.5
      vertex 45.5 34.3099 3.8147e-07
    endloop
  endfacet
  facet normal 0.708678 -0.0464595 -0.704001
    outer loop
      vertex 42.3099 37.5 3.8147e-07
      vertex 42.3371 37.9149 3.8147e-07
      vertex 43.8 37.5 1.5
    endloop
  endfacet
  facet normal 0.708613 -0.0472408 -0.704015
    outer loop
      vertex 43.8145 37.7219 1.5
      vertex 42.3371 37.9149 3.8147e-07
      vertex 42.3372 37.9164 3.8147e-07
    endloop
  endfacet
  facet normal 0.708704 -0.0463101 -0.703985
    outer loop
      vertex 42.3371 37.9149 3.8147e-07
      vertex 43.8145 37.7219 1.5
      vertex 43.8 37.5 1.5
    endloop
  endfacet
  facet normal 0.708704 0.0463101 -0.703985
    outer loop
      vertex 43.8145 37.2781 1.5
      vertex 42.3371 37.0851 3.8147e-07
      vertex 43.8 37.5 1.5
    endloop
  endfacet
  facet normal 0.708613 0.0472408 -0.704015
    outer loop
      vertex 42.3371 37.0851 3.8147e-07
      vertex 43.8145 37.2781 1.5
      vertex 42.3372 37.0836 3.8147e-07
    endloop
  endfacet
  facet normal -0.694816 0.148889 -0.703607
    outer loop
      vertex 48.6625 37.0822 3.8147e-07
      vertex 47.1855 37.2781 1.5
      vertex 48.6628 37.0836 3.8147e-07
    endloop
  endfacet
  facet normal -0.69656 0.138609 -0.703982
    outer loop
      vertex 47.1855 37.2781 1.5
      vertex 48.6625 37.0822 3.8147e-07
      vertex 47.1421 37.06 1.5
    endloop
  endfacet
  facet normal -0.138609 -0.69656 -0.703982
    outer loop
      vertex 45.7219 39.1855 1.5
      vertex 45.9178 40.6625 3.8147e-07
      vertex 45.94 39.1421 1.5
    endloop
  endfacet
  facet normal -0.148889 -0.694816 -0.703607
    outer loop
      vertex 45.9178 40.6625 3.8147e-07
      vertex 45.7219 39.1855 1.5
      vertex 45.9164 40.6628 3.8147e-07
    endloop
  endfacet
  facet normal 0.696568 0.138528 -0.703991
    outer loop
      vertex 42.4186 36.6744 3.8147e-07
      vertex 42.3375 37.0822 3.8147e-07
      vertex 43.8579 37.06 1.5
    endloop
  endfacet
  facet normal 0.525256 0.477505 -0.70434
    outer loop
      vertex 43.2433 35.2454 3.8147e-07
      vertex 44.2979 36.2979 1.5
      vertex 43.2443 35.2443 3.8147e-07
    endloop
  endfacet
  facet normal 0.534016 0.468222 -0.703985
    outer loop
      vertex 44.2979 36.2979 1.5
      vertex 43.2433 35.2454 3.8147e-07
      vertex 44.1513 36.4651 1.5
    endloop
  endfacet
  facet normal 0.228321 0.67251 -0.703989
    outer loop
      vertex 44.2806 34.5523 3.8147e-07
      vertex 44.8494 35.9294 1.5
      vertex 45.06 35.8579 1.5
    endloop
  endfacet
  facet normal 0.238765 0.668541 -0.704305
    outer loop
      vertex 44.8494 35.9294 1.5
      vertex 44.2806 34.5523 3.8147e-07
      vertex 44.2792 34.5528 3.8147e-07
    endloop
  endfacet
  facet normal 0.31413 0.636971 -0.703981
    outer loop
      vertex 44.2792 34.5528 3.8147e-07
      vertex 43.9063 34.7367 3.8147e-07
      vertex 44.8494 35.9294 1.5
    endloop
  endfacet
  facet normal 0.394703 -0.590431 -0.703989
    outer loop
      vertex 43.558 40.0308 3.8147e-07
      vertex 43.9037 40.2619 3.8147e-07
      vertex 44.4651 38.8487 1.5
    endloop
  endfacet
  facet normal 0.672508 0.228325 -0.703989
    outer loop
      vertex 42.5523 36.2806 3.8147e-07
      vertex 42.4186 36.6744 3.8147e-07
      vertex 43.8579 37.06 1.5
    endloop
  endfacet
  facet normal 0.708678 0.0464595 -0.704001
    outer loop
      vertex 42.3371 37.0851 3.8147e-07
      vertex 42.3099 37.5 3.8147e-07
      vertex 43.8 37.5 1.5
    endloop
  endfacet
  facet normal 0.668541 0.238765 -0.704305
    outer loop
      vertex 42.5523 36.2806 3.8147e-07
      vertex 43.9294 36.8494 1.5
      vertex 42.5528 36.2792 3.8147e-07
    endloop
  endfacet
  facet normal 0.67251 0.228321 -0.703989
    outer loop
      vertex 43.9294 36.8494 1.5
      vertex 42.5523 36.2806 3.8147e-07
      vertex 43.8579 37.06 1.5
    endloop
  endfacet
  facet normal 0.228325 0.672508 -0.703989
    outer loop
      vertex 44.6744 34.4186 3.8147e-07
      vertex 44.2806 34.5523 3.8147e-07
      vertex 45.06 35.8579 1.5
    endloop
  endfacet
  facet normal 0.394703 0.590431 -0.703989
    outer loop
      vertex 43.9037 34.7381 3.8147e-07
      vertex 43.558 34.9692 3.8147e-07
      vertex 44.4651 36.1513 1.5
    endloop
  endfacet
  facet normal 0.138528 0.696568 -0.703991
    outer loop
      vertex 44.6744 34.4186 3.8147e-07
      vertex 45.06 35.8579 1.5
      vertex 45.0822 34.3375 3.8147e-07
    endloop
  endfacet
  facet normal -0.138528 0.696568 -0.703991
    outer loop
      vertex 45.9178 34.3375 3.8147e-07
      vertex 45.94 35.8579 1.5
      vertex 46.3256 34.4186 3.8147e-07
    endloop
  endfacet
  facet normal 0.69656 0.138609 -0.703982
    outer loop
      vertex 42.3375 37.0822 3.8147e-07
      vertex 43.8145 37.2781 1.5
      vertex 43.8579 37.06 1.5
    endloop
  endfacet
  facet normal 0.694816 0.148889 -0.703607
    outer loop
      vertex 43.8145 37.2781 1.5
      vertex 42.3375 37.0822 3.8147e-07
      vertex 42.3372 37.0836 3.8147e-07
    endloop
  endfacet
  facet normal 0.590431 0.394703 -0.703989
    outer loop
      vertex 42.9692 35.558 3.8147e-07
      vertex 42.7381 35.9037 3.8147e-07
      vertex 44.1513 36.4651 1.5
    endloop
  endfacet
  facet normal 0.534003 0.468235 -0.703987
    outer loop
      vertex 43.2433 35.2454 3.8147e-07
      vertex 42.9692 35.558 3.8147e-07
      vertex 44.1513 36.4651 1.5
    endloop
  endfacet
  facet normal 0.468235 0.534003 -0.703987
    outer loop
      vertex 43.558 34.9692 3.8147e-07
      vertex 43.2454 35.2433 3.8147e-07
      vertex 44.4651 36.1513 1.5
    endloop
  endfacet
  facet normal 0.148889 0.694816 -0.703607
    outer loop
      vertex 45.0822 34.3375 3.8147e-07
      vertex 45.2781 35.8145 1.5
      vertex 45.0836 34.3372 3.8147e-07
    endloop
  endfacet
  facet normal 0.138609 0.69656 -0.703982
    outer loop
      vertex 45.2781 35.8145 1.5
      vertex 45.0822 34.3375 3.8147e-07
      vertex 45.06 35.8579 1.5
    endloop
  endfacet
  facet normal 0.0463101 0.708704 -0.703985
    outer loop
      vertex 45.0851 34.3371 3.8147e-07
      vertex 45.2781 35.8145 1.5
      vertex 45.5 35.8 1.5
    endloop
  endfacet
  facet normal 0.0472408 0.708613 -0.704015
    outer loop
      vertex 45.2781 35.8145 1.5
      vertex 45.0851 34.3371 3.8147e-07
      vertex 45.0836 34.3372 3.8147e-07
    endloop
  endfacet
  facet normal -0.672508 0.228325 -0.703989
    outer loop
      vertex 48.4477 36.2806 3.8147e-07
      vertex 47.1421 37.06 1.5
      vertex 48.5814 36.6744 3.8147e-07
    endloop
  endfacet
  facet normal -0.696568 0.138528 -0.703991
    outer loop
      vertex 48.5814 36.6744 3.8147e-07
      vertex 47.1421 37.06 1.5
      vertex 48.6625 37.0822 3.8147e-07
    endloop
  endfacet
  facet normal -0.228325 0.672508 -0.703989
    outer loop
      vertex 46.3256 34.4186 3.8147e-07
      vertex 45.94 35.8579 1.5
      vertex 46.7194 34.5523 3.8147e-07
    endloop
  endfacet
  facet normal -0.0472408 0.708613 -0.704015
    outer loop
      vertex 45.9149 34.3371 3.8147e-07
      vertex 45.7219 35.8145 1.5
      vertex 45.9164 34.3372 3.8147e-07
    endloop
  endfacet
  facet normal -0.0463101 0.708704 -0.703985
    outer loop
      vertex 45.7219 35.8145 1.5
      vertex 45.9149 34.3371 3.8147e-07
      vertex 45.5 35.8 1.5
    endloop
  endfacet
  facet normal -0.0464595 0.708678 -0.704001
    outer loop
      vertex 45.5 34.3099 3.8147e-07
      vertex 45.5 35.8 1.5
      vertex 45.9149 34.3371 3.8147e-07
    endloop
  endfacet
  facet normal -0.37189 0.604321 -0.704623
    outer loop
      vertex 46.35 36.0278 1.5
      vertex 47.0963 34.7381 3.8147e-07
      vertex 47.095 34.7373 3.8147e-07
    endloop
  endfacet
  facet normal -0.394453 0.590562 -0.704019
    outer loop
      vertex 47.0963 34.7381 3.8147e-07
      vertex 46.35 36.0278 1.5
      vertex 46.5349 36.1513 1.5
    endloop
  endfacet
  facet normal -0.394703 0.590431 -0.703989
    outer loop
      vertex 47.0963 34.7381 3.8147e-07
      vertex 46.5349 36.1513 1.5
      vertex 47.442 34.9692 3.8147e-07
    endloop
  endfacet
  facet normal -0.590431 0.394703 -0.703989
    outer loop
      vertex 48.0308 35.558 3.8147e-07
      vertex 46.8487 36.4651 1.5
      vertex 48.2619 35.9037 3.8147e-07
    endloop
  endfacet
  facet normal -0.534003 0.468235 -0.703987
    outer loop
      vertex 47.7567 35.2454 3.8147e-07
      vertex 46.8487 36.4651 1.5
      vertex 48.0308 35.558 3.8147e-07
    endloop
  endfacet
  facet normal 0.31413 -0.636971 -0.703981
    outer loop
      vertex 43.9063 40.2633 3.8147e-07
      vertex 44.2792 40.4472 3.8147e-07
      vertex 44.8494 39.0706 1.5
    endloop
  endfacet
  facet normal -0.228325 -0.672508 -0.703989
    outer loop
      vertex 45.94 39.1421 1.5
      vertex 46.3256 40.5814 3.8147e-07
      vertex 46.7194 40.4477 3.8147e-07
    endloop
  endfacet
  facet normal -0.138528 -0.696568 -0.703991
    outer loop
      vertex 45.94 39.1421 1.5
      vertex 45.9178 40.6625 3.8147e-07
      vertex 46.3256 40.5814 3.8147e-07
    endloop
  endfacet
  facet normal -0.672508 -0.228325 -0.703989
    outer loop
      vertex 47.1421 37.94 1.5
      vertex 48.4477 38.7194 3.8147e-07
      vertex 48.5814 38.3256 3.8147e-07
    endloop
  endfacet
  facet normal -0.696568 -0.138528 -0.703991
    outer loop
      vertex 47.1421 37.94 1.5
      vertex 48.5814 38.3256 3.8147e-07
      vertex 48.6625 37.9178 3.8147e-07
    endloop
  endfacet
  facet normal -0.604321 -0.37189 -0.704623
    outer loop
      vertex 46.9722 38.35 1.5
      vertex 48.2619 39.0963 3.8147e-07
      vertex 48.2627 39.095 3.8147e-07
    endloop
  endfacet
  facet normal -0.590562 -0.394453 -0.704019
    outer loop
      vertex 48.2619 39.0963 3.8147e-07
      vertex 46.9722 38.35 1.5
      vertex 46.8487 38.5349 1.5
    endloop
  endfacet
  facet normal -0.590431 -0.394703 -0.703989
    outer loop
      vertex 46.8487 38.5349 1.5
      vertex 48.0308 39.442 3.8147e-07
      vertex 48.2619 39.0963 3.8147e-07
    endloop
  endfacet
  facet normal -0.394703 -0.590431 -0.703989
    outer loop
      vertex 46.5349 38.8487 1.5
      vertex 47.0963 40.2619 3.8147e-07
      vertex 47.442 40.0308 3.8147e-07
    endloop
  endfacet
  facet normal -0.468235 -0.534003 -0.703987
    outer loop
      vertex 46.5349 38.8487 1.5
      vertex 47.442 40.0308 3.8147e-07
      vertex 47.7546 39.7567 3.8147e-07
    endloop
  endfacet
  facet normal 0.645475 0.297911 -0.703286
    outer loop
      vertex 42.7367 35.9063 3.8147e-07
      vertex 44.0278 36.65 1.5
      vertex 42.7373 35.905 3.8147e-07
    endloop
  endfacet
  facet normal 0.636874 0.314285 -0.704001
    outer loop
      vertex 44.0278 36.65 1.5
      vertex 42.7367 35.9063 3.8147e-07
      vertex 43.9294 36.8494 1.5
    endloop
  endfacet
  facet normal 0.636971 0.31413 -0.703981
    outer loop
      vertex 42.7367 35.9063 3.8147e-07
      vertex 42.5528 36.2792 3.8147e-07
      vertex 43.9294 36.8494 1.5
    endloop
  endfacet
  facet normal 0.468222 0.534016 -0.703985
    outer loop
      vertex 43.2454 35.2433 3.8147e-07
      vertex 44.2979 36.2979 1.5
      vertex 44.4651 36.1513 1.5
    endloop
  endfacet
  facet normal 0.477505 0.525256 -0.70434
    outer loop
      vertex 44.2979 36.2979 1.5
      vertex 43.2454 35.2433 3.8147e-07
      vertex 43.2443 35.2443 3.8147e-07
    endloop
  endfacet
  facet normal -0.645475 0.297911 -0.703286
    outer loop
      vertex 46.9722 36.65 1.5
      vertex 48.2633 35.9063 3.8147e-07
      vertex 48.2627 35.905 3.8147e-07
    endloop
  endfacet
  facet normal -0.636874 0.314285 -0.704001
    outer loop
      vertex 48.2633 35.9063 3.8147e-07
      vertex 46.9722 36.65 1.5
      vertex 47.0706 36.8494 1.5
    endloop
  endfacet
  facet normal -0.238765 0.668541 -0.704305
    outer loop
      vertex 46.7194 34.5523 3.8147e-07
      vertex 46.1506 35.9294 1.5
      vertex 46.7208 34.5528 3.8147e-07
    endloop
  endfacet
  facet normal -0.228321 0.67251 -0.703989
    outer loop
      vertex 46.1506 35.9294 1.5
      vertex 46.7194 34.5523 3.8147e-07
      vertex 45.94 35.8579 1.5
    endloop
  endfacet
  facet normal -0.148889 0.694816 -0.703607
    outer loop
      vertex 45.7219 35.8145 1.5
      vertex 45.9178 34.3375 3.8147e-07
      vertex 45.9164 34.3372 3.8147e-07
    endloop
  endfacet
  facet normal -0.138609 0.69656 -0.703982
    outer loop
      vertex 45.9178 34.3375 3.8147e-07
      vertex 45.7219 35.8145 1.5
      vertex 45.94 35.8579 1.5
    endloop
  endfacet
  facet normal -0.525256 0.477505 -0.70434
    outer loop
      vertex 46.7021 36.2979 1.5
      vertex 47.7567 35.2454 3.8147e-07
      vertex 47.7557 35.2443 3.8147e-07
    endloop
  endfacet
  facet normal -0.534016 0.468222 -0.703985
    outer loop
      vertex 47.7567 35.2454 3.8147e-07
      vertex 46.7021 36.2979 1.5
      vertex 46.8487 36.4651 1.5
    endloop
  endfacet
  facet normal 0.138528 -0.696568 -0.703991
    outer loop
      vertex 45.06 39.1421 1.5
      vertex 44.6744 40.5814 3.8147e-07
      vertex 45.0822 40.6625 3.8147e-07
    endloop
  endfacet
  facet normal 0.534003 -0.468235 -0.703987
    outer loop
      vertex 42.9692 39.442 3.8147e-07
      vertex 43.2433 39.7546 3.8147e-07
      vertex 44.1513 38.5349 1.5
    endloop
  endfacet
  facet normal 0.590431 -0.394703 -0.703989
    outer loop
      vertex 42.7381 39.0963 3.8147e-07
      vertex 42.9692 39.442 3.8147e-07
      vertex 44.1513 38.5349 1.5
    endloop
  endfacet
  facet normal 0.672508 -0.228325 -0.703989
    outer loop
      vertex 42.4186 38.3256 3.8147e-07
      vertex 42.5523 38.7194 3.8147e-07
      vertex 43.8579 37.94 1.5
    endloop
  endfacet
  facet normal -0.297911 -0.645475 -0.703286
    outer loop
      vertex 46.35 38.9722 1.5
      vertex 47.0937 40.2633 3.8147e-07
      vertex 47.095 40.2627 3.8147e-07
    endloop
  endfacet
  facet normal -0.314285 -0.636874 -0.704001
    outer loop
      vertex 47.0937 40.2633 3.8147e-07
      vertex 46.35 38.9722 1.5
      vertex 46.1506 39.0706 1.5
    endloop
  endfacet
  facet normal -0.708678 -0.0464595 -0.704001
    outer loop
      vertex 47.2 37.5 1.5
      vertex 48.6629 37.9149 3.8147e-07
      vertex 48.6901 37.5 3.8147e-07
    endloop
  endfacet
  facet normal -0.67251 -0.228321 -0.703989
    outer loop
      vertex 47.0706 38.1506 1.5
      vertex 48.4477 38.7194 3.8147e-07
      vertex 47.1421 37.94 1.5
    endloop
  endfacet
  facet normal -0.668541 -0.238765 -0.704305
    outer loop
      vertex 48.4477 38.7194 3.8147e-07
      vertex 47.0706 38.1506 1.5
      vertex 48.4472 38.7208 3.8147e-07
    endloop
  endfacet
  facet normal -0.477505 -0.525256 -0.70434
    outer loop
      vertex 46.7021 38.7021 1.5
      vertex 47.7546 39.7567 3.8147e-07
      vertex 47.7557 39.7557 3.8147e-07
    endloop
  endfacet
  facet normal -0.468222 -0.534016 -0.703985
    outer loop
      vertex 47.7546 39.7567 3.8147e-07
      vertex 46.7021 38.7021 1.5
      vertex 46.5349 38.8487 1.5
    endloop
  endfacet
  facet normal 0.590562 0.394453 -0.704019
    outer loop
      vertex 42.7381 35.9037 3.8147e-07
      vertex 44.0278 36.65 1.5
      vertex 44.1513 36.4651 1.5
    endloop
  endfacet
  facet normal 0.604321 0.37189 -0.704623
    outer loop
      vertex 44.0278 36.65 1.5
      vertex 42.7381 35.9037 3.8147e-07
      vertex 42.7373 35.905 3.8147e-07
    endloop
  endfacet
  facet normal 0.37189 0.604321 -0.704623
    outer loop
      vertex 43.9037 34.7381 3.8147e-07
      vertex 44.65 36.0278 1.5
      vertex 43.905 34.7373 3.8147e-07
    endloop
  endfacet
  facet normal 0.394453 0.590562 -0.704019
    outer loop
      vertex 44.65 36.0278 1.5
      vertex 43.9037 34.7381 3.8147e-07
      vertex 44.4651 36.1513 1.5
    endloop
  endfacet
  facet normal 0.314285 0.636874 -0.704001
    outer loop
      vertex 43.9063 34.7367 3.8147e-07
      vertex 44.65 36.0278 1.5
      vertex 44.8494 35.9294 1.5
    endloop
  endfacet
  facet normal 0.297911 0.645475 -0.703286
    outer loop
      vertex 44.65 36.0278 1.5
      vertex 43.9063 34.7367 3.8147e-07
      vertex 43.905 34.7373 3.8147e-07
    endloop
  endfacet
  facet normal -0.668541 0.238765 -0.704305
    outer loop
      vertex 47.0706 36.8494 1.5
      vertex 48.4477 36.2806 3.8147e-07
      vertex 48.4472 36.2792 3.8147e-07
    endloop
  endfacet
  facet normal -0.67251 0.228321 -0.703989
    outer loop
      vertex 48.4477 36.2806 3.8147e-07
      vertex 47.0706 36.8494 1.5
      vertex 47.1421 37.06 1.5
    endloop
  endfacet
  facet normal -0.636971 0.31413 -0.703981
    outer loop
      vertex 48.2633 35.9063 3.8147e-07
      vertex 47.0706 36.8494 1.5
      vertex 48.4472 36.2792 3.8147e-07
    endloop
  endfacet
  facet normal -0.604321 0.37189 -0.704623
    outer loop
      vertex 48.2619 35.9037 3.8147e-07
      vertex 46.9722 36.65 1.5
      vertex 48.2627 35.905 3.8147e-07
    endloop
  endfacet
  facet normal -0.590562 0.394453 -0.704019
    outer loop
      vertex 46.9722 36.65 1.5
      vertex 48.2619 35.9037 3.8147e-07
      vertex 46.8487 36.4651 1.5
    endloop
  endfacet
  facet normal -0.31413 0.636971 -0.703981
    outer loop
      vertex 46.7208 34.5528 3.8147e-07
      vertex 46.1506 35.9294 1.5
      vertex 47.0937 34.7367 3.8147e-07
    endloop
  endfacet
  facet normal -0.297911 0.645475 -0.703286
    outer loop
      vertex 47.0937 34.7367 3.8147e-07
      vertex 46.35 36.0278 1.5
      vertex 47.095 34.7373 3.8147e-07
    endloop
  endfacet
  facet normal -0.314285 0.636874 -0.704001
    outer loop
      vertex 46.35 36.0278 1.5
      vertex 47.0937 34.7367 3.8147e-07
      vertex 46.1506 35.9294 1.5
    endloop
  endfacet
  facet normal -0.477505 0.525256 -0.70434
    outer loop
      vertex 47.7546 35.2433 3.8147e-07
      vertex 46.7021 36.2979 1.5
      vertex 47.7557 35.2443 3.8147e-07
    endloop
  endfacet
  facet normal -0.468222 0.534016 -0.703985
    outer loop
      vertex 46.7021 36.2979 1.5
      vertex 47.7546 35.2433 3.8147e-07
      vertex 46.5349 36.1513 1.5
    endloop
  endfacet
  facet normal -0.468235 0.534003 -0.703987
    outer loop
      vertex 47.442 34.9692 3.8147e-07
      vertex 46.5349 36.1513 1.5
      vertex 47.7546 35.2433 3.8147e-07
    endloop
  endfacet
  facet normal -0.0464595 -0.708678 -0.704001
    outer loop
      vertex 45.5 39.2 1.5
      vertex 45.5 40.6901 3.8147e-07
      vertex 45.9149 40.6629 3.8147e-07
    endloop
  endfacet
  facet normal 0.0464595 -0.708678 -0.704001
    outer loop
      vertex 45.0851 40.6629 3.8147e-07
      vertex 45.5 40.6901 3.8147e-07
      vertex 45.5 39.2 1.5
    endloop
  endfacet
  facet normal 0.590562 -0.394453 -0.704019
    outer loop
      vertex 44.0278 38.35 1.5
      vertex 42.7381 39.0963 3.8147e-07
      vertex 44.1513 38.5349 1.5
    endloop
  endfacet
  facet normal 0.604321 -0.37189 -0.704623
    outer loop
      vertex 42.7381 39.0963 3.8147e-07
      vertex 44.0278 38.35 1.5
      vertex 42.7373 39.095 3.8147e-07
    endloop
  endfacet
  facet normal 0.468222 -0.534016 -0.703985
    outer loop
      vertex 44.2979 38.7021 1.5
      vertex 43.2454 39.7567 3.8147e-07
      vertex 44.4651 38.8487 1.5
    endloop
  endfacet
  facet normal 0.477505 -0.525256 -0.70434
    outer loop
      vertex 43.2454 39.7567 3.8147e-07
      vertex 44.2979 38.7021 1.5
      vertex 43.2443 39.7557 3.8147e-07
    endloop
  endfacet
  facet normal 0.468235 -0.534003 -0.703987
    outer loop
      vertex 43.2454 39.7567 3.8147e-07
      vertex 43.558 40.0308 3.8147e-07
      vertex 44.4651 38.8487 1.5
    endloop
  endfacet
  facet normal 0.696568 -0.138528 -0.703991
    outer loop
      vertex 42.3375 37.9178 3.8147e-07
      vertex 42.4186 38.3256 3.8147e-07
      vertex 43.8579 37.94 1.5
    endloop
  endfacet
  facet normal 0.69656 -0.138609 -0.703982
    outer loop
      vertex 43.8145 37.7219 1.5
      vertex 42.3375 37.9178 3.8147e-07
      vertex 43.8579 37.94 1.5
    endloop
  endfacet
  facet normal 0.694816 -0.148889 -0.703607
    outer loop
      vertex 42.3375 37.9178 3.8147e-07
      vertex 43.8145 37.7219 1.5
      vertex 42.3372 37.9164 3.8147e-07
    endloop
  endfacet
  facet normal -0.238765 -0.668541 -0.704305
    outer loop
      vertex 46.1506 39.0706 1.5
      vertex 46.7194 40.4477 3.8147e-07
      vertex 46.7208 40.4472 3.8147e-07
    endloop
  endfacet
  facet normal -0.228321 -0.67251 -0.703989
    outer loop
      vertex 46.7194 40.4477 3.8147e-07
      vertex 46.1506 39.0706 1.5
      vertex 45.94 39.1421 1.5
    endloop
  endfacet
  facet normal -0.31413 -0.636971 -0.703981
    outer loop
      vertex 46.1506 39.0706 1.5
      vertex 46.7208 40.4472 3.8147e-07
      vertex 47.0937 40.2633 3.8147e-07
    endloop
  endfacet
  facet normal -0.394453 -0.590562 -0.704019
    outer loop
      vertex 46.35 38.9722 1.5
      vertex 47.0963 40.2619 3.8147e-07
      vertex 46.5349 38.8487 1.5
    endloop
  endfacet
  facet normal -0.37189 -0.604321 -0.704623
    outer loop
      vertex 47.0963 40.2619 3.8147e-07
      vertex 46.35 38.9722 1.5
      vertex 47.095 40.2627 3.8147e-07
    endloop
  endfacet
  facet normal -0.708678 0.0464595 -0.704001
    outer loop
      vertex 48.6629 37.0851 3.8147e-07
      vertex 47.2 37.5 1.5
      vertex 48.6901 37.5 3.8147e-07
    endloop
  endfacet
  facet normal -0.636971 -0.31413 -0.703981
    outer loop
      vertex 47.0706 38.1506 1.5
      vertex 48.2633 39.0937 3.8147e-07
      vertex 48.4472 38.7208 3.8147e-07
    endloop
  endfacet
  facet normal -0.636874 -0.314285 -0.704001
    outer loop
      vertex 46.9722 38.35 1.5
      vertex 48.2633 39.0937 3.8147e-07
      vertex 47.0706 38.1506 1.5
    endloop
  endfacet
  facet normal -0.645475 -0.297911 -0.703286
    outer loop
      vertex 48.2633 39.0937 3.8147e-07
      vertex 46.9722 38.35 1.5
      vertex 48.2627 39.095 3.8147e-07
    endloop
  endfacet
  facet normal -0.534016 -0.468222 -0.703985
    outer loop
      vertex 46.7021 38.7021 1.5
      vertex 47.7567 39.7546 3.8147e-07
      vertex 46.8487 38.5349 1.5
    endloop
  endfacet
  facet normal -0.525256 -0.477505 -0.70434
    outer loop
      vertex 47.7567 39.7546 3.8147e-07
      vertex 46.7021 38.7021 1.5
      vertex 47.7557 39.7557 3.8147e-07
    endloop
  endfacet
  facet normal -0.534003 -0.468235 -0.703987
    outer loop
      vertex 46.8487 38.5349 1.5
      vertex 47.7567 39.7546 3.8147e-07
      vertex 48.0308 39.442 3.8147e-07
    endloop
  endfacet
  facet normal 0.148889 -0.694816 -0.703607
    outer loop
      vertex 45.2781 39.1855 1.5
      vertex 45.0822 40.6625 3.8147e-07
      vertex 45.0836 40.6628 3.8147e-07
    endloop
  endfacet
  facet normal 0.138609 -0.69656 -0.703982
    outer loop
      vertex 45.0822 40.6625 3.8147e-07
      vertex 45.2781 39.1855 1.5
      vertex 45.06 39.1421 1.5
    endloop
  endfacet
  facet normal 0.228321 -0.67251 -0.703989
    outer loop
      vertex 44.8494 39.0706 1.5
      vertex 44.2806 40.4477 3.8147e-07
      vertex 45.06 39.1421 1.5
    endloop
  endfacet
  facet normal 0.238765 -0.668541 -0.704305
    outer loop
      vertex 44.2806 40.4477 3.8147e-07
      vertex 44.8494 39.0706 1.5
      vertex 44.2792 40.4472 3.8147e-07
    endloop
  endfacet
  facet normal 0.228325 -0.672508 -0.703989
    outer loop
      vertex 44.2806 40.4477 3.8147e-07
      vertex 44.6744 40.5814 3.8147e-07
      vertex 45.06 39.1421 1.5
    endloop
  endfacet
  facet normal 0.314285 -0.636874 -0.704001
    outer loop
      vertex 44.65 38.9722 1.5
      vertex 43.9063 40.2633 3.8147e-07
      vertex 44.8494 39.0706 1.5
    endloop
  endfacet
  facet normal 0.297911 -0.645475 -0.703286
    outer loop
      vertex 43.9063 40.2633 3.8147e-07
      vertex 44.65 38.9722 1.5
      vertex 43.905 40.2627 3.8147e-07
    endloop
  endfacet
  facet normal 0.394453 -0.590562 -0.704019
    outer loop
      vertex 43.9037 40.2619 3.8147e-07
      vertex 44.65 38.9722 1.5
      vertex 44.4651 38.8487 1.5
    endloop
  endfacet
  facet normal 0.37189 -0.604321 -0.704623
    outer loop
      vertex 44.65 38.9722 1.5
      vertex 43.9037 40.2619 3.8147e-07
      vertex 43.905 40.2627 3.8147e-07
    endloop
  endfacet
  facet normal 0.0472408 -0.708613 -0.704015
    outer loop
      vertex 45.0851 40.6629 3.8147e-07
      vertex 45.2781 39.1855 1.5
      vertex 45.0836 40.6628 3.8147e-07
    endloop
  endfacet
  facet normal 0.0463101 -0.708704 -0.703985
    outer loop
      vertex 45.2781 39.1855 1.5
      vertex 45.0851 40.6629 3.8147e-07
      vertex 45.5 39.2 1.5
    endloop
  endfacet
  facet normal -0.0463101 -0.708704 -0.703985
    outer loop
      vertex 45.9149 40.6629 3.8147e-07
      vertex 45.7219 39.1855 1.5
      vertex 45.5 39.2 1.5
    endloop
  endfacet
  facet normal -0.0472408 -0.708613 -0.704015
    outer loop
      vertex 45.7219 39.1855 1.5
      vertex 45.9149 40.6629 3.8147e-07
      vertex 45.9164 40.6628 3.8147e-07
    endloop
  endfacet
  facet normal 0.534016 -0.468222 -0.703985
    outer loop
      vertex 43.2433 39.7546 3.8147e-07
      vertex 44.2979 38.7021 1.5
      vertex 44.1513 38.5349 1.5
    endloop
  endfacet
  facet normal 0.525256 -0.477505 -0.70434
    outer loop
      vertex 44.2979 38.7021 1.5
      vertex 43.2433 39.7546 3.8147e-07
      vertex 43.2443 39.7557 3.8147e-07
    endloop
  endfacet
  facet normal 0.636971 -0.31413 -0.703981
    outer loop
      vertex 42.5528 38.7208 3.8147e-07
      vertex 42.7367 39.0937 3.8147e-07
      vertex 43.9294 38.1506 1.5
    endloop
  endfacet
  facet normal 0.67251 -0.228321 -0.703989
    outer loop
      vertex 42.5523 38.7194 3.8147e-07
      vertex 43.9294 38.1506 1.5
      vertex 43.8579 37.94 1.5
    endloop
  endfacet
  facet normal 0.668541 -0.238765 -0.704305
    outer loop
      vertex 43.9294 38.1506 1.5
      vertex 42.5523 38.7194 3.8147e-07
      vertex 42.5528 38.7208 3.8147e-07
    endloop
  endfacet
  facet normal -0.708704 0.0463101 -0.703985
    outer loop
      vertex 48.6629 37.0851 3.8147e-07
      vertex 47.1855 37.2781 1.5
      vertex 47.2 37.5 1.5
    endloop
  endfacet
  facet normal -0.708613 0.0472408 -0.704015
    outer loop
      vertex 47.1855 37.2781 1.5
      vertex 48.6629 37.0851 3.8147e-07
      vertex 48.6628 37.0836 3.8147e-07
    endloop
  endfacet
  facet normal 0.636874 -0.314285 -0.704001
    outer loop
      vertex 42.7367 39.0937 3.8147e-07
      vertex 44.0278 38.35 1.5
      vertex 43.9294 38.1506 1.5
    endloop
  endfacet
  facet normal 0.645475 -0.297911 -0.703286
    outer loop
      vertex 44.0278 38.35 1.5
      vertex 42.7367 39.0937 3.8147e-07
      vertex 42.7373 39.095 3.8147e-07
    endloop
  endfacet
  facet normal -0.708613 -0.0472408 -0.704015
    outer loop
      vertex 48.6629 37.9149 3.8147e-07
      vertex 47.1855 37.7219 1.5
      vertex 48.6628 37.9164 3.8147e-07
    endloop
  endfacet
  facet normal -0.708704 -0.0463101 -0.703985
    outer loop
      vertex 47.1855 37.7219 1.5
      vertex 48.6629 37.9149 3.8147e-07
      vertex 47.2 37.5 1.5
    endloop
  endfacet
  facet normal -0.694816 -0.148889 -0.703607
    outer loop
      vertex 47.1855 37.7219 1.5
      vertex 48.6625 37.9178 3.8147e-07
      vertex 48.6628 37.9164 3.8147e-07
    endloop
  endfacet
  facet normal -0.69656 -0.138609 -0.703982
    outer loop
      vertex 48.6625 37.9178 3.8147e-07
      vertex 47.1855 37.7219 1.5
      vertex 47.1421 37.94 1.5
    endloop
  endfacet
  facet normal 0.555447 -0.831552 0
    outer loop
      vertex 5.46511 38.8487 1.5
      vertex 5.65 38.9722 2.4
      vertex 5.46511 38.8487 2.4
    endloop
  endfacet
  facet normal 0.555447 -0.831552 0
    outer loop
      vertex 5.65 38.9722 2.4
      vertex 5.46511 38.8487 1.5
      vertex 5.65 38.9722 1.5
    endloop
  endfacet
  facet normal -0.946943 -0.321403 0
    outer loop
      vertex 8.14207 37.94 1.5
      vertex 8.07059 38.1506 2.4
      vertex 8.07059 38.1506 1.5
    endloop
  endfacet
  facet normal -0.946943 -0.321403 0
    outer loop
      vertex 8.07059 38.1506 2.4
      vertex 8.14207 37.94 1.5
      vertex 8.14207 37.94 2.4
    endloop
  endfacet
  facet normal -0.321525 0.946901 0
    outer loop
      vertex 7.15056 35.9294 1.5
      vertex 6.93999 35.8579 2.4
      vertex 7.15056 35.9294 2.4
    endloop
  endfacet
  facet normal -0.321525 0.946901 0
    outer loop
      vertex 6.93999 35.8579 2.4
      vertex 7.15056 35.9294 1.5
      vertex 6.93999 35.8579 1.5
    endloop
  endfacet
  facet normal 0.442459 -0.896789 0
    outer loop
      vertex 5.65 38.9722 1.5
      vertex 5.84944 39.0706 2.4
      vertex 5.65 38.9722 2.4
    endloop
  endfacet
  facet normal 0.442459 -0.896789 0
    outer loop
      vertex 5.84944 39.0706 2.4
      vertex 5.65 38.9722 1.5
      vertex 5.84944 39.0706 1.5
    endloop
  endfacet
  facet normal -0.321525 -0.946901 0
    outer loop
      vertex 6.93999 39.1421 1.5
      vertex 7.15056 39.0706 2.4
      vertex 6.93999 39.1421 2.4
    endloop
  endfacet
  facet normal -0.321525 -0.946901 -0
    outer loop
      vertex 7.15056 39.0706 2.4
      vertex 6.93999 39.1421 1.5
      vertex 7.15056 39.0706 1.5
    endloop
  endfacet
  facet normal -0.896843 -0.442349 0
    outer loop
      vertex 8.07059 38.1506 1.5
      vertex 7.97224 38.35 2.4
      vertex 7.97224 38.35 1.5
    endloop
  endfacet
  facet normal -0.896843 -0.442349 0
    outer loop
      vertex 7.97224 38.35 2.4
      vertex 8.07059 38.1506 1.5
      vertex 8.07059 38.1506 2.4
    endloop
  endfacet
  facet normal -0.896843 0.442349 0
    outer loop
      vertex 7.97224 36.65 1.5
      vertex 8.07059 36.8494 2.4
      vertex 8.07059 36.8494 1.5
    endloop
  endfacet
  facet normal -0.896843 0.442349 0
    outer loop
      vertex 8.07059 36.8494 2.4
      vertex 7.97224 36.65 1.5
      vertex 7.97224 36.65 2.4
    endloop
  endfacet
  facet normal 0.980779 -0.195122 0
    outer loop
      vertex 4.81454 37.7219 2.4
      vertex 4.85793 37.94 1.5
      vertex 4.85793 37.94 2.4
    endloop
  endfacet
  facet normal 0.980779 -0.195122 0
    outer loop
      vertex 4.85793 37.94 1.5
      vertex 4.81454 37.7219 2.4
      vertex 4.81454 37.7219 1.5
    endloop
  endfacet
  facet normal 0.946943 -0.321403 0
    outer loop
      vertex 4.85793 37.94 2.4
      vertex 4.92941 38.1506 1.5
      vertex 4.92941 38.1506 2.4
    endloop
  endfacet
  facet normal 0.946943 -0.321403 0
    outer loop
      vertex 4.92941 38.1506 1.5
      vertex 4.85793 37.94 2.4
      vertex 4.85793 37.94 1.5
    endloop
  endfacet
  facet normal 0.831483 -0.555551 0
    outer loop
      vertex 5.02776 38.35 2.4
      vertex 5.1513 38.5349 1.5
      vertex 5.1513 38.5349 2.4
    endloop
  endfacet
  facet normal 0.831483 -0.555551 0
    outer loop
      vertex 5.1513 38.5349 1.5
      vertex 5.02776 38.35 2.4
      vertex 5.02776 38.35 1.5
    endloop
  endfacet
  facet normal 0.751863 -0.659319 0
    outer loop
      vertex 5.1513 38.5349 2.4
      vertex 5.29792 38.7021 1.5
      vertex 5.29792 38.7021 2.4
    endloop
  endfacet
  facet normal 0.751863 -0.659319 0
    outer loop
      vertex 5.29792 38.7021 1.5
      vertex 5.1513 38.5349 2.4
      vertex 5.1513 38.5349 1.5
    endloop
  endfacet
  facet normal 0.321525 -0.946901 0
    outer loop
      vertex 5.84944 39.0706 1.5
      vertex 6.06001 39.1421 2.4
      vertex 5.84944 39.0706 2.4
    endloop
  endfacet
  facet normal 0.321525 -0.946901 0
    outer loop
      vertex 6.06001 39.1421 2.4
      vertex 5.84944 39.0706 1.5
      vertex 6.06001 39.1421 1.5
    endloop
  endfacet
  facet normal 0.0652086 -0.997872 0
    outer loop
      vertex 6.27811 39.1855 1.5
      vertex 6.5 39.2 2.4
      vertex 6.27811 39.1855 2.4
    endloop
  endfacet
  facet normal 0.0652086 -0.997872 0
    outer loop
      vertex 6.5 39.2 2.4
      vertex 6.27811 39.1855 1.5
      vertex 6.5 39.2 1.5
    endloop
  endfacet
  facet normal -0.751863 -0.659319 0
    outer loop
      vertex 7.8487 38.5349 1.5
      vertex 7.70208 38.7021 2.4
      vertex 7.70208 38.7021 1.5
    endloop
  endfacet
  facet normal -0.751863 -0.659319 0
    outer loop
      vertex 7.70208 38.7021 2.4
      vertex 7.8487 38.5349 1.5
      vertex 7.8487 38.5349 2.4
    endloop
  endfacet
  facet normal -0.659291 -0.751888 0
    outer loop
      vertex 7.53489 38.8487 1.5
      vertex 7.70208 38.7021 2.4
      vertex 7.53489 38.8487 2.4
    endloop
  endfacet
  facet normal -0.659291 -0.751888 -0
    outer loop
      vertex 7.70208 38.7021 2.4
      vertex 7.53489 38.8487 1.5
      vertex 7.70208 38.7021 1.5
    endloop
  endfacet
  facet normal 0.99786 -0.0653848 0
    outer loop
      vertex 4.8 37.5 2.4
      vertex 4.81454 37.7219 1.5
      vertex 4.81454 37.7219 2.4
    endloop
  endfacet
  facet normal 0.99786 -0.0653848 0
    outer loop
      vertex 4.81454 37.7219 1.5
      vertex 4.8 37.5 2.4
      vertex 4.8 37.5 1.5
    endloop
  endfacet
  facet normal 0.321525 0.946901 -0
    outer loop
      vertex 6.06001 35.8579 1.5
      vertex 5.84944 35.9294 2.4
      vertex 6.06001 35.8579 2.4
    endloop
  endfacet
  facet normal 0.321525 0.946901 0
    outer loop
      vertex 5.84944 35.9294 2.4
      vertex 6.06001 35.8579 1.5
      vertex 5.84944 35.9294 1.5
    endloop
  endfacet
  facet normal 0.831483 0.555551 0
    outer loop
      vertex 5.1513 36.4651 2.4
      vertex 5.02776 36.65 1.5
      vertex 5.02776 36.65 2.4
    endloop
  endfacet
  facet normal 0.831483 0.555551 0
    outer loop
      vertex 5.02776 36.65 1.5
      vertex 5.1513 36.4651 2.4
      vertex 5.1513 36.4651 1.5
    endloop
  endfacet
  facet normal 0.751863 0.659319 0
    outer loop
      vertex 5.29792 36.2979 2.4
      vertex 5.1513 36.4651 1.5
      vertex 5.1513 36.4651 2.4
    endloop
  endfacet
  facet normal 0.751863 0.659319 0
    outer loop
      vertex 5.1513 36.4651 1.5
      vertex 5.29792 36.2979 2.4
      vertex 5.29792 36.2979 1.5
    endloop
  endfacet
  facet normal -0.659291 0.751888 0
    outer loop
      vertex 7.70208 36.2979 1.5
      vertex 7.53489 36.1513 2.4
      vertex 7.70208 36.2979 2.4
    endloop
  endfacet
  facet normal -0.659291 0.751888 0
    outer loop
      vertex 7.53489 36.1513 2.4
      vertex 7.70208 36.2979 1.5
      vertex 7.53489 36.1513 1.5
    endloop
  endfacet
  facet normal 0.896843 -0.442349 0
    outer loop
      vertex 4.92941 38.1506 2.4
      vertex 5.02776 38.35 1.5
      vertex 5.02776 38.35 2.4
    endloop
  endfacet
  facet normal 0.896843 -0.442349 0
    outer loop
      vertex 5.02776 38.35 1.5
      vertex 4.92941 38.1506 2.4
      vertex 4.92941 38.1506 1.5
    endloop
  endfacet
  facet normal 0.659291 -0.751888 0
    outer loop
      vertex 5.29792 38.7021 1.5
      vertex 5.46511 38.8487 2.4
      vertex 5.29792 38.7021 2.4
    endloop
  endfacet
  facet normal 0.659291 -0.751888 0
    outer loop
      vertex 5.46511 38.8487 2.4
      vertex 5.29792 38.7021 1.5
      vertex 5.46511 38.8487 1.5
    endloop
  endfacet
  facet normal 0.195165 -0.98077 0
    outer loop
      vertex 6.06001 39.1421 1.5
      vertex 6.27811 39.1855 2.4
      vertex 6.06001 39.1421 2.4
    endloop
  endfacet
  facet normal 0.195165 -0.98077 0
    outer loop
      vertex 6.27811 39.1855 2.4
      vertex 6.06001 39.1421 1.5
      vertex 6.27811 39.1855 1.5
    endloop
  endfacet
  facet normal -0.99786 -0.0653848 0
    outer loop
      vertex 8.2 37.5 1.5
      vertex 8.18546 37.7219 2.4
      vertex 8.18546 37.7219 1.5
    endloop
  endfacet
  facet normal -0.99786 -0.0653848 0
    outer loop
      vertex 8.18546 37.7219 2.4
      vertex 8.2 37.5 1.5
      vertex 8.2 37.5 2.4
    endloop
  endfacet
  facet normal -0.980779 -0.195122 0
    outer loop
      vertex 8.18546 37.7219 1.5
      vertex 8.14207 37.94 2.4
      vertex 8.14207 37.94 1.5
    endloop
  endfacet
  facet normal -0.980779 -0.195122 0
    outer loop
      vertex 8.14207 37.94 2.4
      vertex 8.18546 37.7219 1.5
      vertex 8.18546 37.7219 2.4
    endloop
  endfacet
  facet normal -0.831483 -0.555551 0
    outer loop
      vertex 7.97224 38.35 1.5
      vertex 7.8487 38.5349 2.4
      vertex 7.8487 38.5349 1.5
    endloop
  endfacet
  facet normal -0.831483 -0.555551 0
    outer loop
      vertex 7.8487 38.5349 2.4
      vertex 7.97224 38.35 1.5
      vertex 7.97224 38.35 2.4
    endloop
  endfacet
  facet normal -0.0652086 -0.997872 0
    outer loop
      vertex 6.5 39.2 1.5
      vertex 6.72189 39.1855 2.4
      vertex 6.5 39.2 2.4
    endloop
  endfacet
  facet normal -0.0652086 -0.997872 -0
    outer loop
      vertex 6.72189 39.1855 2.4
      vertex 6.5 39.2 1.5
      vertex 6.72189 39.1855 1.5
    endloop
  endfacet
  facet normal -0.195165 -0.98077 0
    outer loop
      vertex 6.72189 39.1855 1.5
      vertex 6.93999 39.1421 2.4
      vertex 6.72189 39.1855 2.4
    endloop
  endfacet
  facet normal -0.195165 -0.98077 -0
    outer loop
      vertex 6.93999 39.1421 2.4
      vertex 6.72189 39.1855 1.5
      vertex 6.93999 39.1421 1.5
    endloop
  endfacet
  facet normal -0.442459 -0.896789 0
    outer loop
      vertex 7.15056 39.0706 1.5
      vertex 7.35 38.9722 2.4
      vertex 7.15056 39.0706 2.4
    endloop
  endfacet
  facet normal -0.442459 -0.896789 -0
    outer loop
      vertex 7.35 38.9722 2.4
      vertex 7.15056 39.0706 1.5
      vertex 7.35 38.9722 1.5
    endloop
  endfacet
  facet normal -0.555447 -0.831552 0
    outer loop
      vertex 7.35 38.9722 1.5
      vertex 7.53489 38.8487 2.4
      vertex 7.35 38.9722 2.4
    endloop
  endfacet
  facet normal -0.555447 -0.831552 -0
    outer loop
      vertex 7.53489 38.8487 2.4
      vertex 7.35 38.9722 1.5
      vertex 7.53489 38.8487 1.5
    endloop
  endfacet
  facet normal 0.99786 0.0653848 0
    outer loop
      vertex 4.81454 37.2781 2.4
      vertex 4.8 37.5 1.5
      vertex 4.8 37.5 2.4
    endloop
  endfacet
  facet normal 0.99786 0.0653848 0
    outer loop
      vertex 4.8 37.5 1.5
      vertex 4.81454 37.2781 2.4
      vertex 4.81454 37.2781 1.5
    endloop
  endfacet
  facet normal 0.980779 0.195122 0
    outer loop
      vertex 4.85793 37.06 2.4
      vertex 4.81454 37.2781 1.5
      vertex 4.81454 37.2781 2.4
    endloop
  endfacet
  facet normal 0.980779 0.195122 0
    outer loop
      vertex 4.81454 37.2781 1.5
      vertex 4.85793 37.06 2.4
      vertex 4.85793 37.06 1.5
    endloop
  endfacet
  facet normal 0.0652086 0.997872 -0
    outer loop
      vertex 6.5 35.8 1.5
      vertex 6.27811 35.8145 2.4
      vertex 6.5 35.8 2.4
    endloop
  endfacet
  facet normal 0.0652086 0.997872 0
    outer loop
      vertex 6.27811 35.8145 2.4
      vertex 6.5 35.8 1.5
      vertex 6.27811 35.8145 1.5
    endloop
  endfacet
  facet normal 0.195165 0.98077 -0
    outer loop
      vertex 6.27811 35.8145 1.5
      vertex 6.06001 35.8579 2.4
      vertex 6.27811 35.8145 2.4
    endloop
  endfacet
  facet normal 0.195165 0.98077 0
    outer loop
      vertex 6.06001 35.8579 2.4
      vertex 6.27811 35.8145 1.5
      vertex 6.06001 35.8579 1.5
    endloop
  endfacet
  facet normal 0.442459 0.896789 -0
    outer loop
      vertex 5.84944 35.9294 1.5
      vertex 5.65 36.0278 2.4
      vertex 5.84944 35.9294 2.4
    endloop
  endfacet
  facet normal 0.442459 0.896789 0
    outer loop
      vertex 5.65 36.0278 2.4
      vertex 5.84944 35.9294 1.5
      vertex 5.65 36.0278 1.5
    endloop
  endfacet
  facet normal 0.659291 0.751888 -0
    outer loop
      vertex 5.46511 36.1513 1.5
      vertex 5.29792 36.2979 2.4
      vertex 5.46511 36.1513 2.4
    endloop
  endfacet
  facet normal 0.659291 0.751888 0
    outer loop
      vertex 5.29792 36.2979 2.4
      vertex 5.46511 36.1513 1.5
      vertex 5.29792 36.2979 1.5
    endloop
  endfacet
  facet normal 0.946943 0.321403 0
    outer loop
      vertex 4.92941 36.8494 2.4
      vertex 4.85793 37.06 1.5
      vertex 4.85793 37.06 2.4
    endloop
  endfacet
  facet normal 0.946943 0.321403 0
    outer loop
      vertex 4.85793 37.06 1.5
      vertex 4.92941 36.8494 2.4
      vertex 4.92941 36.8494 1.5
    endloop
  endfacet
  facet normal -0.195165 0.98077 0
    outer loop
      vertex 6.93999 35.8579 1.5
      vertex 6.72189 35.8145 2.4
      vertex 6.93999 35.8579 2.4
    endloop
  endfacet
  facet normal -0.195165 0.98077 0
    outer loop
      vertex 6.72189 35.8145 2.4
      vertex 6.93999 35.8579 1.5
      vertex 6.72189 35.8145 1.5
    endloop
  endfacet
  facet normal -0.0652086 0.997872 0
    outer loop
      vertex 6.72189 35.8145 1.5
      vertex 6.5 35.8 2.4
      vertex 6.72189 35.8145 2.4
    endloop
  endfacet
  facet normal -0.0652086 0.997872 0
    outer loop
      vertex 6.5 35.8 2.4
      vertex 6.72189 35.8145 1.5
      vertex 6.5 35.8 1.5
    endloop
  endfacet
  facet normal -0.555447 0.831552 0
    outer loop
      vertex 7.53489 36.1513 1.5
      vertex 7.35 36.0278 2.4
      vertex 7.53489 36.1513 2.4
    endloop
  endfacet
  facet normal -0.555447 0.831552 0
    outer loop
      vertex 7.35 36.0278 2.4
      vertex 7.53489 36.1513 1.5
      vertex 7.35 36.0278 1.5
    endloop
  endfacet
  facet normal -0.946943 0.321403 0
    outer loop
      vertex 8.07059 36.8494 1.5
      vertex 8.14207 37.06 2.4
      vertex 8.14207 37.06 1.5
    endloop
  endfacet
  facet normal -0.946943 0.321403 0
    outer loop
      vertex 8.14207 37.06 2.4
      vertex 8.07059 36.8494 1.5
      vertex 8.07059 36.8494 2.4
    endloop
  endfacet
  facet normal -0.99786 0.0653848 0
    outer loop
      vertex 8.18546 37.2781 1.5
      vertex 8.2 37.5 2.4
      vertex 8.2 37.5 1.5
    endloop
  endfacet
  facet normal -0.99786 0.0653848 0
    outer loop
      vertex 8.2 37.5 2.4
      vertex 8.18546 37.2781 1.5
      vertex 8.18546 37.2781 2.4
    endloop
  endfacet
  facet normal -0.751863 0.659319 0
    outer loop
      vertex 7.70208 36.2979 1.5
      vertex 7.8487 36.4651 2.4
      vertex 7.8487 36.4651 1.5
    endloop
  endfacet
  facet normal -0.751863 0.659319 0
    outer loop
      vertex 7.8487 36.4651 2.4
      vertex 7.70208 36.2979 1.5
      vertex 7.70208 36.2979 2.4
    endloop
  endfacet
  facet normal 0.555447 0.831552 -0
    outer loop
      vertex 5.65 36.0278 1.5
      vertex 5.46511 36.1513 2.4
      vertex 5.65 36.0278 2.4
    endloop
  endfacet
  facet normal 0.555447 0.831552 0
    outer loop
      vertex 5.46511 36.1513 2.4
      vertex 5.65 36.0278 1.5
      vertex 5.46511 36.1513 1.5
    endloop
  endfacet
  facet normal 0.896843 0.442349 0
    outer loop
      vertex 5.02776 36.65 2.4
      vertex 4.92941 36.8494 1.5
      vertex 4.92941 36.8494 2.4
    endloop
  endfacet
  facet normal 0.896843 0.442349 0
    outer loop
      vertex 4.92941 36.8494 1.5
      vertex 5.02776 36.65 2.4
      vertex 5.02776 36.65 1.5
    endloop
  endfacet
  facet normal -0.442459 0.896789 0
    outer loop
      vertex 7.35 36.0278 1.5
      vertex 7.15056 35.9294 2.4
      vertex 7.35 36.0278 2.4
    endloop
  endfacet
  facet normal -0.442459 0.896789 0
    outer loop
      vertex 7.15056 35.9294 2.4
      vertex 7.35 36.0278 1.5
      vertex 7.15056 35.9294 1.5
    endloop
  endfacet
  facet normal -0.980779 0.195122 0
    outer loop
      vertex 8.14207 37.06 1.5
      vertex 8.18546 37.2781 2.4
      vertex 8.18546 37.2781 1.5
    endloop
  endfacet
  facet normal -0.980779 0.195122 0
    outer loop
      vertex 8.18546 37.2781 2.4
      vertex 8.14207 37.06 1.5
      vertex 8.14207 37.06 2.4
    endloop
  endfacet
  facet normal -0.831483 0.555551 0
    outer loop
      vertex 7.8487 36.4651 1.5
      vertex 7.97224 36.65 2.4
      vertex 7.97224 36.65 1.5
    endloop
  endfacet
  facet normal -0.831483 0.555551 0
    outer loop
      vertex 7.97224 36.65 2.4
      vertex 7.8487 36.4651 1.5
      vertex 7.8487 36.4651 2.4
    endloop
  endfacet
  facet normal 0.0464572 0.708678 -0.704001
    outer loop
      vertex 6.08508 34.3371 3.8147e-07
      vertex 6.5 35.8 1.5
      vertex 6.5 34.3099 3.8147e-07
    endloop
  endfacet
  facet normal 0.708685 -0.0464599 -0.703994
    outer loop
      vertex 3.30993 37.5 3.8147e-07
      vertex 3.33713 37.9149 3.8147e-07
      vertex 4.8 37.5 1.5
    endloop
  endfacet
  facet normal 0.70861 -0.0472407 -0.704017
    outer loop
      vertex 4.81454 37.7219 1.5
      vertex 3.33713 37.9149 3.8147e-07
      vertex 3.33723 37.9164 3.8147e-07
    endloop
  endfacet
  facet normal 0.708689 -0.0464369 -0.703991
    outer loop
      vertex 3.33713 37.9149 3.8147e-07
      vertex 4.81454 37.7219 1.5
      vertex 4.8 37.5 1.5
    endloop
  endfacet
  facet normal 0.708689 0.0464369 -0.703991
    outer loop
      vertex 4.81454 37.2781 1.5
      vertex 3.33713 37.0851 3.8147e-07
      vertex 4.8 37.5 1.5
    endloop
  endfacet
  facet normal 0.70861 0.0472407 -0.704017
    outer loop
      vertex 3.33713 37.0851 3.8147e-07
      vertex 4.81454 37.2781 1.5
      vertex 3.33723 37.0836 3.8147e-07
    endloop
  endfacet
  facet normal -0.696441 0.139288 -0.703967
    outer loop
      vertex 9.66249 37.0822 3.8147e-07
      vertex 8.18546 37.2781 1.5
      vertex 9.66277 37.0836 3.8147e-07
    endloop
  endfacet
  facet normal -0.696559 0.138577 -0.70399
    outer loop
      vertex 8.18546 37.2781 1.5
      vertex 9.66249 37.0822 3.8147e-07
      vertex 8.14207 37.06 1.5
    endloop
  endfacet
  facet normal -0.138609 -0.696559 -0.703984
    outer loop
      vertex 6.72189 39.1855 1.5
      vertex 6.91783 40.6625 3.8147e-07
      vertex 6.93999 39.1421 1.5
    endloop
  endfacet
  facet normal -0.144896 -0.695501 -0.703764
    outer loop
      vertex 6.91783 40.6625 3.8147e-07
      vertex 6.72189 39.1855 1.5
      vertex 6.91639 40.6628 3.8147e-07
    endloop
  endfacet
  facet normal 0.69656 0.13856 -0.703992
    outer loop
      vertex 3.41863 36.6744 3.8147e-07
      vertex 3.33751 37.0822 3.8147e-07
      vertex 4.85793 37.06 1.5
    endloop
  endfacet
  facet normal 0.532639 0.46969 -0.70405
    outer loop
      vertex 4.24331 35.2454 3.8147e-07
      vertex 5.29792 36.2979 1.5
      vertex 4.24428 35.2443 3.8147e-07
    endloop
  endfacet
  facet normal 0.533982 0.468256 -0.703988
    outer loop
      vertex 5.29792 36.2979 1.5
      vertex 4.24331 35.2454 3.8147e-07
      vertex 5.1513 36.4651 1.5
    endloop
  endfacet
  facet normal 0.228349 0.672497 -0.703992
    outer loop
      vertex 5.28061 34.5523 3.8147e-07
      vertex 5.84944 35.9294 1.5
      vertex 6.06001 35.8579 1.5
    endloop
  endfacet
  facet normal 0.238764 0.668538 -0.704307
    outer loop
      vertex 5.84944 35.9294 1.5
      vertex 5.28061 34.5523 3.8147e-07
      vertex 5.27921 34.5528 3.8147e-07
    endloop
  endfacet
  facet normal 0.314115 0.636975 -0.703985
    outer loop
      vertex 5.27921 34.5528 3.8147e-07
      vertex 4.90629 34.7367 3.8147e-07
      vertex 5.84944 35.9294 1.5
    endloop
  endfacet
  facet normal 0.394679 -0.590448 -0.703988
    outer loop
      vertex 4.55801 40.0308 3.8147e-07
      vertex 4.90374 40.2619 3.8147e-07
      vertex 5.46511 38.8487 1.5
    endloop
  endfacet
  facet normal 0.672527 0.228263 -0.703991
    outer loop
      vertex 3.55229 36.2806 3.8147e-07
      vertex 3.41863 36.6744 3.8147e-07
      vertex 4.85793 37.06 1.5
    endloop
  endfacet
  facet normal 0.708685 0.0464599 -0.703994
    outer loop
      vertex 3.33713 37.0851 3.8147e-07
      vertex 3.30993 37.5 3.8147e-07
      vertex 4.8 37.5 1.5
    endloop
  endfacet
  facet normal 0.673354 0.226055 -0.703913
    outer loop
      vertex 3.55229 36.2806 3.8147e-07
      vertex 4.92941 36.8494 1.5
      vertex 3.55276 36.2792 3.8147e-07
    endloop
  endfacet
  facet normal 0.672527 0.228263 -0.703991
    outer loop
      vertex 4.92941 36.8494 1.5
      vertex 3.55229 36.2806 3.8147e-07
      vertex 4.85793 37.06 1.5
    endloop
  endfacet
  facet normal 0.228355 0.672494 -0.703992
    outer loop
      vertex 5.67435 34.4186 3.8147e-07
      vertex 5.28061 34.5523 3.8147e-07
      vertex 6.06001 35.8579 1.5
    endloop
  endfacet
  facet normal 0.394679 0.590448 -0.703988
    outer loop
      vertex 4.90374 34.7381 3.8147e-07
      vertex 4.55801 34.9692 3.8147e-07
      vertex 5.46511 36.1513 1.5
    endloop
  endfacet
  facet normal 0.138521 0.696567 -0.703994
    outer loop
      vertex 5.67435 34.4186 3.8147e-07
      vertex 6.06001 35.8579 1.5
      vertex 6.08217 34.3375 3.8147e-07
    endloop
  endfacet
  facet normal -0.138521 0.696567 -0.703994
    outer loop
      vertex 6.91783 34.3375 3.8147e-07
      vertex 6.93999 35.8579 1.5
      vertex 7.32565 34.4186 3.8147e-07
    endloop
  endfacet
  facet normal 0.696559 0.138577 -0.70399
    outer loop
      vertex 3.33751 37.0822 3.8147e-07
      vertex 4.81454 37.2781 1.5
      vertex 4.85793 37.06 1.5
    endloop
  endfacet
  facet normal 0.696441 0.139288 -0.703967
    outer loop
      vertex 4.81454 37.2781 1.5
      vertex 3.33751 37.0822 3.8147e-07
      vertex 3.33723 37.0836 3.8147e-07
    endloop
  endfacet
  facet normal 0.590498 0.394593 -0.703995
    outer loop
      vertex 3.96915 35.558 3.8147e-07
      vertex 3.73814 35.9037 3.8147e-07
      vertex 5.1513 36.4651 1.5
    endloop
  endfacet
  facet normal 0.533947 0.468288 -0.703993
    outer loop
      vertex 4.24331 35.2454 3.8147e-07
      vertex 3.96915 35.558 3.8147e-07
      vertex 5.1513 36.4651 1.5
    endloop
  endfacet
  facet normal 0.468217 0.534017 -0.703988
    outer loop
      vertex 4.55801 34.9692 3.8147e-07
      vertex 4.24539 35.2433 3.8147e-07
      vertex 5.46511 36.1513 1.5
    endloop
  endfacet
  facet normal 0.144896 0.695501 -0.703764
    outer loop
      vertex 6.08217 34.3375 3.8147e-07
      vertex 6.27811 35.8145 1.5
      vertex 6.08361 34.3372 3.8147e-07
    endloop
  endfacet
  facet normal 0.138609 0.696559 -0.703984
    outer loop
      vertex 6.27811 35.8145 1.5
      vertex 6.08217 34.3375 3.8147e-07
      vertex 6.06001 35.8579 1.5
    endloop
  endfacet
  facet normal 0.0463121 0.708703 -0.703985
    outer loop
      vertex 6.08508 34.3371 3.8147e-07
      vertex 6.27811 35.8145 1.5
      vertex 6.5 35.8 1.5
    endloop
  endfacet
  facet normal 0.0481985 0.708518 -0.704045
    outer loop
      vertex 6.27811 35.8145 1.5
      vertex 6.08508 34.3371 3.8147e-07
      vertex 6.08361 34.3372 3.8147e-07
    endloop
  endfacet
  facet normal -0.672527 0.228263 -0.703991
    outer loop
      vertex 9.44771 36.2806 3.8147e-07
      vertex 8.14207 37.06 1.5
      vertex 9.58137 36.6744 3.8147e-07
    endloop
  endfacet
  facet normal -0.69656 0.13856 -0.703992
    outer loop
      vertex 9.58137 36.6744 3.8147e-07
      vertex 8.14207 37.06 1.5
      vertex 9.66249 37.0822 3.8147e-07
    endloop
  endfacet
  facet normal -0.228355 0.672494 -0.703992
    outer loop
      vertex 7.32565 34.4186 3.8147e-07
      vertex 6.93999 35.8579 1.5
      vertex 7.71939 34.5523 3.8147e-07
    endloop
  endfacet
  facet normal -0.0481985 0.708518 -0.704045
    outer loop
      vertex 6.91492 34.3371 3.8147e-07
      vertex 6.72189 35.8145 1.5
      vertex 6.91639 34.3372 3.8147e-07
    endloop
  endfacet
  facet normal -0.0463121 0.708703 -0.703985
    outer loop
      vertex 6.72189 35.8145 1.5
      vertex 6.91492 34.3371 3.8147e-07
      vertex 6.5 35.8 1.5
    endloop
  endfacet
  facet normal -0.0464572 0.708678 -0.704001
    outer loop
      vertex 6.5 34.3099 3.8147e-07
      vertex 6.5 35.8 1.5
      vertex 6.91492 34.3371 3.8147e-07
    endloop
  endfacet
  facet normal -0.387077 0.59513 -0.704267
    outer loop
      vertex 7.35 36.0278 1.5
      vertex 8.09626 34.7381 3.8147e-07
      vertex 8.09503 34.7373 3.8147e-07
    endloop
  endfacet
  facet normal -0.394471 0.590557 -0.704013
    outer loop
      vertex 8.09626 34.7381 3.8147e-07
      vertex 7.35 36.0278 1.5
      vertex 7.53489 36.1513 1.5
    endloop
  endfacet
  facet normal -0.394679 0.590448 -0.703988
    outer loop
      vertex 8.09626 34.7381 3.8147e-07
      vertex 7.53489 36.1513 1.5
      vertex 8.44199 34.9692 3.8147e-07
    endloop
  endfacet
  facet normal -0.590498 0.394593 -0.703995
    outer loop
      vertex 9.03085 35.558 3.8147e-07
      vertex 7.8487 36.4651 1.5
      vertex 9.26186 35.9037 3.8147e-07
    endloop
  endfacet
  facet normal -0.533947 0.468288 -0.703993
    outer loop
      vertex 8.75669 35.2454 3.8147e-07
      vertex 7.8487 36.4651 1.5
      vertex 9.03085 35.558 3.8147e-07
    endloop
  endfacet
  facet normal 0.314115 -0.636975 -0.703985
    outer loop
      vertex 4.90629 40.2633 3.8147e-07
      vertex 5.27921 40.4472 3.8147e-07
      vertex 5.84944 39.0706 1.5
    endloop
  endfacet
  facet normal -0.228355 -0.672494 -0.703992
    outer loop
      vertex 6.93999 39.1421 1.5
      vertex 7.32565 40.5814 3.8147e-07
      vertex 7.71939 40.4477 3.8147e-07
    endloop
  endfacet
  facet normal -0.138521 -0.696567 -0.703994
    outer loop
      vertex 6.93999 39.1421 1.5
      vertex 6.91783 40.6625 3.8147e-07
      vertex 7.32565 40.5814 3.8147e-07
    endloop
  endfacet
  facet normal -0.672527 -0.228263 -0.703991
    outer loop
      vertex 8.14207 37.94 1.5
      vertex 9.44771 38.7194 3.8147e-07
      vertex 9.58137 38.3256 3.8147e-07
    endloop
  endfacet
  facet normal -0.69656 -0.13856 -0.703992
    outer loop
      vertex 8.14207 37.94 1.5
      vertex 9.58137 38.3256 3.8147e-07
      vertex 9.66249 37.9178 3.8147e-07
    endloop
  endfacet
  facet normal -0.600284 -0.378641 -0.704479
    outer loop
      vertex 7.97224 38.35 1.5
      vertex 9.26186 39.0963 3.8147e-07
      vertex 9.26268 39.095 3.8147e-07
    endloop
  endfacet
  facet normal -0.590519 -0.394552 -0.704
    outer loop
      vertex 9.26186 39.0963 3.8147e-07
      vertex 7.97224 38.35 1.5
      vertex 7.8487 38.5349 1.5
    endloop
  endfacet
  facet normal -0.590498 -0.394593 -0.703995
    outer loop
      vertex 7.8487 38.5349 1.5
      vertex 9.03085 39.442 3.8147e-07
      vertex 9.26186 39.0963 3.8147e-07
    endloop
  endfacet
  facet normal -0.394679 -0.590448 -0.703988
    outer loop
      vertex 7.53489 38.8487 1.5
      vertex 8.09626 40.2619 3.8147e-07
      vertex 8.44199 40.0308 3.8147e-07
    endloop
  endfacet
  facet normal -0.468217 -0.534017 -0.703988
    outer loop
      vertex 7.53489 38.8487 1.5
      vertex 8.44199 40.0308 3.8147e-07
      vertex 8.75461 39.7567 3.8147e-07
    endloop
  endfacet
  facet normal 0.635122 0.317561 -0.704113
    outer loop
      vertex 3.73667 35.9063 3.8147e-07
      vertex 5.02776 36.65 1.5
      vertex 3.73732 35.905 3.8147e-07
    endloop
  endfacet
  facet normal 0.636943 0.314159 -0.703994
    outer loop
      vertex 5.02776 36.65 1.5
      vertex 3.73667 35.9063 3.8147e-07
      vertex 4.92941 36.8494 1.5
    endloop
  endfacet
  facet normal 0.636956 0.314139 -0.703992
    outer loop
      vertex 3.73667 35.9063 3.8147e-07
      vertex 3.55276 36.2792 3.8147e-07
      vertex 4.92941 36.8494 1.5
    endloop
  endfacet
  facet normal 0.468235 0.533998 -0.70399
    outer loop
      vertex 4.24539 35.2433 3.8147e-07
      vertex 5.29792 36.2979 1.5
      vertex 5.46511 36.1513 1.5
    endloop
  endfacet
  facet normal 0.475184 0.527455 -0.704267
    outer loop
      vertex 5.29792 36.2979 1.5
      vertex 4.24539 35.2433 3.8147e-07
      vertex 4.24428 35.2443 3.8147e-07
    endloop
  endfacet
  facet normal -0.635122 0.317561 -0.704113
    outer loop
      vertex 7.97224 36.65 1.5
      vertex 9.26333 35.9063 3.8147e-07
      vertex 9.26268 35.905 3.8147e-07
    endloop
  endfacet
  facet normal -0.636943 0.314159 -0.703994
    outer loop
      vertex 9.26333 35.9063 3.8147e-07
      vertex 7.97224 36.65 1.5
      vertex 8.07059 36.8494 1.5
    endloop
  endfacet
  facet normal -0.238764 0.668538 -0.704307
    outer loop
      vertex 7.71939 34.5523 3.8147e-07
      vertex 7.15056 35.9294 1.5
      vertex 7.72079 34.5528 3.8147e-07
    endloop
  endfacet
  facet normal -0.228349 0.672497 -0.703992
    outer loop
      vertex 7.15056 35.9294 1.5
      vertex 7.71939 34.5523 3.8147e-07
      vertex 6.93999 35.8579 1.5
    endloop
  endfacet
  facet normal -0.144896 0.695501 -0.703764
    outer loop
      vertex 6.72189 35.8145 1.5
      vertex 6.91783 34.3375 3.8147e-07
      vertex 6.91639 34.3372 3.8147e-07
    endloop
  endfacet
  facet normal -0.138609 0.696559 -0.703984
    outer loop
      vertex 6.91783 34.3375 3.8147e-07
      vertex 6.72189 35.8145 1.5
      vertex 6.93999 35.8579 1.5
    endloop
  endfacet
  facet normal -0.532639 0.46969 -0.70405
    outer loop
      vertex 7.70208 36.2979 1.5
      vertex 8.75669 35.2454 3.8147e-07
      vertex 8.75572 35.2443 3.8147e-07
    endloop
  endfacet
  facet normal -0.533982 0.468256 -0.703988
    outer loop
      vertex 8.75669 35.2454 3.8147e-07
      vertex 7.70208 36.2979 1.5
      vertex 7.8487 36.4651 1.5
    endloop
  endfacet
  facet normal 0.138521 -0.696567 -0.703994
    outer loop
      vertex 6.06001 39.1421 1.5
      vertex 5.67435 40.5814 3.8147e-07
      vertex 6.08217 40.6625 3.8147e-07
    endloop
  endfacet
  facet normal 0.533947 -0.468288 -0.703993
    outer loop
      vertex 3.96915 39.442 3.8147e-07
      vertex 4.24331 39.7546 3.8147e-07
      vertex 5.1513 38.5349 1.5
    endloop
  endfacet
  facet normal 0.590498 -0.394593 -0.703995
    outer loop
      vertex 3.73814 39.0963 3.8147e-07
      vertex 3.96915 39.442 3.8147e-07
      vertex 5.1513 38.5349 1.5
    endloop
  endfacet
  facet normal 0.672527 -0.228263 -0.703991
    outer loop
      vertex 3.41863 38.3256 3.8147e-07
      vertex 3.55229 38.7194 3.8147e-07
      vertex 4.85793 37.94 1.5
    endloop
  endfacet
  facet normal -0.294253 -0.647358 -0.703095
    outer loop
      vertex 7.35 38.9722 1.5
      vertex 8.09371 40.2633 3.8147e-07
      vertex 8.09503 40.2627 3.8147e-07
    endloop
  endfacet
  facet normal -0.314234 -0.636899 -0.704
    outer loop
      vertex 8.09371 40.2633 3.8147e-07
      vertex 7.35 38.9722 1.5
      vertex 7.15056 39.0706 1.5
    endloop
  endfacet
  facet normal -0.708685 -0.0464599 -0.703994
    outer loop
      vertex 8.2 37.5 1.5
      vertex 9.66287 37.9149 3.8147e-07
      vertex 9.69007 37.5 3.8147e-07
    endloop
  endfacet
  facet normal -0.672527 -0.228263 -0.703991
    outer loop
      vertex 8.07059 38.1506 1.5
      vertex 9.44771 38.7194 3.8147e-07
      vertex 8.14207 37.94 1.5
    endloop
  endfacet
  facet normal -0.673354 -0.226055 -0.703913
    outer loop
      vertex 9.44771 38.7194 3.8147e-07
      vertex 8.07059 38.1506 1.5
      vertex 9.44724 38.7208 3.8147e-07
    endloop
  endfacet
  facet normal -0.475184 -0.527455 -0.704267
    outer loop
      vertex 7.70208 38.7021 1.5
      vertex 8.75461 39.7567 3.8147e-07
      vertex 8.75572 39.7557 3.8147e-07
    endloop
  endfacet
  facet normal -0.468235 -0.533998 -0.70399
    outer loop
      vertex 8.75461 39.7567 3.8147e-07
      vertex 7.70208 38.7021 1.5
      vertex 7.53489 38.8487 1.5
    endloop
  endfacet
  facet normal 0.590519 0.394552 -0.704
    outer loop
      vertex 3.73814 35.9037 3.8147e-07
      vertex 5.02776 36.65 1.5
      vertex 5.1513 36.4651 1.5
    endloop
  endfacet
  facet normal 0.600284 0.378641 -0.704479
    outer loop
      vertex 5.02776 36.65 1.5
      vertex 3.73814 35.9037 3.8147e-07
      vertex 3.73732 35.905 3.8147e-07
    endloop
  endfacet
  facet normal 0.387077 0.59513 -0.704267
    outer loop
      vertex 4.90374 34.7381 3.8147e-07
      vertex 5.65 36.0278 1.5
      vertex 4.90497 34.7373 3.8147e-07
    endloop
  endfacet
  facet normal 0.394471 0.590557 -0.704013
    outer loop
      vertex 5.65 36.0278 1.5
      vertex 4.90374 34.7381 3.8147e-07
      vertex 5.46511 36.1513 1.5
    endloop
  endfacet
  facet normal 0.314234 0.636899 -0.704
    outer loop
      vertex 4.90629 34.7367 3.8147e-07
      vertex 5.65 36.0278 1.5
      vertex 5.84944 35.9294 1.5
    endloop
  endfacet
  facet normal 0.294253 0.647358 -0.703095
    outer loop
      vertex 5.65 36.0278 1.5
      vertex 4.90629 34.7367 3.8147e-07
      vertex 4.90497 34.7373 3.8147e-07
    endloop
  endfacet
  facet normal -0.673354 0.226055 -0.703913
    outer loop
      vertex 8.07059 36.8494 1.5
      vertex 9.44771 36.2806 3.8147e-07
      vertex 9.44724 36.2792 3.8147e-07
    endloop
  endfacet
  facet normal -0.672527 0.228263 -0.703991
    outer loop
      vertex 9.44771 36.2806 3.8147e-07
      vertex 8.07059 36.8494 1.5
      vertex 8.14207 37.06 1.5
    endloop
  endfacet
  facet normal -0.636956 0.314139 -0.703992
    outer loop
      vertex 9.26333 35.9063 3.8147e-07
      vertex 8.07059 36.8494 1.5
      vertex 9.44724 36.2792 3.8147e-07
    endloop
  endfacet
  facet normal -0.600284 0.378641 -0.704479
    outer loop
      vertex 9.26186 35.9037 3.8147e-07
      vertex 7.97224 36.65 1.5
      vertex 9.26268 35.905 3.8147e-07
    endloop
  endfacet
  facet normal -0.590519 0.394552 -0.704
    outer loop
      vertex 7.97224 36.65 1.5
      vertex 9.26186 35.9037 3.8147e-07
      vertex 7.8487 36.4651 1.5
    endloop
  endfacet
  facet normal -0.314115 0.636975 -0.703985
    outer loop
      vertex 7.72079 34.5528 3.8147e-07
      vertex 7.15056 35.9294 1.5
      vertex 8.09371 34.7367 3.8147e-07
    endloop
  endfacet
  facet normal -0.294253 0.647358 -0.703095
    outer loop
      vertex 8.09371 34.7367 3.8147e-07
      vertex 7.35 36.0278 1.5
      vertex 8.09503 34.7373 3.8147e-07
    endloop
  endfacet
  facet normal -0.314234 0.636899 -0.704
    outer loop
      vertex 7.35 36.0278 1.5
      vertex 8.09371 34.7367 3.8147e-07
      vertex 7.15056 35.9294 1.5
    endloop
  endfacet
  facet normal -0.475184 0.527455 -0.704267
    outer loop
      vertex 8.75461 35.2433 3.8147e-07
      vertex 7.70208 36.2979 1.5
      vertex 8.75572 35.2443 3.8147e-07
    endloop
  endfacet
  facet normal -0.468235 0.533998 -0.70399
    outer loop
      vertex 7.70208 36.2979 1.5
      vertex 8.75461 35.2433 3.8147e-07
      vertex 7.53489 36.1513 1.5
    endloop
  endfacet
  facet normal -0.468217 0.534017 -0.703988
    outer loop
      vertex 8.44199 34.9692 3.8147e-07
      vertex 7.53489 36.1513 1.5
      vertex 8.75461 35.2433 3.8147e-07
    endloop
  endfacet
  facet normal -0.0464572 -0.708678 -0.704001
    outer loop
      vertex 6.5 39.2 1.5
      vertex 6.5 40.6901 3.8147e-07
      vertex 6.91492 40.6629 3.8147e-07
    endloop
  endfacet
  facet normal 0.0464572 -0.708678 -0.704001
    outer loop
      vertex 6.08508 40.6629 3.8147e-07
      vertex 6.5 40.6901 3.8147e-07
      vertex 6.5 39.2 1.5
    endloop
  endfacet
  facet normal 0.590519 -0.394552 -0.704
    outer loop
      vertex 5.02776 38.35 1.5
      vertex 3.73814 39.0963 3.8147e-07
      vertex 5.1513 38.5349 1.5
    endloop
  endfacet
  facet normal 0.600284 -0.378641 -0.704479
    outer loop
      vertex 3.73814 39.0963 3.8147e-07
      vertex 5.02776 38.35 1.5
      vertex 3.73732 39.095 3.8147e-07
    endloop
  endfacet
  facet normal 0.468235 -0.533998 -0.70399
    outer loop
      vertex 5.29792 38.7021 1.5
      vertex 4.24539 39.7567 3.8147e-07
      vertex 5.46511 38.8487 1.5
    endloop
  endfacet
  facet normal 0.475184 -0.527455 -0.704267
    outer loop
      vertex 4.24539 39.7567 3.8147e-07
      vertex 5.29792 38.7021 1.5
      vertex 4.24428 39.7557 3.8147e-07
    endloop
  endfacet
  facet normal 0.468217 -0.534017 -0.703988
    outer loop
      vertex 4.24539 39.7567 3.8147e-07
      vertex 4.55801 40.0308 3.8147e-07
      vertex 5.46511 38.8487 1.5
    endloop
  endfacet
  facet normal 0.69656 -0.13856 -0.703992
    outer loop
      vertex 3.33751 37.9178 3.8147e-07
      vertex 3.41863 38.3256 3.8147e-07
      vertex 4.85793 37.94 1.5
    endloop
  endfacet
  facet normal 0.696559 -0.138577 -0.70399
    outer loop
      vertex 4.81454 37.7219 1.5
      vertex 3.33751 37.9178 3.8147e-07
      vertex 4.85793 37.94 1.5
    endloop
  endfacet
  facet normal 0.696441 -0.139288 -0.703967
    outer loop
      vertex 3.33751 37.9178 3.8147e-07
      vertex 4.81454 37.7219 1.5
      vertex 3.33723 37.9164 3.8147e-07
    endloop
  endfacet
  facet normal -0.238764 -0.668538 -0.704307
    outer loop
      vertex 7.15056 39.0706 1.5
      vertex 7.71939 40.4477 3.8147e-07
      vertex 7.72079 40.4472 3.8147e-07
    endloop
  endfacet
  facet normal -0.228349 -0.672497 -0.703992
    outer loop
      vertex 7.71939 40.4477 3.8147e-07
      vertex 7.15056 39.0706 1.5
      vertex 6.93999 39.1421 1.5
    endloop
  endfacet
  facet normal -0.314115 -0.636975 -0.703985
    outer loop
      vertex 7.15056 39.0706 1.5
      vertex 7.72079 40.4472 3.8147e-07
      vertex 8.09371 40.2633 3.8147e-07
    endloop
  endfacet
  facet normal -0.394471 -0.590557 -0.704013
    outer loop
      vertex 7.35 38.9722 1.5
      vertex 8.09626 40.2619 3.8147e-07
      vertex 7.53489 38.8487 1.5
    endloop
  endfacet
  facet normal -0.387077 -0.59513 -0.704267
    outer loop
      vertex 8.09626 40.2619 3.8147e-07
      vertex 7.35 38.9722 1.5
      vertex 8.09503 40.2627 3.8147e-07
    endloop
  endfacet
  facet normal -0.708685 0.0464599 -0.703994
    outer loop
      vertex 9.66287 37.0851 3.8147e-07
      vertex 8.2 37.5 1.5
      vertex 9.69007 37.5 3.8147e-07
    endloop
  endfacet
  facet normal -0.636956 -0.314139 -0.703992
    outer loop
      vertex 8.07059 38.1506 1.5
      vertex 9.26333 39.0937 3.8147e-07
      vertex 9.44724 38.7208 3.8147e-07
    endloop
  endfacet
  facet normal -0.636943 -0.314159 -0.703994
    outer loop
      vertex 7.97224 38.35 1.5
      vertex 9.26333 39.0937 3.8147e-07
      vertex 8.07059 38.1506 1.5
    endloop
  endfacet
  facet normal -0.635122 -0.317561 -0.704113
    outer loop
      vertex 9.26333 39.0937 3.8147e-07
      vertex 7.97224 38.35 1.5
      vertex 9.26268 39.095 3.8147e-07
    endloop
  endfacet
  facet normal -0.533982 -0.468256 -0.703988
    outer loop
      vertex 7.70208 38.7021 1.5
      vertex 8.75669 39.7546 3.8147e-07
      vertex 7.8487 38.5349 1.5
    endloop
  endfacet
  facet normal -0.532639 -0.46969 -0.70405
    outer loop
      vertex 8.75669 39.7546 3.8147e-07
      vertex 7.70208 38.7021 1.5
      vertex 8.75572 39.7557 3.8147e-07
    endloop
  endfacet
  facet normal -0.533947 -0.468288 -0.703993
    outer loop
      vertex 7.8487 38.5349 1.5
      vertex 8.75669 39.7546 3.8147e-07
      vertex 9.03085 39.442 3.8147e-07
    endloop
  endfacet
  facet normal 0.144896 -0.695501 -0.703764
    outer loop
      vertex 6.27811 39.1855 1.5
      vertex 6.08217 40.6625 3.8147e-07
      vertex 6.08361 40.6628 3.8147e-07
    endloop
  endfacet
  facet normal 0.138609 -0.696559 -0.703984
    outer loop
      vertex 6.08217 40.6625 3.8147e-07
      vertex 6.27811 39.1855 1.5
      vertex 6.06001 39.1421 1.5
    endloop
  endfacet
  facet normal 0.228349 -0.672497 -0.703992
    outer loop
      vertex 5.84944 39.0706 1.5
      vertex 5.28061 40.4477 3.8147e-07
      vertex 6.06001 39.1421 1.5
    endloop
  endfacet
  facet normal 0.238764 -0.668538 -0.704307
    outer loop
      vertex 5.28061 40.4477 3.8147e-07
      vertex 5.84944 39.0706 1.5
      vertex 5.27921 40.4472 3.8147e-07
    endloop
  endfacet
  facet normal 0.228355 -0.672494 -0.703992
    outer loop
      vertex 5.28061 40.4477 3.8147e-07
      vertex 5.67435 40.5814 3.8147e-07
      vertex 6.06001 39.1421 1.5
    endloop
  endfacet
  facet normal 0.314234 -0.636899 -0.704
    outer loop
      vertex 5.65 38.9722 1.5
      vertex 4.90629 40.2633 3.8147e-07
      vertex 5.84944 39.0706 1.5
    endloop
  endfacet
  facet normal 0.294253 -0.647358 -0.703095
    outer loop
      vertex 4.90629 40.2633 3.8147e-07
      vertex 5.65 38.9722 1.5
      vertex 4.90497 40.2627 3.8147e-07
    endloop
  endfacet
  facet normal 0.394471 -0.590557 -0.704013
    outer loop
      vertex 4.90374 40.2619 3.8147e-07
      vertex 5.65 38.9722 1.5
      vertex 5.46511 38.8487 1.5
    endloop
  endfacet
  facet normal 0.387077 -0.59513 -0.704267
    outer loop
      vertex 5.65 38.9722 1.5
      vertex 4.90374 40.2619 3.8147e-07
      vertex 4.90497 40.2627 3.8147e-07
    endloop
  endfacet
  facet normal 0.0481985 -0.708518 -0.704045
    outer loop
      vertex 6.08508 40.6629 3.8147e-07
      vertex 6.27811 39.1855 1.5
      vertex 6.08361 40.6628 3.8147e-07
    endloop
  endfacet
  facet normal 0.0463121 -0.708703 -0.703985
    outer loop
      vertex 6.27811 39.1855 1.5
      vertex 6.08508 40.6629 3.8147e-07
      vertex 6.5 39.2 1.5
    endloop
  endfacet
  facet normal -0.0463121 -0.708703 -0.703985
    outer loop
      vertex 6.91492 40.6629 3.8147e-07
      vertex 6.72189 39.1855 1.5
      vertex 6.5 39.2 1.5
    endloop
  endfacet
  facet normal -0.0481985 -0.708518 -0.704045
    outer loop
      vertex 6.72189 39.1855 1.5
      vertex 6.91492 40.6629 3.8147e-07
      vertex 6.91639 40.6628 3.8147e-07
    endloop
  endfacet
  facet normal 0.533982 -0.468256 -0.703988
    outer loop
      vertex 4.24331 39.7546 3.8147e-07
      vertex 5.29792 38.7021 1.5
      vertex 5.1513 38.5349 1.5
    endloop
  endfacet
  facet normal 0.532639 -0.46969 -0.70405
    outer loop
      vertex 5.29792 38.7021 1.5
      vertex 4.24331 39.7546 3.8147e-07
      vertex 4.24428 39.7557 3.8147e-07
    endloop
  endfacet
  facet normal 0.636956 -0.314139 -0.703992
    outer loop
      vertex 3.55276 38.7208 3.8147e-07
      vertex 3.73667 39.0937 3.8147e-07
      vertex 4.92941 38.1506 1.5
    endloop
  endfacet
  facet normal 0.672527 -0.228263 -0.703991
    outer loop
      vertex 3.55229 38.7194 3.8147e-07
      vertex 4.92941 38.1506 1.5
      vertex 4.85793 37.94 1.5
    endloop
  endfacet
  facet normal 0.673354 -0.226055 -0.703913
    outer loop
      vertex 4.92941 38.1506 1.5
      vertex 3.55229 38.7194 3.8147e-07
      vertex 3.55276 38.7208 3.8147e-07
    endloop
  endfacet
  facet normal -0.708689 0.0464369 -0.703991
    outer loop
      vertex 9.66287 37.0851 3.8147e-07
      vertex 8.18546 37.2781 1.5
      vertex 8.2 37.5 1.5
    endloop
  endfacet
  facet normal -0.70861 0.0472407 -0.704017
    outer loop
      vertex 8.18546 37.2781 1.5
      vertex 9.66287 37.0851 3.8147e-07
      vertex 9.66277 37.0836 3.8147e-07
    endloop
  endfacet
  facet normal 0.636943 -0.314159 -0.703994
    outer loop
      vertex 3.73667 39.0937 3.8147e-07
      vertex 5.02776 38.35 1.5
      vertex 4.92941 38.1506 1.5
    endloop
  endfacet
  facet normal 0.635122 -0.317561 -0.704113
    outer loop
      vertex 5.02776 38.35 1.5
      vertex 3.73667 39.0937 3.8147e-07
      vertex 3.73732 39.095 3.8147e-07
    endloop
  endfacet
  facet normal -0.70861 -0.0472407 -0.704017
    outer loop
      vertex 9.66287 37.9149 3.8147e-07
      vertex 8.18546 37.7219 1.5
      vertex 9.66277 37.9164 3.8147e-07
    endloop
  endfacet
  facet normal -0.708689 -0.0464369 -0.703991
    outer loop
      vertex 8.18546 37.7219 1.5
      vertex 9.66287 37.9149 3.8147e-07
      vertex 8.2 37.5 1.5
    endloop
  endfacet
  facet normal -0.696441 -0.139288 -0.703967
    outer loop
      vertex 8.18546 37.7219 1.5
      vertex 9.66249 37.9178 3.8147e-07
      vertex 9.66277 37.9164 3.8147e-07
    endloop
  endfacet
  facet normal -0.696559 -0.138577 -0.70399
    outer loop
      vertex 9.66249 37.9178 3.8147e-07
      vertex 8.18546 37.7219 1.5
      vertex 8.14207 37.94 1.5
    endloop
  endfacet
  facet normal -0.555494 0.831521 0
    outer loop
      vertex 39 23.732 2.4
      vertex 38.7825 23.5867 5.4
      vertex 39 23.732 5.4
    endloop
  endfacet
  facet normal -0.555494 0.831521 0
    outer loop
      vertex 38.7825 23.5867 5.4
      vertex 39 23.732 2.4
      vertex 38.7825 23.5867 2.4
    endloop
  endfacet
  facet normal 0.980801 0.195013 0
    outer loop
      vertex 41.9829 22.2611 5.4
      vertex 41.9319 22.5176 2.4
      vertex 41.9319 22.5176 5.4
    endloop
  endfacet
  facet normal 0.980801 0.195013 0
    outer loop
      vertex 41.9319 22.5176 2.4
      vertex 41.9829 22.2611 5.4
      vertex 41.9829 22.2611 2.4
    endloop
  endfacet
  facet normal 0.195013 -0.980801 0
    outer loop
      vertex 40.2611 20.0171 2.4
      vertex 40.5176 20.0681 5.4
      vertex 40.2611 20.0171 5.4
    endloop
  endfacet
  facet normal 0.195013 -0.980801 0
    outer loop
      vertex 40.5176 20.0681 5.4
      vertex 40.2611 20.0171 2.4
      vertex 40.5176 20.0681 2.4
    endloop
  endfacet
  facet normal 0.442621 0.896709 -0
    outer loop
      vertex 41 23.732 2.4
      vertex 40.7654 23.8478 5.4
      vertex 41 23.732 5.4
    endloop
  endfacet
  facet normal 0.442621 0.896709 0
    outer loop
      vertex 40.7654 23.8478 5.4
      vertex 41 23.732 2.4
      vertex 40.7654 23.8478 2.4
    endloop
  endfacet
  facet normal 0.94695 0.321382 0
    outer loop
      vertex 41.9319 22.5176 5.4
      vertex 41.8478 22.7654 2.4
      vertex 41.8478 22.7654 5.4
    endloop
  endfacet
  facet normal 0.94695 0.321382 0
    outer loop
      vertex 41.8478 22.7654 2.4
      vertex 41.9319 22.5176 5.4
      vertex 41.9319 22.5176 2.4
    endloop
  endfacet
  facet normal 0.831344 -0.555758 0
    outer loop
      vertex 41.5867 20.7825 5.4
      vertex 41.7321 21 2.4
      vertex 41.7321 21 5.4
    endloop
  endfacet
  facet normal 0.831344 -0.555758 0
    outer loop
      vertex 41.7321 21 2.4
      vertex 41.5867 20.7825 5.4
      vertex 41.5867 20.7825 2.4
    endloop
  endfacet
  facet normal -0.94695 0.321382 0
    outer loop
      vertex 38.0681 22.5176 2.4
      vertex 38.1522 22.7654 5.4
      vertex 38.1522 22.7654 2.4
    endloop
  endfacet
  facet normal -0.94695 0.321382 0
    outer loop
      vertex 38.1522 22.7654 5.4
      vertex 38.0681 22.5176 2.4
      vertex 38.0681 22.5176 5.4
    endloop
  endfacet
  facet normal -0.831521 0.555494 0
    outer loop
      vertex 38.268 23 2.4
      vertex 38.4133 23.2175 5.4
      vertex 38.4133 23.2175 2.4
    endloop
  endfacet
  facet normal -0.831521 0.555494 0
    outer loop
      vertex 38.4133 23.2175 5.4
      vertex 38.268 23 2.4
      vertex 38.268 23 5.4
    endloop
  endfacet
  facet normal -0.751842 0.659343 0
    outer loop
      vertex 38.4133 23.2175 2.4
      vertex 38.5858 23.4142 5.4
      vertex 38.5858 23.4142 2.4
    endloop
  endfacet
  facet normal -0.751842 0.659343 0
    outer loop
      vertex 38.5858 23.4142 5.4
      vertex 38.4133 23.2175 2.4
      vertex 38.4133 23.2175 5.4
    endloop
  endfacet
  facet normal -0.442621 0.896709 0
    outer loop
      vertex 39.2346 23.8478 2.4
      vertex 39 23.732 5.4
      vertex 39.2346 23.8478 5.4
    endloop
  endfacet
  facet normal -0.442621 0.896709 0
    outer loop
      vertex 39 23.732 5.4
      vertex 39.2346 23.8478 2.4
      vertex 39 23.732 2.4
    endloop
  endfacet
  facet normal 0.0653521 0.997862 -0
    outer loop
      vertex 40.2611 23.9829 2.4
      vertex 40 24 5.4
      vertex 40.2611 23.9829 5.4
    endloop
  endfacet
  facet normal 0.0653521 0.997862 0
    outer loop
      vertex 40 24 5.4
      vertex 40.2611 23.9829 2.4
      vertex 40 24 2.4
    endloop
  endfacet
  facet normal -0.0653521 0.997862 0
    outer loop
      vertex 40 24 2.4
      vertex 39.7389 23.9829 5.4
      vertex 40 24 5.4
    endloop
  endfacet
  facet normal -0.0653521 0.997862 0
    outer loop
      vertex 39.7389 23.9829 5.4
      vertex 40 24 2.4
      vertex 39.7389 23.9829 2.4
    endloop
  endfacet
  facet normal 0 0 1
    outer loop
      vertex 40.8 22 5.4
      vertex 42 22 5.4
      vertex 41.9829 22.2611 5.4
    endloop
  endfacet
  facet normal 0 0 1
    outer loop
      vertex 40.7932 22.1044 5.4
      vertex 41.9829 22.2611 5.4
      vertex 41.9319 22.5176 5.4
    endloop
  endfacet
  facet normal 0 0 1
    outer loop
      vertex 42 22 5.4
      vertex 40.8 22 5.4
      vertex 41.9829 21.7389 5.4
    endloop
  endfacet
  facet normal 0 0 1
    outer loop
      vertex 40.7727 22.2071 5.4
      vertex 41.9319 22.5176 5.4
      vertex 41.8478 22.7654 5.4
    endloop
  endfacet
  facet normal -0 0 1
    outer loop
      vertex 40.7932 21.8956 5.4
      vertex 41.9829 21.7389 5.4
      vertex 40.8 22 5.4
    endloop
  endfacet
  facet normal 0 0 1
    outer loop
      vertex 40.7391 22.3061 5.4
      vertex 41.8478 22.7654 5.4
      vertex 41.7321 23 5.4
    endloop
  endfacet
  facet normal 0 0 1
    outer loop
      vertex 41.9829 21.7389 5.4
      vertex 40.7932 21.8956 5.4
      vertex 41.9319 21.4824 5.4
    endloop
  endfacet
  facet normal 0 0 1
    outer loop
      vertex 40.6928 22.4 5.4
      vertex 41.7321 23 5.4
      vertex 41.5867 23.2175 5.4
    endloop
  endfacet
  facet normal -0 0 1
    outer loop
      vertex 40.7727 21.7929 5.4
      vertex 41.9319 21.4824 5.4
      vertex 40.7932 21.8956 5.4
    endloop
  endfacet
  facet normal 0 0 1
    outer loop
      vertex 40.6347 22.487 5.4
      vertex 41.5867 23.2175 5.4
      vertex 41.4142 23.4142 5.4
    endloop
  endfacet
  facet normal 0 0 1
    outer loop
      vertex 41.9319 21.4824 5.4
      vertex 40.7727 21.7929 5.4
      vertex 41.8478 21.2346 5.4
    endloop
  endfacet
  facet normal 0 0 1
    outer loop
      vertex 40.5657 22.5657 5.4
      vertex 41.4142 23.4142 5.4
      vertex 41.2175 23.5867 5.4
    endloop
  endfacet
  facet normal -0 0 1
    outer loop
      vertex 40.7391 21.6939 5.4
      vertex 41.8478 21.2346 5.4
      vertex 40.7727 21.7929 5.4
    endloop
  endfacet
  facet normal 0 0 1
    outer loop
      vertex 40.487 22.6347 5.4
      vertex 41.2175 23.5867 5.4
      vertex 41 23.732 5.4
    endloop
  endfacet
  facet normal 0 0 1
    outer loop
      vertex 41.8478 21.2346 5.4
      vertex 40.7391 21.6939 5.4
      vertex 41.7321 21 5.4
    endloop
  endfacet
  facet normal -0 0 1
    outer loop
      vertex 40.6928 21.6 5.4
      vertex 41.7321 21 5.4
      vertex 40.7391 21.6939 5.4
    endloop
  endfacet
  facet normal 0 0 1
    outer loop
      vertex 41.9829 22.2611 5.4
      vertex 40.7932 22.1044 5.4
      vertex 40.8 22 5.4
    endloop
  endfacet
  facet normal 0 0 1
    outer loop
      vertex 41.9319 22.5176 5.4
      vertex 40.7727 22.2071 5.4
      vertex 40.7932 22.1044 5.4
    endloop
  endfacet
  facet normal 0 0 1
    outer loop
      vertex 40.4 22.6928 5.4
      vertex 41 23.732 5.4
      vertex 40.7654 23.8478 5.4
    endloop
  endfacet
  facet normal 0 0 1
    outer loop
      vertex 41.8478 22.7654 5.4
      vertex 40.7391 22.3061 5.4
      vertex 40.7727 22.2071 5.4
    endloop
  endfacet
  facet normal 0 0 1
    outer loop
      vertex 41.7321 23 5.4
      vertex 40.6928 22.4 5.4
      vertex 40.7391 22.3061 5.4
    endloop
  endfacet
  facet normal 0 0 1
    outer loop
      vertex 41.5867 23.2175 5.4
      vertex 40.6347 22.487 5.4
      vertex 40.6928 22.4 5.4
    endloop
  endfacet
  facet normal 0 0 1
    outer loop
      vertex 41.4142 23.4142 5.4
      vertex 40.5657 22.5657 5.4
      vertex 40.6347 22.487 5.4
    endloop
  endfacet
  facet normal 0 0 1
    outer loop
      vertex 40.3061 22.7391 5.4
      vertex 40.7654 23.8478 5.4
      vertex 40.5176 23.9319 5.4
    endloop
  endfacet
  facet normal 0 0 1
    outer loop
      vertex 41.2175 23.5867 5.4
      vertex 40.487 22.6347 5.4
      vertex 40.5657 22.5657 5.4
    endloop
  endfacet
  facet normal 0 0 1
    outer loop
      vertex 41 23.732 5.4
      vertex 40.4 22.6928 5.4
      vertex 40.487 22.6347 5.4
    endloop
  endfacet
  facet normal 0 0 1
    outer loop
      vertex 40.7654 23.8478 5.4
      vertex 40.3061 22.7391 5.4
      vertex 40.4 22.6928 5.4
    endloop
  endfacet
  facet normal 0 0 1
    outer loop
      vertex 40.2071 22.7727 5.4
      vertex 40.5176 23.9319 5.4
      vertex 40.2611 23.9829 5.4
    endloop
  endfacet
  facet normal 0 0 1
    outer loop
      vertex 40.5176 23.9319 5.4
      vertex 40.2071 22.7727 5.4
      vertex 40.3061 22.7391 5.4
    endloop
  endfacet
  facet normal 0 0 1
    outer loop
      vertex 40.2611 23.9829 5.4
      vertex 40.1044 22.7932 5.4
      vertex 40.2071 22.7727 5.4
    endloop
  endfacet
  facet normal 0 0 1
    outer loop
      vertex 40 24 5.4
      vertex 40.1044 22.7932 5.4
      vertex 40.2611 23.9829 5.4
    endloop
  endfacet
  facet normal 0 0 1
    outer loop
      vertex 40 24 5.4
      vertex 40 22.8 5.4
      vertex 40.1044 22.7932 5.4
    endloop
  endfacet
  facet normal 0 0 1
    outer loop
      vertex 40 24 5.4
      vertex 39.8956 22.7932 5.4
      vertex 40 22.8 5.4
    endloop
  endfacet
  facet normal -0 0 1
    outer loop
      vertex 39.7389 23.9829 5.4
      vertex 39.8956 22.7932 5.4
      vertex 40 24 5.4
    endloop
  endfacet
  facet normal 0 0 1
    outer loop
      vertex 39.8956 22.7932 5.4
      vertex 39.7389 23.9829 5.4
      vertex 39.7929 22.7727 5.4
    endloop
  endfacet
  facet normal -0 0 1
    outer loop
      vertex 39.4824 23.9319 5.4
      vertex 39.7929 22.7727 5.4
      vertex 39.7389 23.9829 5.4
    endloop
  endfacet
  facet normal 0 0 1
    outer loop
      vertex 39.7929 22.7727 5.4
      vertex 39.4824 23.9319 5.4
      vertex 39.6939 22.7391 5.4
    endloop
  endfacet
  facet normal -0 0 1
    outer loop
      vertex 39.2346 23.8478 5.4
      vertex 39.6939 22.7391 5.4
      vertex 39.4824 23.9319 5.4
    endloop
  endfacet
  facet normal 0 0 1
    outer loop
      vertex 39.6939 22.7391 5.4
      vertex 39.2346 23.8478 5.4
      vertex 39.6 22.6928 5.4
    endloop
  endfacet
  facet normal -0 0 1
    outer loop
      vertex 39 23.732 5.4
      vertex 39.6 22.6928 5.4
      vertex 39.2346 23.8478 5.4
    endloop
  endfacet
  facet normal 0 0 1
    outer loop
      vertex 39.6 22.6928 5.4
      vertex 39 23.732 5.4
      vertex 39.513 22.6347 5.4
    endloop
  endfacet
  facet normal -0 0 1
    outer loop
      vertex 38.7825 23.5867 5.4
      vertex 39.513 22.6347 5.4
      vertex 39 23.732 5.4
    endloop
  endfacet
  facet normal 0 0 1
    outer loop
      vertex 39.513 22.6347 5.4
      vertex 38.7825 23.5867 5.4
      vertex 39.4343 22.5657 5.4
    endloop
  endfacet
  facet normal -0 0 1
    outer loop
      vertex 38.5858 23.4142 5.4
      vertex 39.4343 22.5657 5.4
      vertex 38.7825 23.5867 5.4
    endloop
  endfacet
  facet normal 0 0 1
    outer loop
      vertex 39.4343 22.5657 5.4
      vertex 38.5858 23.4142 5.4
      vertex 39.3653 22.487 5.4
    endloop
  endfacet
  facet normal -0 0 1
    outer loop
      vertex 38.4133 23.2175 5.4
      vertex 39.3653 22.487 5.4
      vertex 38.5858 23.4142 5.4
    endloop
  endfacet
  facet normal 0 0 1
    outer loop
      vertex 39.3653 22.487 5.4
      vertex 38.4133 23.2175 5.4
      vertex 39.3072 22.4 5.4
    endloop
  endfacet
  facet normal -0 0 1
    outer loop
      vertex 38.268 23 5.4
      vertex 39.3072 22.4 5.4
      vertex 38.4133 23.2175 5.4
    endloop
  endfacet
  facet normal 0 0 1
    outer loop
      vertex 41.7321 21 5.4
      vertex 40.6928 21.6 5.4
      vertex 41.5867 20.7825 5.4
    endloop
  endfacet
  facet normal -0 0 1
    outer loop
      vertex 40.6347 21.513 5.4
      vertex 41.5867 20.7825 5.4
      vertex 40.6928 21.6 5.4
    endloop
  endfacet
  facet normal 0 0 1
    outer loop
      vertex 41.5867 20.7825 5.4
      vertex 40.6347 21.513 5.4
      vertex 41.4142 20.5858 5.4
    endloop
  endfacet
  facet normal -0 0 1
    outer loop
      vertex 40.5657 21.4343 5.4
      vertex 41.4142 20.5858 5.4
      vertex 40.6347 21.513 5.4
    endloop
  endfacet
  facet normal 0 0 1
    outer loop
      vertex 41.4142 20.5858 5.4
      vertex 40.5657 21.4343 5.4
      vertex 41.2175 20.4133 5.4
    endloop
  endfacet
  facet normal -0 0 1
    outer loop
      vertex 40.487 21.3653 5.4
      vertex 41.2175 20.4133 5.4
      vertex 40.5657 21.4343 5.4
    endloop
  endfacet
  facet normal 0 0 1
    outer loop
      vertex 41.2175 20.4133 5.4
      vertex 40.487 21.3653 5.4
      vertex 41 20.2679 5.4
    endloop
  endfacet
  facet normal -0 0 1
    outer loop
      vertex 40.4 21.3072 5.4
      vertex 41 20.2679 5.4
      vertex 40.487 21.3653 5.4
    endloop
  endfacet
  facet normal 0 0 1
    outer loop
      vertex 41 20.2679 5.4
      vertex 40.4 21.3072 5.4
      vertex 40.7654 20.1522 5.4
    endloop
  endfacet
  facet normal -0 0 1
    outer loop
      vertex 40.3061 21.2609 5.4
      vertex 40.7654 20.1522 5.4
      vertex 40.4 21.3072 5.4
    endloop
  endfacet
  facet normal 0 0 1
    outer loop
      vertex 40.7654 20.1522 5.4
      vertex 40.3061 21.2609 5.4
      vertex 40.5176 20.0681 5.4
    endloop
  endfacet
  facet normal -0 0 1
    outer loop
      vertex 40.2071 21.2273 5.4
      vertex 40.5176 20.0681 5.4
      vertex 40.3061 21.2609 5.4
    endloop
  endfacet
  facet normal 0 0 1
    outer loop
      vertex 40.5176 20.0681 5.4
      vertex 40.2071 21.2273 5.4
      vertex 40.2611 20.0171 5.4
    endloop
  endfacet
  facet normal -0 0 1
    outer loop
      vertex 40.1044 21.2068 5.4
      vertex 40.2611 20.0171 5.4
      vertex 40.2071 21.2273 5.4
    endloop
  endfacet
  facet normal -0 0 1
    outer loop
      vertex 40 21.2 5.4
      vertex 40.2611 20.0171 5.4
      vertex 40.1044 21.2068 5.4
    endloop
  endfacet
  facet normal 0 0 1
    outer loop
      vertex 40 21.2 5.4
      vertex 40 20 5.4
      vertex 40.2611 20.0171 5.4
    endloop
  endfacet
  facet normal 0 0 1
    outer loop
      vertex 39.8956 21.2068 5.4
      vertex 40 20 5.4
      vertex 40 21.2 5.4
    endloop
  endfacet
  facet normal 0 0 1
    outer loop
      vertex 39.7389 20.0171 5.4
      vertex 39.8956 21.2068 5.4
      vertex 39.7929 21.2273 5.4
    endloop
  endfacet
  facet normal 0 0 1
    outer loop
      vertex 39.8956 21.2068 5.4
      vertex 39.7389 20.0171 5.4
      vertex 40 20 5.4
    endloop
  endfacet
  facet normal 0 0 1
    outer loop
      vertex 39.4824 20.0681 5.4
      vertex 39.7929 21.2273 5.4
      vertex 39.6939 21.2609 5.4
    endloop
  endfacet
  facet normal 0 0 1
    outer loop
      vertex 39.2346 20.1522 5.4
      vertex 39.6939 21.2609 5.4
      vertex 39.6 21.3072 5.4
    endloop
  endfacet
  facet normal 0 0 1
    outer loop
      vertex 39 20.2679 5.4
      vertex 39.6 21.3072 5.4
      vertex 39.513 21.3653 5.4
    endloop
  endfacet
  facet normal 0 0 1
    outer loop
      vertex 39.7929 21.2273 5.4
      vertex 39.4824 20.0681 5.4
      vertex 39.7389 20.0171 5.4
    endloop
  endfacet
  facet normal 0 0 1
    outer loop
      vertex 38.7825 20.4133 5.4
      vertex 39.513 21.3653 5.4
      vertex 39.4343 21.4343 5.4
    endloop
  endfacet
  facet normal 0 0 1
    outer loop
      vertex 38.5858 20.5858 5.4
      vertex 39.4343 21.4343 5.4
      vertex 39.3653 21.513 5.4
    endloop
  endfacet
  facet normal 0 0 1
    outer loop
      vertex 38.4133 20.7825 5.4
      vertex 39.3653 21.513 5.4
      vertex 39.3072 21.6 5.4
    endloop
  endfacet
  facet normal 0 0 1
    outer loop
      vertex 38.268 21 5.4
      vertex 39.3072 21.6 5.4
      vertex 39.2609 21.6939 5.4
    endloop
  endfacet
  facet normal 0 0 1
    outer loop
      vertex 39.6939 21.2609 5.4
      vertex 39.2346 20.1522 5.4
      vertex 39.4824 20.0681 5.4
    endloop
  endfacet
  facet normal 0 0 1
    outer loop
      vertex 38.1522 21.2346 5.4
      vertex 39.2609 21.6939 5.4
      vertex 39.2273 21.7929 5.4
    endloop
  endfacet
  facet normal 0 0 1
    outer loop
      vertex 38.0681 21.4824 5.4
      vertex 39.2273 21.7929 5.4
      vertex 39.2068 21.8956 5.4
    endloop
  endfacet
  facet normal 0 0 1
    outer loop
      vertex 38.0171 21.7389 5.4
      vertex 39.2068 21.8956 5.4
      vertex 39.2 22 5.4
    endloop
  endfacet
  facet normal 0 0 1
    outer loop
      vertex 39.3072 22.4 5.4
      vertex 38.268 23 5.4
      vertex 39.2609 22.3061 5.4
    endloop
  endfacet
  facet normal 0 0 1
    outer loop
      vertex 39.6 21.3072 5.4
      vertex 39 20.2679 5.4
      vertex 39.2346 20.1522 5.4
    endloop
  endfacet
  facet normal -0 0 1
    outer loop
      vertex 38.1522 22.7654 5.4
      vertex 39.2609 22.3061 5.4
      vertex 38.268 23 5.4
    endloop
  endfacet
  facet normal 0 0 1
    outer loop
      vertex 39.513 21.3653 5.4
      vertex 38.7825 20.4133 5.4
      vertex 39 20.2679 5.4
    endloop
  endfacet
  facet normal 0 0 1
    outer loop
      vertex 39.2609 22.3061 5.4
      vertex 38.1522 22.7654 5.4
      vertex 39.2273 22.2071 5.4
    endloop
  endfacet
  facet normal 0 0 1
    outer loop
      vertex 39.4343 21.4343 5.4
      vertex 38.5858 20.5858 5.4
      vertex 38.7825 20.4133 5.4
    endloop
  endfacet
  facet normal -0 0 1
    outer loop
      vertex 38.0681 22.5176 5.4
      vertex 39.2273 22.2071 5.4
      vertex 38.1522 22.7654 5.4
    endloop
  endfacet
  facet normal 0 0 1
    outer loop
      vertex 39.3653 21.513 5.4
      vertex 38.4133 20.7825 5.4
      vertex 38.5858 20.5858 5.4
    endloop
  endfacet
  facet normal 0 0 1
    outer loop
      vertex 39.2273 22.2071 5.4
      vertex 38.0681 22.5176 5.4
      vertex 39.2068 22.1044 5.4
    endloop
  endfacet
  facet normal 0 0 1
    outer loop
      vertex 39.3072 21.6 5.4
      vertex 38.268 21 5.4
      vertex 38.4133 20.7825 5.4
    endloop
  endfacet
  facet normal -0 0 1
    outer loop
      vertex 38.0171 22.2611 5.4
      vertex 39.2068 22.1044 5.4
      vertex 38.0681 22.5176 5.4
    endloop
  endfacet
  facet normal 0 0 1
    outer loop
      vertex 39.2609 21.6939 5.4
      vertex 38.1522 21.2346 5.4
      vertex 38.268 21 5.4
    endloop
  endfacet
  facet normal 0 0 1
    outer loop
      vertex 39.2068 22.1044 5.4
      vertex 38.0171 22.2611 5.4
      vertex 39.2 22 5.4
    endloop
  endfacet
  facet normal 0 0 1
    outer loop
      vertex 39.2273 21.7929 5.4
      vertex 38.0681 21.4824 5.4
      vertex 38.1522 21.2346 5.4
    endloop
  endfacet
  facet normal 0 0 1
    outer loop
      vertex 38 22 5.4
      vertex 39.2 22 5.4
      vertex 38.0171 22.2611 5.4
    endloop
  endfacet
  facet normal 0 0 1
    outer loop
      vertex 39.2068 21.8956 5.4
      vertex 38.0171 21.7389 5.4
      vertex 38.0681 21.4824 5.4
    endloop
  endfacet
  facet normal 0 0 1
    outer loop
      vertex 39.2 22 5.4
      vertex 38 22 5.4
      vertex 38.0171 21.7389 5.4
    endloop
  endfacet
  facet normal 0.997862 -0.0653521 0
    outer loop
      vertex 41.9829 21.7389 5.4
      vertex 42 22 2.4
      vertex 42 22 5.4
    endloop
  endfacet
  facet normal 0.997862 -0.0653521 0
    outer loop
      vertex 42 22 2.4
      vertex 41.9829 21.7389 5.4
      vertex 41.9829 21.7389 2.4
    endloop
  endfacet
  facet normal 0.831344 0.555758 0
    outer loop
      vertex 41.7321 23 5.4
      vertex 41.5867 23.2175 2.4
      vertex 41.5867 23.2175 5.4
    endloop
  endfacet
  facet normal 0.831344 0.555758 0
    outer loop
      vertex 41.5867 23.2175 2.4
      vertex 41.7321 23 5.4
      vertex 41.7321 23 2.4
    endloop
  endfacet
  facet normal 0.555494 0.831521 -0
    outer loop
      vertex 41.2175 23.5867 2.4
      vertex 41 23.732 5.4
      vertex 41.2175 23.5867 5.4
    endloop
  endfacet
  facet normal 0.555494 0.831521 0
    outer loop
      vertex 41 23.732 5.4
      vertex 41.2175 23.5867 2.4
      vertex 41 23.732 2.4
    endloop
  endfacet
  facet normal 0.195013 0.980801 -0
    outer loop
      vertex 40.5176 23.9319 2.4
      vertex 40.2611 23.9829 5.4
      vertex 40.5176 23.9319 5.4
    endloop
  endfacet
  facet normal 0.195013 0.980801 0
    outer loop
      vertex 40.2611 23.9829 5.4
      vertex 40.5176 23.9319 2.4
      vertex 40.2611 23.9829 2.4
    endloop
  endfacet
  facet normal 0.659343 0.751842 -0
    outer loop
      vertex 41.4142 23.4142 2.4
      vertex 41.2175 23.5867 5.4
      vertex 41.4142 23.4142 5.4
    endloop
  endfacet
  facet normal 0.659343 0.751842 0
    outer loop
      vertex 41.2175 23.5867 5.4
      vertex 41.4142 23.4142 2.4
      vertex 41.2175 23.5867 2.4
    endloop
  endfacet
  facet normal -0.997862 0.0653521 0
    outer loop
      vertex 38 22 2.4
      vertex 38.0171 22.2611 5.4
      vertex 38.0171 22.2611 2.4
    endloop
  endfacet
  facet normal -0.997862 0.0653521 0
    outer loop
      vertex 38.0171 22.2611 5.4
      vertex 38 22 2.4
      vertex 38 22 5.4
    endloop
  endfacet
  facet normal -0.195013 -0.980801 0
    outer loop
      vertex 39.4824 20.0681 2.4
      vertex 39.7389 20.0171 5.4
      vertex 39.4824 20.0681 5.4
    endloop
  endfacet
  facet normal -0.195013 -0.980801 -0
    outer loop
      vertex 39.7389 20.0171 5.4
      vertex 39.4824 20.0681 2.4
      vertex 39.7389 20.0171 2.4
    endloop
  endfacet
  facet normal -0.831521 -0.555494 0
    outer loop
      vertex 38.4133 20.7825 2.4
      vertex 38.268 21 5.4
      vertex 38.268 21 2.4
    endloop
  endfacet
  facet normal -0.831521 -0.555494 0
    outer loop
      vertex 38.268 21 5.4
      vertex 38.4133 20.7825 2.4
      vertex 38.4133 20.7825 5.4
    endloop
  endfacet
  facet normal -0.321382 -0.94695 0
    outer loop
      vertex 39.2346 20.1522 2.4
      vertex 39.4824 20.0681 5.4
      vertex 39.2346 20.1522 5.4
    endloop
  endfacet
  facet normal -0.321382 -0.94695 -0
    outer loop
      vertex 39.4824 20.0681 5.4
      vertex 39.2346 20.1522 2.4
      vertex 39.4824 20.0681 2.4
    endloop
  endfacet
  facet normal -0.751842 -0.659343 0
    outer loop
      vertex 38.5858 20.5858 2.4
      vertex 38.4133 20.7825 5.4
      vertex 38.4133 20.7825 2.4
    endloop
  endfacet
  facet normal -0.751842 -0.659343 0
    outer loop
      vertex 38.4133 20.7825 5.4
      vertex 38.5858 20.5858 2.4
      vertex 38.5858 20.5858 5.4
    endloop
  endfacet
  facet normal -0.555758 -0.831344 0
    outer loop
      vertex 38.7825 20.4133 2.4
      vertex 39 20.2679 5.4
      vertex 38.7825 20.4133 5.4
    endloop
  endfacet
  facet normal -0.555758 -0.831344 -0
    outer loop
      vertex 39 20.2679 5.4
      vertex 38.7825 20.4133 2.4
      vertex 39 20.2679 2.4
    endloop
  endfacet
  facet normal 0.442314 -0.89686 0
    outer loop
      vertex 40.7654 20.1522 2.4
      vertex 41 20.2679 5.4
      vertex 40.7654 20.1522 5.4
    endloop
  endfacet
  facet normal 0.442314 -0.89686 0
    outer loop
      vertex 41 20.2679 5.4
      vertex 40.7654 20.1522 2.4
      vertex 41 20.2679 2.4
    endloop
  endfacet
  facet normal 0.321382 -0.94695 0
    outer loop
      vertex 40.5176 20.0681 2.4
      vertex 40.7654 20.1522 5.4
      vertex 40.5176 20.0681 5.4
    endloop
  endfacet
  facet normal 0.321382 -0.94695 0
    outer loop
      vertex 40.7654 20.1522 5.4
      vertex 40.5176 20.0681 2.4
      vertex 40.7654 20.1522 2.4
    endloop
  endfacet
  facet normal 0.980801 -0.195013 0
    outer loop
      vertex 41.9319 21.4824 5.4
      vertex 41.9829 21.7389 2.4
      vertex 41.9829 21.7389 5.4
    endloop
  endfacet
  facet normal 0.980801 -0.195013 0
    outer loop
      vertex 41.9829 21.7389 2.4
      vertex 41.9319 21.4824 5.4
      vertex 41.9319 21.4824 2.4
    endloop
  endfacet
  facet normal -0.980801 0.195013 0
    outer loop
      vertex 38.0171 22.2611 2.4
      vertex 38.0681 22.5176 5.4
      vertex 38.0681 22.5176 2.4
    endloop
  endfacet
  facet normal -0.980801 0.195013 0
    outer loop
      vertex 38.0681 22.5176 5.4
      vertex 38.0171 22.2611 2.4
      vertex 38.0171 22.2611 5.4
    endloop
  endfacet
  facet normal -0.896709 0.442621 0
    outer loop
      vertex 38.1522 22.7654 2.4
      vertex 38.268 23 5.4
      vertex 38.268 23 2.4
    endloop
  endfacet
  facet normal -0.896709 0.442621 0
    outer loop
      vertex 38.268 23 5.4
      vertex 38.1522 22.7654 2.4
      vertex 38.1522 22.7654 5.4
    endloop
  endfacet
  facet normal -0.659343 0.751842 0
    outer loop
      vertex 38.7825 23.5867 2.4
      vertex 38.5858 23.4142 5.4
      vertex 38.7825 23.5867 5.4
    endloop
  endfacet
  facet normal -0.659343 0.751842 0
    outer loop
      vertex 38.5858 23.4142 5.4
      vertex 38.7825 23.5867 2.4
      vertex 38.5858 23.4142 2.4
    endloop
  endfacet
  facet normal -0.321382 0.94695 0
    outer loop
      vertex 39.4824 23.9319 2.4
      vertex 39.2346 23.8478 5.4
      vertex 39.4824 23.9319 5.4
    endloop
  endfacet
  facet normal -0.321382 0.94695 0
    outer loop
      vertex 39.2346 23.8478 5.4
      vertex 39.4824 23.9319 2.4
      vertex 39.2346 23.8478 2.4
    endloop
  endfacet
  facet normal -0.195013 0.980801 0
    outer loop
      vertex 39.7389 23.9829 2.4
      vertex 39.4824 23.9319 5.4
      vertex 39.7389 23.9829 5.4
    endloop
  endfacet
  facet normal -0.195013 0.980801 0
    outer loop
      vertex 39.4824 23.9319 5.4
      vertex 39.7389 23.9829 2.4
      vertex 39.4824 23.9319 2.4
    endloop
  endfacet
  facet normal 0.751842 0.659343 0
    outer loop
      vertex 41.5867 23.2175 5.4
      vertex 41.4142 23.4142 2.4
      vertex 41.4142 23.4142 5.4
    endloop
  endfacet
  facet normal 0.751842 0.659343 0
    outer loop
      vertex 41.4142 23.4142 2.4
      vertex 41.5867 23.2175 5.4
      vertex 41.5867 23.2175 2.4
    endloop
  endfacet
  facet normal -0.997862 -0.0653521 0
    outer loop
      vertex 38.0171 21.7389 2.4
      vertex 38 22 5.4
      vertex 38 22 2.4
    endloop
  endfacet
  facet normal -0.997862 -0.0653521 0
    outer loop
      vertex 38 22 5.4
      vertex 38.0171 21.7389 2.4
      vertex 38.0171 21.7389 5.4
    endloop
  endfacet
  facet normal -0.980801 -0.195013 0
    outer loop
      vertex 38.0681 21.4824 2.4
      vertex 38.0171 21.7389 5.4
      vertex 38.0171 21.7389 2.4
    endloop
  endfacet
  facet normal -0.980801 -0.195013 0
    outer loop
      vertex 38.0171 21.7389 5.4
      vertex 38.0681 21.4824 2.4
      vertex 38.0681 21.4824 5.4
    endloop
  endfacet
  facet normal -0.659343 -0.751842 0
    outer loop
      vertex 38.5858 20.5858 2.4
      vertex 38.7825 20.4133 5.4
      vertex 38.5858 20.5858 5.4
    endloop
  endfacet
  facet normal -0.659343 -0.751842 -0
    outer loop
      vertex 38.7825 20.4133 5.4
      vertex 38.5858 20.5858 2.4
      vertex 38.7825 20.4133 2.4
    endloop
  endfacet
  facet normal -0.94695 -0.321382 0
    outer loop
      vertex 38.1522 21.2346 2.4
      vertex 38.0681 21.4824 5.4
      vertex 38.0681 21.4824 2.4
    endloop
  endfacet
  facet normal -0.94695 -0.321382 0
    outer loop
      vertex 38.0681 21.4824 5.4
      vertex 38.1522 21.2346 2.4
      vertex 38.1522 21.2346 5.4
    endloop
  endfacet
  facet normal -0.896709 -0.442621 0
    outer loop
      vertex 38.268 21 2.4
      vertex 38.1522 21.2346 5.4
      vertex 38.1522 21.2346 2.4
    endloop
  endfacet
  facet normal -0.896709 -0.442621 0
    outer loop
      vertex 38.1522 21.2346 5.4
      vertex 38.268 21 2.4
      vertex 38.268 21 5.4
    endloop
  endfacet
  facet normal 0.0653521 -0.997862 0
    outer loop
      vertex 40 20 2.4
      vertex 40.2611 20.0171 5.4
      vertex 40 20 5.4
    endloop
  endfacet
  facet normal 0.0653521 -0.997862 0
    outer loop
      vertex 40.2611 20.0171 5.4
      vertex 40 20 2.4
      vertex 40.2611 20.0171 2.4
    endloop
  endfacet
  facet normal -0.0653521 -0.997862 0
    outer loop
      vertex 39.7389 20.0171 2.4
      vertex 40 20 5.4
      vertex 39.7389 20.0171 5.4
    endloop
  endfacet
  facet normal -0.0653521 -0.997862 -0
    outer loop
      vertex 40 20 5.4
      vertex 39.7389 20.0171 2.4
      vertex 40 20 2.4
    endloop
  endfacet
  facet normal 0.555758 -0.831344 0
    outer loop
      vertex 41 20.2679 2.4
      vertex 41.2175 20.4133 5.4
      vertex 41 20.2679 5.4
    endloop
  endfacet
  facet normal 0.555758 -0.831344 0
    outer loop
      vertex 41.2175 20.4133 5.4
      vertex 41 20.2679 2.4
      vertex 41.2175 20.4133 2.4
    endloop
  endfacet
  facet normal 0.94695 -0.321382 0
    outer loop
      vertex 41.8478 21.2346 5.4
      vertex 41.9319 21.4824 2.4
      vertex 41.9319 21.4824 5.4
    endloop
  endfacet
  facet normal 0.94695 -0.321382 0
    outer loop
      vertex 41.9319 21.4824 2.4
      vertex 41.8478 21.2346 5.4
      vertex 41.8478 21.2346 2.4
    endloop
  endfacet
  facet normal 0.89686 -0.442314 0
    outer loop
      vertex 41.7321 21 5.4
      vertex 41.8478 21.2346 2.4
      vertex 41.8478 21.2346 5.4
    endloop
  endfacet
  facet normal 0.89686 -0.442314 0
    outer loop
      vertex 41.8478 21.2346 2.4
      vertex 41.7321 21 5.4
      vertex 41.7321 21 2.4
    endloop
  endfacet
  facet normal 0.751842 -0.659343 0
    outer loop
      vertex 41.4142 20.5858 5.4
      vertex 41.5867 20.7825 2.4
      vertex 41.5867 20.7825 5.4
    endloop
  endfacet
  facet normal 0.751842 -0.659343 0
    outer loop
      vertex 41.5867 20.7825 2.4
      vertex 41.4142 20.5858 5.4
      vertex 41.4142 20.5858 2.4
    endloop
  endfacet
  facet normal 0.659343 -0.751842 0
    outer loop
      vertex 41.2175 20.4133 2.4
      vertex 41.4142 20.5858 5.4
      vertex 41.2175 20.4133 5.4
    endloop
  endfacet
  facet normal 0.659343 -0.751842 0
    outer loop
      vertex 41.4142 20.5858 5.4
      vertex 41.2175 20.4133 2.4
      vertex 41.4142 20.5858 2.4
    endloop
  endfacet
  facet normal 0.997862 0.0653521 0
    outer loop
      vertex 42 22 5.4
      vertex 41.9829 22.2611 2.4
      vertex 41.9829 22.2611 5.4
    endloop
  endfacet
  facet normal 0.997862 0.0653521 0
    outer loop
      vertex 41.9829 22.2611 2.4
      vertex 42 22 5.4
      vertex 42 22 2.4
    endloop
  endfacet
  facet normal 0.89686 0.442314 0
    outer loop
      vertex 41.8478 22.7654 5.4
      vertex 41.7321 23 2.4
      vertex 41.7321 23 5.4
    endloop
  endfacet
  facet normal 0.89686 0.442314 0
    outer loop
      vertex 41.7321 23 2.4
      vertex 41.8478 22.7654 5.4
      vertex 41.8478 22.7654 2.4
    endloop
  endfacet
  facet normal 0.321382 0.94695 -0
    outer loop
      vertex 40.7654 23.8478 2.4
      vertex 40.5176 23.9319 5.4
      vertex 40.7654 23.8478 5.4
    endloop
  endfacet
  facet normal 0.321382 0.94695 0
    outer loop
      vertex 40.5176 23.9319 5.4
      vertex 40.7654 23.8478 2.4
      vertex 40.5176 23.9319 2.4
    endloop
  endfacet
  facet normal -0.442314 -0.89686 0
    outer loop
      vertex 39 20.2679 2.4
      vertex 39.2346 20.1522 5.4
      vertex 39 20.2679 5.4
    endloop
  endfacet
  facet normal -0.442314 -0.89686 -0
    outer loop
      vertex 39.2346 20.1522 5.4
      vertex 39 20.2679 2.4
      vertex 39.2346 20.1522 2.4
    endloop
  endfacet
  facet normal -0.555494 0.831521 0
    outer loop
      vertex 11 23.732 2.4
      vertex 10.7825 23.5867 5.4
      vertex 11 23.732 5.4
    endloop
  endfacet
  facet normal -0.555494 0.831521 0
    outer loop
      vertex 10.7825 23.5867 5.4
      vertex 11 23.732 2.4
      vertex 10.7825 23.5867 2.4
    endloop
  endfacet
  facet normal 0.195013 -0.980801 0
    outer loop
      vertex 12.2611 20.0171 2.4
      vertex 12.5176 20.0681 5.4
      vertex 12.2611 20.0171 5.4
    endloop
  endfacet
  facet normal 0.195013 -0.980801 0
    outer loop
      vertex 12.5176 20.0681 5.4
      vertex 12.2611 20.0171 2.4
      vertex 12.5176 20.0681 2.4
    endloop
  endfacet
  facet normal 0.442621 0.896709 -0
    outer loop
      vertex 13 23.732 2.4
      vertex 12.7654 23.8478 5.4
      vertex 13 23.732 5.4
    endloop
  endfacet
  facet normal 0.442621 0.896709 0
    outer loop
      vertex 12.7654 23.8478 5.4
      vertex 13 23.732 2.4
      vertex 12.7654 23.8478 2.4
    endloop
  endfacet
  facet normal 0.94695 0.321382 0
    outer loop
      vertex 13.9319 22.5176 5.4
      vertex 13.8478 22.7654 2.4
      vertex 13.8478 22.7654 5.4
    endloop
  endfacet
  facet normal 0.94695 0.321382 0
    outer loop
      vertex 13.8478 22.7654 2.4
      vertex 13.9319 22.5176 5.4
      vertex 13.9319 22.5176 2.4
    endloop
  endfacet
  facet normal 0.89686 -0.442314 0
    outer loop
      vertex 13.7321 21 5.4
      vertex 13.8478 21.2346 2.4
      vertex 13.8478 21.2346 5.4
    endloop
  endfacet
  facet normal 0.89686 -0.442314 0
    outer loop
      vertex 13.8478 21.2346 2.4
      vertex 13.7321 21 5.4
      vertex 13.7321 21 2.4
    endloop
  endfacet
  facet normal -0.896709 0.442621 0
    outer loop
      vertex 10.1522 22.7654 2.4
      vertex 10.268 23 5.4
      vertex 10.268 23 2.4
    endloop
  endfacet
  facet normal -0.896709 0.442621 0
    outer loop
      vertex 10.268 23 5.4
      vertex 10.1522 22.7654 2.4
      vertex 10.1522 22.7654 5.4
    endloop
  endfacet
  facet normal -0.980801 0.195013 0
    outer loop
      vertex 10.0171 22.2611 2.4
      vertex 10.0681 22.5176 5.4
      vertex 10.0681 22.5176 2.4
    endloop
  endfacet
  facet normal -0.980801 0.195013 0
    outer loop
      vertex 10.0681 22.5176 5.4
      vertex 10.0171 22.2611 2.4
      vertex 10.0171 22.2611 5.4
    endloop
  endfacet
  facet normal -0.831521 0.555494 0
    outer loop
      vertex 10.268 23 2.4
      vertex 10.4133 23.2175 5.4
      vertex 10.4133 23.2175 2.4
    endloop
  endfacet
  facet normal -0.831521 0.555494 0
    outer loop
      vertex 10.4133 23.2175 5.4
      vertex 10.268 23 2.4
      vertex 10.268 23 5.4
    endloop
  endfacet
  facet normal -0.321382 0.94695 0
    outer loop
      vertex 11.4824 23.9319 2.4
      vertex 11.2346 23.8478 5.4
      vertex 11.4824 23.9319 5.4
    endloop
  endfacet
  facet normal -0.321382 0.94695 0
    outer loop
      vertex 11.2346 23.8478 5.4
      vertex 11.4824 23.9319 2.4
      vertex 11.2346 23.8478 2.4
    endloop
  endfacet
  facet normal 0.0653521 0.997862 -0
    outer loop
      vertex 12.2611 23.9829 2.4
      vertex 12 24 5.4
      vertex 12.2611 23.9829 5.4
    endloop
  endfacet
  facet normal 0.0653521 0.997862 0
    outer loop
      vertex 12 24 5.4
      vertex 12.2611 23.9829 2.4
      vertex 12 24 2.4
    endloop
  endfacet
  facet normal 0 0 1
    outer loop
      vertex 12.8 22 5.4
      vertex 14 22 5.4
      vertex 13.9829 22.2611 5.4
    endloop
  endfacet
  facet normal 0 0 1
    outer loop
      vertex 12.7932 22.1044 5.4
      vertex 13.9829 22.2611 5.4
      vertex 13.9319 22.5176 5.4
    endloop
  endfacet
  facet normal 0 0 1
    outer loop
      vertex 14 22 5.4
      vertex 12.8 22 5.4
      vertex 13.9829 21.7389 5.4
    endloop
  endfacet
  facet normal 0 0 1
    outer loop
      vertex 12.7727 22.2071 5.4
      vertex 13.9319 22.5176 5.4
      vertex 13.8478 22.7654 5.4
    endloop
  endfacet
  facet normal -0 0 1
    outer loop
      vertex 12.7932 21.8956 5.4
      vertex 13.9829 21.7389 5.4
      vertex 12.8 22 5.4
    endloop
  endfacet
  facet normal 0 0 1
    outer loop
      vertex 12.7391 22.3061 5.4
      vertex 13.8478 22.7654 5.4
      vertex 13.7321 23 5.4
    endloop
  endfacet
  facet normal 0 0 1
    outer loop
      vertex 13.9829 21.7389 5.4
      vertex 12.7932 21.8956 5.4
      vertex 13.9319 21.4824 5.4
    endloop
  endfacet
  facet normal 0 0 1
    outer loop
      vertex 12.6928 22.4 5.4
      vertex 13.7321 23 5.4
      vertex 13.5867 23.2175 5.4
    endloop
  endfacet
  facet normal -0 0 1
    outer loop
      vertex 12.7727 21.7929 5.4
      vertex 13.9319 21.4824 5.4
      vertex 12.7932 21.8956 5.4
    endloop
  endfacet
  facet normal 0 0 1
    outer loop
      vertex 12.6347 22.487 5.4
      vertex 13.5867 23.2175 5.4
      vertex 13.4142 23.4142 5.4
    endloop
  endfacet
  facet normal 0 0 1
    outer loop
      vertex 13.9319 21.4824 5.4
      vertex 12.7727 21.7929 5.4
      vertex 13.8478 21.2346 5.4
    endloop
  endfacet
  facet normal 0 0 1
    outer loop
      vertex 12.5657 22.5657 5.4
      vertex 13.4142 23.4142 5.4
      vertex 13.2175 23.5867 5.4
    endloop
  endfacet
  facet normal -0 0 1
    outer loop
      vertex 12.7391 21.6939 5.4
      vertex 13.8478 21.2346 5.4
      vertex 12.7727 21.7929 5.4
    endloop
  endfacet
  facet normal 0 0 1
    outer loop
      vertex 12.487 22.6347 5.4
      vertex 13.2175 23.5867 5.4
      vertex 13 23.732 5.4
    endloop
  endfacet
  facet normal 0 0 1
    outer loop
      vertex 13.8478 21.2346 5.4
      vertex 12.7391 21.6939 5.4
      vertex 13.7321 21 5.4
    endloop
  endfacet
  facet normal -0 0 1
    outer loop
      vertex 12.6928 21.6 5.4
      vertex 13.7321 21 5.4
      vertex 12.7391 21.6939 5.4
    endloop
  endfacet
  facet normal 0 0 1
    outer loop
      vertex 13.9829 22.2611 5.4
      vertex 12.7932 22.1044 5.4
      vertex 12.8 22 5.4
    endloop
  endfacet
  facet normal 0 0 1
    outer loop
      vertex 13.9319 22.5176 5.4
      vertex 12.7727 22.2071 5.4
      vertex 12.7932 22.1044 5.4
    endloop
  endfacet
  facet normal 0 0 1
    outer loop
      vertex 12.4 22.6928 5.4
      vertex 13 23.732 5.4
      vertex 12.7654 23.8478 5.4
    endloop
  endfacet
  facet normal 0 0 1
    outer loop
      vertex 13.8478 22.7654 5.4
      vertex 12.7391 22.3061 5.4
      vertex 12.7727 22.2071 5.4
    endloop
  endfacet
  facet normal 0 0 1
    outer loop
      vertex 13.7321 23 5.4
      vertex 12.6928 22.4 5.4
      vertex 12.7391 22.3061 5.4
    endloop
  endfacet
  facet normal 0 0 1
    outer loop
      vertex 13.5867 23.2175 5.4
      vertex 12.6347 22.487 5.4
      vertex 12.6928 22.4 5.4
    endloop
  endfacet
  facet normal 0 0 1
    outer loop
      vertex 13.4142 23.4142 5.4
      vertex 12.5657 22.5657 5.4
      vertex 12.6347 22.487 5.4
    endloop
  endfacet
  facet normal 0 0 1
    outer loop
      vertex 12.3061 22.7391 5.4
      vertex 12.7654 23.8478 5.4
      vertex 12.5176 23.9319 5.4
    endloop
  endfacet
  facet normal 0 0 1
    outer loop
      vertex 13.2175 23.5867 5.4
      vertex 12.487 22.6347 5.4
      vertex 12.5657 22.5657 5.4
    endloop
  endfacet
  facet normal 0 0 1
    outer loop
      vertex 13 23.732 5.4
      vertex 12.4 22.6928 5.4
      vertex 12.487 22.6347 5.4
    endloop
  endfacet
  facet normal 0 0 1
    outer loop
      vertex 12.7654 23.8478 5.4
      vertex 12.3061 22.7391 5.4
      vertex 12.4 22.6928 5.4
    endloop
  endfacet
  facet normal 0 0 1
    outer loop
      vertex 12.2071 22.7727 5.4
      vertex 12.5176 23.9319 5.4
      vertex 12.2611 23.9829 5.4
    endloop
  endfacet
  facet normal 0 0 1
    outer loop
      vertex 12.5176 23.9319 5.4
      vertex 12.2071 22.7727 5.4
      vertex 12.3061 22.7391 5.4
    endloop
  endfacet
  facet normal 0 0 1
    outer loop
      vertex 12.2611 23.9829 5.4
      vertex 12.1044 22.7932 5.4
      vertex 12.2071 22.7727 5.4
    endloop
  endfacet
  facet normal 0 0 1
    outer loop
      vertex 12 24 5.4
      vertex 12.1044 22.7932 5.4
      vertex 12.2611 23.9829 5.4
    endloop
  endfacet
  facet normal 0 0 1
    outer loop
      vertex 12 24 5.4
      vertex 12 22.8 5.4
      vertex 12.1044 22.7932 5.4
    endloop
  endfacet
  facet normal 0 0 1
    outer loop
      vertex 12 24 5.4
      vertex 11.8956 22.7932 5.4
      vertex 12 22.8 5.4
    endloop
  endfacet
  facet normal -0 0 1
    outer loop
      vertex 11.7389 23.9829 5.4
      vertex 11.8956 22.7932 5.4
      vertex 12 24 5.4
    endloop
  endfacet
  facet normal 0 0 1
    outer loop
      vertex 11.8956 22.7932 5.4
      vertex 11.7389 23.9829 5.4
      vertex 11.7929 22.7727 5.4
    endloop
  endfacet
  facet normal -0 0 1
    outer loop
      vertex 11.4824 23.9319 5.4
      vertex 11.7929 22.7727 5.4
      vertex 11.7389 23.9829 5.4
    endloop
  endfacet
  facet normal 0 0 1
    outer loop
      vertex 11.7929 22.7727 5.4
      vertex 11.4824 23.9319 5.4
      vertex 11.6939 22.7391 5.4
    endloop
  endfacet
  facet normal -0 0 1
    outer loop
      vertex 11.2346 23.8478 5.4
      vertex 11.6939 22.7391 5.4
      vertex 11.4824 23.9319 5.4
    endloop
  endfacet
  facet normal 0 0 1
    outer loop
      vertex 11.6939 22.7391 5.4
      vertex 11.2346 23.8478 5.4
      vertex 11.6 22.6928 5.4
    endloop
  endfacet
  facet normal -0 0 1
    outer loop
      vertex 11 23.732 5.4
      vertex 11.6 22.6928 5.4
      vertex 11.2346 23.8478 5.4
    endloop
  endfacet
  facet normal 0 0 1
    outer loop
      vertex 11.6 22.6928 5.4
      vertex 11 23.732 5.4
      vertex 11.513 22.6347 5.4
    endloop
  endfacet
  facet normal -0 0 1
    outer loop
      vertex 10.7825 23.5867 5.4
      vertex 11.513 22.6347 5.4
      vertex 11 23.732 5.4
    endloop
  endfacet
  facet normal 0 0 1
    outer loop
      vertex 11.513 22.6347 5.4
      vertex 10.7825 23.5867 5.4
      vertex 11.4343 22.5657 5.4
    endloop
  endfacet
  facet normal -0 0 1
    outer loop
      vertex 10.5858 23.4142 5.4
      vertex 11.4343 22.5657 5.4
      vertex 10.7825 23.5867 5.4
    endloop
  endfacet
  facet normal 0 0 1
    outer loop
      vertex 11.4343 22.5657 5.4
      vertex 10.5858 23.4142 5.4
      vertex 11.3653 22.487 5.4
    endloop
  endfacet
  facet normal -0 0 1
    outer loop
      vertex 10.4133 23.2175 5.4
      vertex 11.3653 22.487 5.4
      vertex 10.5858 23.4142 5.4
    endloop
  endfacet
  facet normal 0 0 1
    outer loop
      vertex 11.3653 22.487 5.4
      vertex 10.4133 23.2175 5.4
      vertex 11.3072 22.4 5.4
    endloop
  endfacet
  facet normal -0 0 1
    outer loop
      vertex 10.268 23 5.4
      vertex 11.3072 22.4 5.4
      vertex 10.4133 23.2175 5.4
    endloop
  endfacet
  facet normal 0 0 1
    outer loop
      vertex 13.7321 21 5.4
      vertex 12.6928 21.6 5.4
      vertex 13.5867 20.7825 5.4
    endloop
  endfacet
  facet normal -0 0 1
    outer loop
      vertex 12.6347 21.513 5.4
      vertex 13.5867 20.7825 5.4
      vertex 12.6928 21.6 5.4
    endloop
  endfacet
  facet normal 0 0 1
    outer loop
      vertex 13.5867 20.7825 5.4
      vertex 12.6347 21.513 5.4
      vertex 13.4142 20.5858 5.4
    endloop
  endfacet
  facet normal -0 0 1
    outer loop
      vertex 12.5657 21.4343 5.4
      vertex 13.4142 20.5858 5.4
      vertex 12.6347 21.513 5.4
    endloop
  endfacet
  facet normal 0 0 1
    outer loop
      vertex 13.4142 20.5858 5.4
      vertex 12.5657 21.4343 5.4
      vertex 13.2175 20.4133 5.4
    endloop
  endfacet
  facet normal -0 0 1
    outer loop
      vertex 12.487 21.3653 5.4
      vertex 13.2175 20.4133 5.4
      vertex 12.5657 21.4343 5.4
    endloop
  endfacet
  facet normal 0 0 1
    outer loop
      vertex 13.2175 20.4133 5.4
      vertex 12.487 21.3653 5.4
      vertex 13 20.2679 5.4
    endloop
  endfacet
  facet normal -0 0 1
    outer loop
      vertex 12.4 21.3072 5.4
      vertex 13 20.2679 5.4
      vertex 12.487 21.3653 5.4
    endloop
  endfacet
  facet normal 0 0 1
    outer loop
      vertex 13 20.2679 5.4
      vertex 12.4 21.3072 5.4
      vertex 12.7654 20.1522 5.4
    endloop
  endfacet
  facet normal -0 0 1
    outer loop
      vertex 12.3061 21.2609 5.4
      vertex 12.7654 20.1522 5.4
      vertex 12.4 21.3072 5.4
    endloop
  endfacet
  facet normal 0 0 1
    outer loop
      vertex 12.7654 20.1522 5.4
      vertex 12.3061 21.2609 5.4
      vertex 12.5176 20.0681 5.4
    endloop
  endfacet
  facet normal -0 0 1
    outer loop
      vertex 12.2071 21.2273 5.4
      vertex 12.5176 20.0681 5.4
      vertex 12.3061 21.2609 5.4
    endloop
  endfacet
  facet normal 0 0 1
    outer loop
      vertex 12.5176 20.0681 5.4
      vertex 12.2071 21.2273 5.4
      vertex 12.2611 20.0171 5.4
    endloop
  endfacet
  facet normal -0 0 1
    outer loop
      vertex 12.1044 21.2068 5.4
      vertex 12.2611 20.0171 5.4
      vertex 12.2071 21.2273 5.4
    endloop
  endfacet
  facet normal -0 0 1
    outer loop
      vertex 12 21.2 5.4
      vertex 12.2611 20.0171 5.4
      vertex 12.1044 21.2068 5.4
    endloop
  endfacet
  facet normal 0 0 1
    outer loop
      vertex 12 21.2 5.4
      vertex 12 20 5.4
      vertex 12.2611 20.0171 5.4
    endloop
  endfacet
  facet normal 0 0 1
    outer loop
      vertex 11.8956 21.2068 5.4
      vertex 12 20 5.4
      vertex 12 21.2 5.4
    endloop
  endfacet
  facet normal 0 0 1
    outer loop
      vertex 11.7389 20.0171 5.4
      vertex 11.8956 21.2068 5.4
      vertex 11.7929 21.2273 5.4
    endloop
  endfacet
  facet normal 0 0 1
    outer loop
      vertex 11.8956 21.2068 5.4
      vertex 11.7389 20.0171 5.4
      vertex 12 20 5.4
    endloop
  endfacet
  facet normal 0 0 1
    outer loop
      vertex 11.4824 20.0681 5.4
      vertex 11.7929 21.2273 5.4
      vertex 11.6939 21.2609 5.4
    endloop
  endfacet
  facet normal 0 0 1
    outer loop
      vertex 11.2346 20.1522 5.4
      vertex 11.6939 21.2609 5.4
      vertex 11.6 21.3072 5.4
    endloop
  endfacet
  facet normal 0 0 1
    outer loop
      vertex 11 20.2679 5.4
      vertex 11.6 21.3072 5.4
      vertex 11.513 21.3653 5.4
    endloop
  endfacet
  facet normal 0 0 1
    outer loop
      vertex 11.7929 21.2273 5.4
      vertex 11.4824 20.0681 5.4
      vertex 11.7389 20.0171 5.4
    endloop
  endfacet
  facet normal 0 0 1
    outer loop
      vertex 10.7825 20.4133 5.4
      vertex 11.513 21.3653 5.4
      vertex 11.4343 21.4343 5.4
    endloop
  endfacet
  facet normal 0 0 1
    outer loop
      vertex 10.5858 20.5858 5.4
      vertex 11.4343 21.4343 5.4
      vertex 11.3653 21.513 5.4
    endloop
  endfacet
  facet normal 0 0 1
    outer loop
      vertex 10.4133 20.7825 5.4
      vertex 11.3653 21.513 5.4
      vertex 11.3072 21.6 5.4
    endloop
  endfacet
  facet normal 0 0 1
    outer loop
      vertex 10.268 21 5.4
      vertex 11.3072 21.6 5.4
      vertex 11.2609 21.6939 5.4
    endloop
  endfacet
  facet normal 0 0 1
    outer loop
      vertex 11.6939 21.2609 5.4
      vertex 11.2346 20.1522 5.4
      vertex 11.4824 20.0681 5.4
    endloop
  endfacet
  facet normal 0 0 1
    outer loop
      vertex 10.1522 21.2346 5.4
      vertex 11.2609 21.6939 5.4
      vertex 11.2273 21.7929 5.4
    endloop
  endfacet
  facet normal 0 0 1
    outer loop
      vertex 10.0681 21.4824 5.4
      vertex 11.2273 21.7929 5.4
      vertex 11.2068 21.8956 5.4
    endloop
  endfacet
  facet normal 0 0 1
    outer loop
      vertex 10.0171 21.7389 5.4
      vertex 11.2068 21.8956 5.4
      vertex 11.2 22 5.4
    endloop
  endfacet
  facet normal 0 0 1
    outer loop
      vertex 11.3072 22.4 5.4
      vertex 10.268 23 5.4
      vertex 11.2609 22.3061 5.4
    endloop
  endfacet
  facet normal 0 0 1
    outer loop
      vertex 11.6 21.3072 5.4
      vertex 11 20.2679 5.4
      vertex 11.2346 20.1522 5.4
    endloop
  endfacet
  facet normal -0 0 1
    outer loop
      vertex 10.1522 22.7654 5.4
      vertex 11.2609 22.3061 5.4
      vertex 10.268 23 5.4
    endloop
  endfacet
  facet normal 0 0 1
    outer loop
      vertex 11.513 21.3653 5.4
      vertex 10.7825 20.4133 5.4
      vertex 11 20.2679 5.4
    endloop
  endfacet
  facet normal 0 0 1
    outer loop
      vertex 11.2609 22.3061 5.4
      vertex 10.1522 22.7654 5.4
      vertex 11.2273 22.2071 5.4
    endloop
  endfacet
  facet normal 0 0 1
    outer loop
      vertex 11.4343 21.4343 5.4
      vertex 10.5858 20.5858 5.4
      vertex 10.7825 20.4133 5.4
    endloop
  endfacet
  facet normal -0 0 1
    outer loop
      vertex 10.0681 22.5176 5.4
      vertex 11.2273 22.2071 5.4
      vertex 10.1522 22.7654 5.4
    endloop
  endfacet
  facet normal 0 0 1
    outer loop
      vertex 11.3653 21.513 5.4
      vertex 10.4133 20.7825 5.4
      vertex 10.5858 20.5858 5.4
    endloop
  endfacet
  facet normal 0 0 1
    outer loop
      vertex 11.2273 22.2071 5.4
      vertex 10.0681 22.5176 5.4
      vertex 11.2068 22.1044 5.4
    endloop
  endfacet
  facet normal 0 0 1
    outer loop
      vertex 11.3072 21.6 5.4
      vertex 10.268 21 5.4
      vertex 10.4133 20.7825 5.4
    endloop
  endfacet
  facet normal -0 0 1
    outer loop
      vertex 10.0171 22.2611 5.4
      vertex 11.2068 22.1044 5.4
      vertex 10.0681 22.5176 5.4
    endloop
  endfacet
  facet normal 0 0 1
    outer loop
      vertex 11.2609 21.6939 5.4
      vertex 10.1522 21.2346 5.4
      vertex 10.268 21 5.4
    endloop
  endfacet
  facet normal 0 0 1
    outer loop
      vertex 11.2068 22.1044 5.4
      vertex 10.0171 22.2611 5.4
      vertex 11.2 22 5.4
    endloop
  endfacet
  facet normal 0 0 1
    outer loop
      vertex 11.2273 21.7929 5.4
      vertex 10.0681 21.4824 5.4
      vertex 10.1522 21.2346 5.4
    endloop
  endfacet
  facet normal 0 0 1
    outer loop
      vertex 10 22 5.4
      vertex 11.2 22 5.4
      vertex 10.0171 22.2611 5.4
    endloop
  endfacet
  facet normal 0 0 1
    outer loop
      vertex 11.2068 21.8956 5.4
      vertex 10.0171 21.7389 5.4
      vertex 10.0681 21.4824 5.4
    endloop
  endfacet
  facet normal 0 0 1
    outer loop
      vertex 11.2 22 5.4
      vertex 10 22 5.4
      vertex 10.0171 21.7389 5.4
    endloop
  endfacet
  facet normal 0.997862 0.0653521 0
    outer loop
      vertex 14 22 5.4
      vertex 13.9829 22.2611 2.4
      vertex 13.9829 22.2611 5.4
    endloop
  endfacet
  facet normal 0.997862 0.0653521 0
    outer loop
      vertex 13.9829 22.2611 2.4
      vertex 14 22 5.4
      vertex 14 22 2.4
    endloop
  endfacet
  facet normal 0.831344 0.555758 0
    outer loop
      vertex 13.7321 23 5.4
      vertex 13.5867 23.2175 2.4
      vertex 13.5867 23.2175 5.4
    endloop
  endfacet
  facet normal 0.831344 0.555758 0
    outer loop
      vertex 13.5867 23.2175 2.4
      vertex 13.7321 23 5.4
      vertex 13.7321 23 2.4
    endloop
  endfacet
  facet normal 0.555494 0.831521 -0
    outer loop
      vertex 13.2175 23.5867 2.4
      vertex 13 23.732 5.4
      vertex 13.2175 23.5867 5.4
    endloop
  endfacet
  facet normal 0.555494 0.831521 0
    outer loop
      vertex 13 23.732 5.4
      vertex 13.2175 23.5867 2.4
      vertex 13 23.732 2.4
    endloop
  endfacet
  facet normal 0.195013 0.980801 -0
    outer loop
      vertex 12.5176 23.9319 2.4
      vertex 12.2611 23.9829 5.4
      vertex 12.5176 23.9319 5.4
    endloop
  endfacet
  facet normal 0.195013 0.980801 0
    outer loop
      vertex 12.2611 23.9829 5.4
      vertex 12.5176 23.9319 2.4
      vertex 12.2611 23.9829 2.4
    endloop
  endfacet
  facet normal -0.997862 0.0653521 0
    outer loop
      vertex 10 22 2.4
      vertex 10.0171 22.2611 5.4
      vertex 10.0171 22.2611 2.4
    endloop
  endfacet
  facet normal -0.997862 0.0653521 0
    outer loop
      vertex 10.0171 22.2611 5.4
      vertex 10 22 2.4
      vertex 10 22 5.4
    endloop
  endfacet
  facet normal -0.195013 -0.980801 0
    outer loop
      vertex 11.4824 20.0681 2.4
      vertex 11.7389 20.0171 5.4
      vertex 11.4824 20.0681 5.4
    endloop
  endfacet
  facet normal -0.195013 -0.980801 -0
    outer loop
      vertex 11.7389 20.0171 5.4
      vertex 11.4824 20.0681 2.4
      vertex 11.7389 20.0171 2.4
    endloop
  endfacet
  facet normal -0.442314 -0.89686 0
    outer loop
      vertex 11 20.2679 2.4
      vertex 11.2346 20.1522 5.4
      vertex 11 20.2679 5.4
    endloop
  endfacet
  facet normal -0.442314 -0.89686 -0
    outer loop
      vertex 11.2346 20.1522 5.4
      vertex 11 20.2679 2.4
      vertex 11.2346 20.1522 2.4
    endloop
  endfacet
  facet normal -0.555758 -0.831344 0
    outer loop
      vertex 10.7825 20.4133 2.4
      vertex 11 20.2679 5.4
      vertex 10.7825 20.4133 5.4
    endloop
  endfacet
  facet normal -0.555758 -0.831344 -0
    outer loop
      vertex 11 20.2679 5.4
      vertex 10.7825 20.4133 2.4
      vertex 11 20.2679 2.4
    endloop
  endfacet
  facet normal -0.831521 -0.555494 0
    outer loop
      vertex 10.4133 20.7825 2.4
      vertex 10.268 21 5.4
      vertex 10.268 21 2.4
    endloop
  endfacet
  facet normal -0.831521 -0.555494 0
    outer loop
      vertex 10.268 21 5.4
      vertex 10.4133 20.7825 2.4
      vertex 10.4133 20.7825 5.4
    endloop
  endfacet
  facet normal 0.0653521 -0.997862 0
    outer loop
      vertex 12 20 2.4
      vertex 12.2611 20.0171 5.4
      vertex 12 20 5.4
    endloop
  endfacet
  facet normal 0.0653521 -0.997862 0
    outer loop
      vertex 12.2611 20.0171 5.4
      vertex 12 20 2.4
      vertex 12.2611 20.0171 2.4
    endloop
  endfacet
  facet normal 0.555758 -0.831344 0
    outer loop
      vertex 13 20.2679 2.4
      vertex 13.2175 20.4133 5.4
      vertex 13 20.2679 5.4
    endloop
  endfacet
  facet normal 0.555758 -0.831344 0
    outer loop
      vertex 13.2175 20.4133 5.4
      vertex 13 20.2679 2.4
      vertex 13.2175 20.4133 2.4
    endloop
  endfacet
  facet normal 0.831344 -0.555758 0
    outer loop
      vertex 13.5867 20.7825 5.4
      vertex 13.7321 21 2.4
      vertex 13.7321 21 5.4
    endloop
  endfacet
  facet normal 0.831344 -0.555758 0
    outer loop
      vertex 13.7321 21 2.4
      vertex 13.5867 20.7825 5.4
      vertex 13.5867 20.7825 2.4
    endloop
  endfacet
  facet normal 0.980801 -0.195013 0
    outer loop
      vertex 13.9319 21.4824 5.4
      vertex 13.9829 21.7389 2.4
      vertex 13.9829 21.7389 5.4
    endloop
  endfacet
  facet normal 0.980801 -0.195013 0
    outer loop
      vertex 13.9829 21.7389 2.4
      vertex 13.9319 21.4824 5.4
      vertex 13.9319 21.4824 2.4
    endloop
  endfacet
  facet normal -0.94695 0.321382 0
    outer loop
      vertex 10.0681 22.5176 2.4
      vertex 10.1522 22.7654 5.4
      vertex 10.1522 22.7654 2.4
    endloop
  endfacet
  facet normal -0.94695 0.321382 0
    outer loop
      vertex 10.1522 22.7654 5.4
      vertex 10.0681 22.5176 2.4
      vertex 10.0681 22.5176 5.4
    endloop
  endfacet
  facet normal -0.751842 0.659343 0
    outer loop
      vertex 10.4133 23.2175 2.4
      vertex 10.5858 23.4142 5.4
      vertex 10.5858 23.4142 2.4
    endloop
  endfacet
  facet normal -0.751842 0.659343 0
    outer loop
      vertex 10.5858 23.4142 5.4
      vertex 10.4133 23.2175 2.4
      vertex 10.4133 23.2175 5.4
    endloop
  endfacet
  facet normal -0.659343 0.751842 0
    outer loop
      vertex 10.7825 23.5867 2.4
      vertex 10.5858 23.4142 5.4
      vertex 10.7825 23.5867 5.4
    endloop
  endfacet
  facet normal -0.659343 0.751842 0
    outer loop
      vertex 10.5858 23.4142 5.4
      vertex 10.7825 23.5867 2.4
      vertex 10.5858 23.4142 2.4
    endloop
  endfacet
  facet normal -0.442621 0.896709 0
    outer loop
      vertex 11.2346 23.8478 2.4
      vertex 11 23.732 5.4
      vertex 11.2346 23.8478 5.4
    endloop
  endfacet
  facet normal -0.442621 0.896709 0
    outer loop
      vertex 11 23.732 5.4
      vertex 11.2346 23.8478 2.4
      vertex 11 23.732 2.4
    endloop
  endfacet
  facet normal -0.195013 0.980801 0
    outer loop
      vertex 11.7389 23.9829 2.4
      vertex 11.4824 23.9319 5.4
      vertex 11.7389 23.9829 5.4
    endloop
  endfacet
  facet normal -0.195013 0.980801 0
    outer loop
      vertex 11.4824 23.9319 5.4
      vertex 11.7389 23.9829 2.4
      vertex 11.4824 23.9319 2.4
    endloop
  endfacet
  facet normal -0.0653521 0.997862 0
    outer loop
      vertex 12 24 2.4
      vertex 11.7389 23.9829 5.4
      vertex 12 24 5.4
    endloop
  endfacet
  facet normal -0.0653521 0.997862 0
    outer loop
      vertex 11.7389 23.9829 5.4
      vertex 12 24 2.4
      vertex 11.7389 23.9829 2.4
    endloop
  endfacet
  facet normal 0.980801 0.195013 0
    outer loop
      vertex 13.9829 22.2611 5.4
      vertex 13.9319 22.5176 2.4
      vertex 13.9319 22.5176 5.4
    endloop
  endfacet
  facet normal 0.980801 0.195013 0
    outer loop
      vertex 13.9319 22.5176 2.4
      vertex 13.9829 22.2611 5.4
      vertex 13.9829 22.2611 2.4
    endloop
  endfacet
  facet normal 0.89686 0.442314 0
    outer loop
      vertex 13.8478 22.7654 5.4
      vertex 13.7321 23 2.4
      vertex 13.7321 23 5.4
    endloop
  endfacet
  facet normal 0.89686 0.442314 0
    outer loop
      vertex 13.7321 23 2.4
      vertex 13.8478 22.7654 5.4
      vertex 13.8478 22.7654 2.4
    endloop
  endfacet
  facet normal 0.321382 0.94695 -0
    outer loop
      vertex 12.7654 23.8478 2.4
      vertex 12.5176 23.9319 5.4
      vertex 12.7654 23.8478 5.4
    endloop
  endfacet
  facet normal 0.321382 0.94695 0
    outer loop
      vertex 12.5176 23.9319 5.4
      vertex 12.7654 23.8478 2.4
      vertex 12.5176 23.9319 2.4
    endloop
  endfacet
  facet normal 0.659343 0.751842 -0
    outer loop
      vertex 13.4142 23.4142 2.4
      vertex 13.2175 23.5867 5.4
      vertex 13.4142 23.4142 5.4
    endloop
  endfacet
  facet normal 0.659343 0.751842 0
    outer loop
      vertex 13.2175 23.5867 5.4
      vertex 13.4142 23.4142 2.4
      vertex 13.2175 23.5867 2.4
    endloop
  endfacet
  facet normal 0.751842 0.659343 0
    outer loop
      vertex 13.5867 23.2175 5.4
      vertex 13.4142 23.4142 2.4
      vertex 13.4142 23.4142 5.4
    endloop
  endfacet
  facet normal 0.751842 0.659343 0
    outer loop
      vertex 13.4142 23.4142 2.4
      vertex 13.5867 23.2175 5.4
      vertex 13.5867 23.2175 2.4
    endloop
  endfacet
  facet normal -0.980801 -0.195013 0
    outer loop
      vertex 10.0681 21.4824 2.4
      vertex 10.0171 21.7389 5.4
      vertex 10.0171 21.7389 2.4
    endloop
  endfacet
  facet normal -0.980801 -0.195013 0
    outer loop
      vertex 10.0171 21.7389 5.4
      vertex 10.0681 21.4824 2.4
      vertex 10.0681 21.4824 5.4
    endloop
  endfacet
  facet normal -0.321382 -0.94695 0
    outer loop
      vertex 11.2346 20.1522 2.4
      vertex 11.4824 20.0681 5.4
      vertex 11.2346 20.1522 5.4
    endloop
  endfacet
  facet normal -0.321382 -0.94695 -0
    outer loop
      vertex 11.4824 20.0681 5.4
      vertex 11.2346 20.1522 2.4
      vertex 11.4824 20.0681 2.4
    endloop
  endfacet
  facet normal -0.659343 -0.751842 0
    outer loop
      vertex 10.5858 20.5858 2.4
      vertex 10.7825 20.4133 5.4
      vertex 10.5858 20.5858 5.4
    endloop
  endfacet
  facet normal -0.659343 -0.751842 -0
    outer loop
      vertex 10.7825 20.4133 5.4
      vertex 10.5858 20.5858 2.4
      vertex 10.7825 20.4133 2.4
    endloop
  endfacet
  facet normal -0.94695 -0.321382 0
    outer loop
      vertex 10.1522 21.2346 2.4
      vertex 10.0681 21.4824 5.4
      vertex 10.0681 21.4824 2.4
    endloop
  endfacet
  facet normal -0.94695 -0.321382 0
    outer loop
      vertex 10.0681 21.4824 5.4
      vertex 10.1522 21.2346 2.4
      vertex 10.1522 21.2346 5.4
    endloop
  endfacet
  facet normal -0.0653521 -0.997862 0
    outer loop
      vertex 11.7389 20.0171 2.4
      vertex 12 20 5.4
      vertex 11.7389 20.0171 5.4
    endloop
  endfacet
  facet normal -0.0653521 -0.997862 -0
    outer loop
      vertex 12 20 5.4
      vertex 11.7389 20.0171 2.4
      vertex 12 20 2.4
    endloop
  endfacet
  facet normal 0.321382 -0.94695 0
    outer loop
      vertex 12.5176 20.0681 2.4
      vertex 12.7654 20.1522 5.4
      vertex 12.5176 20.0681 5.4
    endloop
  endfacet
  facet normal 0.321382 -0.94695 0
    outer loop
      vertex 12.7654 20.1522 5.4
      vertex 12.5176 20.0681 2.4
      vertex 12.7654 20.1522 2.4
    endloop
  endfacet
  facet normal 0.94695 -0.321382 0
    outer loop
      vertex 13.8478 21.2346 5.4
      vertex 13.9319 21.4824 2.4
      vertex 13.9319 21.4824 5.4
    endloop
  endfacet
  facet normal 0.94695 -0.321382 0
    outer loop
      vertex 13.9319 21.4824 2.4
      vertex 13.8478 21.2346 5.4
      vertex 13.8478 21.2346 2.4
    endloop
  endfacet
  facet normal 0.751842 -0.659343 0
    outer loop
      vertex 13.4142 20.5858 5.4
      vertex 13.5867 20.7825 2.4
      vertex 13.5867 20.7825 5.4
    endloop
  endfacet
  facet normal 0.751842 -0.659343 0
    outer loop
      vertex 13.5867 20.7825 2.4
      vertex 13.4142 20.5858 5.4
      vertex 13.4142 20.5858 2.4
    endloop
  endfacet
  facet normal 0.659343 -0.751842 0
    outer loop
      vertex 13.2175 20.4133 2.4
      vertex 13.4142 20.5858 5.4
      vertex 13.2175 20.4133 5.4
    endloop
  endfacet
  facet normal 0.659343 -0.751842 0
    outer loop
      vertex 13.4142 20.5858 5.4
      vertex 13.2175 20.4133 2.4
      vertex 13.4142 20.5858 2.4
    endloop
  endfacet
  facet normal 0.997862 -0.0653521 0
    outer loop
      vertex 13.9829 21.7389 5.4
      vertex 14 22 2.4
      vertex 14 22 5.4
    endloop
  endfacet
  facet normal 0.997862 -0.0653521 0
    outer loop
      vertex 14 22 2.4
      vertex 13.9829 21.7389 5.4
      vertex 13.9829 21.7389 2.4
    endloop
  endfacet
  facet normal -0.997862 -0.0653521 0
    outer loop
      vertex 10.0171 21.7389 2.4
      vertex 10 22 5.4
      vertex 10 22 2.4
    endloop
  endfacet
  facet normal -0.997862 -0.0653521 0
    outer loop
      vertex 10 22 5.4
      vertex 10.0171 21.7389 2.4
      vertex 10.0171 21.7389 5.4
    endloop
  endfacet
  facet normal -0.751842 -0.659343 0
    outer loop
      vertex 10.5858 20.5858 2.4
      vertex 10.4133 20.7825 5.4
      vertex 10.4133 20.7825 2.4
    endloop
  endfacet
  facet normal -0.751842 -0.659343 0
    outer loop
      vertex 10.4133 20.7825 5.4
      vertex 10.5858 20.5858 2.4
      vertex 10.5858 20.5858 5.4
    endloop
  endfacet
  facet normal -0.896709 -0.442621 0
    outer loop
      vertex 10.268 21 2.4
      vertex 10.1522 21.2346 5.4
      vertex 10.1522 21.2346 2.4
    endloop
  endfacet
  facet normal -0.896709 -0.442621 0
    outer loop
      vertex 10.1522 21.2346 5.4
      vertex 10.268 21 2.4
      vertex 10.268 21 5.4
    endloop
  endfacet
  facet normal 0.442314 -0.89686 0
    outer loop
      vertex 12.7654 20.1522 2.4
      vertex 13 20.2679 5.4
      vertex 12.7654 20.1522 5.4
    endloop
  endfacet
  facet normal 0.442314 -0.89686 0
    outer loop
      vertex 13 20.2679 5.4
      vertex 12.7654 20.1522 2.4
      vertex 13 20.2679 2.4
    endloop
  endfacet
  facet normal 0.555362 -0.831609 0
    outer loop
      vertex 39.513 22.6347 1.4
      vertex 39.6 22.6928 5.4
      vertex 39.513 22.6347 5.4
    endloop
  endfacet
  facet normal 0.555362 -0.831609 0
    outer loop
      vertex 39.6 22.6928 5.4
      vertex 39.513 22.6347 1.4
      vertex 39.6 22.6928 1.4
    endloop
  endfacet
  facet normal 0.980654 0.195749 0
    outer loop
      vertex 39.2273 21.7929 5.4
      vertex 39.2068 21.8956 1.4
      vertex 39.2068 21.8956 5.4
    endloop
  endfacet
  facet normal 0.980654 0.195749 0
    outer loop
      vertex 39.2068 21.8956 1.4
      vertex 39.2273 21.7929 5.4
      vertex 39.2273 21.7929 1.4
    endloop
  endfacet
  facet normal -0.195749 0.980654 0
    outer loop
      vertex 40.2071 21.2273 1.4
      vertex 40.1044 21.2068 5.4
      vertex 40.2071 21.2273 5.4
    endloop
  endfacet
  facet normal -0.195749 0.980654 0
    outer loop
      vertex 40.1044 21.2068 5.4
      vertex 40.2071 21.2273 1.4
      vertex 40.1044 21.2068 1.4
    endloop
  endfacet
  facet normal -0.44224 -0.896897 0
    outer loop
      vertex 40.3061 22.7391 1.4
      vertex 40.4 22.6928 5.4
      vertex 40.3061 22.7391 5.4
    endloop
  endfacet
  facet normal -0.44224 -0.896897 -0
    outer loop
      vertex 40.4 22.6928 5.4
      vertex 40.3061 22.7391 1.4
      vertex 40.4 22.6928 1.4
    endloop
  endfacet
  facet normal -0.946948 -0.321388 0
    outer loop
      vertex 40.7727 22.2071 1.4
      vertex 40.7391 22.3061 5.4
      vertex 40.7391 22.3061 1.4
    endloop
  endfacet
  facet normal -0.946948 -0.321388 0
    outer loop
      vertex 40.7391 22.3061 5.4
      vertex 40.7727 22.2071 1.4
      vertex 40.7727 22.2071 5.4
    endloop
  endfacet
  facet normal 0.896897 -0.44224 0
    outer loop
      vertex 39.2609 22.3061 5.4
      vertex 39.3072 22.4 1.4
      vertex 39.3072 22.4 5.4
    endloop
  endfacet
  facet normal 0.896897 -0.44224 0
    outer loop
      vertex 39.3072 22.4 1.4
      vertex 39.2609 22.3061 5.4
      vertex 39.2609 22.3061 1.4
    endloop
  endfacet
  facet normal 0.831609 -0.555362 0
    outer loop
      vertex 39.3072 22.4 5.4
      vertex 39.3653 22.487 1.4
      vertex 39.3653 22.487 5.4
    endloop
  endfacet
  facet normal 0.831609 -0.555362 0
    outer loop
      vertex 39.3653 22.487 1.4
      vertex 39.3072 22.4 5.4
      vertex 39.3072 22.4 1.4
    endloop
  endfacet
  facet normal 0.321388 -0.946948 0
    outer loop
      vertex 39.6939 22.7391 1.4
      vertex 39.7929 22.7727 5.4
      vertex 39.6939 22.7391 5.4
    endloop
  endfacet
  facet normal 0.321388 -0.946948 0
    outer loop
      vertex 39.7929 22.7727 5.4
      vertex 39.6939 22.7391 1.4
      vertex 39.7929 22.7727 1.4
    endloop
  endfacet
  facet normal 0.0649964 -0.997886 0
    outer loop
      vertex 39.8956 22.7932 1.4
      vertex 40 22.8 5.4
      vertex 39.8956 22.7932 5.4
    endloop
  endfacet
  facet normal 0.0649964 -0.997886 0
    outer loop
      vertex 40 22.8 5.4
      vertex 39.8956 22.7932 1.4
      vertex 40 22.8 1.4
    endloop
  endfacet
  facet normal -0.997886 -0.0649964 0
    outer loop
      vertex 40.8 22 1.4
      vertex 40.7932 22.1044 5.4
      vertex 40.7932 22.1044 1.4
    endloop
  endfacet
  facet normal -0.997886 -0.0649964 0
    outer loop
      vertex 40.7932 22.1044 5.4
      vertex 40.8 22 1.4
      vertex 40.8 22 5.4
    endloop
  endfacet
  facet normal -0.831609 -0.555362 0
    outer loop
      vertex 40.6928 22.4 1.4
      vertex 40.6347 22.487 5.4
      vertex 40.6347 22.487 1.4
    endloop
  endfacet
  facet normal -0.831609 -0.555362 0
    outer loop
      vertex 40.6347 22.487 5.4
      vertex 40.6928 22.4 1.4
      vertex 40.6928 22.4 5.4
    endloop
  endfacet
  facet normal -0.555362 -0.831609 0
    outer loop
      vertex 40.4 22.6928 1.4
      vertex 40.487 22.6347 5.4
      vertex 40.4 22.6928 5.4
    endloop
  endfacet
  facet normal -0.555362 -0.831609 -0
    outer loop
      vertex 40.487 22.6347 5.4
      vertex 40.4 22.6928 1.4
      vertex 40.487 22.6347 1.4
    endloop
  endfacet
  facet normal -0.321388 -0.946948 0
    outer loop
      vertex 40.2071 22.7727 1.4
      vertex 40.3061 22.7391 5.4
      vertex 40.2071 22.7727 5.4
    endloop
  endfacet
  facet normal -0.321388 -0.946948 -0
    outer loop
      vertex 40.3061 22.7391 5.4
      vertex 40.2071 22.7727 1.4
      vertex 40.3061 22.7391 1.4
    endloop
  endfacet
  facet normal 0.997886 0.0649964 0
    outer loop
      vertex 39.2068 21.8956 5.4
      vertex 39.2 22 1.4
      vertex 39.2 22 5.4
    endloop
  endfacet
  facet normal 0.997886 0.0649964 0
    outer loop
      vertex 39.2 22 1.4
      vertex 39.2068 21.8956 5.4
      vertex 39.2068 21.8956 1.4
    endloop
  endfacet
  facet normal 0.44224 0.896897 -0
    outer loop
      vertex 39.6939 21.2609 1.4
      vertex 39.6 21.3072 5.4
      vertex 39.6939 21.2609 5.4
    endloop
  endfacet
  facet normal 0.44224 0.896897 0
    outer loop
      vertex 39.6 21.3072 5.4
      vertex 39.6939 21.2609 1.4
      vertex 39.6 21.3072 1.4
    endloop
  endfacet
  facet normal 0.555362 0.831609 -0
    outer loop
      vertex 39.6 21.3072 1.4
      vertex 39.513 21.3653 5.4
      vertex 39.6 21.3072 5.4
    endloop
  endfacet
  facet normal 0.555362 0.831609 0
    outer loop
      vertex 39.513 21.3653 5.4
      vertex 39.6 21.3072 1.4
      vertex 39.513 21.3653 1.4
    endloop
  endfacet
  facet normal 0.831609 0.555362 0
    outer loop
      vertex 39.3653 21.513 5.4
      vertex 39.3072 21.6 1.4
      vertex 39.3072 21.6 5.4
    endloop
  endfacet
  facet normal 0.831609 0.555362 0
    outer loop
      vertex 39.3072 21.6 1.4
      vertex 39.3653 21.513 5.4
      vertex 39.3653 21.513 1.4
    endloop
  endfacet
  facet normal -0.0649964 0.997886 0
    outer loop
      vertex 40.1044 21.2068 1.4
      vertex 40 21.2 5.4
      vertex 40.1044 21.2068 5.4
    endloop
  endfacet
  facet normal -0.0649964 0.997886 0
    outer loop
      vertex 40 21.2 5.4
      vertex 40.1044 21.2068 1.4
      vertex 40 21.2 1.4
    endloop
  endfacet
  facet normal -0.555362 0.831609 0
    outer loop
      vertex 40.487 21.3653 1.4
      vertex 40.4 21.3072 5.4
      vertex 40.487 21.3653 5.4
    endloop
  endfacet
  facet normal -0.555362 0.831609 0
    outer loop
      vertex 40.4 21.3072 5.4
      vertex 40.487 21.3653 1.4
      vertex 40.4 21.3072 1.4
    endloop
  endfacet
  facet normal -0.831609 0.555362 0
    outer loop
      vertex 40.6347 21.513 1.4
      vertex 40.6928 21.6 5.4
      vertex 40.6928 21.6 1.4
    endloop
  endfacet
  facet normal -0.831609 0.555362 0
    outer loop
      vertex 40.6928 21.6 5.4
      vertex 40.6347 21.513 1.4
      vertex 40.6347 21.513 5.4
    endloop
  endfacet
  facet normal -0.946948 0.321388 0
    outer loop
      vertex 40.7391 21.6939 1.4
      vertex 40.7727 21.7929 5.4
      vertex 40.7727 21.7929 1.4
    endloop
  endfacet
  facet normal -0.946948 0.321388 0
    outer loop
      vertex 40.7727 21.7929 5.4
      vertex 40.7391 21.6939 1.4
      vertex 40.7391 21.6939 5.4
    endloop
  endfacet
  facet normal 0.980654 -0.195749 0
    outer loop
      vertex 39.2068 22.1044 5.4
      vertex 39.2273 22.2071 1.4
      vertex 39.2273 22.2071 5.4
    endloop
  endfacet
  facet normal 0.980654 -0.195749 0
    outer loop
      vertex 39.2273 22.2071 1.4
      vertex 39.2068 22.1044 5.4
      vertex 39.2068 22.1044 1.4
    endloop
  endfacet
  facet normal 0.946948 -0.321388 0
    outer loop
      vertex 39.2273 22.2071 5.4
      vertex 39.2609 22.3061 1.4
      vertex 39.2609 22.3061 5.4
    endloop
  endfacet
  facet normal 0.946948 -0.321388 0
    outer loop
      vertex 39.2609 22.3061 1.4
      vertex 39.2273 22.2071 5.4
      vertex 39.2273 22.2071 1.4
    endloop
  endfacet
  facet normal 0.751925 -0.659248 0
    outer loop
      vertex 39.3653 22.487 5.4
      vertex 39.4343 22.5657 1.4
      vertex 39.4343 22.5657 5.4
    endloop
  endfacet
  facet normal 0.751925 -0.659248 0
    outer loop
      vertex 39.4343 22.5657 1.4
      vertex 39.3653 22.487 5.4
      vertex 39.3653 22.487 1.4
    endloop
  endfacet
  facet normal 0.659248 -0.751925 0
    outer loop
      vertex 39.4343 22.5657 1.4
      vertex 39.513 22.6347 5.4
      vertex 39.4343 22.5657 5.4
    endloop
  endfacet
  facet normal 0.659248 -0.751925 0
    outer loop
      vertex 39.513 22.6347 5.4
      vertex 39.4343 22.5657 1.4
      vertex 39.513 22.6347 1.4
    endloop
  endfacet
  facet normal 0.44224 -0.896897 0
    outer loop
      vertex 39.6 22.6928 1.4
      vertex 39.6939 22.7391 5.4
      vertex 39.6 22.6928 5.4
    endloop
  endfacet
  facet normal 0.44224 -0.896897 0
    outer loop
      vertex 39.6939 22.7391 5.4
      vertex 39.6 22.6928 1.4
      vertex 39.6939 22.7391 1.4
    endloop
  endfacet
  facet normal -0.0649964 -0.997886 0
    outer loop
      vertex 40 22.8 1.4
      vertex 40.1044 22.7932 5.4
      vertex 40 22.8 5.4
    endloop
  endfacet
  facet normal -0.0649964 -0.997886 -0
    outer loop
      vertex 40.1044 22.7932 5.4
      vertex 40 22.8 1.4
      vertex 40.1044 22.7932 1.4
    endloop
  endfacet
  facet normal 0.195749 -0.980654 0
    outer loop
      vertex 39.7929 22.7727 1.4
      vertex 39.8956 22.7932 5.4
      vertex 39.7929 22.7727 5.4
    endloop
  endfacet
  facet normal 0.195749 -0.980654 0
    outer loop
      vertex 39.8956 22.7932 5.4
      vertex 39.7929 22.7727 1.4
      vertex 39.8956 22.7932 1.4
    endloop
  endfacet
  facet normal -0.997886 0.0649964 0
    outer loop
      vertex 40.7932 21.8956 1.4
      vertex 40.8 22 5.4
      vertex 40.8 22 1.4
    endloop
  endfacet
  facet normal -0.997886 0.0649964 0
    outer loop
      vertex 40.8 22 5.4
      vertex 40.7932 21.8956 1.4
      vertex 40.7932 21.8956 5.4
    endloop
  endfacet
  facet normal -0.980654 -0.195749 0
    outer loop
      vertex 40.7932 22.1044 1.4
      vertex 40.7727 22.2071 5.4
      vertex 40.7727 22.2071 1.4
    endloop
  endfacet
  facet normal -0.980654 -0.195749 0
    outer loop
      vertex 40.7727 22.2071 5.4
      vertex 40.7932 22.1044 1.4
      vertex 40.7932 22.1044 5.4
    endloop
  endfacet
  facet normal -0.896897 -0.44224 0
    outer loop
      vertex 40.7391 22.3061 1.4
      vertex 40.6928 22.4 5.4
      vertex 40.6928 22.4 1.4
    endloop
  endfacet
  facet normal -0.896897 -0.44224 0
    outer loop
      vertex 40.6928 22.4 5.4
      vertex 40.7391 22.3061 1.4
      vertex 40.7391 22.3061 5.4
    endloop
  endfacet
  facet normal -0.195749 -0.980654 0
    outer loop
      vertex 40.1044 22.7932 1.4
      vertex 40.2071 22.7727 5.4
      vertex 40.1044 22.7932 5.4
    endloop
  endfacet
  facet normal -0.195749 -0.980654 -0
    outer loop
      vertex 40.2071 22.7727 5.4
      vertex 40.1044 22.7932 1.4
      vertex 40.2071 22.7727 1.4
    endloop
  endfacet
  facet normal -0.659248 -0.751925 0
    outer loop
      vertex 40.487 22.6347 1.4
      vertex 40.5657 22.5657 5.4
      vertex 40.487 22.6347 5.4
    endloop
  endfacet
  facet normal -0.659248 -0.751925 -0
    outer loop
      vertex 40.5657 22.5657 5.4
      vertex 40.487 22.6347 1.4
      vertex 40.5657 22.5657 1.4
    endloop
  endfacet
  facet normal -0.751925 -0.659248 0
    outer loop
      vertex 40.6347 22.487 1.4
      vertex 40.5657 22.5657 5.4
      vertex 40.5657 22.5657 1.4
    endloop
  endfacet
  facet normal -0.751925 -0.659248 0
    outer loop
      vertex 40.5657 22.5657 5.4
      vertex 40.6347 22.487 1.4
      vertex 40.6347 22.487 5.4
    endloop
  endfacet
  facet normal 0.997886 -0.0649964 0
    outer loop
      vertex 39.2 22 5.4
      vertex 39.2068 22.1044 1.4
      vertex 39.2068 22.1044 5.4
    endloop
  endfacet
  facet normal 0.997886 -0.0649964 0
    outer loop
      vertex 39.2068 22.1044 1.4
      vertex 39.2 22 5.4
      vertex 39.2 22 1.4
    endloop
  endfacet
  facet normal 0.195749 0.980654 -0
    outer loop
      vertex 39.8956 21.2068 1.4
      vertex 39.7929 21.2273 5.4
      vertex 39.8956 21.2068 5.4
    endloop
  endfacet
  facet normal 0.195749 0.980654 0
    outer loop
      vertex 39.7929 21.2273 5.4
      vertex 39.8956 21.2068 1.4
      vertex 39.7929 21.2273 1.4
    endloop
  endfacet
  facet normal 0.321388 0.946948 -0
    outer loop
      vertex 39.7929 21.2273 1.4
      vertex 39.6939 21.2609 5.4
      vertex 39.7929 21.2273 5.4
    endloop
  endfacet
  facet normal 0.321388 0.946948 0
    outer loop
      vertex 39.6939 21.2609 5.4
      vertex 39.7929 21.2273 1.4
      vertex 39.6939 21.2609 1.4
    endloop
  endfacet
  facet normal 0.659248 0.751925 -0
    outer loop
      vertex 39.513 21.3653 1.4
      vertex 39.4343 21.4343 5.4
      vertex 39.513 21.3653 5.4
    endloop
  endfacet
  facet normal 0.659248 0.751925 0
    outer loop
      vertex 39.4343 21.4343 5.4
      vertex 39.513 21.3653 1.4
      vertex 39.4343 21.4343 1.4
    endloop
  endfacet
  facet normal 0.946948 0.321388 0
    outer loop
      vertex 39.2609 21.6939 5.4
      vertex 39.2273 21.7929 1.4
      vertex 39.2273 21.7929 5.4
    endloop
  endfacet
  facet normal 0.946948 0.321388 0
    outer loop
      vertex 39.2273 21.7929 1.4
      vertex 39.2609 21.6939 5.4
      vertex 39.2609 21.6939 1.4
    endloop
  endfacet
  facet normal 0.0649964 0.997886 -0
    outer loop
      vertex 40 21.2 1.4
      vertex 39.8956 21.2068 5.4
      vertex 40 21.2 5.4
    endloop
  endfacet
  facet normal 0.0649964 0.997886 0
    outer loop
      vertex 39.8956 21.2068 5.4
      vertex 40 21.2 1.4
      vertex 39.8956 21.2068 1.4
    endloop
  endfacet
  facet normal -0.321388 0.946948 0
    outer loop
      vertex 40.3061 21.2609 1.4
      vertex 40.2071 21.2273 5.4
      vertex 40.3061 21.2609 5.4
    endloop
  endfacet
  facet normal -0.321388 0.946948 0
    outer loop
      vertex 40.2071 21.2273 5.4
      vertex 40.3061 21.2609 1.4
      vertex 40.2071 21.2273 1.4
    endloop
  endfacet
  facet normal -0.896897 0.44224 0
    outer loop
      vertex 40.6928 21.6 1.4
      vertex 40.7391 21.6939 5.4
      vertex 40.7391 21.6939 1.4
    endloop
  endfacet
  facet normal -0.896897 0.44224 0
    outer loop
      vertex 40.7391 21.6939 5.4
      vertex 40.6928 21.6 1.4
      vertex 40.6928 21.6 5.4
    endloop
  endfacet
  facet normal -0.980654 0.195749 0
    outer loop
      vertex 40.7727 21.7929 1.4
      vertex 40.7932 21.8956 5.4
      vertex 40.7932 21.8956 1.4
    endloop
  endfacet
  facet normal -0.980654 0.195749 0
    outer loop
      vertex 40.7932 21.8956 5.4
      vertex 40.7727 21.7929 1.4
      vertex 40.7727 21.7929 5.4
    endloop
  endfacet
  facet normal -0.751925 0.659248 0
    outer loop
      vertex 40.5657 21.4343 1.4
      vertex 40.6347 21.513 5.4
      vertex 40.6347 21.513 1.4
    endloop
  endfacet
  facet normal -0.751925 0.659248 0
    outer loop
      vertex 40.6347 21.513 5.4
      vertex 40.5657 21.4343 1.4
      vertex 40.5657 21.4343 5.4
    endloop
  endfacet
  facet normal 0 0 1
    outer loop
      vertex 40.7932 22.1044 1.4
      vertex 40.7932 21.8956 1.4
      vertex 40.8 22 1.4
    endloop
  endfacet
  facet normal 0 0 1
    outer loop
      vertex 40.7727 22.2071 1.4
      vertex 40.7932 21.8956 1.4
      vertex 40.7932 22.1044 1.4
    endloop
  endfacet
  facet normal 0 0 1
    outer loop
      vertex 40.7727 22.2071 1.4
      vertex 40.7727 21.7929 1.4
      vertex 40.7932 21.8956 1.4
    endloop
  endfacet
  facet normal 0 0 1
    outer loop
      vertex 40.7391 22.3061 1.4
      vertex 40.7727 21.7929 1.4
      vertex 40.7727 22.2071 1.4
    endloop
  endfacet
  facet normal 0 0 1
    outer loop
      vertex 40.7391 22.3061 1.4
      vertex 40.7391 21.6939 1.4
      vertex 40.7727 21.7929 1.4
    endloop
  endfacet
  facet normal 0 0 1
    outer loop
      vertex 40.6928 22.4 1.4
      vertex 40.7391 21.6939 1.4
      vertex 40.7391 22.3061 1.4
    endloop
  endfacet
  facet normal 0 0 1
    outer loop
      vertex 40.6928 22.4 1.4
      vertex 40.6928 21.6 1.4
      vertex 40.7391 21.6939 1.4
    endloop
  endfacet
  facet normal 0 0 1
    outer loop
      vertex 40.6347 22.487 1.4
      vertex 40.6928 21.6 1.4
      vertex 40.6928 22.4 1.4
    endloop
  endfacet
  facet normal 0 0 1
    outer loop
      vertex 40.6347 22.487 1.4
      vertex 40.6347 21.513 1.4
      vertex 40.6928 21.6 1.4
    endloop
  endfacet
  facet normal 0 0 1
    outer loop
      vertex 40.5657 22.5657 1.4
      vertex 40.6347 21.513 1.4
      vertex 40.6347 22.487 1.4
    endloop
  endfacet
  facet normal 0 0 1
    outer loop
      vertex 40.5657 22.5657 1.4
      vertex 40.5657 21.4343 1.4
      vertex 40.6347 21.513 1.4
    endloop
  endfacet
  facet normal 0 0 1
    outer loop
      vertex 40.487 22.6347 1.4
      vertex 40.5657 21.4343 1.4
      vertex 40.5657 22.5657 1.4
    endloop
  endfacet
  facet normal 0 0 1
    outer loop
      vertex 40.487 22.6347 1.4
      vertex 40.487 21.3653 1.4
      vertex 40.5657 21.4343 1.4
    endloop
  endfacet
  facet normal 0 0 1
    outer loop
      vertex 40.4 22.6928 1.4
      vertex 40.487 21.3653 1.4
      vertex 40.487 22.6347 1.4
    endloop
  endfacet
  facet normal 0 0 1
    outer loop
      vertex 40.4 22.6928 1.4
      vertex 40.4 21.3072 1.4
      vertex 40.487 21.3653 1.4
    endloop
  endfacet
  facet normal 0 0 1
    outer loop
      vertex 40.3061 22.7391 1.4
      vertex 40.4 21.3072 1.4
      vertex 40.4 22.6928 1.4
    endloop
  endfacet
  facet normal 0 0 1
    outer loop
      vertex 40.3061 22.7391 1.4
      vertex 40.3061 21.2609 1.4
      vertex 40.4 21.3072 1.4
    endloop
  endfacet
  facet normal 0 0 1
    outer loop
      vertex 40.2071 22.7727 1.4
      vertex 40.3061 21.2609 1.4
      vertex 40.3061 22.7391 1.4
    endloop
  endfacet
  facet normal 0 0 1
    outer loop
      vertex 40.2071 22.7727 1.4
      vertex 40.2071 21.2273 1.4
      vertex 40.3061 21.2609 1.4
    endloop
  endfacet
  facet normal 0 0 1
    outer loop
      vertex 40.1044 22.7932 1.4
      vertex 40.2071 21.2273 1.4
      vertex 40.2071 22.7727 1.4
    endloop
  endfacet
  facet normal 0 0 1
    outer loop
      vertex 40.1044 22.7932 1.4
      vertex 40.1044 21.2068 1.4
      vertex 40.2071 21.2273 1.4
    endloop
  endfacet
  facet normal 0 0 1
    outer loop
      vertex 40 22.8 1.4
      vertex 40.1044 21.2068 1.4
      vertex 40.1044 22.7932 1.4
    endloop
  endfacet
  facet normal 0 0 1
    outer loop
      vertex 40 22.8 1.4
      vertex 40 21.2 1.4
      vertex 40.1044 21.2068 1.4
    endloop
  endfacet
  facet normal -0 0 1
    outer loop
      vertex 39.8956 22.7932 1.4
      vertex 40 21.2 1.4
      vertex 40 22.8 1.4
    endloop
  endfacet
  facet normal 0 0 1
    outer loop
      vertex 39.8956 22.7932 1.4
      vertex 39.8956 21.2068 1.4
      vertex 40 21.2 1.4
    endloop
  endfacet
  facet normal -0 0 1
    outer loop
      vertex 39.7929 22.7727 1.4
      vertex 39.8956 21.2068 1.4
      vertex 39.8956 22.7932 1.4
    endloop
  endfacet
  facet normal 0 0 1
    outer loop
      vertex 39.7929 22.7727 1.4
      vertex 39.7929 21.2273 1.4
      vertex 39.8956 21.2068 1.4
    endloop
  endfacet
  facet normal -0 0 1
    outer loop
      vertex 39.6939 22.7391 1.4
      vertex 39.7929 21.2273 1.4
      vertex 39.7929 22.7727 1.4
    endloop
  endfacet
  facet normal 0 0 1
    outer loop
      vertex 39.6939 22.7391 1.4
      vertex 39.6939 21.2609 1.4
      vertex 39.7929 21.2273 1.4
    endloop
  endfacet
  facet normal -0 0 1
    outer loop
      vertex 39.6 22.6928 1.4
      vertex 39.6939 21.2609 1.4
      vertex 39.6939 22.7391 1.4
    endloop
  endfacet
  facet normal 0 0 1
    outer loop
      vertex 39.6 22.6928 1.4
      vertex 39.6 21.3072 1.4
      vertex 39.6939 21.2609 1.4
    endloop
  endfacet
  facet normal -0 0 1
    outer loop
      vertex 39.513 22.6347 1.4
      vertex 39.6 21.3072 1.4
      vertex 39.6 22.6928 1.4
    endloop
  endfacet
  facet normal 0 0 1
    outer loop
      vertex 39.513 22.6347 1.4
      vertex 39.513 21.3653 1.4
      vertex 39.6 21.3072 1.4
    endloop
  endfacet
  facet normal -0 0 1
    outer loop
      vertex 39.4343 22.5657 1.4
      vertex 39.513 21.3653 1.4
      vertex 39.513 22.6347 1.4
    endloop
  endfacet
  facet normal 0 0 1
    outer loop
      vertex 39.4343 22.5657 1.4
      vertex 39.4343 21.4343 1.4
      vertex 39.513 21.3653 1.4
    endloop
  endfacet
  facet normal -0 0 1
    outer loop
      vertex 39.3653 22.487 1.4
      vertex 39.4343 21.4343 1.4
      vertex 39.4343 22.5657 1.4
    endloop
  endfacet
  facet normal 0 0 1
    outer loop
      vertex 39.3653 22.487 1.4
      vertex 39.3653 21.513 1.4
      vertex 39.4343 21.4343 1.4
    endloop
  endfacet
  facet normal -0 0 1
    outer loop
      vertex 39.3072 22.4 1.4
      vertex 39.3653 21.513 1.4
      vertex 39.3653 22.487 1.4
    endloop
  endfacet
  facet normal 0 0 1
    outer loop
      vertex 39.3072 22.4 1.4
      vertex 39.3072 21.6 1.4
      vertex 39.3653 21.513 1.4
    endloop
  endfacet
  facet normal -0 0 1
    outer loop
      vertex 39.2609 22.3061 1.4
      vertex 39.3072 21.6 1.4
      vertex 39.3072 22.4 1.4
    endloop
  endfacet
  facet normal 0 0 1
    outer loop
      vertex 39.2609 22.3061 1.4
      vertex 39.2609 21.6939 1.4
      vertex 39.3072 21.6 1.4
    endloop
  endfacet
  facet normal -0 0 1
    outer loop
      vertex 39.2273 22.2071 1.4
      vertex 39.2609 21.6939 1.4
      vertex 39.2609 22.3061 1.4
    endloop
  endfacet
  facet normal 0 0 1
    outer loop
      vertex 39.2273 22.2071 1.4
      vertex 39.2273 21.7929 1.4
      vertex 39.2609 21.6939 1.4
    endloop
  endfacet
  facet normal -0 0 1
    outer loop
      vertex 39.2068 22.1044 1.4
      vertex 39.2273 21.7929 1.4
      vertex 39.2273 22.2071 1.4
    endloop
  endfacet
  facet normal 0 0 1
    outer loop
      vertex 39.2068 22.1044 1.4
      vertex 39.2068 21.8956 1.4
      vertex 39.2273 21.7929 1.4
    endloop
  endfacet
  facet normal 0 -0 1
    outer loop
      vertex 39.2068 21.8956 1.4
      vertex 39.2068 22.1044 1.4
      vertex 39.2 22 1.4
    endloop
  endfacet
  facet normal 0.751925 0.659248 0
    outer loop
      vertex 39.4343 21.4343 5.4
      vertex 39.3653 21.513 1.4
      vertex 39.3653 21.513 5.4
    endloop
  endfacet
  facet normal 0.751925 0.659248 0
    outer loop
      vertex 39.3653 21.513 1.4
      vertex 39.4343 21.4343 5.4
      vertex 39.4343 21.4343 1.4
    endloop
  endfacet
  facet normal 0.896897 0.44224 0
    outer loop
      vertex 39.3072 21.6 5.4
      vertex 39.2609 21.6939 1.4
      vertex 39.2609 21.6939 5.4
    endloop
  endfacet
  facet normal 0.896897 0.44224 0
    outer loop
      vertex 39.2609 21.6939 1.4
      vertex 39.3072 21.6 5.4
      vertex 39.3072 21.6 1.4
    endloop
  endfacet
  facet normal -0.44224 0.896897 0
    outer loop
      vertex 40.4 21.3072 1.4
      vertex 40.3061 21.2609 5.4
      vertex 40.4 21.3072 5.4
    endloop
  endfacet
  facet normal -0.44224 0.896897 0
    outer loop
      vertex 40.3061 21.2609 5.4
      vertex 40.4 21.3072 1.4
      vertex 40.3061 21.2609 1.4
    endloop
  endfacet
  facet normal -0.659248 0.751925 0
    outer loop
      vertex 40.5657 21.4343 1.4
      vertex 40.487 21.3653 5.4
      vertex 40.5657 21.4343 5.4
    endloop
  endfacet
  facet normal -0.659248 0.751925 0
    outer loop
      vertex 40.487 21.3653 5.4
      vertex 40.5657 21.4343 1.4
      vertex 40.487 21.3653 1.4
    endloop
  endfacet
  facet normal 0.555362 -0.831609 0
    outer loop
      vertex 11.513 22.6347 1.4
      vertex 11.6 22.6928 5.4
      vertex 11.513 22.6347 5.4
    endloop
  endfacet
  facet normal 0.555362 -0.831609 0
    outer loop
      vertex 11.6 22.6928 5.4
      vertex 11.513 22.6347 1.4
      vertex 11.6 22.6928 1.4
    endloop
  endfacet
  facet normal -0.980654 -0.195749 0
    outer loop
      vertex 12.7932 22.1044 1.4
      vertex 12.7727 22.2071 5.4
      vertex 12.7727 22.2071 1.4
    endloop
  endfacet
  facet normal -0.980654 -0.195749 0
    outer loop
      vertex 12.7727 22.2071 5.4
      vertex 12.7932 22.1044 1.4
      vertex 12.7932 22.1044 5.4
    endloop
  endfacet
  facet normal 0.980654 0.195749 0
    outer loop
      vertex 11.2273 21.7929 5.4
      vertex 11.2068 21.8956 1.4
      vertex 11.2068 21.8956 5.4
    endloop
  endfacet
  facet normal 0.980654 0.195749 0
    outer loop
      vertex 11.2068 21.8956 1.4
      vertex 11.2273 21.7929 5.4
      vertex 11.2273 21.7929 1.4
    endloop
  endfacet
  facet normal -0.195749 0.980654 0
    outer loop
      vertex 12.2071 21.2273 1.4
      vertex 12.1044 21.2068 5.4
      vertex 12.2071 21.2273 5.4
    endloop
  endfacet
  facet normal -0.195749 0.980654 0
    outer loop
      vertex 12.1044 21.2068 5.4
      vertex 12.2071 21.2273 1.4
      vertex 12.1044 21.2068 1.4
    endloop
  endfacet
  facet normal -0.44224 -0.896897 0
    outer loop
      vertex 12.3061 22.7391 1.4
      vertex 12.4 22.6928 5.4
      vertex 12.3061 22.7391 5.4
    endloop
  endfacet
  facet normal -0.44224 -0.896897 -0
    outer loop
      vertex 12.4 22.6928 5.4
      vertex 12.3061 22.7391 1.4
      vertex 12.4 22.6928 1.4
    endloop
  endfacet
  facet normal -0.946948 -0.321388 0
    outer loop
      vertex 12.7727 22.2071 1.4
      vertex 12.7391 22.3061 5.4
      vertex 12.7391 22.3061 1.4
    endloop
  endfacet
  facet normal -0.946948 -0.321388 0
    outer loop
      vertex 12.7391 22.3061 5.4
      vertex 12.7727 22.2071 1.4
      vertex 12.7727 22.2071 5.4
    endloop
  endfacet
  facet normal 0.896897 -0.44224 0
    outer loop
      vertex 11.2609 22.3061 5.4
      vertex 11.3072 22.4 1.4
      vertex 11.3072 22.4 5.4
    endloop
  endfacet
  facet normal 0.896897 -0.44224 0
    outer loop
      vertex 11.3072 22.4 1.4
      vertex 11.2609 22.3061 5.4
      vertex 11.2609 22.3061 1.4
    endloop
  endfacet
  facet normal 0.831609 -0.555362 0
    outer loop
      vertex 11.3072 22.4 5.4
      vertex 11.3653 22.487 1.4
      vertex 11.3653 22.487 5.4
    endloop
  endfacet
  facet normal 0.831609 -0.555362 0
    outer loop
      vertex 11.3653 22.487 1.4
      vertex 11.3072 22.4 5.4
      vertex 11.3072 22.4 1.4
    endloop
  endfacet
  facet normal 0.321388 -0.946948 0
    outer loop
      vertex 11.6939 22.7391 1.4
      vertex 11.7929 22.7727 5.4
      vertex 11.6939 22.7391 5.4
    endloop
  endfacet
  facet normal 0.321388 -0.946948 0
    outer loop
      vertex 11.7929 22.7727 5.4
      vertex 11.6939 22.7391 1.4
      vertex 11.7929 22.7727 1.4
    endloop
  endfacet
  facet normal 0.0649964 -0.997886 0
    outer loop
      vertex 11.8956 22.7932 1.4
      vertex 12 22.8 5.4
      vertex 11.8956 22.7932 5.4
    endloop
  endfacet
  facet normal 0.0649964 -0.997886 0
    outer loop
      vertex 12 22.8 5.4
      vertex 11.8956 22.7932 1.4
      vertex 12 22.8 1.4
    endloop
  endfacet
  facet normal -0.997886 -0.0649964 0
    outer loop
      vertex 12.8 22 1.4
      vertex 12.7932 22.1044 5.4
      vertex 12.7932 22.1044 1.4
    endloop
  endfacet
  facet normal -0.997886 -0.0649964 0
    outer loop
      vertex 12.7932 22.1044 5.4
      vertex 12.8 22 1.4
      vertex 12.8 22 5.4
    endloop
  endfacet
  facet normal -0.831609 -0.555362 0
    outer loop
      vertex 12.6928 22.4 1.4
      vertex 12.6347 22.487 5.4
      vertex 12.6347 22.487 1.4
    endloop
  endfacet
  facet normal -0.831609 -0.555362 0
    outer loop
      vertex 12.6347 22.487 5.4
      vertex 12.6928 22.4 1.4
      vertex 12.6928 22.4 5.4
    endloop
  endfacet
  facet normal -0.555362 -0.831609 0
    outer loop
      vertex 12.4 22.6928 1.4
      vertex 12.487 22.6347 5.4
      vertex 12.4 22.6928 5.4
    endloop
  endfacet
  facet normal -0.555362 -0.831609 -0
    outer loop
      vertex 12.487 22.6347 5.4
      vertex 12.4 22.6928 1.4
      vertex 12.487 22.6347 1.4
    endloop
  endfacet
  facet normal -0.321388 -0.946948 0
    outer loop
      vertex 12.2071 22.7727 1.4
      vertex 12.3061 22.7391 5.4
      vertex 12.2071 22.7727 5.4
    endloop
  endfacet
  facet normal -0.321388 -0.946948 -0
    outer loop
      vertex 12.3061 22.7391 5.4
      vertex 12.2071 22.7727 1.4
      vertex 12.3061 22.7391 1.4
    endloop
  endfacet
  facet normal 0.997886 0.0649964 0
    outer loop
      vertex 11.2068 21.8956 5.4
      vertex 11.2 22 1.4
      vertex 11.2 22 5.4
    endloop
  endfacet
  facet normal 0.997886 0.0649964 0
    outer loop
      vertex 11.2 22 1.4
      vertex 11.2068 21.8956 5.4
      vertex 11.2068 21.8956 1.4
    endloop
  endfacet
  facet normal 0.44224 0.896897 -0
    outer loop
      vertex 11.6939 21.2609 1.4
      vertex 11.6 21.3072 5.4
      vertex 11.6939 21.2609 5.4
    endloop
  endfacet
  facet normal 0.44224 0.896897 0
    outer loop
      vertex 11.6 21.3072 5.4
      vertex 11.6939 21.2609 1.4
      vertex 11.6 21.3072 1.4
    endloop
  endfacet
  facet normal 0.555362 0.831609 -0
    outer loop
      vertex 11.6 21.3072 1.4
      vertex 11.513 21.3653 5.4
      vertex 11.6 21.3072 5.4
    endloop
  endfacet
  facet normal 0.555362 0.831609 0
    outer loop
      vertex 11.513 21.3653 5.4
      vertex 11.6 21.3072 1.4
      vertex 11.513 21.3653 1.4
    endloop
  endfacet
  facet normal 0.831609 0.555362 0
    outer loop
      vertex 11.3653 21.513 5.4
      vertex 11.3072 21.6 1.4
      vertex 11.3072 21.6 5.4
    endloop
  endfacet
  facet normal 0.831609 0.555362 0
    outer loop
      vertex 11.3072 21.6 1.4
      vertex 11.3653 21.513 5.4
      vertex 11.3653 21.513 1.4
    endloop
  endfacet
  facet normal -0.0649964 0.997886 0
    outer loop
      vertex 12.1044 21.2068 1.4
      vertex 12 21.2 5.4
      vertex 12.1044 21.2068 5.4
    endloop
  endfacet
  facet normal -0.0649964 0.997886 0
    outer loop
      vertex 12 21.2 5.4
      vertex 12.1044 21.2068 1.4
      vertex 12 21.2 1.4
    endloop
  endfacet
  facet normal -0.555362 0.831609 0
    outer loop
      vertex 12.487 21.3653 1.4
      vertex 12.4 21.3072 5.4
      vertex 12.487 21.3653 5.4
    endloop
  endfacet
  facet normal -0.555362 0.831609 0
    outer loop
      vertex 12.4 21.3072 5.4
      vertex 12.487 21.3653 1.4
      vertex 12.4 21.3072 1.4
    endloop
  endfacet
  facet normal -0.831609 0.555362 0
    outer loop
      vertex 12.6347 21.513 1.4
      vertex 12.6928 21.6 5.4
      vertex 12.6928 21.6 1.4
    endloop
  endfacet
  facet normal -0.831609 0.555362 0
    outer loop
      vertex 12.6928 21.6 5.4
      vertex 12.6347 21.513 1.4
      vertex 12.6347 21.513 5.4
    endloop
  endfacet
  facet normal -0.946948 0.321388 0
    outer loop
      vertex 12.7391 21.6939 1.4
      vertex 12.7727 21.7929 5.4
      vertex 12.7727 21.7929 1.4
    endloop
  endfacet
  facet normal -0.946948 0.321388 0
    outer loop
      vertex 12.7727 21.7929 5.4
      vertex 12.7391 21.6939 1.4
      vertex 12.7391 21.6939 5.4
    endloop
  endfacet
  facet normal 0.980654 -0.195749 0
    outer loop
      vertex 11.2068 22.1044 5.4
      vertex 11.2273 22.2071 1.4
      vertex 11.2273 22.2071 5.4
    endloop
  endfacet
  facet normal 0.980654 -0.195749 0
    outer loop
      vertex 11.2273 22.2071 1.4
      vertex 11.2068 22.1044 5.4
      vertex 11.2068 22.1044 1.4
    endloop
  endfacet
  facet normal 0.946948 -0.321388 0
    outer loop
      vertex 11.2273 22.2071 5.4
      vertex 11.2609 22.3061 1.4
      vertex 11.2609 22.3061 5.4
    endloop
  endfacet
  facet normal 0.946948 -0.321388 0
    outer loop
      vertex 11.2609 22.3061 1.4
      vertex 11.2273 22.2071 5.4
      vertex 11.2273 22.2071 1.4
    endloop
  endfacet
  facet normal 0.751925 -0.659248 0
    outer loop
      vertex 11.3653 22.487 5.4
      vertex 11.4343 22.5657 1.4
      vertex 11.4343 22.5657 5.4
    endloop
  endfacet
  facet normal 0.751925 -0.659248 0
    outer loop
      vertex 11.4343 22.5657 1.4
      vertex 11.3653 22.487 5.4
      vertex 11.3653 22.487 1.4
    endloop
  endfacet
  facet normal 0.659248 -0.751925 0
    outer loop
      vertex 11.4343 22.5657 1.4
      vertex 11.513 22.6347 5.4
      vertex 11.4343 22.5657 5.4
    endloop
  endfacet
  facet normal 0.659248 -0.751925 0
    outer loop
      vertex 11.513 22.6347 5.4
      vertex 11.4343 22.5657 1.4
      vertex 11.513 22.6347 1.4
    endloop
  endfacet
  facet normal 0.44224 -0.896897 0
    outer loop
      vertex 11.6 22.6928 1.4
      vertex 11.6939 22.7391 5.4
      vertex 11.6 22.6928 5.4
    endloop
  endfacet
  facet normal 0.44224 -0.896897 0
    outer loop
      vertex 11.6939 22.7391 5.4
      vertex 11.6 22.6928 1.4
      vertex 11.6939 22.7391 1.4
    endloop
  endfacet
  facet normal -0.0649964 -0.997886 0
    outer loop
      vertex 12 22.8 1.4
      vertex 12.1044 22.7932 5.4
      vertex 12 22.8 5.4
    endloop
  endfacet
  facet normal -0.0649964 -0.997886 -0
    outer loop
      vertex 12.1044 22.7932 5.4
      vertex 12 22.8 1.4
      vertex 12.1044 22.7932 1.4
    endloop
  endfacet
  facet normal 0.195749 -0.980654 0
    outer loop
      vertex 11.7929 22.7727 1.4
      vertex 11.8956 22.7932 5.4
      vertex 11.7929 22.7727 5.4
    endloop
  endfacet
  facet normal 0.195749 -0.980654 0
    outer loop
      vertex 11.8956 22.7932 5.4
      vertex 11.7929 22.7727 1.4
      vertex 11.8956 22.7932 1.4
    endloop
  endfacet
  facet normal -0.997886 0.0649964 0
    outer loop
      vertex 12.7932 21.8956 1.4
      vertex 12.8 22 5.4
      vertex 12.8 22 1.4
    endloop
  endfacet
  facet normal -0.997886 0.0649964 0
    outer loop
      vertex 12.8 22 5.4
      vertex 12.7932 21.8956 1.4
      vertex 12.7932 21.8956 5.4
    endloop
  endfacet
  facet normal -0.896897 -0.44224 0
    outer loop
      vertex 12.7391 22.3061 1.4
      vertex 12.6928 22.4 5.4
      vertex 12.6928 22.4 1.4
    endloop
  endfacet
  facet normal -0.896897 -0.44224 0
    outer loop
      vertex 12.6928 22.4 5.4
      vertex 12.7391 22.3061 1.4
      vertex 12.7391 22.3061 5.4
    endloop
  endfacet
  facet normal -0.195749 -0.980654 0
    outer loop
      vertex 12.1044 22.7932 1.4
      vertex 12.2071 22.7727 5.4
      vertex 12.1044 22.7932 5.4
    endloop
  endfacet
  facet normal -0.195749 -0.980654 -0
    outer loop
      vertex 12.2071 22.7727 5.4
      vertex 12.1044 22.7932 1.4
      vertex 12.2071 22.7727 1.4
    endloop
  endfacet
  facet normal -0.659248 -0.751925 0
    outer loop
      vertex 12.487 22.6347 1.4
      vertex 12.5657 22.5657 5.4
      vertex 12.487 22.6347 5.4
    endloop
  endfacet
  facet normal -0.659248 -0.751925 -0
    outer loop
      vertex 12.5657 22.5657 5.4
      vertex 12.487 22.6347 1.4
      vertex 12.5657 22.5657 1.4
    endloop
  endfacet
  facet normal -0.751925 -0.659248 0
    outer loop
      vertex 12.6347 22.487 1.4
      vertex 12.5657 22.5657 5.4
      vertex 12.5657 22.5657 1.4
    endloop
  endfacet
  facet normal -0.751925 -0.659248 0
    outer loop
      vertex 12.5657 22.5657 5.4
      vertex 12.6347 22.487 1.4
      vertex 12.6347 22.487 5.4
    endloop
  endfacet
  facet normal 0.997886 -0.0649964 0
    outer loop
      vertex 11.2 22 5.4
      vertex 11.2068 22.1044 1.4
      vertex 11.2068 22.1044 5.4
    endloop
  endfacet
  facet normal 0.997886 -0.0649964 0
    outer loop
      vertex 11.2068 22.1044 1.4
      vertex 11.2 22 5.4
      vertex 11.2 22 1.4
    endloop
  endfacet
  facet normal 0.195749 0.980654 -0
    outer loop
      vertex 11.8956 21.2068 1.4
      vertex 11.7929 21.2273 5.4
      vertex 11.8956 21.2068 5.4
    endloop
  endfacet
  facet normal 0.195749 0.980654 0
    outer loop
      vertex 11.7929 21.2273 5.4
      vertex 11.8956 21.2068 1.4
      vertex 11.7929 21.2273 1.4
    endloop
  endfacet
  facet normal 0.321388 0.946948 -0
    outer loop
      vertex 11.7929 21.2273 1.4
      vertex 11.6939 21.2609 5.4
      vertex 11.7929 21.2273 5.4
    endloop
  endfacet
  facet normal 0.321388 0.946948 0
    outer loop
      vertex 11.6939 21.2609 5.4
      vertex 11.7929 21.2273 1.4
      vertex 11.6939 21.2609 1.4
    endloop
  endfacet
  facet normal 0.659248 0.751925 -0
    outer loop
      vertex 11.513 21.3653 1.4
      vertex 11.4343 21.4343 5.4
      vertex 11.513 21.3653 5.4
    endloop
  endfacet
  facet normal 0.659248 0.751925 0
    outer loop
      vertex 11.4343 21.4343 5.4
      vertex 11.513 21.3653 1.4
      vertex 11.4343 21.4343 1.4
    endloop
  endfacet
  facet normal 0.946948 0.321388 0
    outer loop
      vertex 11.2609 21.6939 5.4
      vertex 11.2273 21.7929 1.4
      vertex 11.2273 21.7929 5.4
    endloop
  endfacet
  facet normal 0.946948 0.321388 0
    outer loop
      vertex 11.2273 21.7929 1.4
      vertex 11.2609 21.6939 5.4
      vertex 11.2609 21.6939 1.4
    endloop
  endfacet
  facet normal 0.0649964 0.997886 -0
    outer loop
      vertex 12 21.2 1.4
      vertex 11.8956 21.2068 5.4
      vertex 12 21.2 5.4
    endloop
  endfacet
  facet normal 0.0649964 0.997886 0
    outer loop
      vertex 11.8956 21.2068 5.4
      vertex 12 21.2 1.4
      vertex 11.8956 21.2068 1.4
    endloop
  endfacet
  facet normal -0.321388 0.946948 0
    outer loop
      vertex 12.3061 21.2609 1.4
      vertex 12.2071 21.2273 5.4
      vertex 12.3061 21.2609 5.4
    endloop
  endfacet
  facet normal -0.321388 0.946948 0
    outer loop
      vertex 12.2071 21.2273 5.4
      vertex 12.3061 21.2609 1.4
      vertex 12.2071 21.2273 1.4
    endloop
  endfacet
  facet normal -0.896897 0.44224 0
    outer loop
      vertex 12.6928 21.6 1.4
      vertex 12.7391 21.6939 5.4
      vertex 12.7391 21.6939 1.4
    endloop
  endfacet
  facet normal -0.896897 0.44224 0
    outer loop
      vertex 12.7391 21.6939 5.4
      vertex 12.6928 21.6 1.4
      vertex 12.6928 21.6 5.4
    endloop
  endfacet
  facet normal -0.980654 0.195749 0
    outer loop
      vertex 12.7727 21.7929 1.4
      vertex 12.7932 21.8956 5.4
      vertex 12.7932 21.8956 1.4
    endloop
  endfacet
  facet normal -0.980654 0.195749 0
    outer loop
      vertex 12.7932 21.8956 5.4
      vertex 12.7727 21.7929 1.4
      vertex 12.7727 21.7929 5.4
    endloop
  endfacet
  facet normal -0.751925 0.659248 0
    outer loop
      vertex 12.5657 21.4343 1.4
      vertex 12.6347 21.513 5.4
      vertex 12.6347 21.513 1.4
    endloop
  endfacet
  facet normal -0.751925 0.659248 0
    outer loop
      vertex 12.6347 21.513 5.4
      vertex 12.5657 21.4343 1.4
      vertex 12.5657 21.4343 5.4
    endloop
  endfacet
  facet normal 0 0 1
    outer loop
      vertex 12.7932 22.1044 1.4
      vertex 12.7932 21.8956 1.4
      vertex 12.8 22 1.4
    endloop
  endfacet
  facet normal 0 0 1
    outer loop
      vertex 12.7727 22.2071 1.4
      vertex 12.7932 21.8956 1.4
      vertex 12.7932 22.1044 1.4
    endloop
  endfacet
  facet normal 0 0 1
    outer loop
      vertex 12.7727 22.2071 1.4
      vertex 12.7727 21.7929 1.4
      vertex 12.7932 21.8956 1.4
    endloop
  endfacet
  facet normal 0 0 1
    outer loop
      vertex 12.7391 22.3061 1.4
      vertex 12.7727 21.7929 1.4
      vertex 12.7727 22.2071 1.4
    endloop
  endfacet
  facet normal 0 0 1
    outer loop
      vertex 12.7391 22.3061 1.4
      vertex 12.7391 21.6939 1.4
      vertex 12.7727 21.7929 1.4
    endloop
  endfacet
  facet normal 0 0 1
    outer loop
      vertex 12.6928 22.4 1.4
      vertex 12.7391 21.6939 1.4
      vertex 12.7391 22.3061 1.4
    endloop
  endfacet
  facet normal 0 0 1
    outer loop
      vertex 12.6928 22.4 1.4
      vertex 12.6928 21.6 1.4
      vertex 12.7391 21.6939 1.4
    endloop
  endfacet
  facet normal 0 0 1
    outer loop
      vertex 12.6347 22.487 1.4
      vertex 12.6928 21.6 1.4
      vertex 12.6928 22.4 1.4
    endloop
  endfacet
  facet normal 0 0 1
    outer loop
      vertex 12.6347 22.487 1.4
      vertex 12.6347 21.513 1.4
      vertex 12.6928 21.6 1.4
    endloop
  endfacet
  facet normal 0 0 1
    outer loop
      vertex 12.5657 22.5657 1.4
      vertex 12.6347 21.513 1.4
      vertex 12.6347 22.487 1.4
    endloop
  endfacet
  facet normal 0 0 1
    outer loop
      vertex 12.5657 22.5657 1.4
      vertex 12.5657 21.4343 1.4
      vertex 12.6347 21.513 1.4
    endloop
  endfacet
  facet normal 0 0 1
    outer loop
      vertex 12.487 22.6347 1.4
      vertex 12.5657 21.4343 1.4
      vertex 12.5657 22.5657 1.4
    endloop
  endfacet
  facet normal 0 0 1
    outer loop
      vertex 12.487 22.6347 1.4
      vertex 12.487 21.3653 1.4
      vertex 12.5657 21.4343 1.4
    endloop
  endfacet
  facet normal 0 0 1
    outer loop
      vertex 12.4 22.6928 1.4
      vertex 12.487 21.3653 1.4
      vertex 12.487 22.6347 1.4
    endloop
  endfacet
  facet normal 0 0 1
    outer loop
      vertex 12.4 22.6928 1.4
      vertex 12.4 21.3072 1.4
      vertex 12.487 21.3653 1.4
    endloop
  endfacet
  facet normal 0 0 1
    outer loop
      vertex 12.3061 22.7391 1.4
      vertex 12.4 21.3072 1.4
      vertex 12.4 22.6928 1.4
    endloop
  endfacet
  facet normal 0 0 1
    outer loop
      vertex 12.3061 22.7391 1.4
      vertex 12.3061 21.2609 1.4
      vertex 12.4 21.3072 1.4
    endloop
  endfacet
  facet normal 0 0 1
    outer loop
      vertex 12.2071 22.7727 1.4
      vertex 12.3061 21.2609 1.4
      vertex 12.3061 22.7391 1.4
    endloop
  endfacet
  facet normal 0 0 1
    outer loop
      vertex 12.2071 22.7727 1.4
      vertex 12.2071 21.2273 1.4
      vertex 12.3061 21.2609 1.4
    endloop
  endfacet
  facet normal 0 0 1
    outer loop
      vertex 12.1044 22.7932 1.4
      vertex 12.2071 21.2273 1.4
      vertex 12.2071 22.7727 1.4
    endloop
  endfacet
  facet normal 0 0 1
    outer loop
      vertex 12.1044 22.7932 1.4
      vertex 12.1044 21.2068 1.4
      vertex 12.2071 21.2273 1.4
    endloop
  endfacet
  facet normal 0 0 1
    outer loop
      vertex 12 22.8 1.4
      vertex 12.1044 21.2068 1.4
      vertex 12.1044 22.7932 1.4
    endloop
  endfacet
  facet normal 0 0 1
    outer loop
      vertex 12 22.8 1.4
      vertex 12 21.2 1.4
      vertex 12.1044 21.2068 1.4
    endloop
  endfacet
  facet normal -0 0 1
    outer loop
      vertex 11.8956 22.7932 1.4
      vertex 12 21.2 1.4
      vertex 12 22.8 1.4
    endloop
  endfacet
  facet normal 0 0 1
    outer loop
      vertex 11.8956 22.7932 1.4
      vertex 11.8956 21.2068 1.4
      vertex 12 21.2 1.4
    endloop
  endfacet
  facet normal -0 0 1
    outer loop
      vertex 11.7929 22.7727 1.4
      vertex 11.8956 21.2068 1.4
      vertex 11.8956 22.7932 1.4
    endloop
  endfacet
  facet normal 0 0 1
    outer loop
      vertex 11.7929 22.7727 1.4
      vertex 11.7929 21.2273 1.4
      vertex 11.8956 21.2068 1.4
    endloop
  endfacet
  facet normal -0 0 1
    outer loop
      vertex 11.6939 22.7391 1.4
      vertex 11.7929 21.2273 1.4
      vertex 11.7929 22.7727 1.4
    endloop
  endfacet
  facet normal 0 0 1
    outer loop
      vertex 11.6939 22.7391 1.4
      vertex 11.6939 21.2609 1.4
      vertex 11.7929 21.2273 1.4
    endloop
  endfacet
  facet normal -0 0 1
    outer loop
      vertex 11.6 22.6928 1.4
      vertex 11.6939 21.2609 1.4
      vertex 11.6939 22.7391 1.4
    endloop
  endfacet
  facet normal 0 0 1
    outer loop
      vertex 11.6 22.6928 1.4
      vertex 11.6 21.3072 1.4
      vertex 11.6939 21.2609 1.4
    endloop
  endfacet
  facet normal -0 0 1
    outer loop
      vertex 11.513 22.6347 1.4
      vertex 11.6 21.3072 1.4
      vertex 11.6 22.6928 1.4
    endloop
  endfacet
  facet normal 0 0 1
    outer loop
      vertex 11.513 22.6347 1.4
      vertex 11.513 21.3653 1.4
      vertex 11.6 21.3072 1.4
    endloop
  endfacet
  facet normal -0 0 1
    outer loop
      vertex 11.4343 22.5657 1.4
      vertex 11.513 21.3653 1.4
      vertex 11.513 22.6347 1.4
    endloop
  endfacet
  facet normal 0 0 1
    outer loop
      vertex 11.4343 22.5657 1.4
      vertex 11.4343 21.4343 1.4
      vertex 11.513 21.3653 1.4
    endloop
  endfacet
  facet normal -0 0 1
    outer loop
      vertex 11.3653 22.487 1.4
      vertex 11.4343 21.4343 1.4
      vertex 11.4343 22.5657 1.4
    endloop
  endfacet
  facet normal 0 0 1
    outer loop
      vertex 11.3653 22.487 1.4
      vertex 11.3653 21.513 1.4
      vertex 11.4343 21.4343 1.4
    endloop
  endfacet
  facet normal -0 0 1
    outer loop
      vertex 11.3072 22.4 1.4
      vertex 11.3653 21.513 1.4
      vertex 11.3653 22.487 1.4
    endloop
  endfacet
  facet normal 0 0 1
    outer loop
      vertex 11.3072 22.4 1.4
      vertex 11.3072 21.6 1.4
      vertex 11.3653 21.513 1.4
    endloop
  endfacet
  facet normal -0 0 1
    outer loop
      vertex 11.2609 22.3061 1.4
      vertex 11.3072 21.6 1.4
      vertex 11.3072 22.4 1.4
    endloop
  endfacet
  facet normal 0 0 1
    outer loop
      vertex 11.2609 22.3061 1.4
      vertex 11.2609 21.6939 1.4
      vertex 11.3072 21.6 1.4
    endloop
  endfacet
  facet normal -0 0 1
    outer loop
      vertex 11.2273 22.2071 1.4
      vertex 11.2609 21.6939 1.4
      vertex 11.2609 22.3061 1.4
    endloop
  endfacet
  facet normal 0 0 1
    outer loop
      vertex 11.2273 22.2071 1.4
      vertex 11.2273 21.7929 1.4
      vertex 11.2609 21.6939 1.4
    endloop
  endfacet
  facet normal -0 0 1
    outer loop
      vertex 11.2068 22.1044 1.4
      vertex 11.2273 21.7929 1.4
      vertex 11.2273 22.2071 1.4
    endloop
  endfacet
  facet normal 0 0 1
    outer loop
      vertex 11.2068 22.1044 1.4
      vertex 11.2068 21.8956 1.4
      vertex 11.2273 21.7929 1.4
    endloop
  endfacet
  facet normal 0 -0 1
    outer loop
      vertex 11.2068 21.8956 1.4
      vertex 11.2068 22.1044 1.4
      vertex 11.2 22 1.4
    endloop
  endfacet
  facet normal 0.751925 0.659248 0
    outer loop
      vertex 11.4343 21.4343 5.4
      vertex 11.3653 21.513 1.4
      vertex 11.3653 21.513 5.4
    endloop
  endfacet
  facet normal 0.751925 0.659248 0
    outer loop
      vertex 11.3653 21.513 1.4
      vertex 11.4343 21.4343 5.4
      vertex 11.4343 21.4343 1.4
    endloop
  endfacet
  facet normal 0.896897 0.44224 0
    outer loop
      vertex 11.3072 21.6 5.4
      vertex 11.2609 21.6939 1.4
      vertex 11.2609 21.6939 5.4
    endloop
  endfacet
  facet normal 0.896897 0.44224 0
    outer loop
      vertex 11.2609 21.6939 1.4
      vertex 11.3072 21.6 5.4
      vertex 11.3072 21.6 1.4
    endloop
  endfacet
  facet normal -0.44224 0.896897 0
    outer loop
      vertex 12.4 21.3072 1.4
      vertex 12.3061 21.2609 5.4
      vertex 12.4 21.3072 5.4
    endloop
  endfacet
  facet normal -0.44224 0.896897 0
    outer loop
      vertex 12.3061 21.2609 5.4
      vertex 12.4 21.3072 1.4
      vertex 12.3061 21.2609 1.4
    endloop
  endfacet
  facet normal -0.659248 0.751925 0
    outer loop
      vertex 12.5657 21.4343 1.4
      vertex 12.487 21.3653 5.4
      vertex 12.5657 21.4343 5.4
    endloop
  endfacet
  facet normal -0.659248 0.751925 0
    outer loop
      vertex 12.487 21.3653 5.4
      vertex 12.5657 21.4343 1.4
      vertex 12.487 21.3653 1.4
    endloop
  endfacet
  facet normal 0.881922 -0.471394 0
    outer loop
      vertex 15.3272 27.2632 2.4
      vertex 15.6943 27.95 3.8147e-07
      vertex 15.6943 27.95 2.4
    endloop
  endfacet
  facet normal 0.881922 -0.471394 0
    outer loop
      vertex 15.6943 27.95 3.8147e-07
      vertex 15.3272 27.2632 2.4
      vertex 15.3272 27.2632 3.8147e-07
    endloop
  endfacet
  facet normal 0.352249 -0.935906 0
    outer loop
      vertex 21.4461 32.9942 3.8147e-07
      vertex 22.1749 33.2685 2.4
      vertex 21.4461 32.9942 2.4
    endloop
  endfacet
  facet normal 0.352249 -0.935906 0
    outer loop
      vertex 22.1749 33.2685 2.4
      vertex 21.4461 32.9942 3.8147e-07
      vertex 22.1749 33.2685 3.8147e-07
    endloop
  endfacet
  facet normal -0.412729 -0.910854 0
    outer loop
      vertex 30.5539 32.9942 3.8147e-07
      vertex 31.2632 32.6728 2.4
      vertex 30.5539 32.9942 2.4
    endloop
  endfacet
  facet normal -0.412729 -0.910854 -0
    outer loop
      vertex 31.2632 32.6728 2.4
      vertex 30.5539 32.9942 3.8147e-07
      vertex 31.2632 32.6728 3.8147e-07
    endloop
  endfacet
  facet normal -0.935906 -0.352249 0
    outer loop
      vertex 37.2685 25.8251 3.8147e-07
      vertex 36.9942 26.5539 2.4
      vertex 36.9942 26.5539 3.8147e-07
    endloop
  endfacet
  facet normal -0.935906 -0.352249 0
    outer loop
      vertex 36.9942 26.5539 2.4
      vertex 37.2685 25.8251 3.8147e-07
      vertex 37.2685 25.8251 2.4
    endloop
  endfacet
  facet normal 0.999464 0.0327461 0
    outer loop
      vertex 14.1255 21.2217 2.4
      vertex 14.1 22 3.8147e-07
      vertex 14.1 22 2.4
    endloop
  endfacet
  facet normal 0.999464 0.0327461 0
    outer loop
      vertex 14.1 22 3.8147e-07
      vertex 14.1255 21.2217 2.4
      vertex 14.1255 21.2217 3.8147e-07
    endloop
  endfacet
  facet normal 0.528047 -0.849215 0
    outer loop
      vertex 19.3887 31.8945 3.8147e-07
      vertex 20.05 32.3057 2.4
      vertex 19.3887 31.8945 2.4
    endloop
  endfacet
  facet normal 0.528047 -0.849215 0
    outer loop
      vertex 20.05 32.3057 2.4
      vertex 19.3887 31.8945 3.8147e-07
      vertex 20.05 32.3057 3.8147e-07
    endloop
  endfacet
  facet normal -0.772989 -0.634419 0
    outer loop
      vertex 35.4409 29.2443 3.8147e-07
      vertex 34.9469 29.8462 2.4
      vertex 34.9469 29.8462 3.8147e-07
    endloop
  endfacet
  facet normal -0.772989 -0.634419 0
    outer loop
      vertex 34.9469 29.8462 2.4
      vertex 35.4409 29.2443 3.8147e-07
      vertex 35.4409 29.2443 2.4
    endloop
  endfacet
  facet normal -0.227063 -0.97388 0
    outer loop
      vertex 28.3216 33.6713 3.8147e-07
      vertex 29.0799 33.4945 2.4
      vertex 28.3216 33.6713 2.4
    endloop
  endfacet
  facet normal -0.227063 -0.97388 -0
    outer loop
      vertex 29.0799 33.4945 2.4
      vertex 28.3216 33.6713 3.8147e-07
      vertex 29.0799 33.4945 3.8147e-07
    endloop
  endfacet
  facet normal -0.881922 0.471394 0
    outer loop
      vertex 36.3057 16.05 3.8147e-07
      vertex 36.6728 16.7368 2.4
      vertex 36.6728 16.7368 3.8147e-07
    endloop
  endfacet
  facet normal -0.881922 0.471394 0
    outer loop
      vertex 36.6728 16.7368 2.4
      vertex 36.3057 16.05 3.8147e-07
      vertex 36.3057 16.05 2.4
    endloop
  endfacet
  facet normal 0.162962 0.986632 -0
    outer loop
      vertex 24.4467 10.2018 3.8147e-07
      vertex 23.6784 10.3287 2.4
      vertex 24.4467 10.2018 2.4
    endloop
  endfacet
  facet normal 0.162962 0.986632 0
    outer loop
      vertex 23.6784 10.3287 2.4
      vertex 24.4467 10.2018 3.8147e-07
      vertex 23.6784 10.3287 3.8147e-07
    endloop
  endfacet
  facet normal 0.935906 -0.352249 0
    outer loop
      vertex 14.7315 25.8251 2.4
      vertex 15.0058 26.5539 3.8147e-07
      vertex 15.0058 26.5539 2.4
    endloop
  endfacet
  facet normal 0.935906 -0.352249 0
    outer loop
      vertex 15.0058 26.5539 3.8147e-07
      vertex 14.7315 25.8251 2.4
      vertex 14.7315 25.8251 3.8147e-07
    endloop
  endfacet
  facet normal 0.812848 -0.582477 0
    outer loop
      vertex 16.1055 28.6113 2.4
      vertex 16.5591 29.2443 3.8147e-07
      vertex 16.5591 29.2443 2.4
    endloop
  endfacet
  facet normal 0.812848 -0.582477 0
    outer loop
      vertex 16.5591 29.2443 3.8147e-07
      vertex 16.1055 28.6113 2.4
      vertex 16.1055 28.6113 3.8147e-07
    endloop
  endfacet
  facet normal 0.729906 -0.683548 0
    outer loop
      vertex 17.0531 29.8462 2.4
      vertex 17.5854 30.4146 3.8147e-07
      vertex 17.5854 30.4146 2.4
    endloop
  endfacet
  facet normal 0.729906 -0.683548 0
    outer loop
      vertex 17.5854 30.4146 3.8147e-07
      vertex 17.0531 29.8462 2.4
      vertex 17.0531 29.8462 3.8147e-07
    endloop
  endfacet
  facet normal -0.0327461 -0.999464 0
    outer loop
      vertex 26 33.9 3.8147e-07
      vertex 26.7783 33.8745 2.4
      vertex 26 33.9 2.4
    endloop
  endfacet
  facet normal -0.0327461 -0.999464 -0
    outer loop
      vertex 26.7783 33.8745 2.4
      vertex 26 33.9 3.8147e-07
      vertex 26.7783 33.8745 3.8147e-07
    endloop
  endfacet
  facet normal 0.290221 -0.95696 0
    outer loop
      vertex 22.1749 33.2685 3.8147e-07
      vertex 22.9201 33.4945 2.4
      vertex 22.1749 33.2685 2.4
    endloop
  endfacet
  facet normal 0.290221 -0.95696 0
    outer loop
      vertex 22.9201 33.4945 2.4
      vertex 22.1749 33.2685 3.8147e-07
      vertex 22.9201 33.4945 3.8147e-07
    endloop
  endfacet
  facet normal 0.162962 -0.986632 0
    outer loop
      vertex 23.6784 33.6713 3.8147e-07
      vertex 24.4467 33.7982 2.4
      vertex 23.6784 33.6713 2.4
    endloop
  endfacet
  facet normal 0.162962 -0.986632 0
    outer loop
      vertex 24.4467 33.7982 2.4
      vertex 23.6784 33.6713 3.8147e-07
      vertex 24.4467 33.7982 3.8147e-07
    endloop
  endfacet
  facet normal 0.634419 -0.772989 0
    outer loop
      vertex 18.1538 30.9469 3.8147e-07
      vertex 18.7557 31.4409 2.4
      vertex 18.1538 30.9469 2.4
    endloop
  endfacet
  facet normal 0.634419 -0.772989 0
    outer loop
      vertex 18.7557 31.4409 2.4
      vertex 18.1538 30.9469 3.8147e-07
      vertex 18.7557 31.4409 3.8147e-07
    endloop
  endfacet
  facet normal -0.999464 0.0327461 0
    outer loop
      vertex 37.8745 21.2217 3.8147e-07
      vertex 37.9 22 2.4
      vertex 37.9 22 3.8147e-07
    endloop
  endfacet
  facet normal -0.999464 0.0327461 0
    outer loop
      vertex 37.9 22 2.4
      vertex 37.8745 21.2217 3.8147e-07
      vertex 37.8745 21.2217 2.4
    endloop
  endfacet
  facet normal -0.95696 -0.290221 0
    outer loop
      vertex 37.4945 25.0799 3.8147e-07
      vertex 37.2685 25.8251 2.4
      vertex 37.2685 25.8251 3.8147e-07
    endloop
  endfacet
  facet normal -0.95696 -0.290221 0
    outer loop
      vertex 37.2685 25.8251 2.4
      vertex 37.4945 25.0799 3.8147e-07
      vertex 37.4945 25.0799 2.4
    endloop
  endfacet
  facet normal -0.986632 -0.162962 0
    outer loop
      vertex 37.7982 23.5533 3.8147e-07
      vertex 37.6713 24.3216 2.4
      vertex 37.6713 24.3216 3.8147e-07
    endloop
  endfacet
  facet normal -0.986632 -0.162962 0
    outer loop
      vertex 37.6713 24.3216 2.4
      vertex 37.7982 23.5533 3.8147e-07
      vertex 37.7982 23.5533 2.4
    endloop
  endfacet
  facet normal -0.910854 -0.412729 0
    outer loop
      vertex 36.9942 26.5539 3.8147e-07
      vertex 36.6728 27.2632 2.4
      vertex 36.6728 27.2632 3.8147e-07
    endloop
  endfacet
  facet normal -0.910854 -0.412729 0
    outer loop
      vertex 36.6728 27.2632 2.4
      vertex 36.9942 26.5539 3.8147e-07
      vertex 36.9942 26.5539 2.4
    endloop
  endfacet
  facet normal -0.849215 -0.528047 0
    outer loop
      vertex 36.3057 27.95 3.8147e-07
      vertex 35.8945 28.6113 2.4
      vertex 35.8945 28.6113 3.8147e-07
    endloop
  endfacet
  facet normal -0.849215 -0.528047 0
    outer loop
      vertex 35.8945 28.6113 2.4
      vertex 36.3057 27.95 3.8147e-07
      vertex 36.3057 27.95 2.4
    endloop
  endfacet
  facet normal -0.352249 -0.935906 0
    outer loop
      vertex 29.8251 33.2685 3.8147e-07
      vertex 30.5539 32.9942 2.4
      vertex 29.8251 33.2685 2.4
    endloop
  endfacet
  facet normal -0.352249 -0.935906 -0
    outer loop
      vertex 30.5539 32.9942 2.4
      vertex 29.8251 33.2685 3.8147e-07
      vertex 30.5539 32.9942 3.8147e-07
    endloop
  endfacet
  facet normal -0.582477 -0.812848 0
    outer loop
      vertex 32.6113 31.8945 3.8147e-07
      vertex 33.2443 31.4409 2.4
      vertex 32.6113 31.8945 2.4
    endloop
  endfacet
  facet normal -0.582477 -0.812848 -0
    outer loop
      vertex 33.2443 31.4409 2.4
      vertex 32.6113 31.8945 3.8147e-07
      vertex 33.2443 31.4409 3.8147e-07
    endloop
  endfacet
  facet normal -0.634419 -0.772989 0
    outer loop
      vertex 33.2443 31.4409 3.8147e-07
      vertex 33.8462 30.9469 2.4
      vertex 33.2443 31.4409 2.4
    endloop
  endfacet
  facet normal -0.634419 -0.772989 -0
    outer loop
      vertex 33.8462 30.9469 2.4
      vertex 33.2443 31.4409 3.8147e-07
      vertex 33.8462 30.9469 3.8147e-07
    endloop
  endfacet
  facet normal -0.471394 -0.881922 0
    outer loop
      vertex 31.2632 32.6728 3.8147e-07
      vertex 31.95 32.3057 2.4
      vertex 31.2632 32.6728 2.4
    endloop
  endfacet
  facet normal -0.471394 -0.881922 -0
    outer loop
      vertex 31.95 32.3057 2.4
      vertex 31.2632 32.6728 3.8147e-07
      vertex 31.95 32.3057 3.8147e-07
    endloop
  endfacet
  facet normal -0.683548 -0.729906 0
    outer loop
      vertex 33.8462 30.9469 3.8147e-07
      vertex 34.4146 30.4146 2.4
      vertex 33.8462 30.9469 2.4
    endloop
  endfacet
  facet normal -0.683548 -0.729906 -0
    outer loop
      vertex 34.4146 30.4146 2.4
      vertex 33.8462 30.9469 3.8147e-07
      vertex 34.4146 30.4146 3.8147e-07
    endloop
  endfacet
  facet normal 0.999464 -0.0327461 0
    outer loop
      vertex 14.1 22 2.4
      vertex 14.1255 22.7783 3.8147e-07
      vertex 14.1255 22.7783 2.4
    endloop
  endfacet
  facet normal 0.999464 -0.0327461 0
    outer loop
      vertex 14.1255 22.7783 3.8147e-07
      vertex 14.1 22 2.4
      vertex 14.1 22 3.8147e-07
    endloop
  endfacet
  facet normal 0.995189 -0.0979779 0
    outer loop
      vertex 14.1255 22.7783 2.4
      vertex 14.2018 23.5533 3.8147e-07
      vertex 14.2018 23.5533 2.4
    endloop
  endfacet
  facet normal 0.995189 -0.0979779 0
    outer loop
      vertex 14.2018 23.5533 3.8147e-07
      vertex 14.1255 22.7783 2.4
      vertex 14.1255 22.7783 3.8147e-07
    endloop
  endfacet
  facet normal 0.910854 -0.412729 0
    outer loop
      vertex 15.0058 26.5539 2.4
      vertex 15.3272 27.2632 3.8147e-07
      vertex 15.3272 27.2632 2.4
    endloop
  endfacet
  facet normal 0.910854 -0.412729 0
    outer loop
      vertex 15.3272 27.2632 3.8147e-07
      vertex 15.0058 26.5539 2.4
      vertex 15.0058 26.5539 3.8147e-07
    endloop
  endfacet
  facet normal 0.97388 -0.227063 0
    outer loop
      vertex 14.3287 24.3216 2.4
      vertex 14.5055 25.0799 3.8147e-07
      vertex 14.5055 25.0799 2.4
    endloop
  endfacet
  facet normal 0.97388 -0.227063 0
    outer loop
      vertex 14.5055 25.0799 3.8147e-07
      vertex 14.3287 24.3216 2.4
      vertex 14.3287 24.3216 3.8147e-07
    endloop
  endfacet
  facet normal 0.683548 -0.729906 0
    outer loop
      vertex 17.5854 30.4146 3.8147e-07
      vertex 18.1538 30.9469 2.4
      vertex 17.5854 30.4146 2.4
    endloop
  endfacet
  facet normal 0.683548 -0.729906 0
    outer loop
      vertex 18.1538 30.9469 2.4
      vertex 17.5854 30.4146 3.8147e-07
      vertex 18.1538 30.9469 3.8147e-07
    endloop
  endfacet
  facet normal 0.849215 -0.528047 0
    outer loop
      vertex 15.6943 27.95 2.4
      vertex 16.1055 28.6113 3.8147e-07
      vertex 16.1055 28.6113 2.4
    endloop
  endfacet
  facet normal 0.849215 -0.528047 0
    outer loop
      vertex 16.1055 28.6113 3.8147e-07
      vertex 15.6943 27.95 2.4
      vertex 15.6943 27.95 3.8147e-07
    endloop
  endfacet
  facet normal 0.772989 -0.634419 0
    outer loop
      vertex 16.5591 29.2443 2.4
      vertex 17.0531 29.8462 3.8147e-07
      vertex 17.0531 29.8462 2.4
    endloop
  endfacet
  facet normal 0.772989 -0.634419 0
    outer loop
      vertex 17.0531 29.8462 3.8147e-07
      vertex 16.5591 29.2443 2.4
      vertex 16.5591 29.2443 3.8147e-07
    endloop
  endfacet
  facet normal 0.0979779 -0.995189 0
    outer loop
      vertex 24.4467 33.7982 3.8147e-07
      vertex 25.2217 33.8745 2.4
      vertex 24.4467 33.7982 2.4
    endloop
  endfacet
  facet normal 0.0979779 -0.995189 0
    outer loop
      vertex 25.2217 33.8745 2.4
      vertex 24.4467 33.7982 3.8147e-07
      vertex 25.2217 33.8745 3.8147e-07
    endloop
  endfacet
  facet normal 0.0327461 -0.999464 0
    outer loop
      vertex 25.2217 33.8745 3.8147e-07
      vertex 26 33.9 2.4
      vertex 25.2217 33.8745 2.4
    endloop
  endfacet
  facet normal 0.0327461 -0.999464 0
    outer loop
      vertex 26 33.9 2.4
      vertex 25.2217 33.8745 3.8147e-07
      vertex 26 33.9 3.8147e-07
    endloop
  endfacet
  facet normal 0.227063 -0.97388 0
    outer loop
      vertex 22.9201 33.4945 3.8147e-07
      vertex 23.6784 33.6713 2.4
      vertex 22.9201 33.4945 2.4
    endloop
  endfacet
  facet normal 0.227063 -0.97388 0
    outer loop
      vertex 23.6784 33.6713 2.4
      vertex 22.9201 33.4945 3.8147e-07
      vertex 23.6784 33.6713 3.8147e-07
    endloop
  endfacet
  facet normal 0.471394 -0.881922 0
    outer loop
      vertex 20.05 32.3057 3.8147e-07
      vertex 20.7368 32.6728 2.4
      vertex 20.05 32.3057 2.4
    endloop
  endfacet
  facet normal 0.471394 -0.881922 0
    outer loop
      vertex 20.7368 32.6728 2.4
      vertex 20.05 32.3057 3.8147e-07
      vertex 20.7368 32.6728 3.8147e-07
    endloop
  endfacet
  facet normal 0.412729 -0.910854 0
    outer loop
      vertex 20.7368 32.6728 3.8147e-07
      vertex 21.4461 32.9942 2.4
      vertex 20.7368 32.6728 2.4
    endloop
  endfacet
  facet normal 0.412729 -0.910854 0
    outer loop
      vertex 21.4461 32.9942 2.4
      vertex 20.7368 32.6728 3.8147e-07
      vertex 21.4461 32.9942 3.8147e-07
    endloop
  endfacet
  facet normal 0.582477 -0.812848 0
    outer loop
      vertex 18.7557 31.4409 3.8147e-07
      vertex 19.3887 31.8945 2.4
      vertex 18.7557 31.4409 2.4
    endloop
  endfacet
  facet normal 0.582477 -0.812848 0
    outer loop
      vertex 19.3887 31.8945 2.4
      vertex 18.7557 31.4409 3.8147e-07
      vertex 19.3887 31.8945 3.8147e-07
    endloop
  endfacet
  facet normal -0.995189 -0.0979779 0
    outer loop
      vertex 37.8745 22.7783 3.8147e-07
      vertex 37.7982 23.5533 2.4
      vertex 37.7982 23.5533 3.8147e-07
    endloop
  endfacet
  facet normal -0.995189 -0.0979779 0
    outer loop
      vertex 37.7982 23.5533 2.4
      vertex 37.8745 22.7783 3.8147e-07
      vertex 37.8745 22.7783 2.4
    endloop
  endfacet
  facet normal -0.999464 -0.0327461 0
    outer loop
      vertex 37.9 22 3.8147e-07
      vertex 37.8745 22.7783 2.4
      vertex 37.8745 22.7783 3.8147e-07
    endloop
  endfacet
  facet normal -0.999464 -0.0327461 0
    outer loop
      vertex 37.8745 22.7783 2.4
      vertex 37.9 22 3.8147e-07
      vertex 37.9 22 2.4
    endloop
  endfacet
  facet normal -0.881922 -0.471394 0
    outer loop
      vertex 36.6728 27.2632 3.8147e-07
      vertex 36.3057 27.95 2.4
      vertex 36.3057 27.95 3.8147e-07
    endloop
  endfacet
  facet normal -0.881922 -0.471394 0
    outer loop
      vertex 36.3057 27.95 2.4
      vertex 36.6728 27.2632 3.8147e-07
      vertex 36.6728 27.2632 2.4
    endloop
  endfacet
  facet normal -0.812848 -0.582477 0
    outer loop
      vertex 35.8945 28.6113 3.8147e-07
      vertex 35.4409 29.2443 2.4
      vertex 35.4409 29.2443 3.8147e-07
    endloop
  endfacet
  facet normal -0.812848 -0.582477 0
    outer loop
      vertex 35.4409 29.2443 2.4
      vertex 35.8945 28.6113 3.8147e-07
      vertex 35.8945 28.6113 2.4
    endloop
  endfacet
  facet normal -0.290221 -0.95696 0
    outer loop
      vertex 29.0799 33.4945 3.8147e-07
      vertex 29.8251 33.2685 2.4
      vertex 29.0799 33.4945 2.4
    endloop
  endfacet
  facet normal -0.290221 -0.95696 -0
    outer loop
      vertex 29.8251 33.2685 2.4
      vertex 29.0799 33.4945 3.8147e-07
      vertex 29.8251 33.2685 3.8147e-07
    endloop
  endfacet
  facet normal -0.0979779 -0.995189 0
    outer loop
      vertex 26.7783 33.8745 3.8147e-07
      vertex 27.5533 33.7982 2.4
      vertex 26.7783 33.8745 2.4
    endloop
  endfacet
  facet normal -0.0979779 -0.995189 -0
    outer loop
      vertex 27.5533 33.7982 2.4
      vertex 26.7783 33.8745 3.8147e-07
      vertex 27.5533 33.7982 3.8147e-07
    endloop
  endfacet
  facet normal -0.162962 -0.986632 0
    outer loop
      vertex 27.5533 33.7982 3.8147e-07
      vertex 28.3216 33.6713 2.4
      vertex 27.5533 33.7982 2.4
    endloop
  endfacet
  facet normal -0.162962 -0.986632 -0
    outer loop
      vertex 28.3216 33.6713 2.4
      vertex 27.5533 33.7982 3.8147e-07
      vertex 28.3216 33.6713 3.8147e-07
    endloop
  endfacet
  facet normal -0.528047 -0.849215 0
    outer loop
      vertex 31.95 32.3057 3.8147e-07
      vertex 32.6113 31.8945 2.4
      vertex 31.95 32.3057 2.4
    endloop
  endfacet
  facet normal -0.528047 -0.849215 -0
    outer loop
      vertex 32.6113 31.8945 2.4
      vertex 31.95 32.3057 3.8147e-07
      vertex 32.6113 31.8945 3.8147e-07
    endloop
  endfacet
  facet normal -0.729906 -0.683548 0
    outer loop
      vertex 34.9469 29.8462 3.8147e-07
      vertex 34.4146 30.4146 2.4
      vertex 34.4146 30.4146 3.8147e-07
    endloop
  endfacet
  facet normal -0.729906 -0.683548 0
    outer loop
      vertex 34.4146 30.4146 2.4
      vertex 34.9469 29.8462 3.8147e-07
      vertex 34.9469 29.8462 2.4
    endloop
  endfacet
  facet normal 0.986632 0.162962 0
    outer loop
      vertex 14.3287 19.6784 2.4
      vertex 14.2018 20.4467 3.8147e-07
      vertex 14.2018 20.4467 2.4
    endloop
  endfacet
  facet normal 0.986632 0.162962 0
    outer loop
      vertex 14.2018 20.4467 3.8147e-07
      vertex 14.3287 19.6784 2.4
      vertex 14.3287 19.6784 3.8147e-07
    endloop
  endfacet
  facet normal 0.995189 0.0979779 0
    outer loop
      vertex 14.2018 20.4467 2.4
      vertex 14.1255 21.2217 3.8147e-07
      vertex 14.1255 21.2217 2.4
    endloop
  endfacet
  facet normal 0.995189 0.0979779 0
    outer loop
      vertex 14.1255 21.2217 3.8147e-07
      vertex 14.2018 20.4467 2.4
      vertex 14.2018 20.4467 3.8147e-07
    endloop
  endfacet
  facet normal 0.812848 0.582477 0
    outer loop
      vertex 16.5591 14.7557 2.4
      vertex 16.1055 15.3887 3.8147e-07
      vertex 16.1055 15.3887 2.4
    endloop
  endfacet
  facet normal 0.812848 0.582477 0
    outer loop
      vertex 16.1055 15.3887 3.8147e-07
      vertex 16.5591 14.7557 2.4
      vertex 16.5591 14.7557 3.8147e-07
    endloop
  endfacet
  facet normal -0.95696 0.290221 0
    outer loop
      vertex 37.2685 18.1749 3.8147e-07
      vertex 37.4945 18.9201 2.4
      vertex 37.4945 18.9201 3.8147e-07
    endloop
  endfacet
  facet normal -0.95696 0.290221 0
    outer loop
      vertex 37.4945 18.9201 2.4
      vertex 37.2685 18.1749 3.8147e-07
      vertex 37.2685 18.1749 2.4
    endloop
  endfacet
  facet normal -0.729906 0.683548 0
    outer loop
      vertex 34.4146 13.5854 3.8147e-07
      vertex 34.9469 14.1538 2.4
      vertex 34.9469 14.1538 3.8147e-07
    endloop
  endfacet
  facet normal -0.729906 0.683548 0
    outer loop
      vertex 34.9469 14.1538 2.4
      vertex 34.4146 13.5854 3.8147e-07
      vertex 34.4146 13.5854 2.4
    endloop
  endfacet
  facet normal -0.849215 0.528047 0
    outer loop
      vertex 35.8945 15.3887 3.8147e-07
      vertex 36.3057 16.05 2.4
      vertex 36.3057 16.05 3.8147e-07
    endloop
  endfacet
  facet normal -0.849215 0.528047 0
    outer loop
      vertex 36.3057 16.05 2.4
      vertex 35.8945 15.3887 3.8147e-07
      vertex 35.8945 15.3887 2.4
    endloop
  endfacet
  facet normal -0.772989 0.634419 0
    outer loop
      vertex 34.9469 14.1538 3.8147e-07
      vertex 35.4409 14.7557 2.4
      vertex 35.4409 14.7557 3.8147e-07
    endloop
  endfacet
  facet normal -0.772989 0.634419 0
    outer loop
      vertex 35.4409 14.7557 2.4
      vertex 34.9469 14.1538 3.8147e-07
      vertex 34.9469 14.1538 2.4
    endloop
  endfacet
  facet normal 0.0979779 0.995189 -0
    outer loop
      vertex 25.2217 10.1255 3.8147e-07
      vertex 24.4467 10.2018 2.4
      vertex 25.2217 10.1255 2.4
    endloop
  endfacet
  facet normal 0.0979779 0.995189 0
    outer loop
      vertex 24.4467 10.2018 2.4
      vertex 25.2217 10.1255 3.8147e-07
      vertex 24.4467 10.2018 3.8147e-07
    endloop
  endfacet
  facet normal 0.412729 0.910854 -0
    outer loop
      vertex 21.4461 11.0058 3.8147e-07
      vertex 20.7368 11.3272 2.4
      vertex 21.4461 11.0058 2.4
    endloop
  endfacet
  facet normal 0.412729 0.910854 0
    outer loop
      vertex 20.7368 11.3272 2.4
      vertex 21.4461 11.0058 3.8147e-07
      vertex 20.7368 11.3272 3.8147e-07
    endloop
  endfacet
  facet normal 0.986632 -0.162962 0
    outer loop
      vertex 14.2018 23.5533 2.4
      vertex 14.3287 24.3216 3.8147e-07
      vertex 14.3287 24.3216 2.4
    endloop
  endfacet
  facet normal 0.986632 -0.162962 0
    outer loop
      vertex 14.3287 24.3216 3.8147e-07
      vertex 14.2018 23.5533 2.4
      vertex 14.2018 23.5533 3.8147e-07
    endloop
  endfacet
  facet normal -0.97388 -0.227063 0
    outer loop
      vertex 37.6713 24.3216 3.8147e-07
      vertex 37.4945 25.0799 2.4
      vertex 37.4945 25.0799 3.8147e-07
    endloop
  endfacet
  facet normal -0.97388 -0.227063 0
    outer loop
      vertex 37.4945 25.0799 2.4
      vertex 37.6713 24.3216 3.8147e-07
      vertex 37.6713 24.3216 2.4
    endloop
  endfacet
  facet normal 0.97388 0.227063 0
    outer loop
      vertex 14.5055 18.9201 2.4
      vertex 14.3287 19.6784 3.8147e-07
      vertex 14.3287 19.6784 2.4
    endloop
  endfacet
  facet normal 0.97388 0.227063 0
    outer loop
      vertex 14.3287 19.6784 3.8147e-07
      vertex 14.5055 18.9201 2.4
      vertex 14.5055 18.9201 3.8147e-07
    endloop
  endfacet
  facet normal 0.95696 0.290221 0
    outer loop
      vertex 14.7315 18.1749 2.4
      vertex 14.5055 18.9201 3.8147e-07
      vertex 14.5055 18.9201 2.4
    endloop
  endfacet
  facet normal 0.95696 0.290221 0
    outer loop
      vertex 14.5055 18.9201 3.8147e-07
      vertex 14.7315 18.1749 2.4
      vertex 14.7315 18.1749 3.8147e-07
    endloop
  endfacet
  facet normal 0.881922 0.471394 0
    outer loop
      vertex 15.6943 16.05 2.4
      vertex 15.3272 16.7368 3.8147e-07
      vertex 15.3272 16.7368 2.4
    endloop
  endfacet
  facet normal 0.881922 0.471394 0
    outer loop
      vertex 15.3272 16.7368 3.8147e-07
      vertex 15.6943 16.05 2.4
      vertex 15.6943 16.05 3.8147e-07
    endloop
  endfacet
  facet normal 0.935906 0.352249 0
    outer loop
      vertex 15.0058 17.4461 2.4
      vertex 14.7315 18.1749 3.8147e-07
      vertex 14.7315 18.1749 2.4
    endloop
  endfacet
  facet normal 0.935906 0.352249 0
    outer loop
      vertex 14.7315 18.1749 3.8147e-07
      vertex 15.0058 17.4461 2.4
      vertex 15.0058 17.4461 3.8147e-07
    endloop
  endfacet
  facet normal 0.471394 0.881922 -0
    outer loop
      vertex 20.7368 11.3272 3.8147e-07
      vertex 20.05 11.6943 2.4
      vertex 20.7368 11.3272 2.4
    endloop
  endfacet
  facet normal 0.471394 0.881922 0
    outer loop
      vertex 20.05 11.6943 2.4
      vertex 20.7368 11.3272 3.8147e-07
      vertex 20.05 11.6943 3.8147e-07
    endloop
  endfacet
  facet normal 0.772989 0.634419 0
    outer loop
      vertex 17.0531 14.1538 2.4
      vertex 16.5591 14.7557 3.8147e-07
      vertex 16.5591 14.7557 2.4
    endloop
  endfacet
  facet normal 0.772989 0.634419 0
    outer loop
      vertex 16.5591 14.7557 3.8147e-07
      vertex 17.0531 14.1538 2.4
      vertex 17.0531 14.1538 3.8147e-07
    endloop
  endfacet
  facet normal -0.634419 0.772989 0
    outer loop
      vertex 33.8462 13.0531 3.8147e-07
      vertex 33.2443 12.5591 2.4
      vertex 33.8462 13.0531 2.4
    endloop
  endfacet
  facet normal -0.634419 0.772989 0
    outer loop
      vertex 33.2443 12.5591 2.4
      vertex 33.8462 13.0531 3.8147e-07
      vertex 33.2443 12.5591 3.8147e-07
    endloop
  endfacet
  facet normal 0.0327461 0.999464 -0
    outer loop
      vertex 26 10.1 3.8147e-07
      vertex 25.2217 10.1255 2.4
      vertex 26 10.1 2.4
    endloop
  endfacet
  facet normal 0.0327461 0.999464 0
    outer loop
      vertex 25.2217 10.1255 2.4
      vertex 26 10.1 3.8147e-07
      vertex 25.2217 10.1255 3.8147e-07
    endloop
  endfacet
  facet normal -0.35229 0.935891 0
    outer loop
      vertex 30.5539 11.0058 3.8147e-07
      vertex 30 10.7973 2.4
      vertex 30.5539 11.0058 2.4
    endloop
  endfacet
  facet normal -0.352249 0.935906 1.07175e-05
    outer loop
      vertex 29.8251 10.7315 3.8147e-07
      vertex 30 10.7973 2.4
      vertex 30.5539 11.0058 3.8147e-07
    endloop
  endfacet
  facet normal -0.35212 0.935955 0
    outer loop
      vertex 30 10.7973 2.4
      vertex 29.8251 10.7315 3.8147e-07
      vertex 29.8251 10.7315 2.4
    endloop
  endfacet
  facet normal -0.290221 0.95696 0
    outer loop
      vertex 29.8251 10.7315 3.8147e-07
      vertex 29.0799 10.5055 2.4
      vertex 29.8251 10.7315 2.4
    endloop
  endfacet
  facet normal -0.290221 0.95696 0
    outer loop
      vertex 29.0799 10.5055 2.4
      vertex 29.8251 10.7315 3.8147e-07
      vertex 29.0799 10.5055 3.8147e-07
    endloop
  endfacet
  facet normal -0.162962 0.986632 0
    outer loop
      vertex 28.3216 10.3287 3.8147e-07
      vertex 27.5533 10.2018 2.4
      vertex 28.3216 10.3287 2.4
    endloop
  endfacet
  facet normal -0.162962 0.986632 0
    outer loop
      vertex 27.5533 10.2018 2.4
      vertex 28.3216 10.3287 3.8147e-07
      vertex 27.5533 10.2018 3.8147e-07
    endloop
  endfacet
  facet normal -0.528047 0.849215 0
    outer loop
      vertex 32.6113 12.1055 3.8147e-07
      vertex 31.95 11.6943 2.4
      vertex 32.6113 12.1055 2.4
    endloop
  endfacet
  facet normal -0.528047 0.849215 0
    outer loop
      vertex 31.95 11.6943 2.4
      vertex 32.6113 12.1055 3.8147e-07
      vertex 31.95 11.6943 3.8147e-07
    endloop
  endfacet
  facet normal -0.995189 0.0979779 0
    outer loop
      vertex 37.7982 20.4467 3.8147e-07
      vertex 37.8745 21.2217 2.4
      vertex 37.8745 21.2217 3.8147e-07
    endloop
  endfacet
  facet normal -0.995189 0.0979779 0
    outer loop
      vertex 37.8745 21.2217 2.4
      vertex 37.7982 20.4467 3.8147e-07
      vertex 37.7982 20.4467 2.4
    endloop
  endfacet
  facet normal -0.97388 0.227063 0
    outer loop
      vertex 37.4945 18.9201 3.8147e-07
      vertex 37.6713 19.6784 2.4
      vertex 37.6713 19.6784 3.8147e-07
    endloop
  endfacet
  facet normal -0.97388 0.227063 0
    outer loop
      vertex 37.6713 19.6784 2.4
      vertex 37.4945 18.9201 3.8147e-07
      vertex 37.4945 18.9201 2.4
    endloop
  endfacet
  facet normal -0.910854 0.412729 0
    outer loop
      vertex 36.6728 16.7368 3.8147e-07
      vertex 36.9942 17.4461 2.4
      vertex 36.9942 17.4461 3.8147e-07
    endloop
  endfacet
  facet normal -0.910854 0.412729 0
    outer loop
      vertex 36.9942 17.4461 2.4
      vertex 36.6728 16.7368 3.8147e-07
      vertex 36.6728 16.7368 2.4
    endloop
  endfacet
  facet normal -0.812848 0.582477 0
    outer loop
      vertex 35.4409 14.7557 3.8147e-07
      vertex 35.8945 15.3887 2.4
      vertex 35.8945 15.3887 3.8147e-07
    endloop
  endfacet
  facet normal -0.812848 0.582477 0
    outer loop
      vertex 35.8945 15.3887 2.4
      vertex 35.4409 14.7557 3.8147e-07
      vertex 35.4409 14.7557 2.4
    endloop
  endfacet
  facet normal -0.683548 0.729906 0
    outer loop
      vertex 34.4146 13.5854 3.8147e-07
      vertex 33.8462 13.0531 2.4
      vertex 34.4146 13.5854 2.4
    endloop
  endfacet
  facet normal -0.683548 0.729906 0
    outer loop
      vertex 33.8462 13.0531 2.4
      vertex 34.4146 13.5854 3.8147e-07
      vertex 33.8462 13.0531 3.8147e-07
    endloop
  endfacet
  facet normal 0.290221 0.95696 -0
    outer loop
      vertex 22.9201 10.5055 3.8147e-07
      vertex 22.1749 10.7315 2.4
      vertex 22.9201 10.5055 2.4
    endloop
  endfacet
  facet normal 0.290221 0.95696 0
    outer loop
      vertex 22.1749 10.7315 2.4
      vertex 22.9201 10.5055 3.8147e-07
      vertex 22.1749 10.7315 3.8147e-07
    endloop
  endfacet
  facet normal 0.227063 0.97388 -0
    outer loop
      vertex 23.6784 10.3287 3.8147e-07
      vertex 22.9201 10.5055 2.4
      vertex 23.6784 10.3287 2.4
    endloop
  endfacet
  facet normal 0.227063 0.97388 0
    outer loop
      vertex 22.9201 10.5055 2.4
      vertex 23.6784 10.3287 3.8147e-07
      vertex 22.9201 10.5055 3.8147e-07
    endloop
  endfacet
  facet normal 0.35212 0.935955 -0
    outer loop
      vertex 22.1749 10.7315 3.8147e-07
      vertex 22 10.7973 2.4
      vertex 22.1749 10.7315 2.4
    endloop
  endfacet
  facet normal 0.352249 0.935906 1.07175e-05
    outer loop
      vertex 21.4461 11.0058 3.8147e-07
      vertex 22 10.7973 2.4
      vertex 22.1749 10.7315 3.8147e-07
    endloop
  endfacet
  facet normal 0.35229 0.935891 0
    outer loop
      vertex 22 10.7973 2.4
      vertex 21.4461 11.0058 3.8147e-07
      vertex 21.4461 11.0058 2.4
    endloop
  endfacet
  facet normal 0.95696 -0.290221 0
    outer loop
      vertex 14.5055 25.0799 2.4
      vertex 14.7315 25.8251 3.8147e-07
      vertex 14.7315 25.8251 2.4
    endloop
  endfacet
  facet normal 0.95696 -0.290221 0
    outer loop
      vertex 14.7315 25.8251 3.8147e-07
      vertex 14.5055 25.0799 2.4
      vertex 14.5055 25.0799 3.8147e-07
    endloop
  endfacet
  facet normal 0.910854 0.412729 0
    outer loop
      vertex 15.3272 16.7368 2.4
      vertex 15.0058 17.4461 3.8147e-07
      vertex 15.0058 17.4461 2.4
    endloop
  endfacet
  facet normal 0.910854 0.412729 0
    outer loop
      vertex 15.0058 17.4461 3.8147e-07
      vertex 15.3272 16.7368 2.4
      vertex 15.3272 16.7368 3.8147e-07
    endloop
  endfacet
  facet normal 0.582477 0.812848 -0
    outer loop
      vertex 19.3887 12.1055 3.8147e-07
      vertex 18.7557 12.5591 2.4
      vertex 19.3887 12.1055 2.4
    endloop
  endfacet
  facet normal 0.582477 0.812848 0
    outer loop
      vertex 18.7557 12.5591 2.4
      vertex 19.3887 12.1055 3.8147e-07
      vertex 18.7557 12.5591 3.8147e-07
    endloop
  endfacet
  facet normal 0.634419 0.772989 -0
    outer loop
      vertex 18.7557 12.5591 3.8147e-07
      vertex 18.1538 13.0531 2.4
      vertex 18.7557 12.5591 2.4
    endloop
  endfacet
  facet normal 0.634419 0.772989 0
    outer loop
      vertex 18.1538 13.0531 2.4
      vertex 18.7557 12.5591 3.8147e-07
      vertex 18.1538 13.0531 3.8147e-07
    endloop
  endfacet
  facet normal 0.849215 0.528047 0
    outer loop
      vertex 16.1055 15.3887 2.4
      vertex 15.6943 16.05 3.8147e-07
      vertex 15.6943 16.05 2.4
    endloop
  endfacet
  facet normal 0.849215 0.528047 0
    outer loop
      vertex 15.6943 16.05 3.8147e-07
      vertex 16.1055 15.3887 2.4
      vertex 16.1055 15.3887 3.8147e-07
    endloop
  endfacet
  facet normal -0.0979779 0.995189 0
    outer loop
      vertex 27.5533 10.2018 3.8147e-07
      vertex 26.7783 10.1255 2.4
      vertex 27.5533 10.2018 2.4
    endloop
  endfacet
  facet normal -0.0979779 0.995189 0
    outer loop
      vertex 26.7783 10.1255 2.4
      vertex 27.5533 10.2018 3.8147e-07
      vertex 26.7783 10.1255 3.8147e-07
    endloop
  endfacet
  facet normal -0.227063 0.97388 0
    outer loop
      vertex 29.0799 10.5055 3.8147e-07
      vertex 28.3216 10.3287 2.4
      vertex 29.0799 10.5055 2.4
    endloop
  endfacet
  facet normal -0.227063 0.97388 0
    outer loop
      vertex 28.3216 10.3287 2.4
      vertex 29.0799 10.5055 3.8147e-07
      vertex 28.3216 10.3287 3.8147e-07
    endloop
  endfacet
  facet normal -0.471394 0.881922 0
    outer loop
      vertex 31.95 11.6943 3.8147e-07
      vertex 31.2632 11.3272 2.4
      vertex 31.95 11.6943 2.4
    endloop
  endfacet
  facet normal -0.471394 0.881922 0
    outer loop
      vertex 31.2632 11.3272 2.4
      vertex 31.95 11.6943 3.8147e-07
      vertex 31.2632 11.3272 3.8147e-07
    endloop
  endfacet
  facet normal -0.582477 0.812848 0
    outer loop
      vertex 33.2443 12.5591 3.8147e-07
      vertex 32.6113 12.1055 2.4
      vertex 33.2443 12.5591 2.4
    endloop
  endfacet
  facet normal -0.582477 0.812848 0
    outer loop
      vertex 32.6113 12.1055 2.4
      vertex 33.2443 12.5591 3.8147e-07
      vertex 32.6113 12.1055 3.8147e-07
    endloop
  endfacet
  facet normal -0.986632 0.162962 0
    outer loop
      vertex 37.6713 19.6784 3.8147e-07
      vertex 37.7982 20.4467 2.4
      vertex 37.7982 20.4467 3.8147e-07
    endloop
  endfacet
  facet normal -0.986632 0.162962 0
    outer loop
      vertex 37.7982 20.4467 2.4
      vertex 37.6713 19.6784 3.8147e-07
      vertex 37.6713 19.6784 2.4
    endloop
  endfacet
  facet normal -0.935906 0.352249 0
    outer loop
      vertex 36.9942 17.4461 3.8147e-07
      vertex 37.2685 18.1749 2.4
      vertex 37.2685 18.1749 3.8147e-07
    endloop
  endfacet
  facet normal -0.935906 0.352249 0
    outer loop
      vertex 37.2685 18.1749 2.4
      vertex 36.9942 17.4461 3.8147e-07
      vertex 36.9942 17.4461 2.4
    endloop
  endfacet
  facet normal 0.528047 0.849215 -0
    outer loop
      vertex 20.05 11.6943 3.8147e-07
      vertex 19.3887 12.1055 2.4
      vertex 20.05 11.6943 2.4
    endloop
  endfacet
  facet normal 0.528047 0.849215 0
    outer loop
      vertex 19.3887 12.1055 2.4
      vertex 20.05 11.6943 3.8147e-07
      vertex 19.3887 12.1055 3.8147e-07
    endloop
  endfacet
  facet normal 0.729906 0.683548 0
    outer loop
      vertex 17.5854 13.5854 2.4
      vertex 17.0531 14.1538 3.8147e-07
      vertex 17.0531 14.1538 2.4
    endloop
  endfacet
  facet normal 0.729906 0.683548 0
    outer loop
      vertex 17.0531 14.1538 3.8147e-07
      vertex 17.5854 13.5854 2.4
      vertex 17.5854 13.5854 3.8147e-07
    endloop
  endfacet
  facet normal 0.683548 0.729906 -0
    outer loop
      vertex 18.1538 13.0531 3.8147e-07
      vertex 17.5854 13.5854 2.4
      vertex 18.1538 13.0531 2.4
    endloop
  endfacet
  facet normal 0.683548 0.729906 0
    outer loop
      vertex 17.5854 13.5854 2.4
      vertex 18.1538 13.0531 3.8147e-07
      vertex 17.5854 13.5854 3.8147e-07
    endloop
  endfacet
  facet normal -0.0327461 0.999464 0
    outer loop
      vertex 26.7783 10.1255 3.8147e-07
      vertex 26 10.1 2.4
      vertex 26.7783 10.1255 2.4
    endloop
  endfacet
  facet normal -0.0327461 0.999464 0
    outer loop
      vertex 26 10.1 2.4
      vertex 26.7783 10.1255 3.8147e-07
      vertex 26 10.1 3.8147e-07
    endloop
  endfacet
  facet normal -0.412729 0.910854 0
    outer loop
      vertex 31.2632 11.3272 3.8147e-07
      vertex 30.5539 11.0058 2.4
      vertex 31.2632 11.3272 2.4
    endloop
  endfacet
  facet normal -0.412729 0.910854 0
    outer loop
      vertex 30.5539 11.0058 2.4
      vertex 31.2632 11.3272 3.8147e-07
      vertex 30.5539 11.0058 3.8147e-07
    endloop
  endfacet
  facet normal -1 0 0
    outer loop
      vertex 30 2.7 2.4
      vertex 30 4.29999 6.4
      vertex 30 4.29999 2.4
    endloop
  endfacet
  facet normal -1 -0 0
    outer loop
      vertex 30 4.29999 6.4
      vertex 30 2.7 2.4
      vertex 30 2.7 6.4
    endloop
  endfacet
  facet normal 1 -0 0
    outer loop
      vertex 22 2.7 6.4
      vertex 22 4.29999 2.4
      vertex 22 4.29999 6.4
    endloop
  endfacet
  facet normal 1 0 0
    outer loop
      vertex 22 4.29999 2.4
      vertex 22 2.7 6.4
      vertex 22 2.7 2.4
    endloop
  endfacet
endsolid OpenSCAD_Model
