solid OpenSCAD_Model
  facet normal 0.321493 -0.946912 0
    outer loop
      vertex 49.0353 0.136292 0
      vertex 49.5307 0.304489 32.4
      vertex 49.0353 0.136292 32.4
    endloop
  endfacet
  facet normal 0.321493 -0.946912 0
    outer loop
      vertex 49.5307 0.304489 32.4
      vertex 49.0353 0.136292 0
      vertex 49.5307 0.304489 0
    endloop
  endfacet
  facet normal 0.195062 -0.980791 0
    outer loop
      vertex 48.5221 0.0342255 0
      vertex 49.0353 0.136292 32.4
      vertex 48.5221 0.0342255 32.4
    endloop
  endfacet
  facet normal 0.195062 -0.980791 0
    outer loop
      vertex 49.0353 0.136292 32.4
      vertex 48.5221 0.0342255 0
      vertex 49.0353 0.136292 0
    endloop
  endfacet
  facet normal -1 0 0
    outer loop
      vertex 0 4 0
      vertex 0 40 32.4
      vertex 0 40 0
    endloop
  endfacet
  facet normal -1 -0 0
    outer loop
      vertex 0 40 32.4
      vertex 0 4 0
      vertex 0 4 32.4
    endloop
  endfacet
  facet normal 0.0654131 -0.997858 0
    outer loop
      vertex 48 0 0
      vertex 48.5221 0.0342255 32.4
      vertex 48 0 32.4
    endloop
  endfacet
  facet normal 0.0654131 -0.997858 0
    outer loop
      vertex 48.5221 0.0342255 32.4
      vertex 48 0 0
      vertex 48.5221 0.0342255 0
    endloop
  endfacet
  facet normal 0.659343 0.751842 -0
    outer loop
      vertex 50.8284 42.8284 0
      vertex 50.435 43.1734 32.4
      vertex 50.8284 42.8284 32.4
    endloop
  endfacet
  facet normal 0.659343 0.751842 0
    outer loop
      vertex 50.435 43.1734 32.4
      vertex 50.8284 42.8284 0
      vertex 50.435 43.1734 0
    endloop
  endfacet
  facet normal 0 -1 0
    outer loop
      vertex 4 0 32.4
      vertex 23 0 30.4
      vertex 23 0 32.4
    endloop
  endfacet
  facet normal 0 -1 0
    outer loop
      vertex 4 0 32.4
      vertex 23.0257 0 30.0084
      vertex 23 0 30.4
    endloop
  endfacet
  facet normal 0 -1 0
    outer loop
      vertex 4 0 32.4
      vertex 23.1022 0 29.6235
      vertex 23.0257 0 30.0084
    endloop
  endfacet
  facet normal 0 -1 0
    outer loop
      vertex 4 0 32.4
      vertex 23.2284 0 29.252
      vertex 23.1022 0 29.6235
    endloop
  endfacet
  facet normal 0 -1 0
    outer loop
      vertex 4 0 32.4
      vertex 23.4019 0 28.9
      vertex 23.2284 0 29.252
    endloop
  endfacet
  facet normal 0 -1 0
    outer loop
      vertex 4 0 32.4
      vertex 23.6199 0 28.5737
      vertex 23.4019 0 28.9
    endloop
  endfacet
  facet normal 0 -1 0
    outer loop
      vertex 4 0 32.4
      vertex 23.8787 0 28.2787
      vertex 23.6199 0 28.5737
    endloop
  endfacet
  facet normal 0 -1 0
    outer loop
      vertex 4 0 0
      vertex 23.8787 0 28.2787
      vertex 4 0 32.4
    endloop
  endfacet
  facet normal 0 -1 -0
    outer loop
      vertex 23.8787 0 28.2787
      vertex 4 0 0
      vertex 24.1737 0 28.0199
    endloop
  endfacet
  facet normal 0 -1 -0
    outer loop
      vertex 24.1737 0 28.0199
      vertex 4 0 0
      vertex 24.5 0 27.8019
    endloop
  endfacet
  facet normal 0 -1 -0
    outer loop
      vertex 24.5 0 27.8019
      vertex 4 0 0
      vertex 24.852 0 27.6284
    endloop
  endfacet
  facet normal 0 -1 -0
    outer loop
      vertex 25.6084 0 27.4257
      vertex 4 0 0
      vertex 26 0 27.4
    endloop
  endfacet
  facet normal 0 -1 -0
    outer loop
      vertex 25.2235 0 27.5022
      vertex 4 0 0
      vertex 25.6084 0 27.4257
    endloop
  endfacet
  facet normal 0 -1 -0
    outer loop
      vertex 24.852 0 27.6284
      vertex 4 0 0
      vertex 25.2235 0 27.5022
    endloop
  endfacet
  facet normal 0 -1 0
    outer loop
      vertex 29 0 30.4
      vertex 48 0 32.4
      vertex 29 0 32.4
    endloop
  endfacet
  facet normal 0 -1 0
    outer loop
      vertex 28.9743 0 30.0084
      vertex 48 0 32.4
      vertex 29 0 30.4
    endloop
  endfacet
  facet normal 0 -1 0
    outer loop
      vertex 28.8978 0 29.6235
      vertex 48 0 32.4
      vertex 28.9743 0 30.0084
    endloop
  endfacet
  facet normal 0 -1 0
    outer loop
      vertex 28.7716 0 29.252
      vertex 48 0 32.4
      vertex 28.8978 0 29.6235
    endloop
  endfacet
  facet normal 0 -1 0
    outer loop
      vertex 28.5981 0 28.9
      vertex 48 0 32.4
      vertex 28.7716 0 29.252
    endloop
  endfacet
  facet normal 0 -1 0
    outer loop
      vertex 28.3801 0 28.5737
      vertex 48 0 32.4
      vertex 28.5981 0 28.9
    endloop
  endfacet
  facet normal 0 -1 0
    outer loop
      vertex 28.1213 0 28.2787
      vertex 48 0 32.4
      vertex 28.3801 0 28.5737
    endloop
  endfacet
  facet normal 0 -1 0
    outer loop
      vertex 48 0 0
      vertex 28.1213 0 28.2787
      vertex 27.8263 0 28.0199
    endloop
  endfacet
  facet normal 0 -1 0
    outer loop
      vertex 48 0 0
      vertex 27.8263 0 28.0199
      vertex 27.5 0 27.8019
    endloop
  endfacet
  facet normal 0 -1 0
    outer loop
      vertex 48 0 0
      vertex 27.5 0 27.8019
      vertex 27.148 0 27.6284
    endloop
  endfacet
  facet normal 0 -1 0
    outer loop
      vertex 48 0 0
      vertex 27.148 0 27.6284
      vertex 26.7765 0 27.5022
    endloop
  endfacet
  facet normal 0 -1 0
    outer loop
      vertex 48 0 0
      vertex 26 0 27.4
      vertex 4 0 0
    endloop
  endfacet
  facet normal 0 -1 0
    outer loop
      vertex 26 0 27.4
      vertex 48 0 0
      vertex 26.3916 0 27.4257
    endloop
  endfacet
  facet normal 0 -1 0
    outer loop
      vertex 26.3916 0 27.4257
      vertex 48 0 0
      vertex 26.7765 0 27.5022
    endloop
  endfacet
  facet normal 0 -1 0
    outer loop
      vertex 28.1213 0 28.2787
      vertex 48 0 0
      vertex 48 0 32.4
    endloop
  endfacet
  facet normal -0.0653634 0.997862 0
    outer loop
      vertex 4 44 0
      vertex 3.47789 43.9658 32.4
      vertex 4 44 32.4
    endloop
  endfacet
  facet normal -0.0653634 0.997862 0
    outer loop
      vertex 3.47789 43.9658 32.4
      vertex 4 44 0
      vertex 3.47789 43.9658 0
    endloop
  endfacet
  facet normal 1 -0 0
    outer loop
      vertex 52 4 32.4
      vertex 52 40 0
      vertex 52 40 32.4
    endloop
  endfacet
  facet normal 1 0 0
    outer loop
      vertex 52 40 0
      vertex 52 4 32.4
      vertex 52 4 0
    endloop
  endfacet
  facet normal 0 0 1
    outer loop
      vertex 49.6 40 32.4
      vertex 52 40 32.4
      vertex 51.9658 40.5221 32.4
    endloop
  endfacet
  facet normal 0 0 1
    outer loop
      vertex 52 40 32.4
      vertex 49.6 40 32.4
      vertex 52 4 32.4
    endloop
  endfacet
  facet normal 0 0 1
    outer loop
      vertex 49.5863 40.2088 32.4
      vertex 51.9658 40.5221 32.4
      vertex 51.8637 41.0353 32.4
    endloop
  endfacet
  facet normal 0 0 1
    outer loop
      vertex 49.6 4 32.4
      vertex 52 4 32.4
      vertex 49.6 40 32.4
    endloop
  endfacet
  facet normal 0 0 1
    outer loop
      vertex 49.5455 40.4141 32.4
      vertex 51.8637 41.0353 32.4
      vertex 51.6955 41.5307 32.4
    endloop
  endfacet
  facet normal 0 0 1
    outer loop
      vertex 52 4 32.4
      vertex 49.6 4 32.4
      vertex 51.9658 3.47789 32.4
    endloop
  endfacet
  facet normal 0 0 1
    outer loop
      vertex 49.4782 40.6123 32.4
      vertex 51.6955 41.5307 32.4
      vertex 51.4641 42 32.4
    endloop
  endfacet
  facet normal -0 0 1
    outer loop
      vertex 49.5863 3.79115 32.4
      vertex 51.9658 3.47789 32.4
      vertex 49.6 4 32.4
    endloop
  endfacet
  facet normal 0 0 1
    outer loop
      vertex 49.3856 40.8 32.4
      vertex 51.4641 42 32.4
      vertex 51.1734 42.435 32.4
    endloop
  endfacet
  facet normal 0 0 1
    outer loop
      vertex 51.9658 3.47789 32.4
      vertex 49.5863 3.79115 32.4
      vertex 51.8637 2.96472 32.4
    endloop
  endfacet
  facet normal 0 0 1
    outer loop
      vertex 49.2694 40.974 32.4
      vertex 51.1734 42.435 32.4
      vertex 50.8284 42.8284 32.4
    endloop
  endfacet
  facet normal -0 0 1
    outer loop
      vertex 49.5455 3.58589 32.4
      vertex 51.8637 2.96472 32.4
      vertex 49.5863 3.79115 32.4
    endloop
  endfacet
  facet normal 0 0 1
    outer loop
      vertex 49.1314 41.1314 32.4
      vertex 50.8284 42.8284 32.4
      vertex 50.435 43.1734 32.4
    endloop
  endfacet
  facet normal 0 0 1
    outer loop
      vertex 51.8637 2.96472 32.4
      vertex 49.5455 3.58589 32.4
      vertex 51.6955 2.46927 32.4
    endloop
  endfacet
  facet normal 0 0 1
    outer loop
      vertex 48.974 41.2694 32.4
      vertex 50.435 43.1734 32.4
      vertex 50 43.4641 32.4
    endloop
  endfacet
  facet normal -0 0 1
    outer loop
      vertex 49.4782 3.38771 32.4
      vertex 51.6955 2.46927 32.4
      vertex 49.5455 3.58589 32.4
    endloop
  endfacet
  facet normal 0 0 1
    outer loop
      vertex 51.6955 2.46927 32.4
      vertex 49.4782 3.38771 32.4
      vertex 51.4641 2 32.4
    endloop
  endfacet
  facet normal 0 0 1
    outer loop
      vertex 51.9658 40.5221 32.4
      vertex 49.5863 40.2088 32.4
      vertex 49.6 40 32.4
    endloop
  endfacet
  facet normal 0 0 1
    outer loop
      vertex 51.8637 41.0353 32.4
      vertex 49.5455 40.4141 32.4
      vertex 49.5863 40.2088 32.4
    endloop
  endfacet
  facet normal 0 0 1
    outer loop
      vertex 48.8 41.3856 32.4
      vertex 50 43.4641 32.4
      vertex 49.5307 43.6955 32.4
    endloop
  endfacet
  facet normal 0 0 1
    outer loop
      vertex 51.6955 41.5307 32.4
      vertex 49.4782 40.6123 32.4
      vertex 49.5455 40.4141 32.4
    endloop
  endfacet
  facet normal 0 0 1
    outer loop
      vertex 51.4641 42 32.4
      vertex 49.3856 40.8 32.4
      vertex 49.4782 40.6123 32.4
    endloop
  endfacet
  facet normal 0 0 1
    outer loop
      vertex 51.1734 42.435 32.4
      vertex 49.2694 40.974 32.4
      vertex 49.3856 40.8 32.4
    endloop
  endfacet
  facet normal 0 0 1
    outer loop
      vertex 50.8284 42.8284 32.4
      vertex 49.1314 41.1314 32.4
      vertex 49.2694 40.974 32.4
    endloop
  endfacet
  facet normal 0 0 1
    outer loop
      vertex 48.6123 41.4782 32.4
      vertex 49.5307 43.6955 32.4
      vertex 49.0353 43.8637 32.4
    endloop
  endfacet
  facet normal 0 0 1
    outer loop
      vertex 50.435 43.1734 32.4
      vertex 48.974 41.2694 32.4
      vertex 49.1314 41.1314 32.4
    endloop
  endfacet
  facet normal 0 0 1
    outer loop
      vertex 50 43.4641 32.4
      vertex 48.8 41.3856 32.4
      vertex 48.974 41.2694 32.4
    endloop
  endfacet
  facet normal 0 0 1
    outer loop
      vertex 49.5307 43.6955 32.4
      vertex 48.6123 41.4782 32.4
      vertex 48.8 41.3856 32.4
    endloop
  endfacet
  facet normal 0 0 1
    outer loop
      vertex 48.4141 41.5455 32.4
      vertex 49.0353 43.8637 32.4
      vertex 48.5221 43.9658 32.4
    endloop
  endfacet
  facet normal 0 0 1
    outer loop
      vertex 49.0353 43.8637 32.4
      vertex 48.4141 41.5455 32.4
      vertex 48.6123 41.4782 32.4
    endloop
  endfacet
  facet normal 0 0 1
    outer loop
      vertex 48.5221 43.9658 32.4
      vertex 48.2088 41.5863 32.4
      vertex 48.4141 41.5455 32.4
    endloop
  endfacet
  facet normal 0 0 1
    outer loop
      vertex 48 44 32.4
      vertex 48.2088 41.5863 32.4
      vertex 48.5221 43.9658 32.4
    endloop
  endfacet
  facet normal 0 0 1
    outer loop
      vertex 48 44 32.4
      vertex 48 41.6 32.4
      vertex 48.2088 41.5863 32.4
    endloop
  endfacet
  facet normal -0 0 1
    outer loop
      vertex 4 44 32.4
      vertex 48 41.6 32.4
      vertex 48 44 32.4
    endloop
  endfacet
  facet normal 0 0 1
    outer loop
      vertex 4 44 32.4
      vertex 4 41.6 32.4
      vertex 48 41.6 32.4
    endloop
  endfacet
  facet normal 0 0 1
    outer loop
      vertex 4 44 32.4
      vertex 3.79115 41.5863 32.4
      vertex 4 41.6 32.4
    endloop
  endfacet
  facet normal -0 0 1
    outer loop
      vertex 3.47789 43.9658 32.4
      vertex 3.79115 41.5863 32.4
      vertex 4 44 32.4
    endloop
  endfacet
  facet normal 0 0 1
    outer loop
      vertex 3.79115 41.5863 32.4
      vertex 3.47789 43.9658 32.4
      vertex 3.58589 41.5455 32.4
    endloop
  endfacet
  facet normal -0 0 1
    outer loop
      vertex 2.96472 43.8637 32.4
      vertex 3.58589 41.5455 32.4
      vertex 3.47789 43.9658 32.4
    endloop
  endfacet
  facet normal 0 0 1
    outer loop
      vertex 3.58589 41.5455 32.4
      vertex 2.96472 43.8637 32.4
      vertex 3.38771 41.4782 32.4
    endloop
  endfacet
  facet normal -0 0 1
    outer loop
      vertex 2.46927 43.6955 32.4
      vertex 3.38771 41.4782 32.4
      vertex 2.96472 43.8637 32.4
    endloop
  endfacet
  facet normal 0 0 1
    outer loop
      vertex 3.38771 41.4782 32.4
      vertex 2.46927 43.6955 32.4
      vertex 3.2 41.3856 32.4
    endloop
  endfacet
  facet normal -0 0 1
    outer loop
      vertex 2 43.4641 32.4
      vertex 3.2 41.3856 32.4
      vertex 2.46927 43.6955 32.4
    endloop
  endfacet
  facet normal 0 0 1
    outer loop
      vertex 3.2 41.3856 32.4
      vertex 2 43.4641 32.4
      vertex 3.02599 41.2694 32.4
    endloop
  endfacet
  facet normal -0 0 1
    outer loop
      vertex 1.56496 43.1734 32.4
      vertex 3.02599 41.2694 32.4
      vertex 2 43.4641 32.4
    endloop
  endfacet
  facet normal 0 0 1
    outer loop
      vertex 3.02599 41.2694 32.4
      vertex 1.56496 43.1734 32.4
      vertex 2.86862 41.1314 32.4
    endloop
  endfacet
  facet normal -0 0 1
    outer loop
      vertex 1.17157 42.8284 32.4
      vertex 2.86862 41.1314 32.4
      vertex 1.56496 43.1734 32.4
    endloop
  endfacet
  facet normal 0 0 1
    outer loop
      vertex 2.86862 41.1314 32.4
      vertex 1.17157 42.8284 32.4
      vertex 2.73064 40.974 32.4
    endloop
  endfacet
  facet normal -0 0 1
    outer loop
      vertex 0.826584 42.435 32.4
      vertex 2.73064 40.974 32.4
      vertex 1.17157 42.8284 32.4
    endloop
  endfacet
  facet normal 0 0 1
    outer loop
      vertex 2.73064 40.974 32.4
      vertex 0.826584 42.435 32.4
      vertex 2.61436 40.8 32.4
    endloop
  endfacet
  facet normal 0 0 1
    outer loop
      vertex 2.61436 40.8 32.4
      vertex 0.535904 42 32.4
      vertex 2.52179 40.6123 32.4
    endloop
  endfacet
  facet normal -0 0 1
    outer loop
      vertex 0.535904 42 32.4
      vertex 2.61436 40.8 32.4
      vertex 0.826584 42.435 32.4
    endloop
  endfacet
  facet normal -0 0 1
    outer loop
      vertex 49.3856 3.2 32.4
      vertex 51.4641 2 32.4
      vertex 49.4782 3.38771 32.4
    endloop
  endfacet
  facet normal 0 0 1
    outer loop
      vertex 51.4641 2 32.4
      vertex 49.3856 3.2 32.4
      vertex 51.1734 1.56496 32.4
    endloop
  endfacet
  facet normal -0 0 1
    outer loop
      vertex 49.2694 3.02599 32.4
      vertex 51.1734 1.56496 32.4
      vertex 49.3856 3.2 32.4
    endloop
  endfacet
  facet normal 0 0 1
    outer loop
      vertex 51.1734 1.56496 32.4
      vertex 49.2694 3.02599 32.4
      vertex 50.8284 1.17157 32.4
    endloop
  endfacet
  facet normal -0 0 1
    outer loop
      vertex 49.1314 2.86862 32.4
      vertex 50.8284 1.17157 32.4
      vertex 49.2694 3.02599 32.4
    endloop
  endfacet
  facet normal 0 0 1
    outer loop
      vertex 50.8284 1.17157 32.4
      vertex 49.1314 2.86862 32.4
      vertex 50.435 0.826584 32.4
    endloop
  endfacet
  facet normal -0 0 1
    outer loop
      vertex 48.974 2.73064 32.4
      vertex 50.435 0.826584 32.4
      vertex 49.1314 2.86862 32.4
    endloop
  endfacet
  facet normal 0 0 1
    outer loop
      vertex 50.435 0.826584 32.4
      vertex 48.974 2.73064 32.4
      vertex 50 0.535904 32.4
    endloop
  endfacet
  facet normal -0 0 1
    outer loop
      vertex 48.8 2.61436 32.4
      vertex 50 0.535904 32.4
      vertex 48.974 2.73064 32.4
    endloop
  endfacet
  facet normal 0 0 1
    outer loop
      vertex 50 0.535904 32.4
      vertex 48.8 2.61436 32.4
      vertex 49.5307 0.304489 32.4
    endloop
  endfacet
  facet normal -0 0 1
    outer loop
      vertex 48.6123 2.52179 32.4
      vertex 49.5307 0.304489 32.4
      vertex 48.8 2.61436 32.4
    endloop
  endfacet
  facet normal 0 0 1
    outer loop
      vertex 49.5307 0.304489 32.4
      vertex 48.6123 2.52179 32.4
      vertex 49.0353 0.136292 32.4
    endloop
  endfacet
  facet normal -0 0 1
    outer loop
      vertex 48.4141 2.45451 32.4
      vertex 49.0353 0.136292 32.4
      vertex 48.6123 2.52179 32.4
    endloop
  endfacet
  facet normal 0 0 1
    outer loop
      vertex 49.0353 0.136292 32.4
      vertex 48.4141 2.45451 32.4
      vertex 48.5221 0.0342255 32.4
    endloop
  endfacet
  facet normal -0 0 1
    outer loop
      vertex 48.2088 2.41368 32.4
      vertex 48.5221 0.0342255 32.4
      vertex 48.4141 2.45451 32.4
    endloop
  endfacet
  facet normal -0 0 1
    outer loop
      vertex 48 2.39999 32.4
      vertex 48.5221 0.0342255 32.4
      vertex 48.2088 2.41368 32.4
    endloop
  endfacet
  facet normal 0 0 1
    outer loop
      vertex 48 2.39999 32.4
      vertex 48 0 32.4
      vertex 48.5221 0.0342255 32.4
    endloop
  endfacet
  facet normal -0 0 1
    outer loop
      vertex 29 2.39999 32.4
      vertex 48 0 32.4
      vertex 48 2.39999 32.4
    endloop
  endfacet
  facet normal 0 0 1
    outer loop
      vertex 48 0 32.4
      vertex 29 2.39999 32.4
      vertex 29 0 32.4
    endloop
  endfacet
  facet normal -0 0 1
    outer loop
      vertex 4 2.39999 32.4
      vertex 23 0 32.4
      vertex 23 2.39999 32.4
    endloop
  endfacet
  facet normal 0 0 1
    outer loop
      vertex 4 2.39999 32.4
      vertex 4 0 32.4
      vertex 23 0 32.4
    endloop
  endfacet
  facet normal 0 0 1
    outer loop
      vertex 3.79115 2.41368 32.4
      vertex 4 0 32.4
      vertex 4 2.39999 32.4
    endloop
  endfacet
  facet normal 0 0 1
    outer loop
      vertex 3.47789 0.0342255 32.4
      vertex 3.79115 2.41368 32.4
      vertex 3.58589 2.45451 32.4
    endloop
  endfacet
  facet normal 0 0 1
    outer loop
      vertex 3.79115 2.41368 32.4
      vertex 3.47789 0.0342255 32.4
      vertex 4 0 32.4
    endloop
  endfacet
  facet normal 0 0 1
    outer loop
      vertex 2.96472 0.136292 32.4
      vertex 3.58589 2.45451 32.4
      vertex 3.38771 2.52179 32.4
    endloop
  endfacet
  facet normal 0 0 1
    outer loop
      vertex 2.46927 0.304489 32.4
      vertex 3.38771 2.52179 32.4
      vertex 3.2 2.61436 32.4
    endloop
  endfacet
  facet normal 0 0 1
    outer loop
      vertex 2 0.535904 32.4
      vertex 3.2 2.61436 32.4
      vertex 3.02599 2.73064 32.4
    endloop
  endfacet
  facet normal 0 0 1
    outer loop
      vertex 3.58589 2.45451 32.4
      vertex 2.96472 0.136292 32.4
      vertex 3.47789 0.0342255 32.4
    endloop
  endfacet
  facet normal 0 0 1
    outer loop
      vertex 1.56496 0.826584 32.4
      vertex 3.02599 2.73064 32.4
      vertex 2.86862 2.86862 32.4
    endloop
  endfacet
  facet normal 0 0 1
    outer loop
      vertex 1.17157 1.17157 32.4
      vertex 2.86862 2.86862 32.4
      vertex 2.73064 3.02599 32.4
    endloop
  endfacet
  facet normal 0 0 1
    outer loop
      vertex 0.826584 1.56496 32.4
      vertex 2.73064 3.02599 32.4
      vertex 2.61436 3.2 32.4
    endloop
  endfacet
  facet normal 0 0 1
    outer loop
      vertex 0.535904 2 32.4
      vertex 2.61436 3.2 32.4
      vertex 2.52179 3.38771 32.4
    endloop
  endfacet
  facet normal 0 0 1
    outer loop
      vertex 3.38771 2.52179 32.4
      vertex 2.46927 0.304489 32.4
      vertex 2.96472 0.136292 32.4
    endloop
  endfacet
  facet normal 0 0 1
    outer loop
      vertex 0.304489 2.46927 32.4
      vertex 2.52179 3.38771 32.4
      vertex 2.45451 3.58589 32.4
    endloop
  endfacet
  facet normal 0 0 1
    outer loop
      vertex 0.136292 2.96472 32.4
      vertex 2.45451 3.58589 32.4
      vertex 2.41368 3.79115 32.4
    endloop
  endfacet
  facet normal 0 0 1
    outer loop
      vertex 0.0342255 3.47789 32.4
      vertex 2.41368 3.79115 32.4
      vertex 2.39999 4 32.4
    endloop
  endfacet
  facet normal 0 0 1
    outer loop
      vertex 3.2 2.61436 32.4
      vertex 2 0.535904 32.4
      vertex 2.46927 0.304489 32.4
    endloop
  endfacet
  facet normal 0 0 1
    outer loop
      vertex 2.39999 40 32.4
      vertex 0 40 32.4
      vertex 2.39999 4 32.4
    endloop
  endfacet
  facet normal -0 0 1
    outer loop
      vertex 0.304489 41.5307 32.4
      vertex 2.52179 40.6123 32.4
      vertex 0.535904 42 32.4
    endloop
  endfacet
  facet normal 0 0 1
    outer loop
      vertex 0 4 32.4
      vertex 2.39999 4 32.4
      vertex 0 40 32.4
    endloop
  endfacet
  facet normal 0 0 1
    outer loop
      vertex 2.52179 40.6123 32.4
      vertex 0.304489 41.5307 32.4
      vertex 2.45451 40.4141 32.4
    endloop
  endfacet
  facet normal 0 -0 1
    outer loop
      vertex 0.0342255 3.47789 32.4
      vertex 2.39999 4 32.4
      vertex 0 4 32.4
    endloop
  endfacet
  facet normal -0 0 1
    outer loop
      vertex 0.136292 41.0353 32.4
      vertex 2.45451 40.4141 32.4
      vertex 0.304489 41.5307 32.4
    endloop
  endfacet
  facet normal 0 0 1
    outer loop
      vertex 3.02599 2.73064 32.4
      vertex 1.56496 0.826584 32.4
      vertex 2 0.535904 32.4
    endloop
  endfacet
  facet normal 0 0 1
    outer loop
      vertex 2.45451 40.4141 32.4
      vertex 0.136292 41.0353 32.4
      vertex 2.41368 40.2088 32.4
    endloop
  endfacet
  facet normal 0 0 1
    outer loop
      vertex 2.86862 2.86862 32.4
      vertex 1.17157 1.17157 32.4
      vertex 1.56496 0.826584 32.4
    endloop
  endfacet
  facet normal -0 0 1
    outer loop
      vertex 0.0342255 40.5221 32.4
      vertex 2.41368 40.2088 32.4
      vertex 0.136292 41.0353 32.4
    endloop
  endfacet
  facet normal 0 0 1
    outer loop
      vertex 2.73064 3.02599 32.4
      vertex 0.826584 1.56496 32.4
      vertex 1.17157 1.17157 32.4
    endloop
  endfacet
  facet normal 0 0 1
    outer loop
      vertex 2.41368 40.2088 32.4
      vertex 0.0342255 40.5221 32.4
      vertex 2.39999 40 32.4
    endloop
  endfacet
  facet normal 0 0 1
    outer loop
      vertex 2.61436 3.2 32.4
      vertex 0.535904 2 32.4
      vertex 0.826584 1.56496 32.4
    endloop
  endfacet
  facet normal 0 0 1
    outer loop
      vertex 2.39999 40 32.4
      vertex 0.0342255 40.5221 32.4
      vertex 0 40 32.4
    endloop
  endfacet
  facet normal 0 0 1
    outer loop
      vertex 2.52179 3.38771 32.4
      vertex 0.304489 2.46927 32.4
      vertex 0.535904 2 32.4
    endloop
  endfacet
  facet normal 0 0 1
    outer loop
      vertex 2.45451 3.58589 32.4
      vertex 0.136292 2.96472 32.4
      vertex 0.304489 2.46927 32.4
    endloop
  endfacet
  facet normal 0 0 1
    outer loop
      vertex 2.41368 3.79115 32.4
      vertex 0.0342255 3.47789 32.4
      vertex 0.136292 2.96472 32.4
    endloop
  endfacet
  facet normal -0.659337 -0.751847 0
    outer loop
      vertex 1.17157 1.17157 0
      vertex 1.56496 0.826584 32.4
      vertex 1.17157 1.17157 32.4
    endloop
  endfacet
  facet normal -0.659337 -0.751847 -0
    outer loop
      vertex 1.56496 0.826584 32.4
      vertex 1.17157 1.17157 0
      vertex 1.56496 0.826584 0
    endloop
  endfacet
  facet normal -0.442284 -0.896875 0
    outer loop
      vertex 2 0.535904 0
      vertex 2.46927 0.304489 32.4
      vertex 2 0.535904 32.4
    endloop
  endfacet
  facet normal -0.442284 -0.896875 -0
    outer loop
      vertex 2.46927 0.304489 32.4
      vertex 2 0.535904 0
      vertex 2.46927 0.304489 0
    endloop
  endfacet
  facet normal -0.321464 -0.946922 0
    outer loop
      vertex 2.46927 0.304489 0
      vertex 2.96472 0.136292 32.4
      vertex 2.46927 0.304489 32.4
    endloop
  endfacet
  facet normal -0.321464 -0.946922 -0
    outer loop
      vertex 2.96472 0.136292 32.4
      vertex 2.46927 0.304489 0
      vertex 2.96472 0.136292 0
    endloop
  endfacet
  facet normal -0.195135 0.980776 0
    outer loop
      vertex 3.47789 43.9658 0
      vertex 2.96472 43.8637 32.4
      vertex 3.47789 43.9658 32.4
    endloop
  endfacet
  facet normal -0.195135 0.980776 0
    outer loop
      vertex 2.96472 43.8637 32.4
      vertex 3.47789 43.9658 0
      vertex 2.96472 43.8637 0
    endloop
  endfacet
  facet normal 0.442238 0.896898 -0
    outer loop
      vertex 50 43.4641 0
      vertex 49.5307 43.6955 32.4
      vertex 50 43.4641 32.4
    endloop
  endfacet
  facet normal 0.442238 0.896898 0
    outer loop
      vertex 49.5307 43.6955 32.4
      vertex 50 43.4641 0
      vertex 49.5307 43.6955 0
    endloop
  endfacet
  facet normal 0.321498 0.94691 -0
    outer loop
      vertex 49.5307 43.6955 0
      vertex 49.0353 43.8637 32.4
      vertex 49.5307 43.6955 32.4
    endloop
  endfacet
  facet normal 0.321498 0.94691 0
    outer loop
      vertex 49.0353 43.8637 32.4
      vertex 49.5307 43.6955 0
      vertex 49.0353 43.8637 0
    endloop
  endfacet
  facet normal 0 1 -0
    outer loop
      vertex 48 44 0
      vertex 4 44 32.4
      vertex 48 44 32.4
    endloop
  endfacet
  facet normal 0 1 0
    outer loop
      vertex 4 44 32.4
      vertex 48 44 0
      vertex 4 44 0
    endloop
  endfacet
  facet normal 0.5556 -0.83145 0
    outer loop
      vertex 50 0.535904 0
      vertex 50.435 0.826584 32.4
      vertex 50 0.535904 32.4
    endloop
  endfacet
  facet normal 0.5556 -0.83145 0
    outer loop
      vertex 50.435 0.826584 32.4
      vertex 50 0.535904 0
      vertex 50.435 0.826584 0
    endloop
  endfacet
  facet normal -0.659353 0.751834 0
    outer loop
      vertex 1.56496 43.1734 0
      vertex 1.17157 42.8284 32.4
      vertex 1.56496 43.1734 32.4
    endloop
  endfacet
  facet normal -0.659353 0.751834 0
    outer loop
      vertex 1.17157 42.8284 32.4
      vertex 1.56496 43.1734 0
      vertex 1.17157 42.8284 0
    endloop
  endfacet
  facet normal -0.751847 -0.659337 0
    outer loop
      vertex 1.17157 1.17157 0
      vertex 0.826584 1.56496 32.4
      vertex 0.826584 1.56496 0
    endloop
  endfacet
  facet normal -0.751847 -0.659337 0
    outer loop
      vertex 0.826584 1.56496 32.4
      vertex 1.17157 1.17157 0
      vertex 1.17157 1.17157 32.4
    endloop
  endfacet
  facet normal 0 0 -1
    outer loop
      vertex 48 0 0
      vertex 52 4 0
      vertex 51.9658 3.47789 0
    endloop
  endfacet
  facet normal 0 0 -1
    outer loop
      vertex 52 4 0
      vertex 40.1 22 0
      vertex 52 40 0
    endloop
  endfacet
  facet normal 0 0 -1
    outer loop
      vertex 48 0 0
      vertex 51.9658 3.47789 0
      vertex 51.8637 2.96472 0
    endloop
  endfacet
  facet normal 0 0 -1
    outer loop
      vertex 40.082 22.2741 0
      vertex 52 40 0
      vertex 40.1 22 0
    endloop
  endfacet
  facet normal 0 0 -1
    outer loop
      vertex 48 0 0
      vertex 51.8637 2.96472 0
      vertex 51.6955 2.46927 0
    endloop
  endfacet
  facet normal 0 0 -1
    outer loop
      vertex 40.0284 22.5435 0
      vertex 52 40 0
      vertex 40.082 22.2741 0
    endloop
  endfacet
  facet normal 0 0 -1
    outer loop
      vertex 48 0 0
      vertex 51.6955 2.46927 0
      vertex 51.4641 2 0
    endloop
  endfacet
  facet normal 0 0 -1
    outer loop
      vertex 39.9401 22.8036 0
      vertex 52 40 0
      vertex 40.0284 22.5435 0
    endloop
  endfacet
  facet normal 0 0 -1
    outer loop
      vertex 48 0 0
      vertex 51.4641 2 0
      vertex 51.1734 1.56496 0
    endloop
  endfacet
  facet normal 0 0 -1
    outer loop
      vertex 39.8187 23.05 0
      vertex 52 40 0
      vertex 39.9401 22.8036 0
    endloop
  endfacet
  facet normal 0 0 -1
    outer loop
      vertex 48 0 0
      vertex 51.1734 1.56496 0
      vertex 50.8284 1.17157 0
    endloop
  endfacet
  facet normal 0 0 -1
    outer loop
      vertex 39.666 23.2784 0
      vertex 52 40 0
      vertex 39.8187 23.05 0
    endloop
  endfacet
  facet normal 0 0 -1
    outer loop
      vertex 48 0 0
      vertex 50.8284 1.17157 0
      vertex 50.435 0.826584 0
    endloop
  endfacet
  facet normal 0 0 -1
    outer loop
      vertex 39.4849 23.4849 0
      vertex 52 40 0
      vertex 39.666 23.2784 0
    endloop
  endfacet
  facet normal 0 0 -1
    outer loop
      vertex 48 0 0
      vertex 50.435 0.826584 0
      vertex 50 0.535904 0
    endloop
  endfacet
  facet normal 0 0 -1
    outer loop
      vertex 39.2784 23.666 0
      vertex 52 40 0
      vertex 39.4849 23.4849 0
    endloop
  endfacet
  facet normal 0 0 -1
    outer loop
      vertex 48 0 0
      vertex 50 0.535904 0
      vertex 49.5307 0.304489 0
    endloop
  endfacet
  facet normal 0 0 -1
    outer loop
      vertex 39.05 23.8187 0
      vertex 52 40 0
      vertex 39.2784 23.666 0
    endloop
  endfacet
  facet normal 0 0 -1
    outer loop
      vertex 48 0 0
      vertex 49.5307 0.304489 0
      vertex 49.0353 0.136292 0
    endloop
  endfacet
  facet normal 0 0 -1
    outer loop
      vertex 38.8036 23.9401 0
      vertex 52 40 0
      vertex 39.05 23.8187 0
    endloop
  endfacet
  facet normal 0 0 -1
    outer loop
      vertex 48 0 0
      vertex 49.0353 0.136292 0
      vertex 48.5221 0.0342255 0
    endloop
  endfacet
  facet normal 0 -0 -1
    outer loop
      vertex 48 44 0
      vertex 52 40 0
      vertex 38.8036 23.9401 0
    endloop
  endfacet
  facet normal -0 0 -1
    outer loop
      vertex 52 4 0
      vertex 48 0 0
      vertex 38.8036 20.0599 0
    endloop
  endfacet
  facet normal 0 0 -1
    outer loop
      vertex 52 40 0
      vertex 48 44 0
      vertex 51.9658 40.5221 0
    endloop
  endfacet
  facet normal 0 0 -1
    outer loop
      vertex 51.8637 41.0353 0
      vertex 48 44 0
      vertex 51.6955 41.5307 0
    endloop
  endfacet
  facet normal 0 0 -1
    outer loop
      vertex 52 4 0
      vertex 40.082 21.7259 0
      vertex 40.1 22 0
    endloop
  endfacet
  facet normal 0 0 -1
    outer loop
      vertex 52 4 0
      vertex 40.0284 21.4565 0
      vertex 40.082 21.7259 0
    endloop
  endfacet
  facet normal 0 0 -1
    outer loop
      vertex 52 4 0
      vertex 39.9401 21.1964 0
      vertex 40.0284 21.4565 0
    endloop
  endfacet
  facet normal 0 0 -1
    outer loop
      vertex 52 4 0
      vertex 39.8187 20.95 0
      vertex 39.9401 21.1964 0
    endloop
  endfacet
  facet normal 0 0 -1
    outer loop
      vertex 52 4 0
      vertex 39.666 20.7216 0
      vertex 39.8187 20.95 0
    endloop
  endfacet
  facet normal 0 0 -1
    outer loop
      vertex 52 4 0
      vertex 39.4849 20.5151 0
      vertex 39.666 20.7216 0
    endloop
  endfacet
  facet normal 0 0 -1
    outer loop
      vertex 52 4 0
      vertex 39.2784 20.334 0
      vertex 39.4849 20.5151 0
    endloop
  endfacet
  facet normal 0 0 -1
    outer loop
      vertex 52 4 0
      vertex 39.05 20.1813 0
      vertex 39.2784 20.334 0
    endloop
  endfacet
  facet normal 0 0 -1
    outer loop
      vertex 52 4 0
      vertex 38.8036 20.0599 0
      vertex 39.05 20.1813 0
    endloop
  endfacet
  facet normal 0 0 -1
    outer loop
      vertex 48 0 0
      vertex 38.5435 19.9716 0
      vertex 38.8036 20.0599 0
    endloop
  endfacet
  facet normal 0 0 -1
    outer loop
      vertex 48 0 0
      vertex 38.2741 19.918 0
      vertex 38.5435 19.9716 0
    endloop
  endfacet
  facet normal 0 0 -1
    outer loop
      vertex 48 0 0
      vertex 38 19.9 0
      vertex 38.2741 19.918 0
    endloop
  endfacet
  facet normal 0 0 -1
    outer loop
      vertex 48 0 0
      vertex 37.7259 19.918 0
      vertex 38 19.9 0
    endloop
  endfacet
  facet normal 0 0 -1
    outer loop
      vertex 48 0 0
      vertex 37.4565 19.9716 0
      vertex 37.7259 19.918 0
    endloop
  endfacet
  facet normal 0 0 -1
    outer loop
      vertex 27.148 19.2284 0
      vertex 37.4565 19.9716 0
      vertex 48 0 0
    endloop
  endfacet
  facet normal -0 0 -1
    outer loop
      vertex 37.4565 19.9716 0
      vertex 27.148 19.2284 0
      vertex 37.1964 20.0599 0
    endloop
  endfacet
  facet normal 0 -0 -1
    outer loop
      vertex 27.5 19.4019 0
      vertex 37.1964 20.0599 0
      vertex 27.148 19.2284 0
    endloop
  endfacet
  facet normal -0 0 -1
    outer loop
      vertex 37.1964 20.0599 0
      vertex 27.5 19.4019 0
      vertex 36.95 20.1813 0
    endloop
  endfacet
  facet normal 0 -0 -1
    outer loop
      vertex 27.8263 19.6199 0
      vertex 36.95 20.1813 0
      vertex 27.5 19.4019 0
    endloop
  endfacet
  facet normal 0 -0 -1
    outer loop
      vertex 28.1213 19.8787 0
      vertex 36.7216 20.334 0
      vertex 27.8263 19.6199 0
    endloop
  endfacet
  facet normal 0 0 -1
    outer loop
      vertex 35.918 21.7259 0
      vertex 29 22 0
      vertex 35.9 22 0
    endloop
  endfacet
  facet normal 0 0 -1
    outer loop
      vertex 28.9743 21.6084 0
      vertex 35.918 21.7259 0
      vertex 35.9716 21.4565 0
    endloop
  endfacet
  facet normal 0 0 -1
    outer loop
      vertex 28.8978 21.2235 0
      vertex 35.9716 21.4565 0
      vertex 36.0599 21.1964 0
    endloop
  endfacet
  facet normal 0 0 -1
    outer loop
      vertex 28.7716 20.8519 0
      vertex 36.0599 21.1964 0
      vertex 36.1813 20.95 0
    endloop
  endfacet
  facet normal -0 0 -1
    outer loop
      vertex 36.7216 20.334 0
      vertex 28.1213 19.8787 0
      vertex 36.5151 20.5151 0
    endloop
  endfacet
  facet normal -0 0 -1
    outer loop
      vertex 35.918 21.7259 0
      vertex 28.9743 21.6084 0
      vertex 29 22 0
    endloop
  endfacet
  facet normal -0 0 -1
    outer loop
      vertex 35.9716 21.4565 0
      vertex 28.8978 21.2235 0
      vertex 28.9743 21.6084 0
    endloop
  endfacet
  facet normal -0 0 -1
    outer loop
      vertex 36.0599 21.1964 0
      vertex 28.7716 20.8519 0
      vertex 28.8978 21.2235 0
    endloop
  endfacet
  facet normal 0 0 -1
    outer loop
      vertex 36.1813 20.95 0
      vertex 28.5981 20.5 0
      vertex 28.7716 20.8519 0
    endloop
  endfacet
  facet normal -0 0 -1
    outer loop
      vertex 36.334 20.7216 0
      vertex 28.5981 20.5 0
      vertex 36.1813 20.95 0
    endloop
  endfacet
  facet normal 0 -0 -1
    outer loop
      vertex 28.5981 20.5 0
      vertex 36.334 20.7216 0
      vertex 28.3801 20.1737 0
    endloop
  endfacet
  facet normal -0 0 -1
    outer loop
      vertex 36.5151 20.5151 0
      vertex 28.3801 20.1737 0
      vertex 36.334 20.7216 0
    endloop
  endfacet
  facet normal 0 -0 -1
    outer loop
      vertex 28.3801 20.1737 0
      vertex 36.5151 20.5151 0
      vertex 28.1213 19.8787 0
    endloop
  endfacet
  facet normal -0 0 -1
    outer loop
      vertex 36.95 20.1813 0
      vertex 27.8263 19.6199 0
      vertex 36.7216 20.334 0
    endloop
  endfacet
  facet normal 0 0 -1
    outer loop
      vertex 48 0 0
      vertex 26.7765 19.1022 0
      vertex 27.148 19.2284 0
    endloop
  endfacet
  facet normal 0 0 -1
    outer loop
      vertex 48 0 0
      vertex 26.3916 19.0257 0
      vertex 26.7765 19.1022 0
    endloop
  endfacet
  facet normal 0 0 -1
    outer loop
      vertex 48 0 0
      vertex 26 19 0
      vertex 26.3916 19.0257 0
    endloop
  endfacet
  facet normal 0 0 -1
    outer loop
      vertex 4 0 0
      vertex 26 19 0
      vertex 48 0 0
    endloop
  endfacet
  facet normal -0 0 -1
    outer loop
      vertex 26 19 0
      vertex 4 0 0
      vertex 25.6084 19.0257 0
    endloop
  endfacet
  facet normal -0 0 -1
    outer loop
      vertex 25.6084 19.0257 0
      vertex 4 0 0
      vertex 25.2235 19.1022 0
    endloop
  endfacet
  facet normal -0 0 -1
    outer loop
      vertex 25.2235 19.1022 0
      vertex 4 0 0
      vertex 24.8519 19.2284 0
    endloop
  endfacet
  facet normal 0 -0 -1
    outer loop
      vertex 14.5435 19.9716 0
      vertex 24.8519 19.2284 0
      vertex 4 0 0
    endloop
  endfacet
  facet normal 0 0 -1
    outer loop
      vertex 16.082 21.7259 0
      vertex 23 22 0
      vertex 23.0257 21.6084 0
    endloop
  endfacet
  facet normal 0 0 -1
    outer loop
      vertex 16.0284 21.4565 0
      vertex 23.0257 21.6084 0
      vertex 23.1022 21.2235 0
    endloop
  endfacet
  facet normal 0 0 -1
    outer loop
      vertex 15.9401 21.1964 0
      vertex 23.1022 21.2235 0
      vertex 23.2284 20.8519 0
    endloop
  endfacet
  facet normal 0 0 -1
    outer loop
      vertex 15.8187 20.95 0
      vertex 23.2284 20.8519 0
      vertex 23.4019 20.5 0
    endloop
  endfacet
  facet normal 0 0 -1
    outer loop
      vertex 15.666 20.7216 0
      vertex 23.4019 20.5 0
      vertex 23.6199 20.1737 0
    endloop
  endfacet
  facet normal 0 0 -1
    outer loop
      vertex 15.4849 20.5151 0
      vertex 23.6199 20.1737 0
      vertex 23.8787 19.8787 0
    endloop
  endfacet
  facet normal 0 0 -1
    outer loop
      vertex 15.2784 20.334 0
      vertex 23.8787 19.8787 0
      vertex 24.1737 19.6199 0
    endloop
  endfacet
  facet normal 0 0 -1
    outer loop
      vertex 24.8519 19.2284 0
      vertex 14.5435 19.9716 0
      vertex 24.5 19.4019 0
    endloop
  endfacet
  facet normal -0 0 -1
    outer loop
      vertex 23 22 0
      vertex 16.082 21.7259 0
      vertex 16.1 22 0
    endloop
  endfacet
  facet normal -0 0 -1
    outer loop
      vertex 23.0257 21.6084 0
      vertex 16.0284 21.4565 0
      vertex 16.082 21.7259 0
    endloop
  endfacet
  facet normal -0 0 -1
    outer loop
      vertex 23.1022 21.2235 0
      vertex 15.9401 21.1964 0
      vertex 16.0284 21.4565 0
    endloop
  endfacet
  facet normal 0 0 -1
    outer loop
      vertex 23.2284 20.8519 0
      vertex 15.8187 20.95 0
      vertex 15.9401 21.1964 0
    endloop
  endfacet
  facet normal 0 0 -1
    outer loop
      vertex 23.4019 20.5 0
      vertex 15.666 20.7216 0
      vertex 15.8187 20.95 0
    endloop
  endfacet
  facet normal 0 0 -1
    outer loop
      vertex 23.6199 20.1737 0
      vertex 15.4849 20.5151 0
      vertex 15.666 20.7216 0
    endloop
  endfacet
  facet normal 0 0 -1
    outer loop
      vertex 23.8787 19.8787 0
      vertex 15.2784 20.334 0
      vertex 15.4849 20.5151 0
    endloop
  endfacet
  facet normal 0 0 -1
    outer loop
      vertex 24.1737 19.6199 0
      vertex 15.05 20.1813 0
      vertex 15.2784 20.334 0
    endloop
  endfacet
  facet normal 0 -0 -1
    outer loop
      vertex 14.8036 20.0599 0
      vertex 24.5 19.4019 0
      vertex 14.5435 19.9716 0
    endloop
  endfacet
  facet normal 0 0 -1
    outer loop
      vertex 24.1737 19.6199 0
      vertex 14.8036 20.0599 0
      vertex 15.05 20.1813 0
    endloop
  endfacet
  facet normal 0 0 -1
    outer loop
      vertex 24.5 19.4019 0
      vertex 14.8036 20.0599 0
      vertex 24.1737 19.6199 0
    endloop
  endfacet
  facet normal 0 0 -1
    outer loop
      vertex 14.5435 19.9716 0
      vertex 4 0 0
      vertex 14.2741 19.918 0
    endloop
  endfacet
  facet normal 0 0 -1
    outer loop
      vertex 14.2741 19.918 0
      vertex 4 0 0
      vertex 14 19.9 0
    endloop
  endfacet
  facet normal -0 0 -1
    outer loop
      vertex 14 19.9 0
      vertex 4 0 0
      vertex 13.7259 19.918 0
    endloop
  endfacet
  facet normal -0 0 -1
    outer loop
      vertex 13.7259 19.918 0
      vertex 4 0 0
      vertex 13.4565 19.9716 0
    endloop
  endfacet
  facet normal -0 0 -1
    outer loop
      vertex 13.4565 19.9716 0
      vertex 4 0 0
      vertex 13.1964 20.0599 0
    endloop
  endfacet
  facet normal -0 0 -1
    outer loop
      vertex 11.9716 21.4565 0
      vertex 0 4 0
      vertex 11.918 21.7259 0
    endloop
  endfacet
  facet normal -0 0 -1
    outer loop
      vertex 12.0599 21.1964 0
      vertex 0 4 0
      vertex 11.9716 21.4565 0
    endloop
  endfacet
  facet normal -0 0 -1
    outer loop
      vertex 12.1813 20.95 0
      vertex 0 4 0
      vertex 12.0599 21.1964 0
    endloop
  endfacet
  facet normal -0 0 -1
    outer loop
      vertex 12.334 20.7216 0
      vertex 0 4 0
      vertex 12.1813 20.95 0
    endloop
  endfacet
  facet normal -0 0 -1
    outer loop
      vertex 12.5151 20.5151 0
      vertex 0 4 0
      vertex 12.334 20.7216 0
    endloop
  endfacet
  facet normal -0 0 -1
    outer loop
      vertex 12.7216 20.334 0
      vertex 0 4 0
      vertex 12.5151 20.5151 0
    endloop
  endfacet
  facet normal -0 0 -1
    outer loop
      vertex 12.95 20.1813 0
      vertex 0 4 0
      vertex 12.7216 20.334 0
    endloop
  endfacet
  facet normal -0 0 -1
    outer loop
      vertex 13.1964 20.0599 0
      vertex 0 4 0
      vertex 12.95 20.1813 0
    endloop
  endfacet
  facet normal 0 0 -1
    outer loop
      vertex 0 4 0
      vertex 13.1964 20.0599 0
      vertex 4 0 0
    endloop
  endfacet
  facet normal 0 0 -1
    outer loop
      vertex 51.6955 41.5307 0
      vertex 48 44 0
      vertex 51.4641 42 0
    endloop
  endfacet
  facet normal 0 0 -1
    outer loop
      vertex 51.4641 42 0
      vertex 48 44 0
      vertex 51.1734 42.435 0
    endloop
  endfacet
  facet normal 0 0 -1
    outer loop
      vertex 50.8284 42.8284 0
      vertex 48 44 0
      vertex 50.435 43.1734 0
    endloop
  endfacet
  facet normal 0 0 -1
    outer loop
      vertex 50.435 43.1734 0
      vertex 48 44 0
      vertex 50 43.4641 0
    endloop
  endfacet
  facet normal 0 0 -1
    outer loop
      vertex 49.5307 43.6955 0
      vertex 48 44 0
      vertex 49.0353 43.8637 0
    endloop
  endfacet
  facet normal 0 0 -1
    outer loop
      vertex 49.0353 43.8637 0
      vertex 48 44 0
      vertex 48.5221 43.9658 0
    endloop
  endfacet
  facet normal 0 0 -1
    outer loop
      vertex 50 43.4641 0
      vertex 48 44 0
      vertex 49.5307 43.6955 0
    endloop
  endfacet
  facet normal 0 0 -1
    outer loop
      vertex 51.1734 42.435 0
      vertex 48 44 0
      vertex 50.8284 42.8284 0
    endloop
  endfacet
  facet normal 0 0 -1
    outer loop
      vertex 51.9658 40.5221 0
      vertex 48 44 0
      vertex 51.8637 41.0353 0
    endloop
  endfacet
  facet normal 0 0 -1
    outer loop
      vertex 38.5435 24.0284 0
      vertex 48 44 0
      vertex 38.8036 23.9401 0
    endloop
  endfacet
  facet normal 0 0 -1
    outer loop
      vertex 38.2741 24.082 0
      vertex 48 44 0
      vertex 38.5435 24.0284 0
    endloop
  endfacet
  facet normal 0 0 -1
    outer loop
      vertex 38 24.1 0
      vertex 48 44 0
      vertex 38.2741 24.082 0
    endloop
  endfacet
  facet normal 0 0 -1
    outer loop
      vertex 37.7259 24.082 0
      vertex 48 44 0
      vertex 38 24.1 0
    endloop
  endfacet
  facet normal 0 0 -1
    outer loop
      vertex 37.4565 24.0284 0
      vertex 48 44 0
      vertex 37.7259 24.082 0
    endloop
  endfacet
  facet normal 0 0 -1
    outer loop
      vertex 27.148 24.7716 0
      vertex 37.4565 24.0284 0
      vertex 37.1964 23.9401 0
    endloop
  endfacet
  facet normal 0 0 -1
    outer loop
      vertex 27.5 24.5981 0
      vertex 37.1964 23.9401 0
      vertex 36.95 23.8187 0
    endloop
  endfacet
  facet normal 0 0 -1
    outer loop
      vertex 27.8263 24.3801 0
      vertex 36.95 23.8187 0
      vertex 36.7216 23.666 0
    endloop
  endfacet
  facet normal 0 0 -1
    outer loop
      vertex 28.1213 24.1213 0
      vertex 36.7216 23.666 0
      vertex 36.5151 23.4849 0
    endloop
  endfacet
  facet normal 0 0 -1
    outer loop
      vertex 28.3801 23.8263 0
      vertex 36.5151 23.4849 0
      vertex 36.334 23.2784 0
    endloop
  endfacet
  facet normal 0 0 -1
    outer loop
      vertex 28.5981 23.5 0
      vertex 36.334 23.2784 0
      vertex 36.1813 23.05 0
    endloop
  endfacet
  facet normal 0 0 -1
    outer loop
      vertex 29 22 0
      vertex 35.918 22.2741 0
      vertex 35.9 22 0
    endloop
  endfacet
  facet normal 0 0 -1
    outer loop
      vertex 28.9743 22.3916 0
      vertex 35.918 22.2741 0
      vertex 29 22 0
    endloop
  endfacet
  facet normal 0 0 -1
    outer loop
      vertex 35.918 22.2741 0
      vertex 28.9743 22.3916 0
      vertex 35.9716 22.5435 0
    endloop
  endfacet
  facet normal 0 0 -1
    outer loop
      vertex 28.8978 22.7765 0
      vertex 35.9716 22.5435 0
      vertex 28.9743 22.3916 0
    endloop
  endfacet
  facet normal 0 0 -1
    outer loop
      vertex 35.9716 22.5435 0
      vertex 28.8978 22.7765 0
      vertex 36.0599 22.8036 0
    endloop
  endfacet
  facet normal 0 0 -1
    outer loop
      vertex 28.7716 23.148 0
      vertex 36.0599 22.8036 0
      vertex 28.8978 22.7765 0
    endloop
  endfacet
  facet normal 0 0 -1
    outer loop
      vertex 36.0599 22.8036 0
      vertex 28.7716 23.148 0
      vertex 36.1813 23.05 0
    endloop
  endfacet
  facet normal 0 0 -1
    outer loop
      vertex 28.5981 23.5 0
      vertex 36.1813 23.05 0
      vertex 28.7716 23.148 0
    endloop
  endfacet
  facet normal 0 0 -1
    outer loop
      vertex 36.334 23.2784 0
      vertex 28.5981 23.5 0
      vertex 28.3801 23.8263 0
    endloop
  endfacet
  facet normal 0 0 -1
    outer loop
      vertex 36.5151 23.4849 0
      vertex 28.3801 23.8263 0
      vertex 28.1213 24.1213 0
    endloop
  endfacet
  facet normal 0 0 -1
    outer loop
      vertex 36.7216 23.666 0
      vertex 28.1213 24.1213 0
      vertex 27.8263 24.3801 0
    endloop
  endfacet
  facet normal 0 0 -1
    outer loop
      vertex 36.95 23.8187 0
      vertex 27.8263 24.3801 0
      vertex 27.5 24.5981 0
    endloop
  endfacet
  facet normal 0 0 -1
    outer loop
      vertex 37.1964 23.9401 0
      vertex 27.5 24.5981 0
      vertex 27.148 24.7716 0
    endloop
  endfacet
  facet normal 0 0 -1
    outer loop
      vertex 37.4565 24.0284 0
      vertex 27.148 24.7716 0
      vertex 48 44 0
    endloop
  endfacet
  facet normal 0 0 -1
    outer loop
      vertex 26.7765 24.8978 0
      vertex 48 44 0
      vertex 27.148 24.7716 0
    endloop
  endfacet
  facet normal 0 0 -1
    outer loop
      vertex 26.3916 24.9743 0
      vertex 48 44 0
      vertex 26.7765 24.8978 0
    endloop
  endfacet
  facet normal 0 0 -1
    outer loop
      vertex 26 25 0
      vertex 48 44 0
      vertex 26.3916 24.9743 0
    endloop
  endfacet
  facet normal 0 0 -1
    outer loop
      vertex 4 44 0
      vertex 26 25 0
      vertex 25.6084 24.9743 0
    endloop
  endfacet
  facet normal 0 0 -1
    outer loop
      vertex 4 44 0
      vertex 25.6084 24.9743 0
      vertex 25.2235 24.8978 0
    endloop
  endfacet
  facet normal 0 0 -1
    outer loop
      vertex 4 44 0
      vertex 25.2235 24.8978 0
      vertex 24.8519 24.7716 0
    endloop
  endfacet
  facet normal 0 0 -1
    outer loop
      vertex 14.5435 24.0284 0
      vertex 24.8519 24.7716 0
      vertex 24.5 24.5981 0
    endloop
  endfacet
  facet normal 0 0 -1
    outer loop
      vertex 14.8036 23.9401 0
      vertex 24.5 24.5981 0
      vertex 24.1737 24.3801 0
    endloop
  endfacet
  facet normal 0 0 -1
    outer loop
      vertex 16.082 22.2741 0
      vertex 23 22 0
      vertex 16.1 22 0
    endloop
  endfacet
  facet normal 0 0 -1
    outer loop
      vertex 23 22 0
      vertex 16.082 22.2741 0
      vertex 23.0257 22.3916 0
    endloop
  endfacet
  facet normal 0 0 -1
    outer loop
      vertex 16.0284 22.5435 0
      vertex 23.0257 22.3916 0
      vertex 16.082 22.2741 0
    endloop
  endfacet
  facet normal 0 0 -1
    outer loop
      vertex 23.0257 22.3916 0
      vertex 16.0284 22.5435 0
      vertex 23.1022 22.7765 0
    endloop
  endfacet
  facet normal 0 0 -1
    outer loop
      vertex 15.9401 22.8036 0
      vertex 23.1022 22.7765 0
      vertex 16.0284 22.5435 0
    endloop
  endfacet
  facet normal 0 0 -1
    outer loop
      vertex 23.1022 22.7765 0
      vertex 15.9401 22.8036 0
      vertex 23.2284 23.148 0
    endloop
  endfacet
  facet normal 0 0 -1
    outer loop
      vertex 15.8187 23.05 0
      vertex 23.2284 23.148 0
      vertex 15.9401 22.8036 0
    endloop
  endfacet
  facet normal -0 0 -1
    outer loop
      vertex 23.2284 23.148 0
      vertex 15.8187 23.05 0
      vertex 23.4019 23.5 0
    endloop
  endfacet
  facet normal 0 0 -1
    outer loop
      vertex 15.666 23.2784 0
      vertex 23.4019 23.5 0
      vertex 15.8187 23.05 0
    endloop
  endfacet
  facet normal -0 0 -1
    outer loop
      vertex 23.4019 23.5 0
      vertex 15.666 23.2784 0
      vertex 23.6199 23.8263 0
    endloop
  endfacet
  facet normal 0 0 -1
    outer loop
      vertex 15.4849 23.4849 0
      vertex 23.6199 23.8263 0
      vertex 15.666 23.2784 0
    endloop
  endfacet
  facet normal -0 0 -1
    outer loop
      vertex 23.6199 23.8263 0
      vertex 15.4849 23.4849 0
      vertex 23.8787 24.1213 0
    endloop
  endfacet
  facet normal 0 0 -1
    outer loop
      vertex 15.2784 23.666 0
      vertex 23.8787 24.1213 0
      vertex 15.4849 23.4849 0
    endloop
  endfacet
  facet normal -0 0 -1
    outer loop
      vertex 23.8787 24.1213 0
      vertex 15.2784 23.666 0
      vertex 24.1737 24.3801 0
    endloop
  endfacet
  facet normal 0 0 -1
    outer loop
      vertex 15.05 23.8187 0
      vertex 24.1737 24.3801 0
      vertex 15.2784 23.666 0
    endloop
  endfacet
  facet normal 0 0 -1
    outer loop
      vertex 14.8036 23.9401 0
      vertex 24.1737 24.3801 0
      vertex 15.05 23.8187 0
    endloop
  endfacet
  facet normal 0 0 -1
    outer loop
      vertex 24.5 24.5981 0
      vertex 14.8036 23.9401 0
      vertex 14.5435 24.0284 0
    endloop
  endfacet
  facet normal -0 0 -1
    outer loop
      vertex 24.8519 24.7716 0
      vertex 14.5435 24.0284 0
      vertex 4 44 0
    endloop
  endfacet
  facet normal 0 0 -1
    outer loop
      vertex 4 44 0
      vertex 14.5435 24.0284 0
      vertex 14.2741 24.082 0
    endloop
  endfacet
  facet normal 0 0 -1
    outer loop
      vertex 4 44 0
      vertex 14.2741 24.082 0
      vertex 14 24.1 0
    endloop
  endfacet
  facet normal 0 0 -1
    outer loop
      vertex 4 44 0
      vertex 14 24.1 0
      vertex 13.7259 24.082 0
    endloop
  endfacet
  facet normal 0 0 -1
    outer loop
      vertex 4 44 0
      vertex 13.7259 24.082 0
      vertex 13.4565 24.0284 0
    endloop
  endfacet
  facet normal 0 0 -1
    outer loop
      vertex 4 44 0
      vertex 13.4565 24.0284 0
      vertex 13.1964 23.9401 0
    endloop
  endfacet
  facet normal 0 0 -1
    outer loop
      vertex 0 40 0
      vertex 13.1964 23.9401 0
      vertex 12.95 23.8187 0
    endloop
  endfacet
  facet normal -0 0 -1
    outer loop
      vertex 11.918 21.7259 0
      vertex 0 4 0
      vertex 11.9 22 0
    endloop
  endfacet
  facet normal 0 0 -1
    outer loop
      vertex 0 40 0
      vertex 11.9 22 0
      vertex 0 4 0
    endloop
  endfacet
  facet normal 0 0 -1
    outer loop
      vertex 11.9 22 0
      vertex 0 40 0
      vertex 11.918 22.2741 0
    endloop
  endfacet
  facet normal 0 0 -1
    outer loop
      vertex 26 25 0
      vertex 4 44 0
      vertex 48 44 0
    endloop
  endfacet
  facet normal 0 0 -1
    outer loop
      vertex 0 40 0
      vertex 12.95 23.8187 0
      vertex 12.7216 23.666 0
    endloop
  endfacet
  facet normal 0 0 -1
    outer loop
      vertex 0 40 0
      vertex 12.7216 23.666 0
      vertex 12.5151 23.4849 0
    endloop
  endfacet
  facet normal 0 0 -1
    outer loop
      vertex 0 40 0
      vertex 12.5151 23.4849 0
      vertex 12.334 23.2784 0
    endloop
  endfacet
  facet normal 0 0 -1
    outer loop
      vertex 0 40 0
      vertex 12.334 23.2784 0
      vertex 12.1813 23.05 0
    endloop
  endfacet
  facet normal 0 0 -1
    outer loop
      vertex 0 40 0
      vertex 12.1813 23.05 0
      vertex 12.0599 22.8036 0
    endloop
  endfacet
  facet normal 0 0 -1
    outer loop
      vertex 11.918 22.2741 0
      vertex 0 40 0
      vertex 11.9716 22.5435 0
    endloop
  endfacet
  facet normal 0 0 -1
    outer loop
      vertex 0 4 0
      vertex 4 0 0
      vertex 3.47789 0.0342255 0
    endloop
  endfacet
  facet normal 0 0 -1
    outer loop
      vertex 11.9716 22.5435 0
      vertex 0 40 0
      vertex 12.0599 22.8036 0
    endloop
  endfacet
  facet normal 0 0 -1
    outer loop
      vertex 0 4 0
      vertex 3.47789 0.0342255 0
      vertex 2.96472 0.136292 0
    endloop
  endfacet
  facet normal 0 0 -1
    outer loop
      vertex 13.1964 23.9401 0
      vertex 0 40 0
      vertex 4 44 0
    endloop
  endfacet
  facet normal 0 0 -1
    outer loop
      vertex 0 4 0
      vertex 2.96472 0.136292 0
      vertex 2.46927 0.304489 0
    endloop
  endfacet
  facet normal 0 0 -1
    outer loop
      vertex 4 44 0
      vertex 0 40 0
      vertex 3.47789 43.9658 0
    endloop
  endfacet
  facet normal 0 0 -1
    outer loop
      vertex 0 4 0
      vertex 2.46927 0.304489 0
      vertex 2 0.535904 0
    endloop
  endfacet
  facet normal 0 0 -1
    outer loop
      vertex 3.47789 43.9658 0
      vertex 0 40 0
      vertex 2.96472 43.8637 0
    endloop
  endfacet
  facet normal 0 0 -1
    outer loop
      vertex 0 4 0
      vertex 2 0.535904 0
      vertex 1.56496 0.826584 0
    endloop
  endfacet
  facet normal 0 0 -1
    outer loop
      vertex 2.96472 43.8637 0
      vertex 0 40 0
      vertex 2.46927 43.6955 0
    endloop
  endfacet
  facet normal 0 0 -1
    outer loop
      vertex 0 4 0
      vertex 1.56496 0.826584 0
      vertex 1.17157 1.17157 0
    endloop
  endfacet
  facet normal 0 0 -1
    outer loop
      vertex 2.46927 43.6955 0
      vertex 0 40 0
      vertex 2 43.4641 0
    endloop
  endfacet
  facet normal 0 0 -1
    outer loop
      vertex 0 4 0
      vertex 1.17157 1.17157 0
      vertex 0.826584 1.56496 0
    endloop
  endfacet
  facet normal 0 0 -1
    outer loop
      vertex 2 43.4641 0
      vertex 0 40 0
      vertex 1.56496 43.1734 0
    endloop
  endfacet
  facet normal 0 0 -1
    outer loop
      vertex 0 4 0
      vertex 0.826584 1.56496 0
      vertex 0.535904 2 0
    endloop
  endfacet
  facet normal 0 0 -1
    outer loop
      vertex 1.56496 43.1734 0
      vertex 0 40 0
      vertex 1.17157 42.8284 0
    endloop
  endfacet
  facet normal 0 0 -1
    outer loop
      vertex 0 4 0
      vertex 0.535904 2 0
      vertex 0.304489 2.46927 0
    endloop
  endfacet
  facet normal 0 0 -1
    outer loop
      vertex 1.17157 42.8284 0
      vertex 0 40 0
      vertex 0.826584 42.435 0
    endloop
  endfacet
  facet normal 0 0 -1
    outer loop
      vertex 0 4 0
      vertex 0.304489 2.46927 0
      vertex 0.136292 2.96472 0
    endloop
  endfacet
  facet normal 0 0 -1
    outer loop
      vertex 0.826584 42.435 0
      vertex 0 40 0
      vertex 0.535904 42 0
    endloop
  endfacet
  facet normal 0 0 -1
    outer loop
      vertex 0 4 0
      vertex 0.136292 2.96472 0
      vertex 0.0342255 3.47789 0
    endloop
  endfacet
  facet normal 0 0 -1
    outer loop
      vertex 0.535904 42 0
      vertex 0 40 0
      vertex 0.304489 41.5307 0
    endloop
  endfacet
  facet normal 0 0 -1
    outer loop
      vertex 0.304489 41.5307 0
      vertex 0 40 0
      vertex 0.136292 41.0353 0
    endloop
  endfacet
  facet normal 0 0 -1
    outer loop
      vertex 0.136292 41.0353 0
      vertex 0 40 0
      vertex 0.0342255 40.5221 0
    endloop
  endfacet
  facet normal -0.555564 -0.831474 0
    outer loop
      vertex 1.56496 0.826584 0
      vertex 2 0.535904 32.4
      vertex 1.56496 0.826584 32.4
    endloop
  endfacet
  facet normal -0.555564 -0.831474 -0
    outer loop
      vertex 2 0.535904 32.4
      vertex 1.56496 0.826584 0
      vertex 2 0.535904 0
    endloop
  endfacet
  facet normal -0.0654119 -0.997858 0
    outer loop
      vertex 3.47789 0.0342255 0
      vertex 4 0 32.4
      vertex 3.47789 0.0342255 32.4
    endloop
  endfacet
  facet normal -0.0654119 -0.997858 -0
    outer loop
      vertex 4 0 32.4
      vertex 3.47789 0.0342255 0
      vertex 4 0 0
    endloop
  endfacet
  facet normal -0.195073 -0.980789 0
    outer loop
      vertex 2.96472 0.136292 0
      vertex 3.47789 0.0342255 32.4
      vertex 2.96472 0.136292 32.4
    endloop
  endfacet
  facet normal -0.195073 -0.980789 -0
    outer loop
      vertex 3.47789 0.0342255 32.4
      vertex 2.96472 0.136292 0
      vertex 3.47789 0.0342255 0
    endloop
  endfacet
  facet normal 0.555626 0.831432 -0
    outer loop
      vertex 50.435 43.1734 0
      vertex 50 43.4641 32.4
      vertex 50.435 43.1734 32.4
    endloop
  endfacet
  facet normal 0.555626 0.831432 0
    outer loop
      vertex 50 43.4641 32.4
      vertex 50.435 43.1734 0
      vertex 50 43.4641 0
    endloop
  endfacet
  facet normal 0.0653646 0.997861 -0
    outer loop
      vertex 48.5221 43.9658 0
      vertex 48 44 32.4
      vertex 48.5221 43.9658 32.4
    endloop
  endfacet
  facet normal 0.0653646 0.997861 0
    outer loop
      vertex 48 44 32.4
      vertex 48.5221 43.9658 0
      vertex 48 44 0
    endloop
  endfacet
  facet normal 0.195124 0.980779 -0
    outer loop
      vertex 49.0353 43.8637 0
      vertex 48.5221 43.9658 32.4
      vertex 49.0353 43.8637 32.4
    endloop
  endfacet
  facet normal 0.195124 0.980779 0
    outer loop
      vertex 48.5221 43.9658 32.4
      vertex 49.0353 43.8637 0
      vertex 48.5221 43.9658 0
    endloop
  endfacet
  facet normal 0.831456 -0.555591 0
    outer loop
      vertex 51.1734 1.56496 32.4
      vertex 51.4641 2 0
      vertex 51.4641 2 32.4
    endloop
  endfacet
  facet normal 0.831456 -0.555591 0
    outer loop
      vertex 51.4641 2 0
      vertex 51.1734 1.56496 32.4
      vertex 51.1734 1.56496 0
    endloop
  endfacet
  facet normal 0.980776 -0.195135 0
    outer loop
      vertex 51.8637 2.96472 32.4
      vertex 51.9658 3.47789 0
      vertex 51.9658 3.47789 32.4
    endloop
  endfacet
  facet normal 0.980776 -0.195135 0
    outer loop
      vertex 51.9658 3.47789 0
      vertex 51.8637 2.96472 32.4
      vertex 51.8637 2.96472 0
    endloop
  endfacet
  facet normal 0.659328 -0.751855 0
    outer loop
      vertex 50.435 0.826584 0
      vertex 50.8284 1.17157 32.4
      vertex 50.435 0.826584 32.4
    endloop
  endfacet
  facet normal 0.659328 -0.751855 0
    outer loop
      vertex 50.8284 1.17157 32.4
      vertex 50.435 0.826584 0
      vertex 50.8284 1.17157 0
    endloop
  endfacet
  facet normal 0.442261 -0.896886 0
    outer loop
      vertex 49.5307 0.304489 0
      vertex 50 0.535904 32.4
      vertex 49.5307 0.304489 32.4
    endloop
  endfacet
  facet normal 0.442261 -0.896886 0
    outer loop
      vertex 50 0.535904 32.4
      vertex 49.5307 0.304489 0
      vertex 50 0.535904 0
    endloop
  endfacet
  facet normal 0.94691 0.321498 0
    outer loop
      vertex 51.8637 41.0353 32.4
      vertex 51.6955 41.5307 0
      vertex 51.6955 41.5307 32.4
    endloop
  endfacet
  facet normal 0.94691 0.321498 0
    outer loop
      vertex 51.6955 41.5307 0
      vertex 51.8637 41.0353 32.4
      vertex 51.8637 41.0353 0
    endloop
  endfacet
  facet normal 0.980779 0.195124 0
    outer loop
      vertex 51.9658 40.5221 32.4
      vertex 51.8637 41.0353 0
      vertex 51.8637 41.0353 32.4
    endloop
  endfacet
  facet normal 0.980779 0.195124 0
    outer loop
      vertex 51.8637 41.0353 0
      vertex 51.9658 40.5221 32.4
      vertex 51.9658 40.5221 0
    endloop
  endfacet
  facet normal 0.751842 0.659343 0
    outer loop
      vertex 51.1734 42.435 32.4
      vertex 50.8284 42.8284 0
      vertex 50.8284 42.8284 32.4
    endloop
  endfacet
  facet normal 0.751842 0.659343 0
    outer loop
      vertex 50.8284 42.8284 0
      vertex 51.1734 42.435 32.4
      vertex 51.1734 42.435 0
    endloop
  endfacet
  facet normal -0.751855 0.659328 0
    outer loop
      vertex 0.826584 42.435 0
      vertex 1.17157 42.8284 32.4
      vertex 1.17157 42.8284 0
    endloop
  endfacet
  facet normal -0.751855 0.659328 0
    outer loop
      vertex 1.17157 42.8284 32.4
      vertex 0.826584 42.435 0
      vertex 0.826584 42.435 32.4
    endloop
  endfacet
  facet normal -0.83145 0.5556 0
    outer loop
      vertex 0.535904 42 0
      vertex 0.826584 42.435 32.4
      vertex 0.826584 42.435 0
    endloop
  endfacet
  facet normal -0.83145 0.5556 0
    outer loop
      vertex 0.826584 42.435 32.4
      vertex 0.535904 42 0
      vertex 0.535904 42 32.4
    endloop
  endfacet
  facet normal -0.997858 0.0654131 0
    outer loop
      vertex 0 40 0
      vertex 0.0342255 40.5221 32.4
      vertex 0.0342255 40.5221 0
    endloop
  endfacet
  facet normal -0.997858 0.0654131 0
    outer loop
      vertex 0.0342255 40.5221 32.4
      vertex 0 40 0
      vertex 0 40 32.4
    endloop
  endfacet
  facet normal -0.980791 0.195062 0
    outer loop
      vertex 0.0342255 40.5221 0
      vertex 0.136292 41.0353 32.4
      vertex 0.136292 41.0353 0
    endloop
  endfacet
  facet normal -0.980791 0.195062 0
    outer loop
      vertex 0.136292 41.0353 32.4
      vertex 0.0342255 40.5221 0
      vertex 0.0342255 40.5221 32.4
    endloop
  endfacet
  facet normal -0.997858 -0.0654119 0
    outer loop
      vertex 0.0342255 3.47789 0
      vertex 0 4 32.4
      vertex 0 4 0
    endloop
  endfacet
  facet normal -0.997858 -0.0654119 0
    outer loop
      vertex 0 4 32.4
      vertex 0.0342255 3.47789 0
      vertex 0.0342255 3.47789 32.4
    endloop
  endfacet
  facet normal -0.896875 -0.442284 0
    outer loop
      vertex 0.535904 2 0
      vertex 0.304489 2.46927 32.4
      vertex 0.304489 2.46927 0
    endloop
  endfacet
  facet normal -0.896875 -0.442284 0
    outer loop
      vertex 0.304489 2.46927 32.4
      vertex 0.535904 2 0
      vertex 0.535904 2 32.4
    endloop
  endfacet
  facet normal -0.946922 -0.321464 0
    outer loop
      vertex 0.304489 2.46927 0
      vertex 0.136292 2.96472 32.4
      vertex 0.136292 2.96472 0
    endloop
  endfacet
  facet normal -0.946922 -0.321464 0
    outer loop
      vertex 0.136292 2.96472 32.4
      vertex 0.304489 2.46927 0
      vertex 0.304489 2.46927 32.4
    endloop
  endfacet
  facet normal 0.896887 -0.44226 0
    outer loop
      vertex 51.4641 2 32.4
      vertex 51.6955 2.46927 0
      vertex 51.6955 2.46927 32.4
    endloop
  endfacet
  facet normal 0.896887 -0.44226 0
    outer loop
      vertex 51.6955 2.46927 0
      vertex 51.4641 2 32.4
      vertex 51.4641 2 0
    endloop
  endfacet
  facet normal 0.997862 -0.0653634 0
    outer loop
      vertex 51.9658 3.47789 32.4
      vertex 52 4 0
      vertex 52 4 32.4
    endloop
  endfacet
  facet normal 0.997862 -0.0653634 0
    outer loop
      vertex 52 4 0
      vertex 51.9658 3.47789 32.4
      vertex 51.9658 3.47789 0
    endloop
  endfacet
  facet normal 0.751834 -0.659353 0
    outer loop
      vertex 50.8284 1.17157 32.4
      vertex 51.1734 1.56496 0
      vertex 51.1734 1.56496 32.4
    endloop
  endfacet
  facet normal 0.751834 -0.659353 0
    outer loop
      vertex 51.1734 1.56496 0
      vertex 50.8284 1.17157 32.4
      vertex 50.8284 1.17157 0
    endloop
  endfacet
  facet normal 0.997861 0.0653646 0
    outer loop
      vertex 52 40 32.4
      vertex 51.9658 40.5221 0
      vertex 51.9658 40.5221 32.4
    endloop
  endfacet
  facet normal 0.997861 0.0653646 0
    outer loop
      vertex 51.9658 40.5221 0
      vertex 52 40 32.4
      vertex 52 40 0
    endloop
  endfacet
  facet normal 0.831432 0.555626 0
    outer loop
      vertex 51.4641 42 32.4
      vertex 51.1734 42.435 0
      vertex 51.1734 42.435 32.4
    endloop
  endfacet
  facet normal 0.831432 0.555626 0
    outer loop
      vertex 51.1734 42.435 0
      vertex 51.4641 42 32.4
      vertex 51.4641 42 0
    endloop
  endfacet
  facet normal 0.896898 0.442238 0
    outer loop
      vertex 51.6955 41.5307 32.4
      vertex 51.4641 42 0
      vertex 51.4641 42 32.4
    endloop
  endfacet
  facet normal 0.896898 0.442238 0
    outer loop
      vertex 51.4641 42 0
      vertex 51.6955 41.5307 32.4
      vertex 51.6955 41.5307 0
    endloop
  endfacet
  facet normal -0.555591 0.831456 0
    outer loop
      vertex 2 43.4641 0
      vertex 1.56496 43.1734 32.4
      vertex 2 43.4641 32.4
    endloop
  endfacet
  facet normal -0.555591 0.831456 0
    outer loop
      vertex 1.56496 43.1734 32.4
      vertex 2 43.4641 0
      vertex 1.56496 43.1734 0
    endloop
  endfacet
  facet normal -0.946912 0.321493 0
    outer loop
      vertex 0.136292 41.0353 0
      vertex 0.304489 41.5307 32.4
      vertex 0.304489 41.5307 0
    endloop
  endfacet
  facet normal -0.946912 0.321493 0
    outer loop
      vertex 0.304489 41.5307 32.4
      vertex 0.136292 41.0353 0
      vertex 0.136292 41.0353 32.4
    endloop
  endfacet
  facet normal -0.896886 0.442261 0
    outer loop
      vertex 0.304489 41.5307 0
      vertex 0.535904 42 32.4
      vertex 0.535904 42 0
    endloop
  endfacet
  facet normal -0.896886 0.442261 0
    outer loop
      vertex 0.535904 42 32.4
      vertex 0.304489 41.5307 0
      vertex 0.304489 41.5307 32.4
    endloop
  endfacet
  facet normal -0.831474 -0.555564 0
    outer loop
      vertex 0.826584 1.56496 0
      vertex 0.535904 2 32.4
      vertex 0.535904 2 0
    endloop
  endfacet
  facet normal -0.831474 -0.555564 0
    outer loop
      vertex 0.535904 2 32.4
      vertex 0.826584 1.56496 0
      vertex 0.826584 1.56496 32.4
    endloop
  endfacet
  facet normal -0.980789 -0.195073 0
    outer loop
      vertex 0.136292 2.96472 0
      vertex 0.0342255 3.47789 32.4
      vertex 0.0342255 3.47789 0
    endloop
  endfacet
  facet normal -0.980789 -0.195073 0
    outer loop
      vertex 0.0342255 3.47789 32.4
      vertex 0.136292 2.96472 0
      vertex 0.136292 2.96472 32.4
    endloop
  endfacet
  facet normal 0.94692 -0.321469 0
    outer loop
      vertex 51.6955 2.46927 32.4
      vertex 51.8637 2.96472 0
      vertex 51.8637 2.96472 32.4
    endloop
  endfacet
  facet normal 0.94692 -0.321469 0
    outer loop
      vertex 51.8637 2.96472 0
      vertex 51.6955 2.46927 32.4
      vertex 51.6955 2.46927 0
    endloop
  endfacet
  facet normal -0.44226 0.896887 0
    outer loop
      vertex 2.46927 43.6955 0
      vertex 2 43.4641 32.4
      vertex 2.46927 43.6955 32.4
    endloop
  endfacet
  facet normal -0.44226 0.896887 0
    outer loop
      vertex 2 43.4641 32.4
      vertex 2.46927 43.6955 0
      vertex 2 43.4641 0
    endloop
  endfacet
  facet normal -0.321469 0.94692 0
    outer loop
      vertex 2.96472 43.8637 0
      vertex 2.46927 43.6955 32.4
      vertex 2.96472 43.8637 32.4
    endloop
  endfacet
  facet normal -0.321469 0.94692 0
    outer loop
      vertex 2.46927 43.6955 32.4
      vertex 2.96472 43.8637 0
      vertex 2.46927 43.6955 0
    endloop
  endfacet
  facet normal -0.0654247 0.997858 0
    outer loop
      vertex 48.2088 2.41368 2.4
      vertex 48 2.39999 32.4
      vertex 48.2088 2.41368 32.4
    endloop
  endfacet
  facet normal -0.0654247 0.997858 0
    outer loop
      vertex 48 2.39999 32.4
      vertex 48.2088 2.41368 2.4
      vertex 48 2.39999 2.4
    endloop
  endfacet
  facet normal -0.195059 0.980791 0
    outer loop
      vertex 48.4141 2.45451 2.4
      vertex 48.2088 2.41368 32.4
      vertex 48.4141 2.45451 32.4
    endloop
  endfacet
  facet normal -0.195059 0.980791 0
    outer loop
      vertex 48.2088 2.41368 32.4
      vertex 48.4141 2.45451 2.4
      vertex 48.2088 2.41368 2.4
    endloop
  endfacet
  facet normal 0.0654566 -0.997855 0
    outer loop
      vertex 3.79115 41.5863 2.4
      vertex 4 41.6 32.4
      vertex 3.79115 41.5863 32.4
    endloop
  endfacet
  facet normal 0.0654566 -0.997855 0
    outer loop
      vertex 4 41.6 32.4
      vertex 3.79115 41.5863 2.4
      vertex 4 41.6 2.4
    endloop
  endfacet
  facet normal -1 0 0
    outer loop
      vertex 49.6 4 2.4
      vertex 49.6 40 32.4
      vertex 49.6 40 2.4
    endloop
  endfacet
  facet normal -1 -0 0
    outer loop
      vertex 49.6 40 32.4
      vertex 49.6 4 2.4
      vertex 49.6 4 32.4
    endloop
  endfacet
  facet normal 0.997859 0.0654091 0
    outer loop
      vertex 2.41368 3.79115 32.4
      vertex 2.39999 4 2.4
      vertex 2.39999 4 32.4
    endloop
  endfacet
  facet normal 0.997859 0.0654091 0
    outer loop
      vertex 2.39999 4 2.4
      vertex 2.41368 3.79115 32.4
      vertex 2.41368 3.79115 2.4
    endloop
  endfacet
  facet normal 0 1 0
    outer loop
      vertex 48 2.39999 32.4
      vertex 29 2.39999 30.4
      vertex 29 2.39999 32.4
    endloop
  endfacet
  facet normal 0 1 0
    outer loop
      vertex 48 2.39999 32.4
      vertex 28.9743 2.39999 30.0084
      vertex 29 2.39999 30.4
    endloop
  endfacet
  facet normal 0 1 0
    outer loop
      vertex 48 2.39999 32.4
      vertex 28.8978 2.39999 29.6235
      vertex 28.9743 2.39999 30.0084
    endloop
  endfacet
  facet normal 0 1 0
    outer loop
      vertex 48 2.39999 32.4
      vertex 28.7716 2.39999 29.252
      vertex 28.8978 2.39999 29.6235
    endloop
  endfacet
  facet normal 0 1 0
    outer loop
      vertex 48 2.39999 32.4
      vertex 28.5981 2.39999 28.9
      vertex 28.7716 2.39999 29.252
    endloop
  endfacet
  facet normal 0 1 0
    outer loop
      vertex 48 2.39999 32.4
      vertex 28.3801 2.39999 28.5737
      vertex 28.5981 2.39999 28.9
    endloop
  endfacet
  facet normal 0 1 0
    outer loop
      vertex 48 2.39999 32.4
      vertex 28.1213 2.39999 28.2787
      vertex 28.3801 2.39999 28.5737
    endloop
  endfacet
  facet normal 0 1 -0
    outer loop
      vertex 48 2.39999 2.4
      vertex 28.1213 2.39999 28.2787
      vertex 48 2.39999 32.4
    endloop
  endfacet
  facet normal 0 1 0
    outer loop
      vertex 28.1213 2.39999 28.2787
      vertex 48 2.39999 2.4
      vertex 27.8263 2.39999 28.0199
    endloop
  endfacet
  facet normal 0 1 0
    outer loop
      vertex 27.8263 2.39999 28.0199
      vertex 48 2.39999 2.4
      vertex 27.5 2.39999 27.8019
    endloop
  endfacet
  facet normal 0 1 0
    outer loop
      vertex 27.5 2.39999 27.8019
      vertex 48 2.39999 2.4
      vertex 27.148 2.39999 27.6284
    endloop
  endfacet
  facet normal 0 1 0
    outer loop
      vertex 26.3916 2.39999 27.4257
      vertex 48 2.39999 2.4
      vertex 26 2.39999 27.4
    endloop
  endfacet
  facet normal 0 1 0
    outer loop
      vertex 26.7765 2.39999 27.5022
      vertex 48 2.39999 2.4
      vertex 26.3916 2.39999 27.4257
    endloop
  endfacet
  facet normal 0 1 0
    outer loop
      vertex 27.148 2.39999 27.6284
      vertex 48 2.39999 2.4
      vertex 26.7765 2.39999 27.5022
    endloop
  endfacet
  facet normal 0 1 -0
    outer loop
      vertex 23 2.39999 30.4
      vertex 4 2.39999 32.4
      vertex 23 2.39999 32.4
    endloop
  endfacet
  facet normal 0 1 0
    outer loop
      vertex 23.0257 2.39999 30.0084
      vertex 4 2.39999 32.4
      vertex 23 2.39999 30.4
    endloop
  endfacet
  facet normal 0 1 0
    outer loop
      vertex 23.1022 2.39999 29.6235
      vertex 4 2.39999 32.4
      vertex 23.0257 2.39999 30.0084
    endloop
  endfacet
  facet normal 0 1 0
    outer loop
      vertex 23.2284 2.39999 29.252
      vertex 4 2.39999 32.4
      vertex 23.1022 2.39999 29.6235
    endloop
  endfacet
  facet normal 0 1 0
    outer loop
      vertex 23.4019 2.39999 28.9
      vertex 4 2.39999 32.4
      vertex 23.2284 2.39999 29.252
    endloop
  endfacet
  facet normal 0 1 0
    outer loop
      vertex 23.6199 2.39999 28.5737
      vertex 4 2.39999 32.4
      vertex 23.4019 2.39999 28.9
    endloop
  endfacet
  facet normal 0 1 0
    outer loop
      vertex 23.8787 2.39999 28.2787
      vertex 4 2.39999 32.4
      vertex 23.6199 2.39999 28.5737
    endloop
  endfacet
  facet normal 0 1 0
    outer loop
      vertex 4 2.39999 2.4
      vertex 23.8787 2.39999 28.2787
      vertex 24.1737 2.39999 28.0199
    endloop
  endfacet
  facet normal 0 1 0
    outer loop
      vertex 4 2.39999 2.4
      vertex 24.1737 2.39999 28.0199
      vertex 24.5 2.39999 27.8019
    endloop
  endfacet
  facet normal 0 1 0
    outer loop
      vertex 4 2.39999 2.4
      vertex 24.5 2.39999 27.8019
      vertex 24.852 2.39999 27.6284
    endloop
  endfacet
  facet normal 0 1 0
    outer loop
      vertex 4 2.39999 2.4
      vertex 24.852 2.39999 27.6284
      vertex 25.2235 2.39999 27.5022
    endloop
  endfacet
  facet normal 0 1 0
    outer loop
      vertex 4 2.39999 2.4
      vertex 26 2.39999 27.4
      vertex 48 2.39999 2.4
    endloop
  endfacet
  facet normal 0 1 0
    outer loop
      vertex 26 2.39999 27.4
      vertex 4 2.39999 2.4
      vertex 25.6084 2.39999 27.4257
    endloop
  endfacet
  facet normal 0 1 0
    outer loop
      vertex 25.6084 2.39999 27.4257
      vertex 4 2.39999 2.4
      vertex 25.2235 2.39999 27.5022
    endloop
  endfacet
  facet normal 0 1 0
    outer loop
      vertex 23.8787 2.39999 28.2787
      vertex 4 2.39999 2.4
      vertex 4 2.39999 32.4
    endloop
  endfacet
  facet normal 0 -1 0
    outer loop
      vertex 4 41.6 2.4
      vertex 48 41.6 32.4
      vertex 4 41.6 32.4
    endloop
  endfacet
  facet normal 0 -1 -0
    outer loop
      vertex 48 41.6 32.4
      vertex 4 41.6 2.4
      vertex 48 41.6 2.4
    endloop
  endfacet
  facet normal 1 -0 0
    outer loop
      vertex 2.39999 4 32.4
      vertex 2.39999 40 2.4
      vertex 2.39999 40 32.4
    endloop
  endfacet
  facet normal 1 0 0
    outer loop
      vertex 2.39999 40 2.4
      vertex 2.39999 4 32.4
      vertex 2.39999 4 2.4
    endloop
  endfacet
  facet normal 0.442295 0.89687 -0
    outer loop
      vertex 3.38771 2.52179 2.4
      vertex 3.2 2.61436 32.4
      vertex 3.38771 2.52179 32.4
    endloop
  endfacet
  facet normal 0.442295 0.89687 0
    outer loop
      vertex 3.2 2.61436 32.4
      vertex 3.38771 2.52179 2.4
      vertex 3.2 2.61436 2.4
    endloop
  endfacet
  facet normal -0.555362 -0.831609 0
    outer loop
      vertex 48.8 41.3856 2.4
      vertex 48.974 41.2694 32.4
      vertex 48.8 41.3856 32.4
    endloop
  endfacet
  facet normal -0.555362 -0.831609 -0
    outer loop
      vertex 48.974 41.2694 32.4
      vertex 48.8 41.3856 2.4
      vertex 48.974 41.2694 2.4
    endloop
  endfacet
  facet normal -0.321526 -0.946901 0
    outer loop
      vertex 48.4141 41.5455 2.4
      vertex 48.6123 41.4782 32.4
      vertex 48.4141 41.5455 32.4
    endloop
  endfacet
  facet normal -0.321526 -0.946901 -0
    outer loop
      vertex 48.6123 41.4782 32.4
      vertex 48.4141 41.5455 2.4
      vertex 48.6123 41.4782 2.4
    endloop
  endfacet
  facet normal 0.997858 -0.0654247 0
    outer loop
      vertex 2.39999 40 32.4
      vertex 2.41368 40.2088 2.4
      vertex 2.41368 40.2088 32.4
    endloop
  endfacet
  facet normal 0.997858 -0.0654247 0
    outer loop
      vertex 2.41368 40.2088 2.4
      vertex 2.39999 40 32.4
      vertex 2.39999 40 2.4
    endloop
  endfacet
  facet normal 0.0654091 0.997859 -0
    outer loop
      vertex 4 2.39999 2.4
      vertex 3.79115 2.41368 32.4
      vertex 4 2.39999 32.4
    endloop
  endfacet
  facet normal 0.0654091 0.997859 0
    outer loop
      vertex 3.79115 2.41368 32.4
      vertex 4 2.39999 2.4
      vertex 3.79115 2.41368 2.4
    endloop
  endfacet
  facet normal 0.321469 0.94692 -0
    outer loop
      vertex 3.58589 2.45451 2.4
      vertex 3.38771 2.52179 32.4
      vertex 3.58589 2.45451 32.4
    endloop
  endfacet
  facet normal 0.321469 0.94692 0
    outer loop
      vertex 3.38771 2.52179 32.4
      vertex 3.58589 2.45451 2.4
      vertex 3.38771 2.52179 2.4
    endloop
  endfacet
  facet normal -0.659248 -0.751925 0
    outer loop
      vertex 48.974 41.2694 2.4
      vertex 49.1314 41.1314 32.4
      vertex 48.974 41.2694 32.4
    endloop
  endfacet
  facet normal -0.659248 -0.751925 -0
    outer loop
      vertex 49.1314 41.1314 32.4
      vertex 48.974 41.2694 2.4
      vertex 49.1314 41.1314 2.4
    endloop
  endfacet
  facet normal -0.442429 -0.896803 0
    outer loop
      vertex 48.6123 41.4782 2.4
      vertex 48.8 41.3856 32.4
      vertex 48.6123 41.4782 32.4
    endloop
  endfacet
  facet normal -0.442429 -0.896803 -0
    outer loop
      vertex 48.8 41.3856 32.4
      vertex 48.6123 41.4782 2.4
      vertex 48.8 41.3856 2.4
    endloop
  endfacet
  facet normal -0.0654722 -0.997854 0
    outer loop
      vertex 48 41.6 2.4
      vertex 48.2088 41.5863 32.4
      vertex 48 41.6 32.4
    endloop
  endfacet
  facet normal -0.0654722 -0.997854 -0
    outer loop
      vertex 48.2088 41.5863 32.4
      vertex 48 41.6 2.4
      vertex 48.2088 41.5863 2.4
    endloop
  endfacet
  facet normal 0.194958 -0.980812 0
    outer loop
      vertex 3.58589 41.5455 2.4
      vertex 3.79115 41.5863 32.4
      vertex 3.58589 41.5455 32.4
    endloop
  endfacet
  facet normal 0.194958 -0.980812 0
    outer loop
      vertex 3.79115 41.5863 32.4
      vertex 3.58589 41.5455 2.4
      vertex 3.79115 41.5863 2.4
    endloop
  endfacet
  facet normal 0.44241 -0.896813 0
    outer loop
      vertex 3.2 41.3856 2.4
      vertex 3.38771 41.4782 32.4
      vertex 3.2 41.3856 32.4
    endloop
  endfacet
  facet normal 0.44241 -0.896813 0
    outer loop
      vertex 3.38771 41.4782 32.4
      vertex 3.2 41.3856 2.4
      vertex 3.38771 41.4782 2.4
    endloop
  endfacet
  facet normal 0.55534 -0.831624 0
    outer loop
      vertex 3.02599 41.2694 2.4
      vertex 3.2 41.3856 32.4
      vertex 3.02599 41.2694 32.4
    endloop
  endfacet
  facet normal 0.55534 -0.831624 0
    outer loop
      vertex 3.2 41.3856 32.4
      vertex 3.02599 41.2694 2.4
      vertex 3.2 41.3856 2.4
    endloop
  endfacet
  facet normal 0.659319 -0.751863 0
    outer loop
      vertex 2.86862 41.1314 2.4
      vertex 3.02599 41.2694 32.4
      vertex 2.86862 41.1314 32.4
    endloop
  endfacet
  facet normal 0.659319 -0.751863 0
    outer loop
      vertex 3.02599 41.2694 32.4
      vertex 2.86862 41.1314 2.4
      vertex 3.02599 41.2694 2.4
    endloop
  endfacet
  facet normal 0.89686 -0.442314 0
    outer loop
      vertex 2.52179 40.6123 32.4
      vertex 2.61436 40.8 2.4
      vertex 2.61436 40.8 32.4
    endloop
  endfacet
  facet normal 0.89686 -0.442314 0
    outer loop
      vertex 2.61436 40.8 2.4
      vertex 2.52179 40.6123 32.4
      vertex 2.52179 40.6123 2.4
    endloop
  endfacet
  facet normal 0.94692 0.321469 0
    outer loop
      vertex 2.52179 3.38771 32.4
      vertex 2.45451 3.58589 2.4
      vertex 2.45451 3.58589 32.4
    endloop
  endfacet
  facet normal 0.94692 0.321469 0
    outer loop
      vertex 2.45451 3.58589 2.4
      vertex 2.52179 3.38771 32.4
      vertex 2.52179 3.38771 2.4
    endloop
  endfacet
  facet normal 0.659265 0.75191 -0
    outer loop
      vertex 3.02599 2.73064 2.4
      vertex 2.86862 2.86862 32.4
      vertex 3.02599 2.73064 32.4
    endloop
  endfacet
  facet normal 0.659265 0.75191 0
    outer loop
      vertex 2.86862 2.86862 32.4
      vertex 3.02599 2.73064 2.4
      vertex 2.86862 2.86862 2.4
    endloop
  endfacet
  facet normal 0.555604 0.831447 -0
    outer loop
      vertex 3.2 2.61436 2.4
      vertex 3.02599 2.73064 32.4
      vertex 3.2 2.61436 32.4
    endloop
  endfacet
  facet normal 0.555604 0.831447 0
    outer loop
      vertex 3.02599 2.73064 32.4
      vertex 3.2 2.61436 2.4
      vertex 3.02599 2.73064 2.4
    endloop
  endfacet
  facet normal 0.195096 0.980784 -0
    outer loop
      vertex 3.79115 2.41368 2.4
      vertex 3.58589 2.45451 32.4
      vertex 3.79115 2.41368 32.4
    endloop
  endfacet
  facet normal 0.195096 0.980784 0
    outer loop
      vertex 3.58589 2.45451 32.4
      vertex 3.79115 2.41368 2.4
      vertex 3.58589 2.45451 2.4
    endloop
  endfacet
  facet normal -0.32144 0.94693 0
    outer loop
      vertex 48.6123 2.52179 2.4
      vertex 48.4141 2.45451 32.4
      vertex 48.6123 2.52179 32.4
    endloop
  endfacet
  facet normal -0.32144 0.94693 0
    outer loop
      vertex 48.4141 2.45451 32.4
      vertex 48.6123 2.52179 2.4
      vertex 48.4141 2.45451 2.4
    endloop
  endfacet
  facet normal -0.194922 -0.980819 0
    outer loop
      vertex 48.2088 41.5863 2.4
      vertex 48.4141 41.5455 32.4
      vertex 48.2088 41.5863 32.4
    endloop
  endfacet
  facet normal -0.194922 -0.980819 -0
    outer loop
      vertex 48.4141 41.5455 32.4
      vertex 48.2088 41.5863 2.4
      vertex 48.4141 41.5455 2.4
    endloop
  endfacet
  facet normal 0.321555 -0.946891 0
    outer loop
      vertex 3.38771 41.4782 2.4
      vertex 3.58589 41.5455 32.4
      vertex 3.38771 41.4782 32.4
    endloop
  endfacet
  facet normal 0.321555 -0.946891 0
    outer loop
      vertex 3.58589 41.5455 32.4
      vertex 3.38771 41.4782 2.4
      vertex 3.58589 41.5455 2.4
    endloop
  endfacet
  facet normal 0.831432 -0.555626 0
    outer loop
      vertex 2.61436 40.8 32.4
      vertex 2.73064 40.974 2.4
      vertex 2.73064 40.974 32.4
    endloop
  endfacet
  facet normal 0.831432 -0.555626 0
    outer loop
      vertex 2.73064 40.974 2.4
      vertex 2.61436 40.8 32.4
      vertex 2.61436 40.8 2.4
    endloop
  endfacet
  facet normal 0.751973 -0.659194 0
    outer loop
      vertex 2.73064 40.974 32.4
      vertex 2.86862 41.1314 2.4
      vertex 2.86862 41.1314 32.4
    endloop
  endfacet
  facet normal 0.751973 -0.659194 0
    outer loop
      vertex 2.86862 41.1314 2.4
      vertex 2.73064 40.974 32.4
      vertex 2.73064 40.974 2.4
    endloop
  endfacet
  facet normal 0.980791 -0.195059 0
    outer loop
      vertex 2.41368 40.2088 32.4
      vertex 2.45451 40.4141 2.4
      vertex 2.45451 40.4141 32.4
    endloop
  endfacet
  facet normal 0.980791 -0.195059 0
    outer loop
      vertex 2.45451 40.4141 2.4
      vertex 2.41368 40.2088 32.4
      vertex 2.41368 40.2088 2.4
    endloop
  endfacet
  facet normal 0.94693 -0.32144 0
    outer loop
      vertex 2.45451 40.4141 32.4
      vertex 2.52179 40.6123 2.4
      vertex 2.52179 40.6123 32.4
    endloop
  endfacet
  facet normal 0.94693 -0.32144 0
    outer loop
      vertex 2.52179 40.6123 2.4
      vertex 2.45451 40.4141 32.4
      vertex 2.45451 40.4141 2.4
    endloop
  endfacet
  facet normal 0.831447 0.555604 0
    outer loop
      vertex 2.73064 3.02599 32.4
      vertex 2.61436 3.2 2.4
      vertex 2.61436 3.2 32.4
    endloop
  endfacet
  facet normal 0.831447 0.555604 0
    outer loop
      vertex 2.61436 3.2 2.4
      vertex 2.73064 3.02599 32.4
      vertex 2.73064 3.02599 2.4
    endloop
  endfacet
  facet normal 0.89687 0.442295 0
    outer loop
      vertex 2.61436 3.2 32.4
      vertex 2.52179 3.38771 2.4
      vertex 2.52179 3.38771 32.4
    endloop
  endfacet
  facet normal 0.89687 0.442295 0
    outer loop
      vertex 2.52179 3.38771 2.4
      vertex 2.61436 3.2 32.4
      vertex 2.61436 3.2 2.4
    endloop
  endfacet
  facet normal 0 0 1
    outer loop
      vertex 11.1786 24.8214 2.4
      vertex 6.5 34 2.4
      vertex 11.1777 24.8203 2.4
    endloop
  endfacet
  facet normal 0 0 1
    outer loop
      vertex 10.0099 22 2.4
      vertex 9.97006 6.95684 2.4
      vertex 10 6.5 2.4
    endloop
  endfacet
  facet normal 0 0 1
    outer loop
      vertex 11.1777 24.8203 2.4
      vertex 6.5 34 2.4
      vertex 10.8345 24.429 2.4
    endloop
  endfacet
  facet normal 0 0 1
    outer loop
      vertex 10.0099 22 2.4
      vertex 9.88074 7.40587 2.4
      vertex 9.97006 6.95684 2.4
    endloop
  endfacet
  facet normal 0 0 1
    outer loop
      vertex 6.04316 34.0299 2.4
      vertex 10.8345 24.429 2.4
      vertex 6.5 34 2.4
    endloop
  endfacet
  facet normal 0 0 1
    outer loop
      vertex 10.0099 22 2.4
      vertex 9.73358 7.83939 2.4
      vertex 9.88074 7.40587 2.4
    endloop
  endfacet
  facet normal 0 0 1
    outer loop
      vertex 10.8345 24.429 2.4
      vertex 6.04316 34.0299 2.4
      vertex 10.8337 24.4278 2.4
    endloop
  endfacet
  facet normal 0 0 1
    outer loop
      vertex 10.0099 22 2.4
      vertex 9.53109 8.25 2.4
      vertex 9.73358 7.83939 2.4
    endloop
  endfacet
  facet normal 0 0 1
    outer loop
      vertex 10.8337 24.4278 2.4
      vertex 6.04316 34.0299 2.4
      vertex 10.5445 23.995 2.4
    endloop
  endfacet
  facet normal 0 0 1
    outer loop
      vertex 10.0099 22 2.4
      vertex 9.27674 8.63066 2.4
      vertex 9.53109 8.25 2.4
    endloop
  endfacet
  facet normal 0 0 1
    outer loop
      vertex 5.59413 34.1193 2.4
      vertex 10.5445 23.995 2.4
      vertex 6.04316 34.0299 2.4
    endloop
  endfacet
  facet normal 0 0 1
    outer loop
      vertex 10.0099 22 2.4
      vertex 8.97487 8.97487 2.4
      vertex 9.27674 8.63066 2.4
    endloop
  endfacet
  facet normal 0 0 1
    outer loop
      vertex 10.5445 23.995 2.4
      vertex 5.59413 34.1193 2.4
      vertex 10.3143 23.5282 2.4
    endloop
  endfacet
  facet normal 0 0 1
    outer loop
      vertex 10.0099 22 2.4
      vertex 8.63066 9.27674 2.4
      vertex 8.97487 8.97487 2.4
    endloop
  endfacet
  facet normal 0 0 1
    outer loop
      vertex 10.3143 23.5282 2.4
      vertex 5.59413 34.1193 2.4
      vertex 10.3137 23.5269 2.4
    endloop
  endfacet
  facet normal 0 0 1
    outer loop
      vertex 10.0099 22 2.4
      vertex 8.25 9.53109 2.4
      vertex 8.63066 9.27674 2.4
    endloop
  endfacet
  facet normal 0 0 1
    outer loop
      vertex 5.16061 34.2664 2.4
      vertex 10.3137 23.5269 2.4
      vertex 5.59413 34.1193 2.4
    endloop
  endfacet
  facet normal 0 0 1
    outer loop
      vertex 10.0099 22 2.4
      vertex 7.83939 9.73358 2.4
      vertex 8.25 9.53109 2.4
    endloop
  endfacet
  facet normal 0 0 1
    outer loop
      vertex 10.3137 23.5269 2.4
      vertex 5.16061 34.2664 2.4
      vertex 10.1464 23.0341 2.4
    endloop
  endfacet
  facet normal 0 0 1
    outer loop
      vertex 10.0099 22 2.4
      vertex 7.40587 9.88074 2.4
      vertex 7.83939 9.73358 2.4
    endloop
  endfacet
  facet normal 0 0 1
    outer loop
      vertex 10.1464 23.0341 2.4
      vertex 5.16061 34.2664 2.4
      vertex 10.1459 23.0327 2.4
    endloop
  endfacet
  facet normal 0 0 1
    outer loop
      vertex 10.0099 22 2.4
      vertex 6.95684 9.97006 2.4
      vertex 7.40587 9.88074 2.4
    endloop
  endfacet
  facet normal 0 0 1
    outer loop
      vertex 4.75 34.4689 2.4
      vertex 10.1459 23.0327 2.4
      vertex 5.16061 34.2664 2.4
    endloop
  endfacet
  facet normal 0 0 1
    outer loop
      vertex 10.0099 22 2.4
      vertex 6.5 10 2.4
      vertex 6.95684 9.97006 2.4
    endloop
  endfacet
  facet normal 0 0 1
    outer loop
      vertex 10.1459 23.0327 2.4
      vertex 4.75 34.4689 2.4
      vertex 10.1456 23.0313 2.4
    endloop
  endfacet
  facet normal 0 0 1
    outer loop
      vertex 10.0099 22 2.4
      vertex 6.04316 9.97006 2.4
      vertex 6.5 10 2.4
    endloop
  endfacet
  facet normal 0 0 1
    outer loop
      vertex 10.1456 23.0313 2.4
      vertex 4.75 34.4689 2.4
      vertex 10.0441 22.5208 2.4
    endloop
  endfacet
  facet normal 0 0 1
    outer loop
      vertex 10.0099 22 2.4
      vertex 5.59413 9.88074 2.4
      vertex 6.04316 9.97006 2.4
    endloop
  endfacet
  facet normal 0 0 1
    outer loop
      vertex 4.36933 34.7233 2.4
      vertex 10.0441 22.5208 2.4
      vertex 4.75 34.4689 2.4
    endloop
  endfacet
  facet normal 0 0 1
    outer loop
      vertex 10.0099 22 2.4
      vertex 5.16061 9.73358 2.4
      vertex 5.59413 9.88074 2.4
    endloop
  endfacet
  facet normal 0 0 1
    outer loop
      vertex 10.0441 22.5208 2.4
      vertex 4.36933 34.7233 2.4
      vertex 10.0099 22 2.4
    endloop
  endfacet
  facet normal 0 0 1
    outer loop
      vertex 10.0099 22 2.4
      vertex 4.75 9.53109 2.4
      vertex 5.16061 9.73358 2.4
    endloop
  endfacet
  facet normal 0 0 1
    outer loop
      vertex 4.36933 9.27674 2.4
      vertex 10.0099 22 2.4
      vertex 4.36933 34.7233 2.4
    endloop
  endfacet
  facet normal 0 0 1
    outer loop
      vertex 10.0099 22 2.4
      vertex 4.36933 9.27674 2.4
      vertex 4.75 9.53109 2.4
    endloop
  endfacet
  facet normal 0 0 1
    outer loop
      vertex 4.02513 35.0251 2.4
      vertex 4.36933 9.27674 2.4
      vertex 4.36933 34.7233 2.4
    endloop
  endfacet
  facet normal 0 0 1
    outer loop
      vertex 4.02513 35.0251 2.4
      vertex 4.02513 8.97487 2.4
      vertex 4.36933 9.27674 2.4
    endloop
  endfacet
  facet normal 0 0 1
    outer loop
      vertex 3.72326 35.3693 2.4
      vertex 4.02513 8.97487 2.4
      vertex 4.02513 35.0251 2.4
    endloop
  endfacet
  facet normal 0 0 1
    outer loop
      vertex 3.72326 35.3693 2.4
      vertex 3.72326 8.63066 2.4
      vertex 4.02513 8.97487 2.4
    endloop
  endfacet
  facet normal 0 0 1
    outer loop
      vertex 3.46891 35.75 2.4
      vertex 3.72326 8.63066 2.4
      vertex 3.72326 35.3693 2.4
    endloop
  endfacet
  facet normal 0 0 1
    outer loop
      vertex 3.46891 35.75 2.4
      vertex 3.46891 8.25 2.4
      vertex 3.72326 8.63066 2.4
    endloop
  endfacet
  facet normal 0 0 1
    outer loop
      vertex 3.26642 36.1606 2.4
      vertex 3.46891 8.25 2.4
      vertex 3.46891 35.75 2.4
    endloop
  endfacet
  facet normal 0 0 1
    outer loop
      vertex 3.26642 36.1606 2.4
      vertex 3.26642 7.83939 2.4
      vertex 3.46891 8.25 2.4
    endloop
  endfacet
  facet normal 0 0 1
    outer loop
      vertex 3.11926 36.5941 2.4
      vertex 3.26642 7.83939 2.4
      vertex 3.26642 36.1606 2.4
    endloop
  endfacet
  facet normal 0 0 1
    outer loop
      vertex 3.11926 36.5941 2.4
      vertex 3.11926 7.40587 2.4
      vertex 3.26642 7.83939 2.4
    endloop
  endfacet
  facet normal 0 0 1
    outer loop
      vertex 3.02994 37.0432 2.4
      vertex 3.11926 7.40587 2.4
      vertex 3.11926 36.5941 2.4
    endloop
  endfacet
  facet normal 0 0 1
    outer loop
      vertex 3.02994 37.0432 2.4
      vertex 3.02994 6.95684 2.4
      vertex 3.11926 7.40587 2.4
    endloop
  endfacet
  facet normal 0 0 1
    outer loop
      vertex 2.39999 40 2.4
      vertex 3.02994 37.0432 2.4
      vertex 3 37.5 2.4
    endloop
  endfacet
  facet normal 0 0 1
    outer loop
      vertex 3.02994 37.0432 2.4
      vertex 2.39999 40 2.4
      vertex 3.02994 6.95684 2.4
    endloop
  endfacet
  facet normal -0 0 1
    outer loop
      vertex 48.9701 6.95684 2.4
      vertex 49.6 4 2.4
      vertex 48.9701 37.0432 2.4
    endloop
  endfacet
  facet normal 0 0 1
    outer loop
      vertex 49.6 4 2.4
      vertex 48.9701 6.95684 2.4
      vertex 49 6.5 2.4
    endloop
  endfacet
  facet normal -0 0 1
    outer loop
      vertex 48.8807 36.5941 2.4
      vertex 48.9701 6.95684 2.4
      vertex 48.9701 37.0432 2.4
    endloop
  endfacet
  facet normal 0 0 1
    outer loop
      vertex 48.8807 36.5941 2.4
      vertex 48.8807 7.40587 2.4
      vertex 48.9701 6.95684 2.4
    endloop
  endfacet
  facet normal -0 0 1
    outer loop
      vertex 48.7336 36.1606 2.4
      vertex 48.8807 7.40587 2.4
      vertex 48.8807 36.5941 2.4
    endloop
  endfacet
  facet normal 0 0 1
    outer loop
      vertex 48.7336 36.1606 2.4
      vertex 48.7336 7.83939 2.4
      vertex 48.8807 7.40587 2.4
    endloop
  endfacet
  facet normal -0 0 1
    outer loop
      vertex 48.5311 35.75 2.4
      vertex 48.7336 7.83939 2.4
      vertex 48.7336 36.1606 2.4
    endloop
  endfacet
  facet normal 0 0 1
    outer loop
      vertex 48.5311 35.75 2.4
      vertex 48.5311 8.25 2.4
      vertex 48.7336 7.83939 2.4
    endloop
  endfacet
  facet normal -0 0 1
    outer loop
      vertex 48.2767 35.3693 2.4
      vertex 48.5311 8.25 2.4
      vertex 48.5311 35.75 2.4
    endloop
  endfacet
  facet normal 0 0 1
    outer loop
      vertex 48.2767 35.3693 2.4
      vertex 48.2767 8.63066 2.4
      vertex 48.5311 8.25 2.4
    endloop
  endfacet
  facet normal -0 0 1
    outer loop
      vertex 47.9749 35.0251 2.4
      vertex 48.2767 8.63066 2.4
      vertex 48.2767 35.3693 2.4
    endloop
  endfacet
  facet normal 0 0 1
    outer loop
      vertex 47.9749 35.0251 2.4
      vertex 47.9749 8.97487 2.4
      vertex 48.2767 8.63066 2.4
    endloop
  endfacet
  facet normal -0 0 1
    outer loop
      vertex 47.6307 34.7233 2.4
      vertex 47.9749 8.97487 2.4
      vertex 47.9749 35.0251 2.4
    endloop
  endfacet
  facet normal 0 0 1
    outer loop
      vertex 47.6307 34.7233 2.4
      vertex 47.6307 9.27674 2.4
      vertex 47.9749 8.97487 2.4
    endloop
  endfacet
  facet normal 0 0 1
    outer loop
      vertex 41.9559 22.5208 2.4
      vertex 47.6307 34.7233 2.4
      vertex 47.25 34.4689 2.4
    endloop
  endfacet
  facet normal 0 0 1
    outer loop
      vertex 47.6307 34.7233 2.4
      vertex 41.9901 22 2.4
      vertex 47.6307 9.27674 2.4
    endloop
  endfacet
  facet normal 0 0 1
    outer loop
      vertex 41.8541 23.0327 2.4
      vertex 47.25 34.4689 2.4
      vertex 46.8394 34.2664 2.4
    endloop
  endfacet
  facet normal -0 0 1
    outer loop
      vertex 41.99 21.9986 2.4
      vertex 47.6307 9.27674 2.4
      vertex 41.9901 22 2.4
    endloop
  endfacet
  facet normal 0 0 1
    outer loop
      vertex 41.6863 23.5269 2.4
      vertex 46.8394 34.2664 2.4
      vertex 46.4059 34.1193 2.4
    endloop
  endfacet
  facet normal -0 0 1
    outer loop
      vertex 41.9559 21.4792 2.4
      vertex 47.6307 9.27674 2.4
      vertex 41.99 21.9986 2.4
    endloop
  endfacet
  facet normal 0 0 1
    outer loop
      vertex 41.4555 23.995 2.4
      vertex 46.4059 34.1193 2.4
      vertex 45.9568 34.0299 2.4
    endloop
  endfacet
  facet normal 0 0 1
    outer loop
      vertex 47.6307 9.27674 2.4
      vertex 41.9559 21.4792 2.4
      vertex 47.25 9.53109 2.4
    endloop
  endfacet
  facet normal 0 0 1
    outer loop
      vertex 41.1655 24.429 2.4
      vertex 45.9568 34.0299 2.4
      vertex 45.5 34 2.4
    endloop
  endfacet
  facet normal -0 0 1
    outer loop
      vertex 41.8544 20.9687 2.4
      vertex 47.25 9.53109 2.4
      vertex 41.9559 21.4792 2.4
    endloop
  endfacet
  facet normal 0 0 1
    outer loop
      vertex 40.8214 24.8214 2.4
      vertex 45.5 34 2.4
      vertex 45.0432 34.0299 2.4
    endloop
  endfacet
  facet normal -0 0 1
    outer loop
      vertex 41.8541 20.9673 2.4
      vertex 47.25 9.53109 2.4
      vertex 41.8544 20.9687 2.4
    endloop
  endfacet
  facet normal 0 0 1
    outer loop
      vertex 40.429 25.1655 2.4
      vertex 45.0432 34.0299 2.4
      vertex 44.5941 34.1193 2.4
    endloop
  endfacet
  facet normal 0 0 1
    outer loop
      vertex 47.25 9.53109 2.4
      vertex 41.8541 20.9673 2.4
      vertex 46.8394 9.73358 2.4
    endloop
  endfacet
  facet normal 0 0 1
    outer loop
      vertex 39.995 25.4555 2.4
      vertex 44.5941 34.1193 2.4
      vertex 44.1606 34.2664 2.4
    endloop
  endfacet
  facet normal -0 0 1
    outer loop
      vertex 41.8536 20.9659 2.4
      vertex 46.8394 9.73358 2.4
      vertex 41.8541 20.9673 2.4
    endloop
  endfacet
  facet normal 0 0 1
    outer loop
      vertex 39.5282 25.6857 2.4
      vertex 44.1606 34.2664 2.4
      vertex 43.75 34.4689 2.4
    endloop
  endfacet
  facet normal -0 0 1
    outer loop
      vertex 41.6863 20.4731 2.4
      vertex 46.8394 9.73358 2.4
      vertex 41.8536 20.9659 2.4
    endloop
  endfacet
  facet normal 0 0 1
    outer loop
      vertex 39.0341 25.8536 2.4
      vertex 43.75 34.4689 2.4
      vertex 43.3693 34.7233 2.4
    endloop
  endfacet
  facet normal 0 0 1
    outer loop
      vertex 46.8394 9.73358 2.4
      vertex 41.6863 20.4731 2.4
      vertex 46.4059 9.88074 2.4
    endloop
  endfacet
  facet normal 0 0 1
    outer loop
      vertex 39.0313 25.8544 2.4
      vertex 43.3693 34.7233 2.4
      vertex 43.0251 35.0251 2.4
    endloop
  endfacet
  facet normal -0 0 1
    outer loop
      vertex 41.6857 20.4718 2.4
      vertex 46.4059 9.88074 2.4
      vertex 41.6863 20.4731 2.4
    endloop
  endfacet
  facet normal 0 0 1
    outer loop
      vertex 38.5208 25.9559 2.4
      vertex 43.0251 35.0251 2.4
      vertex 42.7233 35.3693 2.4
    endloop
  endfacet
  facet normal -0 0 1
    outer loop
      vertex 41.4555 20.005 2.4
      vertex 46.4059 9.88074 2.4
      vertex 41.6857 20.4718 2.4
    endloop
  endfacet
  facet normal 0 0 1
    outer loop
      vertex 37.9986 25.99 2.4
      vertex 42.7233 35.3693 2.4
      vertex 42.4689 35.75 2.4
    endloop
  endfacet
  facet normal 0 0 1
    outer loop
      vertex 46.4059 9.88074 2.4
      vertex 41.4555 20.005 2.4
      vertex 45.9568 9.97006 2.4
    endloop
  endfacet
  facet normal 0 0 1
    outer loop
      vertex 37.4792 25.9559 2.4
      vertex 42.4689 35.75 2.4
      vertex 42.2664 36.1606 2.4
    endloop
  endfacet
  facet normal -0 0 1
    outer loop
      vertex 41.1663 19.5722 2.4
      vertex 45.9568 9.97006 2.4
      vertex 41.4555 20.005 2.4
    endloop
  endfacet
  facet normal 0 0 1
    outer loop
      vertex 36.9673 25.8541 2.4
      vertex 42.2664 36.1606 2.4
      vertex 42.1193 36.5941 2.4
    endloop
  endfacet
  facet normal -0 0 1
    outer loop
      vertex 41.1655 19.571 2.4
      vertex 45.9568 9.97006 2.4
      vertex 41.1663 19.5722 2.4
    endloop
  endfacet
  facet normal 0 0 1
    outer loop
      vertex 36.4731 25.6863 2.4
      vertex 42.1193 36.5941 2.4
      vertex 42.0299 37.0432 2.4
    endloop
  endfacet
  facet normal 0 0 1
    outer loop
      vertex 45.9568 9.97006 2.4
      vertex 41.1655 19.571 2.4
      vertex 45.5 10 2.4
    endloop
  endfacet
  facet normal 0 0 1
    outer loop
      vertex 26.7765 24.8978 2.4
      vertex 42.0299 37.0432 2.4
      vertex 42 37.5 2.4
    endloop
  endfacet
  facet normal -0 0 1
    outer loop
      vertex 40.8223 19.1797 2.4
      vertex 45.5 10 2.4
      vertex 41.1655 19.571 2.4
    endloop
  endfacet
  facet normal 0 0 1
    outer loop
      vertex 48.2767 39.6307 2.4
      vertex 49.6 40 2.4
      vertex 49.5863 40.2088 2.4
    endloop
  endfacet
  facet normal 0 0 1
    outer loop
      vertex 48.9701 37.0432 2.4
      vertex 49.6 40 2.4
      vertex 49 37.5 2.4
    endloop
  endfacet
  facet normal 0 0 1
    outer loop
      vertex 48.2767 39.6307 2.4
      vertex 49.5863 40.2088 2.4
      vertex 49.5455 40.4141 2.4
    endloop
  endfacet
  facet normal 0 0 1
    outer loop
      vertex 49.6 40 2.4
      vertex 48.9701 37.0432 2.4
      vertex 49.6 4 2.4
    endloop
  endfacet
  facet normal 0 0 1
    outer loop
      vertex 48.2767 39.6307 2.4
      vertex 49.5455 40.4141 2.4
      vertex 49.4782 40.6123 2.4
    endloop
  endfacet
  facet normal -0 0 1
    outer loop
      vertex 48.9701 6.04316 2.4
      vertex 49.6 4 2.4
      vertex 49 6.5 2.4
    endloop
  endfacet
  facet normal 0 0 1
    outer loop
      vertex 47.9749 39.9749 2.4
      vertex 49.4782 40.6123 2.4
      vertex 49.3856 40.8 2.4
    endloop
  endfacet
  facet normal -0 0 1
    outer loop
      vertex 48.8807 5.59413 2.4
      vertex 49.6 4 2.4
      vertex 48.9701 6.04316 2.4
    endloop
  endfacet
  facet normal 0 0 1
    outer loop
      vertex 47.9749 39.9749 2.4
      vertex 49.3856 40.8 2.4
      vertex 49.2694 40.974 2.4
    endloop
  endfacet
  facet normal -0 0 1
    outer loop
      vertex 48.7336 5.16061 2.4
      vertex 49.6 4 2.4
      vertex 48.8807 5.59413 2.4
    endloop
  endfacet
  facet normal 0 0 1
    outer loop
      vertex 47.9749 39.9749 2.4
      vertex 49.2694 40.974 2.4
      vertex 49.1314 41.1314 2.4
    endloop
  endfacet
  facet normal -0 0 1
    outer loop
      vertex 48.5311 4.75 2.4
      vertex 49.6 4 2.4
      vertex 48.7336 5.16061 2.4
    endloop
  endfacet
  facet normal -0 0 1
    outer loop
      vertex 48.2767 4.36933 2.4
      vertex 49.6 4 2.4
      vertex 48.5311 4.75 2.4
    endloop
  endfacet
  facet normal 0 0 1
    outer loop
      vertex 47.9749 39.9749 2.4
      vertex 49.1314 41.1314 2.4
      vertex 48.974 41.2694 2.4
    endloop
  endfacet
  facet normal 0 0 1
    outer loop
      vertex 49.6 40 2.4
      vertex 48.9701 37.9568 2.4
      vertex 49 37.5 2.4
    endloop
  endfacet
  facet normal 0 0 1
    outer loop
      vertex 49.6 40 2.4
      vertex 48.8807 38.4059 2.4
      vertex 48.9701 37.9568 2.4
    endloop
  endfacet
  facet normal 0 0 1
    outer loop
      vertex 47.9749 39.9749 2.4
      vertex 48.974 41.2694 2.4
      vertex 48.8 41.3856 2.4
    endloop
  endfacet
  facet normal 0 0 1
    outer loop
      vertex 49.6 40 2.4
      vertex 48.7336 38.8394 2.4
      vertex 48.8807 38.4059 2.4
    endloop
  endfacet
  facet normal 0 0 1
    outer loop
      vertex 47.9749 39.9749 2.4
      vertex 48.8 41.3856 2.4
      vertex 48.6123 41.4782 2.4
    endloop
  endfacet
  facet normal 0 0 1
    outer loop
      vertex 49.6 40 2.4
      vertex 48.5311 39.25 2.4
      vertex 48.7336 38.8394 2.4
    endloop
  endfacet
  facet normal 0 0 1
    outer loop
      vertex 47.6307 40.2767 2.4
      vertex 48.6123 41.4782 2.4
      vertex 48.4141 41.5455 2.4
    endloop
  endfacet
  facet normal 0 0 1
    outer loop
      vertex 49.6 40 2.4
      vertex 48.2767 39.6307 2.4
      vertex 48.5311 39.25 2.4
    endloop
  endfacet
  facet normal 0 0 1
    outer loop
      vertex 47.6307 40.2767 2.4
      vertex 48.4141 41.5455 2.4
      vertex 48.2088 41.5863 2.4
    endloop
  endfacet
  facet normal 0 0 1
    outer loop
      vertex 47.6307 40.2767 2.4
      vertex 48.2088 41.5863 2.4
      vertex 48 41.6 2.4
    endloop
  endfacet
  facet normal 0 0 1
    outer loop
      vertex 49.4782 40.6123 2.4
      vertex 47.9749 39.9749 2.4
      vertex 48.2767 39.6307 2.4
    endloop
  endfacet
  facet normal 0 0 1
    outer loop
      vertex 48.6123 41.4782 2.4
      vertex 47.6307 40.2767 2.4
      vertex 47.9749 39.9749 2.4
    endloop
  endfacet
  facet normal 0 0 1
    outer loop
      vertex 48 41.6 2.4
      vertex 47.25 40.5311 2.4
      vertex 47.6307 40.2767 2.4
    endloop
  endfacet
  facet normal 0 0 1
    outer loop
      vertex 48 41.6 2.4
      vertex 46.8394 40.7336 2.4
      vertex 47.25 40.5311 2.4
    endloop
  endfacet
  facet normal 0 0 1
    outer loop
      vertex 48 41.6 2.4
      vertex 46.4059 40.8807 2.4
      vertex 46.8394 40.7336 2.4
    endloop
  endfacet
  facet normal 0 0 1
    outer loop
      vertex 48 41.6 2.4
      vertex 45.9568 40.9701 2.4
      vertex 46.4059 40.8807 2.4
    endloop
  endfacet
  facet normal 0 0 1
    outer loop
      vertex 48 41.6 2.4
      vertex 45.5 41 2.4
      vertex 45.9568 40.9701 2.4
    endloop
  endfacet
  facet normal 0 0 1
    outer loop
      vertex 48 41.6 2.4
      vertex 45.0432 40.9701 2.4
      vertex 45.5 41 2.4
    endloop
  endfacet
  facet normal 0 0 1
    outer loop
      vertex 48 41.6 2.4
      vertex 44.5941 40.8807 2.4
      vertex 45.0432 40.9701 2.4
    endloop
  endfacet
  facet normal -0 0 1
    outer loop
      vertex 40.8214 19.1786 2.4
      vertex 45.5 10 2.4
      vertex 40.8223 19.1797 2.4
    endloop
  endfacet
  facet normal 0 0 1
    outer loop
      vertex 47.6307 34.7233 2.4
      vertex 41.99 22.0014 2.4
      vertex 41.9901 22 2.4
    endloop
  endfacet
  facet normal 0 0 1
    outer loop
      vertex 47.6307 34.7233 2.4
      vertex 41.9559 22.5208 2.4
      vertex 41.99 22.0014 2.4
    endloop
  endfacet
  facet normal 0 0 1
    outer loop
      vertex 47.25 34.4689 2.4
      vertex 41.8544 23.0313 2.4
      vertex 41.9559 22.5208 2.4
    endloop
  endfacet
  facet normal 0 0 1
    outer loop
      vertex 47.25 34.4689 2.4
      vertex 41.8541 23.0327 2.4
      vertex 41.8544 23.0313 2.4
    endloop
  endfacet
  facet normal 0 0 1
    outer loop
      vertex 46.8394 34.2664 2.4
      vertex 41.8536 23.0341 2.4
      vertex 41.8541 23.0327 2.4
    endloop
  endfacet
  facet normal 0 0 1
    outer loop
      vertex 46.8394 34.2664 2.4
      vertex 41.6863 23.5269 2.4
      vertex 41.8536 23.0341 2.4
    endloop
  endfacet
  facet normal 0 0 1
    outer loop
      vertex 46.4059 34.1193 2.4
      vertex 41.6857 23.5282 2.4
      vertex 41.6863 23.5269 2.4
    endloop
  endfacet
  facet normal 0 0 1
    outer loop
      vertex 46.4059 34.1193 2.4
      vertex 41.4555 23.995 2.4
      vertex 41.6857 23.5282 2.4
    endloop
  endfacet
  facet normal 0 0 1
    outer loop
      vertex 45.9568 34.0299 2.4
      vertex 41.1663 24.4278 2.4
      vertex 41.4555 23.995 2.4
    endloop
  endfacet
  facet normal 0 0 1
    outer loop
      vertex 45.9568 34.0299 2.4
      vertex 41.1655 24.429 2.4
      vertex 41.1663 24.4278 2.4
    endloop
  endfacet
  facet normal 0 0 1
    outer loop
      vertex 45.5 34 2.4
      vertex 40.8223 24.8203 2.4
      vertex 41.1655 24.429 2.4
    endloop
  endfacet
  facet normal 0 0 1
    outer loop
      vertex 26.3916 24.9743 2.4
      vertex 42 37.5 2.4
      vertex 42.0299 37.9568 2.4
    endloop
  endfacet
  facet normal 0 0 1
    outer loop
      vertex 45.5 34 2.4
      vertex 40.8214 24.8214 2.4
      vertex 40.8223 24.8203 2.4
    endloop
  endfacet
  facet normal 0 0 1
    outer loop
      vertex 45.0432 34.0299 2.4
      vertex 40.8203 24.8223 2.4
      vertex 40.8214 24.8214 2.4
    endloop
  endfacet
  facet normal 0 0 1
    outer loop
      vertex 45.0432 34.0299 2.4
      vertex 40.429 25.1655 2.4
      vertex 40.8203 24.8223 2.4
    endloop
  endfacet
  facet normal 0 0 1
    outer loop
      vertex 44.5941 34.1193 2.4
      vertex 40.4278 25.1663 2.4
      vertex 40.429 25.1655 2.4
    endloop
  endfacet
  facet normal 0 0 1
    outer loop
      vertex 44.5941 34.1193 2.4
      vertex 39.995 25.4555 2.4
      vertex 40.4278 25.1663 2.4
    endloop
  endfacet
  facet normal 0 0 1
    outer loop
      vertex 44.1606 34.2664 2.4
      vertex 39.5282 25.6857 2.4
      vertex 39.995 25.4555 2.4
    endloop
  endfacet
  facet normal 0 0 1
    outer loop
      vertex 26 25 2.4
      vertex 42.0299 37.9568 2.4
      vertex 42.1193 38.4059 2.4
    endloop
  endfacet
  facet normal 0 0 1
    outer loop
      vertex 43.75 34.4689 2.4
      vertex 39.5269 25.6863 2.4
      vertex 39.5282 25.6857 2.4
    endloop
  endfacet
  facet normal 0 0 1
    outer loop
      vertex 43.75 34.4689 2.4
      vertex 39.0341 25.8536 2.4
      vertex 39.5269 25.6863 2.4
    endloop
  endfacet
  facet normal 0 0 1
    outer loop
      vertex 43.3693 34.7233 2.4
      vertex 39.0327 25.8541 2.4
      vertex 39.0341 25.8536 2.4
    endloop
  endfacet
  facet normal 0 0 1
    outer loop
      vertex 43.3693 34.7233 2.4
      vertex 39.0313 25.8544 2.4
      vertex 39.0327 25.8541 2.4
    endloop
  endfacet
  facet normal 0 0 1
    outer loop
      vertex 43.0251 35.0251 2.4
      vertex 38.5208 25.9559 2.4
      vertex 39.0313 25.8544 2.4
    endloop
  endfacet
  facet normal 0 0 1
    outer loop
      vertex 42.7233 35.3693 2.4
      vertex 38.0014 25.99 2.4
      vertex 38.5208 25.9559 2.4
    endloop
  endfacet
  facet normal 0 0 1
    outer loop
      vertex 42.7233 35.3693 2.4
      vertex 38 25.9901 2.4
      vertex 38.0014 25.99 2.4
    endloop
  endfacet
  facet normal 0 0 1
    outer loop
      vertex 42.7233 35.3693 2.4
      vertex 37.9986 25.99 2.4
      vertex 38 25.9901 2.4
    endloop
  endfacet
  facet normal 0 0 1
    outer loop
      vertex 42.4689 35.75 2.4
      vertex 37.4792 25.9559 2.4
      vertex 37.9986 25.99 2.4
    endloop
  endfacet
  facet normal 0 0 1
    outer loop
      vertex 9.88074 38.4059 2.4
      vertex 42.1193 38.4059 2.4
      vertex 42.2664 38.8394 2.4
    endloop
  endfacet
  facet normal 0 0 1
    outer loop
      vertex 42.2664 36.1606 2.4
      vertex 36.9687 25.8544 2.4
      vertex 37.4792 25.9559 2.4
    endloop
  endfacet
  facet normal 0 0 1
    outer loop
      vertex 42.2664 36.1606 2.4
      vertex 36.9673 25.8541 2.4
      vertex 36.9687 25.8544 2.4
    endloop
  endfacet
  facet normal 0 0 1
    outer loop
      vertex 42.1193 36.5941 2.4
      vertex 36.9659 25.8536 2.4
      vertex 36.9673 25.8541 2.4
    endloop
  endfacet
  facet normal 0 0 1
    outer loop
      vertex 42.1193 36.5941 2.4
      vertex 36.4731 25.6863 2.4
      vertex 36.9659 25.8536 2.4
    endloop
  endfacet
  facet normal 0 0 1
    outer loop
      vertex 42.0299 37.0432 2.4
      vertex 36.4718 25.6857 2.4
      vertex 36.4731 25.6863 2.4
    endloop
  endfacet
  facet normal 0 0 1
    outer loop
      vertex 42.0299 37.0432 2.4
      vertex 36.005 25.4555 2.4
      vertex 36.4718 25.6857 2.4
    endloop
  endfacet
  facet normal 0 0 1
    outer loop
      vertex 42.0299 37.0432 2.4
      vertex 27.148 24.7716 2.4
      vertex 36.005 25.4555 2.4
    endloop
  endfacet
  facet normal 0 0 1
    outer loop
      vertex 36.005 25.4555 2.4
      vertex 27.148 24.7716 2.4
      vertex 35.5722 25.1663 2.4
    endloop
  endfacet
  facet normal 0 -0 1
    outer loop
      vertex 27.5 24.5981 2.4
      vertex 35.5722 25.1663 2.4
      vertex 27.148 24.7716 2.4
    endloop
  endfacet
  facet normal 0 0 1
    outer loop
      vertex 9.73358 38.8394 2.4
      vertex 42.2664 38.8394 2.4
      vertex 42.4689 39.25 2.4
    endloop
  endfacet
  facet normal 0 0 1
    outer loop
      vertex 35.5722 25.1663 2.4
      vertex 27.5 24.5981 2.4
      vertex 35.571 25.1655 2.4
    endloop
  endfacet
  facet normal 0 0 1
    outer loop
      vertex 35.571 25.1655 2.4
      vertex 27.5 24.5981 2.4
      vertex 35.1797 24.8223 2.4
    endloop
  endfacet
  facet normal 0 -0 1
    outer loop
      vertex 27.8263 24.3801 2.4
      vertex 35.1797 24.8223 2.4
      vertex 27.5 24.5981 2.4
    endloop
  endfacet
  facet normal 0 0 1
    outer loop
      vertex 35.1797 24.8223 2.4
      vertex 27.8263 24.3801 2.4
      vertex 35.1786 24.8214 2.4
    endloop
  endfacet
  facet normal 0 0 1
    outer loop
      vertex 35.1786 24.8214 2.4
      vertex 27.8263 24.3801 2.4
      vertex 35.1777 24.8203 2.4
    endloop
  endfacet
  facet normal -0 0 1
    outer loop
      vertex 28.7716 23.148 2.4
      vertex 34.1464 23.0341 2.4
      vertex 34.3137 23.5269 2.4
    endloop
  endfacet
  facet normal 0 0 1
    outer loop
      vertex 28.8978 22.7765 2.4
      vertex 34.1456 23.0313 2.4
      vertex 34.1459 23.0327 2.4
    endloop
  endfacet
  facet normal 0 0 1
    outer loop
      vertex 34.01 22.0014 2.4
      vertex 29 22 2.4
      vertex 34.0099 22 2.4
    endloop
  endfacet
  facet normal -0 0 1
    outer loop
      vertex 28.9743 22.3916 2.4
      vertex 34.01 22.0014 2.4
      vertex 34.0441 22.5208 2.4
    endloop
  endfacet
  facet normal 0 0 1
    outer loop
      vertex 34.1456 23.0313 2.4
      vertex 28.8978 22.7765 2.4
      vertex 34.0441 22.5208 2.4
    endloop
  endfacet
  facet normal 0 0 1
    outer loop
      vertex 34.1464 23.0341 2.4
      vertex 28.7716 23.148 2.4
      vertex 34.1459 23.0327 2.4
    endloop
  endfacet
  facet normal 0 0 1
    outer loop
      vertex 28.5981 23.5 2.4
      vertex 34.3137 23.5269 2.4
      vertex 34.3143 23.5282 2.4
    endloop
  endfacet
  facet normal 0 0 1
    outer loop
      vertex 28.5981 23.5 2.4
      vertex 34.3143 23.5282 2.4
      vertex 34.5445 23.995 2.4
    endloop
  endfacet
  facet normal 0 -0 1
    outer loop
      vertex 28.1213 24.1213 2.4
      vertex 35.1777 24.8203 2.4
      vertex 27.8263 24.3801 2.4
    endloop
  endfacet
  facet normal 0 0 1
    outer loop
      vertex 9.53109 39.25 2.4
      vertex 42.4689 39.25 2.4
      vertex 42.7233 39.6307 2.4
    endloop
  endfacet
  facet normal 0 0 1
    outer loop
      vertex 34.01 22.0014 2.4
      vertex 28.9743 22.3916 2.4
      vertex 29 22 2.4
    endloop
  endfacet
  facet normal 0 0 1
    outer loop
      vertex 34.0441 22.5208 2.4
      vertex 28.8978 22.7765 2.4
      vertex 28.9743 22.3916 2.4
    endloop
  endfacet
  facet normal 0 0 1
    outer loop
      vertex 34.1459 23.0327 2.4
      vertex 28.7716 23.148 2.4
      vertex 28.8978 22.7765 2.4
    endloop
  endfacet
  facet normal 0 0 1
    outer loop
      vertex 34.3137 23.5269 2.4
      vertex 28.5981 23.5 2.4
      vertex 28.7716 23.148 2.4
    endloop
  endfacet
  facet normal 0 0 1
    outer loop
      vertex 34.5445 23.995 2.4
      vertex 28.3801 23.8263 2.4
      vertex 28.5981 23.5 2.4
    endloop
  endfacet
  facet normal 0 0 1
    outer loop
      vertex 9.27674 39.6307 2.4
      vertex 42.7233 39.6307 2.4
      vertex 43.0251 39.9749 2.4
    endloop
  endfacet
  facet normal 0 0 1
    outer loop
      vertex 34.8337 24.4278 2.4
      vertex 28.3801 23.8263 2.4
      vertex 34.5445 23.995 2.4
    endloop
  endfacet
  facet normal 0 -0 1
    outer loop
      vertex 28.3801 23.8263 2.4
      vertex 34.8337 24.4278 2.4
      vertex 28.1213 24.1213 2.4
    endloop
  endfacet
  facet normal 0 0 1
    outer loop
      vertex 34.8345 24.429 2.4
      vertex 28.1213 24.1213 2.4
      vertex 34.8337 24.4278 2.4
    endloop
  endfacet
  facet normal 0 0 1
    outer loop
      vertex 35.1777 24.8203 2.4
      vertex 28.1213 24.1213 2.4
      vertex 34.8345 24.429 2.4
    endloop
  endfacet
  facet normal 0 0 1
    outer loop
      vertex 42.0299 37.0432 2.4
      vertex 26.7765 24.8978 2.4
      vertex 27.148 24.7716 2.4
    endloop
  endfacet
  facet normal 0 0 1
    outer loop
      vertex 42 37.5 2.4
      vertex 26.3916 24.9743 2.4
      vertex 26.7765 24.8978 2.4
    endloop
  endfacet
  facet normal 0 0 1
    outer loop
      vertex 42.0299 37.9568 2.4
      vertex 26 25 2.4
      vertex 26.3916 24.9743 2.4
    endloop
  endfacet
  facet normal 0 0 1
    outer loop
      vertex 42.1193 38.4059 2.4
      vertex 9.88074 38.4059 2.4
      vertex 26 25 2.4
    endloop
  endfacet
  facet normal 0 0 1
    outer loop
      vertex 8.97487 39.9749 2.4
      vertex 43.0251 39.9749 2.4
      vertex 43.3693 40.2767 2.4
    endloop
  endfacet
  facet normal -0 -0 1
    outer loop
      vertex 9.97006 37.9568 2.4
      vertex 26 25 2.4
      vertex 9.88074 38.4059 2.4
    endloop
  endfacet
  facet normal 0 0 1
    outer loop
      vertex 26 25 2.4
      vertex 9.97006 37.9568 2.4
      vertex 25.6084 24.9743 2.4
    endloop
  endfacet
  facet normal 0 0 1
    outer loop
      vertex 25.6084 24.9743 2.4
      vertex 10 37.5 2.4
      vertex 25.2235 24.8978 2.4
    endloop
  endfacet
  facet normal -0 0 1
    outer loop
      vertex 9.97006 37.0432 2.4
      vertex 25.2235 24.8978 2.4
      vertex 10 37.5 2.4
    endloop
  endfacet
  facet normal -0 0 1
    outer loop
      vertex 17.99 22.0014 2.4
      vertex 23 22 2.4
      vertex 23.0257 22.3916 2.4
    endloop
  endfacet
  facet normal -0 0 1
    outer loop
      vertex 17.9559 22.5208 2.4
      vertex 23.0257 22.3916 2.4
      vertex 23.1022 22.7765 2.4
    endloop
  endfacet
  facet normal -0 0 1
    outer loop
      vertex 17.8541 23.0327 2.4
      vertex 23.1022 22.7765 2.4
      vertex 23.2284 23.148 2.4
    endloop
  endfacet
  facet normal 0 0 1
    outer loop
      vertex 17.6863 23.5269 2.4
      vertex 23.2284 23.148 2.4
      vertex 23.4019 23.5 2.4
    endloop
  endfacet
  facet normal 0 0 1
    outer loop
      vertex 17.4555 23.995 2.4
      vertex 23.4019 23.5 2.4
      vertex 23.6199 23.8263 2.4
    endloop
  endfacet
  facet normal 0 0 1
    outer loop
      vertex 17.1663 24.4278 2.4
      vertex 23.6199 23.8263 2.4
      vertex 23.8787 24.1213 2.4
    endloop
  endfacet
  facet normal 0 0 1
    outer loop
      vertex 16.8223 24.8203 2.4
      vertex 23.8787 24.1213 2.4
      vertex 24.1737 24.3801 2.4
    endloop
  endfacet
  facet normal 0 0 1
    outer loop
      vertex 25.2235 24.8978 2.4
      vertex 9.97006 37.0432 2.4
      vertex 24.8519 24.7716 2.4
    endloop
  endfacet
  facet normal 0 0 1
    outer loop
      vertex 23 22 2.4
      vertex 17.99 22.0014 2.4
      vertex 17.9901 22 2.4
    endloop
  endfacet
  facet normal 0 0 1
    outer loop
      vertex 23.0257 22.3916 2.4
      vertex 17.9559 22.5208 2.4
      vertex 17.99 22.0014 2.4
    endloop
  endfacet
  facet normal 0 0 1
    outer loop
      vertex 23.1022 22.7765 2.4
      vertex 17.8544 23.0313 2.4
      vertex 17.9559 22.5208 2.4
    endloop
  endfacet
  facet normal 0 0 1
    outer loop
      vertex 23.1022 22.7765 2.4
      vertex 17.8541 23.0327 2.4
      vertex 17.8544 23.0313 2.4
    endloop
  endfacet
  facet normal 0 0 1
    outer loop
      vertex 23.2284 23.148 2.4
      vertex 17.8536 23.0341 2.4
      vertex 17.8541 23.0327 2.4
    endloop
  endfacet
  facet normal 0 0 1
    outer loop
      vertex 23.2284 23.148 2.4
      vertex 17.6863 23.5269 2.4
      vertex 17.8536 23.0341 2.4
    endloop
  endfacet
  facet normal 0 0 1
    outer loop
      vertex 8.63066 40.2767 2.4
      vertex 43.3693 40.2767 2.4
      vertex 43.75 40.5311 2.4
    endloop
  endfacet
  facet normal 0 0 1
    outer loop
      vertex 23.4019 23.5 2.4
      vertex 17.6857 23.5282 2.4
      vertex 17.6863 23.5269 2.4
    endloop
  endfacet
  facet normal 0 0 1
    outer loop
      vertex 23.4019 23.5 2.4
      vertex 17.4555 23.995 2.4
      vertex 17.6857 23.5282 2.4
    endloop
  endfacet
  facet normal 0 0 1
    outer loop
      vertex 23.6199 23.8263 2.4
      vertex 17.1663 24.4278 2.4
      vertex 17.4555 23.995 2.4
    endloop
  endfacet
  facet normal 0 0 1
    outer loop
      vertex 23.8787 24.1213 2.4
      vertex 17.1655 24.429 2.4
      vertex 17.1663 24.4278 2.4
    endloop
  endfacet
  facet normal 0 0 1
    outer loop
      vertex 23.8787 24.1213 2.4
      vertex 16.8223 24.8203 2.4
      vertex 17.1655 24.429 2.4
    endloop
  endfacet
  facet normal 0 0 1
    outer loop
      vertex 24.1737 24.3801 2.4
      vertex 16.8214 24.8214 2.4
      vertex 16.8223 24.8203 2.4
    endloop
  endfacet
  facet normal 0 0 1
    outer loop
      vertex 24.1737 24.3801 2.4
      vertex 16.8203 24.8223 2.4
      vertex 16.8214 24.8214 2.4
    endloop
  endfacet
  facet normal 0 0 1
    outer loop
      vertex 24.1737 24.3801 2.4
      vertex 16.429 25.1655 2.4
      vertex 16.8203 24.8223 2.4
    endloop
  endfacet
  facet normal 0 0 1
    outer loop
      vertex 24.8519 24.7716 2.4
      vertex 16.4278 25.1663 2.4
      vertex 24.5 24.5981 2.4
    endloop
  endfacet
  facet normal 0 0 1
    outer loop
      vertex 24.5 24.5981 2.4
      vertex 16.429 25.1655 2.4
      vertex 24.1737 24.3801 2.4
    endloop
  endfacet
  facet normal -0 -0 1
    outer loop
      vertex 16.429 25.1655 2.4
      vertex 24.5 24.5981 2.4
      vertex 16.4278 25.1663 2.4
    endloop
  endfacet
  facet normal 0 0 1
    outer loop
      vertex 24.8519 24.7716 2.4
      vertex 9.97006 37.0432 2.4
      vertex 15.995 25.4555 2.4
    endloop
  endfacet
  facet normal 0 0 1
    outer loop
      vertex 15.995 25.4555 2.4
      vertex 9.97006 37.0432 2.4
      vertex 15.5282 25.6857 2.4
    endloop
  endfacet
  facet normal 0 0 1
    outer loop
      vertex 15.5282 25.6857 2.4
      vertex 9.97006 37.0432 2.4
      vertex 15.5269 25.6863 2.4
    endloop
  endfacet
  facet normal -0 0 1
    outer loop
      vertex 9.88074 36.5941 2.4
      vertex 15.5269 25.6863 2.4
      vertex 9.97006 37.0432 2.4
    endloop
  endfacet
  facet normal 0 0 1
    outer loop
      vertex 15.5269 25.6863 2.4
      vertex 9.88074 36.5941 2.4
      vertex 15.0341 25.8536 2.4
    endloop
  endfacet
  facet normal 0 0 1
    outer loop
      vertex 15.0341 25.8536 2.4
      vertex 9.88074 36.5941 2.4
      vertex 15.0327 25.8541 2.4
    endloop
  endfacet
  facet normal 0 0 1
    outer loop
      vertex 8.25 40.5311 2.4
      vertex 43.75 40.5311 2.4
      vertex 44.1606 40.7336 2.4
    endloop
  endfacet
  facet normal -0 0 1
    outer loop
      vertex 9.73358 36.1606 2.4
      vertex 15.0327 25.8541 2.4
      vertex 9.88074 36.5941 2.4
    endloop
  endfacet
  facet normal 0 0 1
    outer loop
      vertex 15.0327 25.8541 2.4
      vertex 9.73358 36.1606 2.4
      vertex 15.0313 25.8544 2.4
    endloop
  endfacet
  facet normal 0 0 1
    outer loop
      vertex 15.0313 25.8544 2.4
      vertex 9.73358 36.1606 2.4
      vertex 14.5208 25.9559 2.4
    endloop
  endfacet
  facet normal -0 0 1
    outer loop
      vertex 9.53109 35.75 2.4
      vertex 14.5208 25.9559 2.4
      vertex 9.73358 36.1606 2.4
    endloop
  endfacet
  facet normal 0 0 1
    outer loop
      vertex 14.5208 25.9559 2.4
      vertex 9.53109 35.75 2.4
      vertex 14.0014 25.99 2.4
    endloop
  endfacet
  facet normal -0 0 1
    outer loop
      vertex 9.27674 35.3693 2.4
      vertex 14.0014 25.99 2.4
      vertex 9.53109 35.75 2.4
    endloop
  endfacet
  facet normal 0 0 1
    outer loop
      vertex 14.0014 25.99 2.4
      vertex 9.27674 35.3693 2.4
      vertex 14 25.9901 2.4
    endloop
  endfacet
  facet normal 0 0 1
    outer loop
      vertex 13.9986 25.99 2.4
      vertex 9.27674 35.3693 2.4
      vertex 13.4792 25.9559 2.4
    endloop
  endfacet
  facet normal 0 0 1
    outer loop
      vertex 12.9687 25.8544 2.4
      vertex 8.63066 34.7233 2.4
      vertex 12.9673 25.8541 2.4
    endloop
  endfacet
  facet normal -0 0 1
    outer loop
      vertex 8.25 34.4689 2.4
      vertex 12.9659 25.8536 2.4
      vertex 8.63066 34.7233 2.4
    endloop
  endfacet
  facet normal 0 0 1
    outer loop
      vertex 12.4718 25.6857 2.4
      vertex 7.83939 34.2664 2.4
      vertex 12.005 25.4555 2.4
    endloop
  endfacet
  facet normal 0 0 1
    outer loop
      vertex 10.0441 22.5208 2.4
      vertex 10.0099 22 2.4
      vertex 10.01 22.0014 2.4
    endloop
  endfacet
  facet normal 0 0 1
    outer loop
      vertex 11.1797 24.8223 2.4
      vertex 6.95684 34.0299 2.4
      vertex 11.1786 24.8214 2.4
    endloop
  endfacet
  facet normal 0 0 1
    outer loop
      vertex 11.571 25.1655 2.4
      vertex 6.95684 34.0299 2.4
      vertex 11.1797 24.8223 2.4
    endloop
  endfacet
  facet normal -0 0 1
    outer loop
      vertex 6.95684 34.0299 2.4
      vertex 11.571 25.1655 2.4
      vertex 7.40587 34.1193 2.4
    endloop
  endfacet
  facet normal 0 0 1
    outer loop
      vertex 11.5722 25.1663 2.4
      vertex 7.40587 34.1193 2.4
      vertex 11.571 25.1655 2.4
    endloop
  endfacet
  facet normal 0 0 1
    outer loop
      vertex 12.005 25.4555 2.4
      vertex 7.40587 34.1193 2.4
      vertex 11.5722 25.1663 2.4
    endloop
  endfacet
  facet normal -0 0 1
    outer loop
      vertex 7.40587 34.1193 2.4
      vertex 12.005 25.4555 2.4
      vertex 7.83939 34.2664 2.4
    endloop
  endfacet
  facet normal -0 0 1
    outer loop
      vertex 7.83939 34.2664 2.4
      vertex 12.4718 25.6857 2.4
      vertex 8.25 34.4689 2.4
    endloop
  endfacet
  facet normal 0 0 1
    outer loop
      vertex 12.4731 25.6863 2.4
      vertex 8.25 34.4689 2.4
      vertex 12.4718 25.6857 2.4
    endloop
  endfacet
  facet normal 0 0 1
    outer loop
      vertex 12.9659 25.8536 2.4
      vertex 8.25 34.4689 2.4
      vertex 12.4731 25.6863 2.4
    endloop
  endfacet
  facet normal 0 0 1
    outer loop
      vertex 12.9673 25.8541 2.4
      vertex 8.63066 34.7233 2.4
      vertex 12.9659 25.8536 2.4
    endloop
  endfacet
  facet normal -0 0 1
    outer loop
      vertex 8.63066 34.7233 2.4
      vertex 12.9687 25.8544 2.4
      vertex 8.97487 35.0251 2.4
    endloop
  endfacet
  facet normal 0 0 1
    outer loop
      vertex 13.4792 25.9559 2.4
      vertex 8.97487 35.0251 2.4
      vertex 12.9687 25.8544 2.4
    endloop
  endfacet
  facet normal -0 0 1
    outer loop
      vertex 8.97487 35.0251 2.4
      vertex 13.4792 25.9559 2.4
      vertex 9.27674 35.3693 2.4
    endloop
  endfacet
  facet normal 0 0 1
    outer loop
      vertex 14 25.9901 2.4
      vertex 9.27674 35.3693 2.4
      vertex 13.9986 25.99 2.4
    endloop
  endfacet
  facet normal 0 0 1
    outer loop
      vertex 7.83939 40.7336 2.4
      vertex 44.1606 40.7336 2.4
      vertex 44.5941 40.8807 2.4
    endloop
  endfacet
  facet normal 0 0 1
    outer loop
      vertex 7.40587 40.8807 2.4
      vertex 44.5941 40.8807 2.4
      vertex 48 41.6 2.4
    endloop
  endfacet
  facet normal -0 -0 1
    outer loop
      vertex 16.4278 25.1663 2.4
      vertex 24.8519 24.7716 2.4
      vertex 15.995 25.4555 2.4
    endloop
  endfacet
  facet normal -0 -0 1
    outer loop
      vertex 10 37.5 2.4
      vertex 25.6084 24.9743 2.4
      vertex 9.97006 37.9568 2.4
    endloop
  endfacet
  facet normal 0 0 1
    outer loop
      vertex 42.2664 38.8394 2.4
      vertex 9.73358 38.8394 2.4
      vertex 9.88074 38.4059 2.4
    endloop
  endfacet
  facet normal 0 0 1
    outer loop
      vertex 42.4689 39.25 2.4
      vertex 9.53109 39.25 2.4
      vertex 9.73358 38.8394 2.4
    endloop
  endfacet
  facet normal 0 0 1
    outer loop
      vertex 42.7233 39.6307 2.4
      vertex 9.27674 39.6307 2.4
      vertex 9.53109 39.25 2.4
    endloop
  endfacet
  facet normal 0 0 1
    outer loop
      vertex 43.0251 39.9749 2.4
      vertex 8.97487 39.9749 2.4
      vertex 9.27674 39.6307 2.4
    endloop
  endfacet
  facet normal 0 0 1
    outer loop
      vertex 43.3693 40.2767 2.4
      vertex 8.63066 40.2767 2.4
      vertex 8.97487 39.9749 2.4
    endloop
  endfacet
  facet normal 0 0 1
    outer loop
      vertex 43.75 40.5311 2.4
      vertex 8.25 40.5311 2.4
      vertex 8.63066 40.2767 2.4
    endloop
  endfacet
  facet normal 0 0 1
    outer loop
      vertex 44.1606 40.7336 2.4
      vertex 7.83939 40.7336 2.4
      vertex 8.25 40.5311 2.4
    endloop
  endfacet
  facet normal 0 0 1
    outer loop
      vertex 44.5941 40.8807 2.4
      vertex 7.40587 40.8807 2.4
      vertex 7.83939 40.7336 2.4
    endloop
  endfacet
  facet normal 0 0 1
    outer loop
      vertex 48 41.6 2.4
      vertex 6.95684 40.9701 2.4
      vertex 7.40587 40.8807 2.4
    endloop
  endfacet
  facet normal -0 0 1
    outer loop
      vertex 4 41.6 2.4
      vertex 6.95684 40.9701 2.4
      vertex 48 41.6 2.4
    endloop
  endfacet
  facet normal 0 0 1
    outer loop
      vertex 6.95684 40.9701 2.4
      vertex 4 41.6 2.4
      vertex 6.5 41 2.4
    endloop
  endfacet
  facet normal 0 0 1
    outer loop
      vertex 4 41.6 2.4
      vertex 6.04316 40.9701 2.4
      vertex 6.5 41 2.4
    endloop
  endfacet
  facet normal 0 0 1
    outer loop
      vertex 4 41.6 2.4
      vertex 5.59413 40.8807 2.4
      vertex 6.04316 40.9701 2.4
    endloop
  endfacet
  facet normal 0 0 1
    outer loop
      vertex 4 41.6 2.4
      vertex 5.16061 40.7336 2.4
      vertex 5.59413 40.8807 2.4
    endloop
  endfacet
  facet normal 0 0 1
    outer loop
      vertex 4 41.6 2.4
      vertex 4.75 40.5311 2.4
      vertex 5.16061 40.7336 2.4
    endloop
  endfacet
  facet normal 0 0 1
    outer loop
      vertex 4 41.6 2.4
      vertex 4.36933 40.2767 2.4
      vertex 4.75 40.5311 2.4
    endloop
  endfacet
  facet normal -0 0 1
    outer loop
      vertex 3.79115 41.5863 2.4
      vertex 4.36933 40.2767 2.4
      vertex 4 41.6 2.4
    endloop
  endfacet
  facet normal -0 0 1
    outer loop
      vertex 3.58589 41.5455 2.4
      vertex 4.36933 40.2767 2.4
      vertex 3.79115 41.5863 2.4
    endloop
  endfacet
  facet normal -0 0 1
    outer loop
      vertex 3.38771 41.4782 2.4
      vertex 4.36933 40.2767 2.4
      vertex 3.58589 41.5455 2.4
    endloop
  endfacet
  facet normal 0 0 1
    outer loop
      vertex 4.36933 40.2767 2.4
      vertex 3.38771 41.4782 2.4
      vertex 4.02513 39.9749 2.4
    endloop
  endfacet
  facet normal -0 0 1
    outer loop
      vertex 3.2 41.3856 2.4
      vertex 4.02513 39.9749 2.4
      vertex 3.38771 41.4782 2.4
    endloop
  endfacet
  facet normal -0 0 1
    outer loop
      vertex 3.02599 41.2694 2.4
      vertex 4.02513 39.9749 2.4
      vertex 3.2 41.3856 2.4
    endloop
  endfacet
  facet normal -0 0 1
    outer loop
      vertex 2.86862 41.1314 2.4
      vertex 4.02513 39.9749 2.4
      vertex 3.02599 41.2694 2.4
    endloop
  endfacet
  facet normal -0 0 1
    outer loop
      vertex 2.73064 40.974 2.4
      vertex 4.02513 39.9749 2.4
      vertex 2.86862 41.1314 2.4
    endloop
  endfacet
  facet normal -0 0 1
    outer loop
      vertex 2.61436 40.8 2.4
      vertex 4.02513 39.9749 2.4
      vertex 2.73064 40.974 2.4
    endloop
  endfacet
  facet normal 0 0 1
    outer loop
      vertex 3.26642 38.8394 2.4
      vertex 2.39999 40 2.4
      vertex 3.11926 38.4059 2.4
    endloop
  endfacet
  facet normal -0 0 1
    outer loop
      vertex 2.52179 40.6123 2.4
      vertex 4.02513 39.9749 2.4
      vertex 2.61436 40.8 2.4
    endloop
  endfacet
  facet normal 0 0 1
    outer loop
      vertex 3.11926 38.4059 2.4
      vertex 2.39999 40 2.4
      vertex 3.02994 37.9568 2.4
    endloop
  endfacet
  facet normal 0 0 1
    outer loop
      vertex 3.02994 37.9568 2.4
      vertex 2.39999 40 2.4
      vertex 3 37.5 2.4
    endloop
  endfacet
  facet normal 0 0 1
    outer loop
      vertex 4.02513 39.9749 2.4
      vertex 2.52179 40.6123 2.4
      vertex 3.72326 39.6307 2.4
    endloop
  endfacet
  facet normal 0 0 1
    outer loop
      vertex 49.6 4 2.4
      vertex 48.2767 4.36933 2.4
      vertex 49.5863 3.79115 2.4
    endloop
  endfacet
  facet normal 0 0 1
    outer loop
      vertex 49.5863 3.79115 2.4
      vertex 48.2767 4.36933 2.4
      vertex 49.5455 3.58589 2.4
    endloop
  endfacet
  facet normal 0 0 1
    outer loop
      vertex 49.5455 3.58589 2.4
      vertex 48.2767 4.36933 2.4
      vertex 49.4782 3.38771 2.4
    endloop
  endfacet
  facet normal -0 0 1
    outer loop
      vertex 47.9749 4.02513 2.4
      vertex 49.4782 3.38771 2.4
      vertex 48.2767 4.36933 2.4
    endloop
  endfacet
  facet normal 0 0 1
    outer loop
      vertex 49.4782 3.38771 2.4
      vertex 47.9749 4.02513 2.4
      vertex 49.3856 3.2 2.4
    endloop
  endfacet
  facet normal 0 0 1
    outer loop
      vertex 49.3856 3.2 2.4
      vertex 47.9749 4.02513 2.4
      vertex 49.2694 3.02599 2.4
    endloop
  endfacet
  facet normal 0 0 1
    outer loop
      vertex 49.2694 3.02599 2.4
      vertex 47.9749 4.02513 2.4
      vertex 49.1314 2.86862 2.4
    endloop
  endfacet
  facet normal 0 0 1
    outer loop
      vertex 49.1314 2.86862 2.4
      vertex 47.9749 4.02513 2.4
      vertex 48.974 2.73064 2.4
    endloop
  endfacet
  facet normal 0 0 1
    outer loop
      vertex 48.974 2.73064 2.4
      vertex 47.9749 4.02513 2.4
      vertex 48.8 2.61436 2.4
    endloop
  endfacet
  facet normal 0 0 1
    outer loop
      vertex 48.8 2.61436 2.4
      vertex 47.9749 4.02513 2.4
      vertex 48.6123 2.52179 2.4
    endloop
  endfacet
  facet normal -0 0 1
    outer loop
      vertex 47.6307 3.72326 2.4
      vertex 48.6123 2.52179 2.4
      vertex 47.9749 4.02513 2.4
    endloop
  endfacet
  facet normal 0 0 1
    outer loop
      vertex 48.6123 2.52179 2.4
      vertex 47.6307 3.72326 2.4
      vertex 48.4141 2.45451 2.4
    endloop
  endfacet
  facet normal 0 0 1
    outer loop
      vertex 48.4141 2.45451 2.4
      vertex 47.6307 3.72326 2.4
      vertex 48.2088 2.41368 2.4
    endloop
  endfacet
  facet normal 0 0 1
    outer loop
      vertex 48.2088 2.41368 2.4
      vertex 47.6307 3.72326 2.4
      vertex 48 2.39999 2.4
    endloop
  endfacet
  facet normal -0 0 1
    outer loop
      vertex 47.25 3.46891 2.4
      vertex 48 2.39999 2.4
      vertex 47.6307 3.72326 2.4
    endloop
  endfacet
  facet normal -0 0 1
    outer loop
      vertex 46.8394 3.26642 2.4
      vertex 48 2.39999 2.4
      vertex 47.25 3.46891 2.4
    endloop
  endfacet
  facet normal -0 0 1
    outer loop
      vertex 46.4059 3.11926 2.4
      vertex 48 2.39999 2.4
      vertex 46.8394 3.26642 2.4
    endloop
  endfacet
  facet normal -0 0 1
    outer loop
      vertex 45.9568 3.02994 2.4
      vertex 48 2.39999 2.4
      vertex 46.4059 3.11926 2.4
    endloop
  endfacet
  facet normal -0 0 1
    outer loop
      vertex 45.5 3 2.4
      vertex 48 2.39999 2.4
      vertex 45.9568 3.02994 2.4
    endloop
  endfacet
  facet normal 0 0 1
    outer loop
      vertex 45.0432 3.02994 2.4
      vertex 48 2.39999 2.4
      vertex 45.5 3 2.4
    endloop
  endfacet
  facet normal 0 0 1
    outer loop
      vertex 44.5941 3.11926 2.4
      vertex 48 2.39999 2.4
      vertex 45.0432 3.02994 2.4
    endloop
  endfacet
  facet normal 0 0 1
    outer loop
      vertex 45.5 10 2.4
      vertex 40.8214 19.1786 2.4
      vertex 45.0432 9.97006 2.4
    endloop
  endfacet
  facet normal -0 0 1
    outer loop
      vertex 40.8203 19.1777 2.4
      vertex 45.0432 9.97006 2.4
      vertex 40.8214 19.1786 2.4
    endloop
  endfacet
  facet normal -0 0 1
    outer loop
      vertex 40.429 18.8345 2.4
      vertex 45.0432 9.97006 2.4
      vertex 40.8203 19.1777 2.4
    endloop
  endfacet
  facet normal 0 0 1
    outer loop
      vertex 45.0432 9.97006 2.4
      vertex 40.429 18.8345 2.4
      vertex 44.5941 9.88074 2.4
    endloop
  endfacet
  facet normal -0 0 1
    outer loop
      vertex 40.4278 18.8337 2.4
      vertex 44.5941 9.88074 2.4
      vertex 40.429 18.8345 2.4
    endloop
  endfacet
  facet normal -0 0 1
    outer loop
      vertex 39.995 18.5445 2.4
      vertex 44.5941 9.88074 2.4
      vertex 40.4278 18.8337 2.4
    endloop
  endfacet
  facet normal 0 0 1
    outer loop
      vertex 44.5941 9.88074 2.4
      vertex 39.995 18.5445 2.4
      vertex 44.1606 9.73358 2.4
    endloop
  endfacet
  facet normal -0 0 1
    outer loop
      vertex 39.5282 18.3143 2.4
      vertex 44.1606 9.73358 2.4
      vertex 39.995 18.5445 2.4
    endloop
  endfacet
  facet normal 0 0 1
    outer loop
      vertex 44.1606 9.73358 2.4
      vertex 39.5282 18.3143 2.4
      vertex 43.75 9.53109 2.4
    endloop
  endfacet
  facet normal -0 0 1
    outer loop
      vertex 39.5269 18.3137 2.4
      vertex 43.75 9.53109 2.4
      vertex 39.5282 18.3143 2.4
    endloop
  endfacet
  facet normal -0 0 1
    outer loop
      vertex 39.0341 18.1464 2.4
      vertex 43.75 9.53109 2.4
      vertex 39.5269 18.3137 2.4
    endloop
  endfacet
  facet normal 0 0 1
    outer loop
      vertex 43.75 9.53109 2.4
      vertex 39.0341 18.1464 2.4
      vertex 43.3693 9.27674 2.4
    endloop
  endfacet
  facet normal -0 0 1
    outer loop
      vertex 39.0327 18.1459 2.4
      vertex 43.3693 9.27674 2.4
      vertex 39.0341 18.1464 2.4
    endloop
  endfacet
  facet normal -0 0 1
    outer loop
      vertex 39.0313 18.1456 2.4
      vertex 43.3693 9.27674 2.4
      vertex 39.0327 18.1459 2.4
    endloop
  endfacet
  facet normal 0 0 1
    outer loop
      vertex 43.3693 9.27674 2.4
      vertex 39.0313 18.1456 2.4
      vertex 43.0251 8.97487 2.4
    endloop
  endfacet
  facet normal -0 0 1
    outer loop
      vertex 38.5208 18.0441 2.4
      vertex 43.0251 8.97487 2.4
      vertex 39.0313 18.1456 2.4
    endloop
  endfacet
  facet normal 0 0 1
    outer loop
      vertex 43.0251 8.97487 2.4
      vertex 38.5208 18.0441 2.4
      vertex 42.7233 8.63066 2.4
    endloop
  endfacet
  facet normal -0 0 1
    outer loop
      vertex 38.0014 18.01 2.4
      vertex 42.7233 8.63066 2.4
      vertex 38.5208 18.0441 2.4
    endloop
  endfacet
  facet normal -0 0 1
    outer loop
      vertex 38 18.0099 2.4
      vertex 42.7233 8.63066 2.4
      vertex 38.0014 18.01 2.4
    endloop
  endfacet
  facet normal 0 0 1
    outer loop
      vertex 37.9986 18.01 2.4
      vertex 42.7233 8.63066 2.4
      vertex 38 18.0099 2.4
    endloop
  endfacet
  facet normal 0 0 1
    outer loop
      vertex 42.7233 8.63066 2.4
      vertex 37.9986 18.01 2.4
      vertex 42.4689 8.25 2.4
    endloop
  endfacet
  facet normal 0 0 1
    outer loop
      vertex 37.4792 18.0441 2.4
      vertex 42.4689 8.25 2.4
      vertex 37.9986 18.01 2.4
    endloop
  endfacet
  facet normal 0 0 1
    outer loop
      vertex 42.4689 8.25 2.4
      vertex 37.4792 18.0441 2.4
      vertex 42.2664 7.83939 2.4
    endloop
  endfacet
  facet normal 0 0 1
    outer loop
      vertex 36.9687 18.1456 2.4
      vertex 42.2664 7.83939 2.4
      vertex 37.4792 18.0441 2.4
    endloop
  endfacet
  facet normal 0 0 1
    outer loop
      vertex 36.9673 18.1459 2.4
      vertex 42.2664 7.83939 2.4
      vertex 36.9687 18.1456 2.4
    endloop
  endfacet
  facet normal 0 0 1
    outer loop
      vertex 42.2664 7.83939 2.4
      vertex 36.9673 18.1459 2.4
      vertex 42.1193 7.40587 2.4
    endloop
  endfacet
  facet normal 0 0 1
    outer loop
      vertex 36.9659 18.1464 2.4
      vertex 42.1193 7.40587 2.4
      vertex 36.9673 18.1459 2.4
    endloop
  endfacet
  facet normal 0 0 1
    outer loop
      vertex 36.4731 18.3137 2.4
      vertex 42.1193 7.40587 2.4
      vertex 36.9659 18.1464 2.4
    endloop
  endfacet
  facet normal 0 0 1
    outer loop
      vertex 42.1193 7.40587 2.4
      vertex 36.4731 18.3137 2.4
      vertex 42.0299 6.95684 2.4
    endloop
  endfacet
  facet normal 0 0 1
    outer loop
      vertex 36.4718 18.3143 2.4
      vertex 42.0299 6.95684 2.4
      vertex 36.4731 18.3137 2.4
    endloop
  endfacet
  facet normal 0 0 1
    outer loop
      vertex 36.005 18.5445 2.4
      vertex 42.0299 6.95684 2.4
      vertex 36.4718 18.3143 2.4
    endloop
  endfacet
  facet normal 0 0 1
    outer loop
      vertex 27.148 19.2284 2.4
      vertex 42.0299 6.95684 2.4
      vertex 36.005 18.5445 2.4
    endloop
  endfacet
  facet normal -0 0 1
    outer loop
      vertex 26.7765 19.1022 2.4
      vertex 42.0299 6.95684 2.4
      vertex 27.148 19.2284 2.4
    endloop
  endfacet
  facet normal 0 0 1
    outer loop
      vertex 42.0299 6.95684 2.4
      vertex 26.7765 19.1022 2.4
      vertex 42 6.5 2.4
    endloop
  endfacet
  facet normal -0 0 1
    outer loop
      vertex 26.3916 19.0257 2.4
      vertex 42 6.5 2.4
      vertex 26.7765 19.1022 2.4
    endloop
  endfacet
  facet normal 0 0 1
    outer loop
      vertex 27.148 19.2284 2.4
      vertex 36.005 18.5445 2.4
      vertex 35.5722 18.8337 2.4
    endloop
  endfacet
  facet normal 0 0 1
    outer loop
      vertex 27.5 19.4019 2.4
      vertex 35.5722 18.8337 2.4
      vertex 35.571 18.8345 2.4
    endloop
  endfacet
  facet normal 0 0 1
    outer loop
      vertex 27.5 19.4019 2.4
      vertex 35.571 18.8345 2.4
      vertex 35.1797 19.1777 2.4
    endloop
  endfacet
  facet normal 0 0 1
    outer loop
      vertex 42 6.5 2.4
      vertex 26.3916 19.0257 2.4
      vertex 42.0299 6.04316 2.4
    endloop
  endfacet
  facet normal 0 0 1
    outer loop
      vertex 27.8263 19.6199 2.4
      vertex 35.1797 19.1777 2.4
      vertex 35.1786 19.1786 2.4
    endloop
  endfacet
  facet normal 0 0 1
    outer loop
      vertex 27.8263 19.6199 2.4
      vertex 35.1786 19.1786 2.4
      vertex 35.1777 19.1797 2.4
    endloop
  endfacet
  facet normal 0 0 1
    outer loop
      vertex 28.1213 19.8787 2.4
      vertex 35.1777 19.1797 2.4
      vertex 34.8345 19.571 2.4
    endloop
  endfacet
  facet normal 0 0 1
    outer loop
      vertex 28.1213 19.8787 2.4
      vertex 34.8345 19.571 2.4
      vertex 34.8337 19.5722 2.4
    endloop
  endfacet
  facet normal 0 0 1
    outer loop
      vertex 28.3801 20.1737 2.4
      vertex 34.8337 19.5722 2.4
      vertex 34.5445 20.005 2.4
    endloop
  endfacet
  facet normal 0 0 1
    outer loop
      vertex 28.7716 20.8519 2.4
      vertex 34.1464 20.9659 2.4
      vertex 34.1459 20.9673 2.4
    endloop
  endfacet
  facet normal -0 0 1
    outer loop
      vertex 28.8978 21.2235 2.4
      vertex 34.1456 20.9687 2.4
      vertex 34.0441 21.4792 2.4
    endloop
  endfacet
  facet normal -0 0 1
    outer loop
      vertex 29 22 2.4
      vertex 34.01 21.9986 2.4
      vertex 34.0099 22 2.4
    endloop
  endfacet
  facet normal 0 0 1
    outer loop
      vertex 28.9743 21.6084 2.4
      vertex 34.01 21.9986 2.4
      vertex 29 22 2.4
    endloop
  endfacet
  facet normal 0 0 1
    outer loop
      vertex 34.01 21.9986 2.4
      vertex 28.9743 21.6084 2.4
      vertex 34.0441 21.4792 2.4
    endloop
  endfacet
  facet normal 0 0 1
    outer loop
      vertex 28.8978 21.2235 2.4
      vertex 34.0441 21.4792 2.4
      vertex 28.9743 21.6084 2.4
    endloop
  endfacet
  facet normal 0 0 1
    outer loop
      vertex 34.1456 20.9687 2.4
      vertex 28.8978 21.2235 2.4
      vertex 34.1459 20.9673 2.4
    endloop
  endfacet
  facet normal 0 0 1
    outer loop
      vertex 28.7716 20.8519 2.4
      vertex 34.1459 20.9673 2.4
      vertex 28.8978 21.2235 2.4
    endloop
  endfacet
  facet normal 0 0 1
    outer loop
      vertex 34.1464 20.9659 2.4
      vertex 28.7716 20.8519 2.4
      vertex 34.3137 20.4731 2.4
    endloop
  endfacet
  facet normal -0 0 1
    outer loop
      vertex 28.5981 20.5 2.4
      vertex 34.3137 20.4731 2.4
      vertex 28.7716 20.8519 2.4
    endloop
  endfacet
  facet normal 0 0 1
    outer loop
      vertex 34.3137 20.4731 2.4
      vertex 28.5981 20.5 2.4
      vertex 34.3143 20.4718 2.4
    endloop
  endfacet
  facet normal 0 0 1
    outer loop
      vertex 34.3143 20.4718 2.4
      vertex 28.5981 20.5 2.4
      vertex 34.5445 20.005 2.4
    endloop
  endfacet
  facet normal -0 0 1
    outer loop
      vertex 28.3801 20.1737 2.4
      vertex 34.5445 20.005 2.4
      vertex 28.5981 20.5 2.4
    endloop
  endfacet
  facet normal 0 0 1
    outer loop
      vertex 34.8337 19.5722 2.4
      vertex 28.3801 20.1737 2.4
      vertex 28.1213 19.8787 2.4
    endloop
  endfacet
  facet normal 0 0 1
    outer loop
      vertex 35.1777 19.1797 2.4
      vertex 28.1213 19.8787 2.4
      vertex 27.8263 19.6199 2.4
    endloop
  endfacet
  facet normal 0 0 1
    outer loop
      vertex 35.1797 19.1777 2.4
      vertex 27.8263 19.6199 2.4
      vertex 27.5 19.4019 2.4
    endloop
  endfacet
  facet normal 0 0 1
    outer loop
      vertex 35.5722 18.8337 2.4
      vertex 27.5 19.4019 2.4
      vertex 27.148 19.2284 2.4
    endloop
  endfacet
  facet normal -0 0 1
    outer loop
      vertex 26 19 2.4
      vertex 42.0299 6.04316 2.4
      vertex 26.3916 19.0257 2.4
    endloop
  endfacet
  facet normal 0 0 1
    outer loop
      vertex 42.0299 6.04316 2.4
      vertex 26 19 2.4
      vertex 42.1193 5.59413 2.4
    endloop
  endfacet
  facet normal 0 0 1
    outer loop
      vertex 9.88074 5.59413 2.4
      vertex 42.1193 5.59413 2.4
      vertex 26 19 2.4
    endloop
  endfacet
  facet normal 0 0 1
    outer loop
      vertex 42.1193 5.59413 2.4
      vertex 9.88074 5.59413 2.4
      vertex 42.2664 5.16061 2.4
    endloop
  endfacet
  facet normal 0 0 1
    outer loop
      vertex 9.73358 5.16061 2.4
      vertex 42.2664 5.16061 2.4
      vertex 9.88074 5.59413 2.4
    endloop
  endfacet
  facet normal 0 0 1
    outer loop
      vertex 42.2664 5.16061 2.4
      vertex 9.73358 5.16061 2.4
      vertex 42.4689 4.75 2.4
    endloop
  endfacet
  facet normal 0 0 1
    outer loop
      vertex 9.97006 6.04316 2.4
      vertex 26 19 2.4
      vertex 25.6084 19.0257 2.4
    endloop
  endfacet
  facet normal 0 0 1
    outer loop
      vertex 9.53109 4.75 2.4
      vertex 42.4689 4.75 2.4
      vertex 9.73358 5.16061 2.4
    endloop
  endfacet
  facet normal 0 0 1
    outer loop
      vertex 10 6.5 2.4
      vertex 25.6084 19.0257 2.4
      vertex 25.2235 19.1022 2.4
    endloop
  endfacet
  facet normal 0 0 1
    outer loop
      vertex 10 6.5 2.4
      vertex 25.2235 19.1022 2.4
      vertex 24.8519 19.2284 2.4
    endloop
  endfacet
  facet normal 0 0 1
    outer loop
      vertex 16.4278 18.8337 2.4
      vertex 24.8519 19.2284 2.4
      vertex 24.5 19.4019 2.4
    endloop
  endfacet
  facet normal 0 0 1
    outer loop
      vertex 16.429 18.8345 2.4
      vertex 24.5 19.4019 2.4
      vertex 24.1737 19.6199 2.4
    endloop
  endfacet
  facet normal 0 0 1
    outer loop
      vertex 17.99 21.9986 2.4
      vertex 23 22 2.4
      vertex 17.9901 22 2.4
    endloop
  endfacet
  facet normal 0 0 1
    outer loop
      vertex 23 22 2.4
      vertex 17.99 21.9986 2.4
      vertex 23.0257 21.6084 2.4
    endloop
  endfacet
  facet normal 0 0 1
    outer loop
      vertex 17.9559 21.4792 2.4
      vertex 23.0257 21.6084 2.4
      vertex 17.99 21.9986 2.4
    endloop
  endfacet
  facet normal 0 0 1
    outer loop
      vertex 23.0257 21.6084 2.4
      vertex 17.9559 21.4792 2.4
      vertex 23.1022 21.2235 2.4
    endloop
  endfacet
  facet normal 0 0 1
    outer loop
      vertex 17.8544 20.9687 2.4
      vertex 23.1022 21.2235 2.4
      vertex 17.9559 21.4792 2.4
    endloop
  endfacet
  facet normal 0 0 1
    outer loop
      vertex 17.8541 20.9673 2.4
      vertex 23.1022 21.2235 2.4
      vertex 17.8544 20.9687 2.4
    endloop
  endfacet
  facet normal 0 0 1
    outer loop
      vertex 23.1022 21.2235 2.4
      vertex 17.8541 20.9673 2.4
      vertex 23.2284 20.8519 2.4
    endloop
  endfacet
  facet normal -0 0 1
    outer loop
      vertex 17.8536 20.9659 2.4
      vertex 23.2284 20.8519 2.4
      vertex 17.8541 20.9673 2.4
    endloop
  endfacet
  facet normal 0 0 1
    outer loop
      vertex 17.6863 20.4731 2.4
      vertex 23.2284 20.8519 2.4
      vertex 17.8536 20.9659 2.4
    endloop
  endfacet
  facet normal 0 0 1
    outer loop
      vertex 23.2284 20.8519 2.4
      vertex 17.6863 20.4731 2.4
      vertex 23.4019 20.5 2.4
    endloop
  endfacet
  facet normal 0 0 1
    outer loop
      vertex 17.6857 20.4718 2.4
      vertex 23.4019 20.5 2.4
      vertex 17.6863 20.4731 2.4
    endloop
  endfacet
  facet normal 0 0 1
    outer loop
      vertex 17.4555 20.005 2.4
      vertex 23.4019 20.5 2.4
      vertex 17.6857 20.4718 2.4
    endloop
  endfacet
  facet normal 0 0 1
    outer loop
      vertex 23.4019 20.5 2.4
      vertex 17.4555 20.005 2.4
      vertex 23.6199 20.1737 2.4
    endloop
  endfacet
  facet normal 0 0 1
    outer loop
      vertex 17.1663 19.5722 2.4
      vertex 23.6199 20.1737 2.4
      vertex 17.4555 20.005 2.4
    endloop
  endfacet
  facet normal 0 0 1
    outer loop
      vertex 23.6199 20.1737 2.4
      vertex 17.1663 19.5722 2.4
      vertex 23.8787 19.8787 2.4
    endloop
  endfacet
  facet normal 0 0 1
    outer loop
      vertex 17.1655 19.571 2.4
      vertex 23.8787 19.8787 2.4
      vertex 17.1663 19.5722 2.4
    endloop
  endfacet
  facet normal 0 0 1
    outer loop
      vertex 16.8223 19.1797 2.4
      vertex 23.8787 19.8787 2.4
      vertex 17.1655 19.571 2.4
    endloop
  endfacet
  facet normal 0 0 1
    outer loop
      vertex 23.8787 19.8787 2.4
      vertex 16.8223 19.1797 2.4
      vertex 24.1737 19.6199 2.4
    endloop
  endfacet
  facet normal 0 0 1
    outer loop
      vertex 16.8214 19.1786 2.4
      vertex 24.1737 19.6199 2.4
      vertex 16.8223 19.1797 2.4
    endloop
  endfacet
  facet normal 0 0 1
    outer loop
      vertex 16.8203 19.1777 2.4
      vertex 24.1737 19.6199 2.4
      vertex 16.8214 19.1786 2.4
    endloop
  endfacet
  facet normal 0 0 1
    outer loop
      vertex 16.429 18.8345 2.4
      vertex 24.1737 19.6199 2.4
      vertex 16.8203 19.1777 2.4
    endloop
  endfacet
  facet normal 0 0 1
    outer loop
      vertex 24.5 19.4019 2.4
      vertex 16.429 18.8345 2.4
      vertex 16.4278 18.8337 2.4
    endloop
  endfacet
  facet normal 0 0 1
    outer loop
      vertex 25.6084 19.0257 2.4
      vertex 10 6.5 2.4
      vertex 9.97006 6.04316 2.4
    endloop
  endfacet
  facet normal 0 0 1
    outer loop
      vertex 24.8519 19.2284 2.4
      vertex 16.4278 18.8337 2.4
      vertex 15.995 18.5445 2.4
    endloop
  endfacet
  facet normal 0 0 1
    outer loop
      vertex 24.8519 19.2284 2.4
      vertex 15.995 18.5445 2.4
      vertex 10 6.5 2.4
    endloop
  endfacet
  facet normal 0 0 1
    outer loop
      vertex 10 6.5 2.4
      vertex 15.995 18.5445 2.4
      vertex 15.5282 18.3143 2.4
    endloop
  endfacet
  facet normal 0 0 1
    outer loop
      vertex 10 6.5 2.4
      vertex 15.5282 18.3143 2.4
      vertex 15.5269 18.3137 2.4
    endloop
  endfacet
  facet normal 0 0 1
    outer loop
      vertex 10 6.5 2.4
      vertex 15.5269 18.3137 2.4
      vertex 15.0341 18.1464 2.4
    endloop
  endfacet
  facet normal 0 0 1
    outer loop
      vertex 10 6.5 2.4
      vertex 15.0341 18.1464 2.4
      vertex 15.0327 18.1459 2.4
    endloop
  endfacet
  facet normal 0 0 1
    outer loop
      vertex 10 6.5 2.4
      vertex 15.0327 18.1459 2.4
      vertex 15.0313 18.1456 2.4
    endloop
  endfacet
  facet normal 0 0 1
    outer loop
      vertex 10 6.5 2.4
      vertex 15.0313 18.1456 2.4
      vertex 14.5208 18.0441 2.4
    endloop
  endfacet
  facet normal 0 0 1
    outer loop
      vertex 10 6.5 2.4
      vertex 14.5208 18.0441 2.4
      vertex 14.0014 18.01 2.4
    endloop
  endfacet
  facet normal 0 0 1
    outer loop
      vertex 26 19 2.4
      vertex 9.97006 6.04316 2.4
      vertex 9.88074 5.59413 2.4
    endloop
  endfacet
  facet normal 0 0 1
    outer loop
      vertex 10 6.5 2.4
      vertex 14.0014 18.01 2.4
      vertex 14 18.0099 2.4
    endloop
  endfacet
  facet normal 0 0 1
    outer loop
      vertex 10 6.5 2.4
      vertex 14 18.0099 2.4
      vertex 13.9986 18.01 2.4
    endloop
  endfacet
  facet normal 0 0 1
    outer loop
      vertex 10 6.5 2.4
      vertex 13.9986 18.01 2.4
      vertex 13.4792 18.0441 2.4
    endloop
  endfacet
  facet normal 0 0 1
    outer loop
      vertex 10 6.5 2.4
      vertex 13.4792 18.0441 2.4
      vertex 12.9687 18.1456 2.4
    endloop
  endfacet
  facet normal 0 0 1
    outer loop
      vertex 10 6.5 2.4
      vertex 12.9687 18.1456 2.4
      vertex 12.9673 18.1459 2.4
    endloop
  endfacet
  facet normal 0 0 1
    outer loop
      vertex 10 6.5 2.4
      vertex 12.9673 18.1459 2.4
      vertex 12.9659 18.1464 2.4
    endloop
  endfacet
  facet normal 0 0 1
    outer loop
      vertex 10 6.5 2.4
      vertex 12.9659 18.1464 2.4
      vertex 12.4731 18.3137 2.4
    endloop
  endfacet
  facet normal 0 0 1
    outer loop
      vertex 10 6.5 2.4
      vertex 12.4718 18.3143 2.4
      vertex 12.005 18.5445 2.4
    endloop
  endfacet
  facet normal 0 0 1
    outer loop
      vertex 10 6.5 2.4
      vertex 11.1797 19.1777 2.4
      vertex 11.1786 19.1786 2.4
    endloop
  endfacet
  facet normal 0 0 1
    outer loop
      vertex 10 6.5 2.4
      vertex 11.1777 19.1797 2.4
      vertex 10.8345 19.571 2.4
    endloop
  endfacet
  facet normal 0 0 1
    outer loop
      vertex 10 6.5 2.4
      vertex 10.3143 20.4718 2.4
      vertex 10.3137 20.4731 2.4
    endloop
  endfacet
  facet normal 0 0 1
    outer loop
      vertex 10.0099 22 2.4
      vertex 10.0441 21.4792 2.4
      vertex 10.01 21.9986 2.4
    endloop
  endfacet
  facet normal -0 0 1
    outer loop
      vertex 6.5 34 2.4
      vertex 11.1786 24.8214 2.4
      vertex 6.95684 34.0299 2.4
    endloop
  endfacet
  facet normal 0 0 1
    outer loop
      vertex 10 6.5 2.4
      vertex 10.0441 21.4792 2.4
      vertex 10.0099 22 2.4
    endloop
  endfacet
  facet normal 0 0 1
    outer loop
      vertex 10 6.5 2.4
      vertex 10.1456 20.9687 2.4
      vertex 10.0441 21.4792 2.4
    endloop
  endfacet
  facet normal 0 0 1
    outer loop
      vertex 10 6.5 2.4
      vertex 10.1459 20.9673 2.4
      vertex 10.1456 20.9687 2.4
    endloop
  endfacet
  facet normal 0 0 1
    outer loop
      vertex 10 6.5 2.4
      vertex 10.1464 20.9659 2.4
      vertex 10.1459 20.9673 2.4
    endloop
  endfacet
  facet normal 0 0 1
    outer loop
      vertex 10 6.5 2.4
      vertex 10.3137 20.4731 2.4
      vertex 10.1464 20.9659 2.4
    endloop
  endfacet
  facet normal 0 0 1
    outer loop
      vertex 10.3143 20.4718 2.4
      vertex 10 6.5 2.4
      vertex 10.5445 20.005 2.4
    endloop
  endfacet
  facet normal 0 0 1
    outer loop
      vertex 10 6.5 2.4
      vertex 10.8337 19.5722 2.4
      vertex 10.5445 20.005 2.4
    endloop
  endfacet
  facet normal 0 0 1
    outer loop
      vertex 10 6.5 2.4
      vertex 10.8345 19.571 2.4
      vertex 10.8337 19.5722 2.4
    endloop
  endfacet
  facet normal 0 0 1
    outer loop
      vertex 11.1777 19.1797 2.4
      vertex 10 6.5 2.4
      vertex 11.1786 19.1786 2.4
    endloop
  endfacet
  facet normal 0 0 1
    outer loop
      vertex 11.1797 19.1777 2.4
      vertex 10 6.5 2.4
      vertex 11.571 18.8345 2.4
    endloop
  endfacet
  facet normal 0 0 1
    outer loop
      vertex 10 6.5 2.4
      vertex 11.5722 18.8337 2.4
      vertex 11.571 18.8345 2.4
    endloop
  endfacet
  facet normal 0 0 1
    outer loop
      vertex 10 6.5 2.4
      vertex 12.005 18.5445 2.4
      vertex 11.5722 18.8337 2.4
    endloop
  endfacet
  facet normal 0 0 1
    outer loop
      vertex 12.4718 18.3143 2.4
      vertex 10 6.5 2.4
      vertex 12.4731 18.3137 2.4
    endloop
  endfacet
  facet normal 0 0 1
    outer loop
      vertex 42.4689 4.75 2.4
      vertex 9.53109 4.75 2.4
      vertex 42.7233 4.36933 2.4
    endloop
  endfacet
  facet normal 0 0 1
    outer loop
      vertex 9.27674 4.36933 2.4
      vertex 42.7233 4.36933 2.4
      vertex 9.53109 4.75 2.4
    endloop
  endfacet
  facet normal 0 0 1
    outer loop
      vertex 42.7233 4.36933 2.4
      vertex 9.27674 4.36933 2.4
      vertex 43.0251 4.02513 2.4
    endloop
  endfacet
  facet normal 0 0 1
    outer loop
      vertex 8.97487 4.02513 2.4
      vertex 43.0251 4.02513 2.4
      vertex 9.27674 4.36933 2.4
    endloop
  endfacet
  facet normal 0 0 1
    outer loop
      vertex 43.0251 4.02513 2.4
      vertex 8.97487 4.02513 2.4
      vertex 43.3693 3.72326 2.4
    endloop
  endfacet
  facet normal 0 0 1
    outer loop
      vertex 8.63066 3.72326 2.4
      vertex 43.3693 3.72326 2.4
      vertex 8.97487 4.02513 2.4
    endloop
  endfacet
  facet normal 0 0 1
    outer loop
      vertex 43.3693 3.72326 2.4
      vertex 8.63066 3.72326 2.4
      vertex 43.75 3.46891 2.4
    endloop
  endfacet
  facet normal 0 0 1
    outer loop
      vertex 8.25 3.46891 2.4
      vertex 43.75 3.46891 2.4
      vertex 8.63066 3.72326 2.4
    endloop
  endfacet
  facet normal 0 0 1
    outer loop
      vertex 43.75 3.46891 2.4
      vertex 8.25 3.46891 2.4
      vertex 44.1606 3.26642 2.4
    endloop
  endfacet
  facet normal 0 0 1
    outer loop
      vertex 7.83939 3.26642 2.4
      vertex 44.1606 3.26642 2.4
      vertex 8.25 3.46891 2.4
    endloop
  endfacet
  facet normal 0 0 1
    outer loop
      vertex 44.1606 3.26642 2.4
      vertex 7.83939 3.26642 2.4
      vertex 44.5941 3.11926 2.4
    endloop
  endfacet
  facet normal 0 0 1
    outer loop
      vertex 7.40587 3.11926 2.4
      vertex 44.5941 3.11926 2.4
      vertex 7.83939 3.26642 2.4
    endloop
  endfacet
  facet normal 0 0 1
    outer loop
      vertex 44.5941 3.11926 2.4
      vertex 7.40587 3.11926 2.4
      vertex 48 2.39999 2.4
    endloop
  endfacet
  facet normal -0 0 1
    outer loop
      vertex 6.95684 3.02994 2.4
      vertex 48 2.39999 2.4
      vertex 7.40587 3.11926 2.4
    endloop
  endfacet
  facet normal 0 0 1
    outer loop
      vertex 4 2.39999 2.4
      vertex 6.95684 3.02994 2.4
      vertex 6.5 3 2.4
    endloop
  endfacet
  facet normal 0 0 1
    outer loop
      vertex 6.95684 3.02994 2.4
      vertex 4 2.39999 2.4
      vertex 48 2.39999 2.4
    endloop
  endfacet
  facet normal 0 0 1
    outer loop
      vertex 6.04316 3.02994 2.4
      vertex 4 2.39999 2.4
      vertex 6.5 3 2.4
    endloop
  endfacet
  facet normal 0 0 1
    outer loop
      vertex 5.59413 3.11926 2.4
      vertex 4 2.39999 2.4
      vertex 6.04316 3.02994 2.4
    endloop
  endfacet
  facet normal 0 0 1
    outer loop
      vertex 5.16061 3.26642 2.4
      vertex 4 2.39999 2.4
      vertex 5.59413 3.11926 2.4
    endloop
  endfacet
  facet normal 0 0 1
    outer loop
      vertex 4.75 3.46891 2.4
      vertex 4 2.39999 2.4
      vertex 5.16061 3.26642 2.4
    endloop
  endfacet
  facet normal 0 0 1
    outer loop
      vertex 4.36933 3.72326 2.4
      vertex 4 2.39999 2.4
      vertex 4.75 3.46891 2.4
    endloop
  endfacet
  facet normal 0 0 1
    outer loop
      vertex 3.38771 2.52179 2.4
      vertex 4.36933 3.72326 2.4
      vertex 4.02513 4.02513 2.4
    endloop
  endfacet
  facet normal 0 0 1
    outer loop
      vertex 4.36933 3.72326 2.4
      vertex 3.79115 2.41368 2.4
      vertex 4 2.39999 2.4
    endloop
  endfacet
  facet normal 0 0 1
    outer loop
      vertex 2.52179 3.38771 2.4
      vertex 4.02513 4.02513 2.4
      vertex 3.72326 4.36933 2.4
    endloop
  endfacet
  facet normal 0 0 1
    outer loop
      vertex 4.36933 3.72326 2.4
      vertex 3.58589 2.45451 2.4
      vertex 3.79115 2.41368 2.4
    endloop
  endfacet
  facet normal 0 0 1
    outer loop
      vertex 2.39999 4 2.4
      vertex 3.72326 4.36933 2.4
      vertex 3.46891 4.75 2.4
    endloop
  endfacet
  facet normal 0 0 1
    outer loop
      vertex 4.36933 3.72326 2.4
      vertex 3.38771 2.52179 2.4
      vertex 3.58589 2.45451 2.4
    endloop
  endfacet
  facet normal 0 0 1
    outer loop
      vertex 2.39999 4 2.4
      vertex 3.46891 4.75 2.4
      vertex 3.26642 5.16061 2.4
    endloop
  endfacet
  facet normal 0 0 1
    outer loop
      vertex 4.02513 4.02513 2.4
      vertex 3.2 2.61436 2.4
      vertex 3.38771 2.52179 2.4
    endloop
  endfacet
  facet normal 0 0 1
    outer loop
      vertex 2.39999 4 2.4
      vertex 3.26642 5.16061 2.4
      vertex 3.11926 5.59413 2.4
    endloop
  endfacet
  facet normal 0 0 1
    outer loop
      vertex 2.39999 4 2.4
      vertex 3.11926 5.59413 2.4
      vertex 3.02994 6.04316 2.4
    endloop
  endfacet
  facet normal 0 0 1
    outer loop
      vertex 3.72326 4.36933 2.4
      vertex 2.39999 4 2.4
      vertex 2.41368 3.79115 2.4
    endloop
  endfacet
  facet normal 0 0 1
    outer loop
      vertex 2.39999 4 2.4
      vertex 3.02994 6.04316 2.4
      vertex 3 6.5 2.4
    endloop
  endfacet
  facet normal 0 0 1
    outer loop
      vertex 4.02513 4.02513 2.4
      vertex 3.02599 2.73064 2.4
      vertex 3.2 2.61436 2.4
    endloop
  endfacet
  facet normal 0 0 1
    outer loop
      vertex 2.39999 4 2.4
      vertex 3.02994 6.95684 2.4
      vertex 2.39999 40 2.4
    endloop
  endfacet
  facet normal -0 0 1
    outer loop
      vertex 2.45451 40.4141 2.4
      vertex 3.72326 39.6307 2.4
      vertex 2.52179 40.6123 2.4
    endloop
  endfacet
  facet normal 0 0 1
    outer loop
      vertex 3.02994 6.95684 2.4
      vertex 2.39999 4 2.4
      vertex 3 6.5 2.4
    endloop
  endfacet
  facet normal -0 0 1
    outer loop
      vertex 2.41368 40.2088 2.4
      vertex 3.72326 39.6307 2.4
      vertex 2.45451 40.4141 2.4
    endloop
  endfacet
  facet normal 0 0 1
    outer loop
      vertex 4.02513 4.02513 2.4
      vertex 2.86862 2.86862 2.4
      vertex 3.02599 2.73064 2.4
    endloop
  endfacet
  facet normal -0 0 1
    outer loop
      vertex 2.39999 40 2.4
      vertex 3.72326 39.6307 2.4
      vertex 2.41368 40.2088 2.4
    endloop
  endfacet
  facet normal 0 0 1
    outer loop
      vertex 4.02513 4.02513 2.4
      vertex 2.73064 3.02599 2.4
      vertex 2.86862 2.86862 2.4
    endloop
  endfacet
  facet normal 0 0 1
    outer loop
      vertex 3.72326 39.6307 2.4
      vertex 2.39999 40 2.4
      vertex 3.46891 39.25 2.4
    endloop
  endfacet
  facet normal 0 0 1
    outer loop
      vertex 4.02513 4.02513 2.4
      vertex 2.61436 3.2 2.4
      vertex 2.73064 3.02599 2.4
    endloop
  endfacet
  facet normal 0 0 1
    outer loop
      vertex 3.46891 39.25 2.4
      vertex 2.39999 40 2.4
      vertex 3.26642 38.8394 2.4
    endloop
  endfacet
  facet normal 0 0 1
    outer loop
      vertex 4.02513 4.02513 2.4
      vertex 2.52179 3.38771 2.4
      vertex 2.61436 3.2 2.4
    endloop
  endfacet
  facet normal 0 0 1
    outer loop
      vertex 3.72326 4.36933 2.4
      vertex 2.45451 3.58589 2.4
      vertex 2.52179 3.38771 2.4
    endloop
  endfacet
  facet normal 0 0 1
    outer loop
      vertex 3.72326 4.36933 2.4
      vertex 2.41368 3.79115 2.4
      vertex 2.45451 3.58589 2.4
    endloop
  endfacet
  facet normal -0.946901 -0.321526 0
    outer loop
      vertex 49.5455 40.4141 2.4
      vertex 49.4782 40.6123 32.4
      vertex 49.4782 40.6123 2.4
    endloop
  endfacet
  facet normal -0.946901 -0.321526 0
    outer loop
      vertex 49.4782 40.6123 32.4
      vertex 49.5455 40.4141 2.4
      vertex 49.5455 40.4141 32.4
    endloop
  endfacet
  facet normal -0.997854 -0.0654722 0
    outer loop
      vertex 49.6 40 2.4
      vertex 49.5863 40.2088 32.4
      vertex 49.5863 40.2088 2.4
    endloop
  endfacet
  facet normal -0.997854 -0.0654722 0
    outer loop
      vertex 49.5863 40.2088 32.4
      vertex 49.6 40 2.4
      vertex 49.6 40 32.4
    endloop
  endfacet
  facet normal -0.896803 -0.442429 0
    outer loop
      vertex 49.4782 40.6123 2.4
      vertex 49.3856 40.8 32.4
      vertex 49.3856 40.8 2.4
    endloop
  endfacet
  facet normal -0.896803 -0.442429 0
    outer loop
      vertex 49.3856 40.8 32.4
      vertex 49.4782 40.6123 2.4
      vertex 49.4782 40.6123 32.4
    endloop
  endfacet
  facet normal -0.442314 0.89686 0
    outer loop
      vertex 48.8 2.61436 2.4
      vertex 48.6123 2.52179 32.4
      vertex 48.8 2.61436 32.4
    endloop
  endfacet
  facet normal -0.442314 0.89686 0
    outer loop
      vertex 48.6123 2.52179 32.4
      vertex 48.8 2.61436 2.4
      vertex 48.6123 2.52179 2.4
    endloop
  endfacet
  facet normal -0.751863 0.659319 0
    outer loop
      vertex 49.1314 2.86862 2.4
      vertex 49.2694 3.02599 32.4
      vertex 49.2694 3.02599 2.4
    endloop
  endfacet
  facet normal -0.751863 0.659319 0
    outer loop
      vertex 49.2694 3.02599 32.4
      vertex 49.1314 2.86862 2.4
      vertex 49.1314 2.86862 32.4
    endloop
  endfacet
  facet normal 0.75191 0.659265 0
    outer loop
      vertex 2.86862 2.86862 32.4
      vertex 2.73064 3.02599 2.4
      vertex 2.73064 3.02599 32.4
    endloop
  endfacet
  facet normal 0.75191 0.659265 0
    outer loop
      vertex 2.73064 3.02599 2.4
      vertex 2.86862 2.86862 32.4
      vertex 2.86862 2.86862 2.4
    endloop
  endfacet
  facet normal 0.980784 0.195096 0
    outer loop
      vertex 2.45451 3.58589 32.4
      vertex 2.41368 3.79115 2.4
      vertex 2.41368 3.79115 32.4
    endloop
  endfacet
  facet normal 0.980784 0.195096 0
    outer loop
      vertex 2.41368 3.79115 2.4
      vertex 2.45451 3.58589 32.4
      vertex 2.45451 3.58589 2.4
    endloop
  endfacet
  facet normal -0.980819 -0.194922 0
    outer loop
      vertex 49.5863 40.2088 2.4
      vertex 49.5455 40.4141 32.4
      vertex 49.5455 40.4141 2.4
    endloop
  endfacet
  facet normal -0.980819 -0.194922 0
    outer loop
      vertex 49.5455 40.4141 32.4
      vertex 49.5863 40.2088 2.4
      vertex 49.5863 40.2088 32.4
    endloop
  endfacet
  facet normal -0.751925 -0.659248 0
    outer loop
      vertex 49.2694 40.974 2.4
      vertex 49.1314 41.1314 32.4
      vertex 49.1314 41.1314 2.4
    endloop
  endfacet
  facet normal -0.751925 -0.659248 0
    outer loop
      vertex 49.1314 41.1314 32.4
      vertex 49.2694 40.974 2.4
      vertex 49.2694 40.974 32.4
    endloop
  endfacet
  facet normal -0.831609 -0.555362 0
    outer loop
      vertex 49.3856 40.8 2.4
      vertex 49.2694 40.974 32.4
      vertex 49.2694 40.974 2.4
    endloop
  endfacet
  facet normal -0.831609 -0.555362 0
    outer loop
      vertex 49.2694 40.974 32.4
      vertex 49.3856 40.8 2.4
      vertex 49.3856 40.8 32.4
    endloop
  endfacet
  facet normal -0.831624 0.55534 0
    outer loop
      vertex 49.2694 3.02599 2.4
      vertex 49.3856 3.2 32.4
      vertex 49.3856 3.2 2.4
    endloop
  endfacet
  facet normal -0.831624 0.55534 0
    outer loop
      vertex 49.3856 3.2 32.4
      vertex 49.2694 3.02599 2.4
      vertex 49.2694 3.02599 32.4
    endloop
  endfacet
  facet normal -0.896813 0.44241 0
    outer loop
      vertex 49.3856 3.2 2.4
      vertex 49.4782 3.38771 32.4
      vertex 49.4782 3.38771 2.4
    endloop
  endfacet
  facet normal -0.896813 0.44241 0
    outer loop
      vertex 49.4782 3.38771 32.4
      vertex 49.3856 3.2 2.4
      vertex 49.3856 3.2 32.4
    endloop
  endfacet
  facet normal -0.997855 0.0654566 0
    outer loop
      vertex 49.5863 3.79115 2.4
      vertex 49.6 4 32.4
      vertex 49.6 4 2.4
    endloop
  endfacet
  facet normal -0.997855 0.0654566 0
    outer loop
      vertex 49.6 4 32.4
      vertex 49.5863 3.79115 2.4
      vertex 49.5863 3.79115 32.4
    endloop
  endfacet
  facet normal -0.659194 0.751973 0
    outer loop
      vertex 49.1314 2.86862 2.4
      vertex 48.974 2.73064 32.4
      vertex 49.1314 2.86862 32.4
    endloop
  endfacet
  facet normal -0.659194 0.751973 0
    outer loop
      vertex 48.974 2.73064 32.4
      vertex 49.1314 2.86862 2.4
      vertex 48.974 2.73064 2.4
    endloop
  endfacet
  facet normal -0.555626 0.831432 0
    outer loop
      vertex 48.974 2.73064 2.4
      vertex 48.8 2.61436 32.4
      vertex 48.974 2.73064 32.4
    endloop
  endfacet
  facet normal -0.555626 0.831432 0
    outer loop
      vertex 48.8 2.61436 32.4
      vertex 48.974 2.73064 2.4
      vertex 48.8 2.61436 2.4
    endloop
  endfacet
  facet normal -0.946891 0.321555 0
    outer loop
      vertex 49.4782 3.38771 2.4
      vertex 49.5455 3.58589 32.4
      vertex 49.5455 3.58589 2.4
    endloop
  endfacet
  facet normal -0.946891 0.321555 0
    outer loop
      vertex 49.5455 3.58589 32.4
      vertex 49.4782 3.38771 2.4
      vertex 49.4782 3.38771 32.4
    endloop
  endfacet
  facet normal -0.980812 0.194958 0
    outer loop
      vertex 49.5455 3.58589 2.4
      vertex 49.5863 3.79115 32.4
      vertex 49.5863 3.79115 2.4
    endloop
  endfacet
  facet normal -0.980812 0.194958 0
    outer loop
      vertex 49.5863 3.79115 32.4
      vertex 49.5455 3.58589 2.4
      vertex 49.5455 3.58589 32.4
    endloop
  endfacet
  facet normal 0.555572 0.831468 -0
    outer loop
      vertex 8.63066 9.27674 2.4
      vertex 8.25 9.53109 32.4
      vertex 8.63066 9.27674 32.4
    endloop
  endfacet
  facet normal 0.555572 0.831468 0
    outer loop
      vertex 8.25 9.53109 32.4
      vertex 8.63066 9.27674 2.4
      vertex 8.25 9.53109 2.4
    endloop
  endfacet
  facet normal -0.980784 0.195095 0
    outer loop
      vertex 3.02994 6.95684 2.4
      vertex 3.11926 7.40587 32.4
      vertex 3.11926 7.40587 2.4
    endloop
  endfacet
  facet normal -0.980784 0.195095 0
    outer loop
      vertex 3.11926 7.40587 32.4
      vertex 3.02994 6.95684 2.4
      vertex 3.02994 6.95684 32.4
    endloop
  endfacet
  facet normal -0.195095 -0.980784 0
    outer loop
      vertex 5.59413 3.11926 2.4
      vertex 6.04316 3.02994 32.4
      vertex 5.59413 3.11926 32.4
    endloop
  endfacet
  facet normal -0.195095 -0.980784 -0
    outer loop
      vertex 6.04316 3.02994 32.4
      vertex 5.59413 3.11926 2.4
      vertex 6.04316 3.02994 2.4
    endloop
  endfacet
  facet normal -0.442288 0.896873 0
    outer loop
      vertex 5.16061 9.73358 2.4
      vertex 4.75 9.53109 32.4
      vertex 5.16061 9.73358 32.4
    endloop
  endfacet
  facet normal -0.442288 0.896873 0
    outer loop
      vertex 4.75 9.53109 32.4
      vertex 5.16061 9.73358 2.4
      vertex 4.75 9.53109 2.4
    endloop
  endfacet
  facet normal -0.94693 0.321439 0
    outer loop
      vertex 3.11926 7.40587 2.4
      vertex 3.26642 7.83939 32.4
      vertex 3.26642 7.83939 2.4
    endloop
  endfacet
  facet normal -0.94693 0.321439 0
    outer loop
      vertex 3.26642 7.83939 32.4
      vertex 3.11926 7.40587 2.4
      vertex 3.11926 7.40587 32.4
    endloop
  endfacet
  facet normal 0.896873 0.442288 0
    outer loop
      vertex 9.73358 7.83939 32.4
      vertex 9.53109 8.25 2.4
      vertex 9.53109 8.25 32.4
    endloop
  endfacet
  facet normal 0.896873 0.442288 0
    outer loop
      vertex 9.53109 8.25 2.4
      vertex 9.73358 7.83939 32.4
      vertex 9.73358 7.83939 2.4
    endloop
  endfacet
  facet normal 0.980784 0.195095 0
    outer loop
      vertex 9.97006 6.95684 32.4
      vertex 9.88074 7.40587 2.4
      vertex 9.88074 7.40587 32.4
    endloop
  endfacet
  facet normal 0.980784 0.195095 0
    outer loop
      vertex 9.88074 7.40587 2.4
      vertex 9.97006 6.95684 32.4
      vertex 9.97006 6.95684 2.4
    endloop
  endfacet
  facet normal 0.831468 0.555572 0
    outer loop
      vertex 9.53109 8.25 32.4
      vertex 9.27674 8.63066 2.4
      vertex 9.27674 8.63066 32.4
    endloop
  endfacet
  facet normal 0.831468 0.555572 0
    outer loop
      vertex 9.27674 8.63066 2.4
      vertex 9.53109 8.25 32.4
      vertex 9.53109 8.25 2.4
    endloop
  endfacet
  facet normal 0.659353 0.751833 -0
    outer loop
      vertex 8.97487 8.97487 2.4
      vertex 8.63066 9.27674 32.4
      vertex 8.97487 8.97487 32.4
    endloop
  endfacet
  facet normal 0.659353 0.751833 0
    outer loop
      vertex 8.63066 9.27674 32.4
      vertex 8.97487 8.97487 2.4
      vertex 8.63066 9.27674 2.4
    endloop
  endfacet
  facet normal 0.321439 0.94693 -0
    outer loop
      vertex 7.83939 9.73358 2.4
      vertex 7.40587 9.88074 32.4
      vertex 7.83939 9.73358 32.4
    endloop
  endfacet
  facet normal 0.321439 0.94693 0
    outer loop
      vertex 7.40587 9.88074 32.4
      vertex 7.83939 9.73358 2.4
      vertex 7.40587 9.88074 2.4
    endloop
  endfacet
  facet normal -0.0653969 0.997859 0
    outer loop
      vertex 6.5 10 2.4
      vertex 6.04316 9.97006 32.4
      vertex 6.5 10 32.4
    endloop
  endfacet
  facet normal -0.0653969 0.997859 0
    outer loop
      vertex 6.04316 9.97006 32.4
      vertex 6.5 10 2.4
      vertex 6.04316 9.97006 2.4
    endloop
  endfacet
  facet normal -0.831468 0.555572 0
    outer loop
      vertex 3.46891 8.25 2.4
      vertex 3.72326 8.63066 32.4
      vertex 3.72326 8.63066 2.4
    endloop
  endfacet
  facet normal -0.831468 0.555572 0
    outer loop
      vertex 3.72326 8.63066 32.4
      vertex 3.46891 8.25 2.4
      vertex 3.46891 8.25 32.4
    endloop
  endfacet
  facet normal -0.195095 0.980784 0
    outer loop
      vertex 6.04316 9.97006 2.4
      vertex 5.59413 9.88074 32.4
      vertex 6.04316 9.97006 32.4
    endloop
  endfacet
  facet normal -0.195095 0.980784 0
    outer loop
      vertex 5.59413 9.88074 32.4
      vertex 6.04316 9.97006 2.4
      vertex 5.59413 9.88074 2.4
    endloop
  endfacet
  facet normal -0.751833 0.659353 0
    outer loop
      vertex 3.72326 8.63066 2.4
      vertex 4.02513 8.97487 32.4
      vertex 4.02513 8.97487 2.4
    endloop
  endfacet
  facet normal -0.751833 0.659353 0
    outer loop
      vertex 4.02513 8.97487 32.4
      vertex 3.72326 8.63066 2.4
      vertex 3.72326 8.63066 32.4
    endloop
  endfacet
  facet normal 0.997859 0.0653969 0
    outer loop
      vertex 10 6.5 32.4
      vertex 9.97006 6.95684 2.4
      vertex 9.97006 6.95684 32.4
    endloop
  endfacet
  facet normal 0.997859 0.0653969 0
    outer loop
      vertex 9.97006 6.95684 2.4
      vertex 10 6.5 32.4
      vertex 10 6.5 2.4
    endloop
  endfacet
  facet normal 0.195095 -0.980784 0
    outer loop
      vertex 6.95684 3.02994 2.4
      vertex 7.40587 3.11926 32.4
      vertex 6.95684 3.02994 32.4
    endloop
  endfacet
  facet normal 0.195095 -0.980784 0
    outer loop
      vertex 7.40587 3.11926 32.4
      vertex 6.95684 3.02994 2.4
      vertex 7.40587 3.11926 2.4
    endloop
  endfacet
  facet normal 0.831475 -0.555562 0
    outer loop
      vertex 9.27674 4.36933 32.4
      vertex 9.53109 4.75 2.4
      vertex 9.53109 4.75 32.4
    endloop
  endfacet
  facet normal 0.831475 -0.555562 0
    outer loop
      vertex 9.53109 4.75 2.4
      vertex 9.27674 4.36933 32.4
      vertex 9.27674 4.36933 2.4
    endloop
  endfacet
  facet normal -0.0653969 -0.997859 0
    outer loop
      vertex 6.04316 3.02994 2.4
      vertex 6.5 3 32.4
      vertex 6.04316 3.02994 32.4
    endloop
  endfacet
  facet normal -0.0653969 -0.997859 -0
    outer loop
      vertex 6.5 3 32.4
      vertex 6.04316 3.02994 2.4
      vertex 6.5 3 2.4
    endloop
  endfacet
  facet normal -0.555562 -0.831475 0
    outer loop
      vertex 4.36933 3.72326 2.4
      vertex 4.75 3.46891 32.4
      vertex 4.36933 3.72326 32.4
    endloop
  endfacet
  facet normal -0.555562 -0.831475 -0
    outer loop
      vertex 4.75 3.46891 32.4
      vertex 4.36933 3.72326 2.4
      vertex 4.75 3.46891 2.4
    endloop
  endfacet
  facet normal -0.980784 -0.195095 0
    outer loop
      vertex 3.11926 5.59413 2.4
      vertex 3.02994 6.04316 32.4
      vertex 3.02994 6.04316 2.4
    endloop
  endfacet
  facet normal -0.980784 -0.195095 0
    outer loop
      vertex 3.02994 6.04316 32.4
      vertex 3.11926 5.59413 2.4
      vertex 3.11926 5.59413 32.4
    endloop
  endfacet
  facet normal 0.94693 0.321439 0
    outer loop
      vertex 9.88074 7.40587 32.4
      vertex 9.73358 7.83939 2.4
      vertex 9.73358 7.83939 32.4
    endloop
  endfacet
  facet normal 0.94693 0.321439 0
    outer loop
      vertex 9.73358 7.83939 2.4
      vertex 9.88074 7.40587 32.4
      vertex 9.88074 7.40587 2.4
    endloop
  endfacet
  facet normal 0.751833 0.659353 0
    outer loop
      vertex 9.27674 8.63066 32.4
      vertex 8.97487 8.97487 2.4
      vertex 8.97487 8.97487 32.4
    endloop
  endfacet
  facet normal 0.751833 0.659353 0
    outer loop
      vertex 8.97487 8.97487 2.4
      vertex 9.27674 8.63066 32.4
      vertex 9.27674 8.63066 2.4
    endloop
  endfacet
  facet normal 0.442288 0.896873 -0
    outer loop
      vertex 8.25 9.53109 2.4
      vertex 7.83939 9.73358 32.4
      vertex 8.25 9.53109 32.4
    endloop
  endfacet
  facet normal 0.442288 0.896873 0
    outer loop
      vertex 7.83939 9.73358 32.4
      vertex 8.25 9.53109 2.4
      vertex 7.83939 9.73358 2.4
    endloop
  endfacet
  facet normal 0.195095 0.980784 -0
    outer loop
      vertex 7.40587 9.88074 2.4
      vertex 6.95684 9.97006 32.4
      vertex 7.40587 9.88074 32.4
    endloop
  endfacet
  facet normal 0.195095 0.980784 0
    outer loop
      vertex 6.95684 9.97006 32.4
      vertex 7.40587 9.88074 2.4
      vertex 6.95684 9.97006 2.4
    endloop
  endfacet
  facet normal 0.0653969 0.997859 -0
    outer loop
      vertex 6.95684 9.97006 2.4
      vertex 6.5 10 32.4
      vertex 6.95684 9.97006 32.4
    endloop
  endfacet
  facet normal 0.0653969 0.997859 0
    outer loop
      vertex 6.5 10 32.4
      vertex 6.95684 9.97006 2.4
      vertex 6.5 10 2.4
    endloop
  endfacet
  facet normal -0.997859 -0.0653969 0
    outer loop
      vertex 3.02994 6.04316 2.4
      vertex 3 6.5 32.4
      vertex 3 6.5 2.4
    endloop
  endfacet
  facet normal -0.997859 -0.0653969 0
    outer loop
      vertex 3 6.5 32.4
      vertex 3.02994 6.04316 2.4
      vertex 3.02994 6.04316 32.4
    endloop
  endfacet
  facet normal -0.896873 0.442288 0
    outer loop
      vertex 3.26642 7.83939 2.4
      vertex 3.46891 8.25 32.4
      vertex 3.46891 8.25 2.4
    endloop
  endfacet
  facet normal -0.896873 0.442288 0
    outer loop
      vertex 3.46891 8.25 32.4
      vertex 3.26642 7.83939 2.4
      vertex 3.26642 7.83939 32.4
    endloop
  endfacet
  facet normal -0.321439 0.94693 0
    outer loop
      vertex 5.59413 9.88074 2.4
      vertex 5.16061 9.73358 32.4
      vertex 5.59413 9.88074 32.4
    endloop
  endfacet
  facet normal -0.321439 0.94693 0
    outer loop
      vertex 5.16061 9.73358 32.4
      vertex 5.59413 9.88074 2.4
      vertex 5.16061 9.73358 2.4
    endloop
  endfacet
  facet normal -0.659364 0.751824 0
    outer loop
      vertex 4.36933 9.27674 2.4
      vertex 4.02513 8.97487 32.4
      vertex 4.36933 9.27674 32.4
    endloop
  endfacet
  facet normal -0.659364 0.751824 0
    outer loop
      vertex 4.02513 8.97487 32.4
      vertex 4.36933 9.27674 2.4
      vertex 4.02513 8.97487 2.4
    endloop
  endfacet
  facet normal -0.555562 0.831475 0
    outer loop
      vertex 4.75 9.53109 2.4
      vertex 4.36933 9.27674 32.4
      vertex 4.75 9.53109 32.4
    endloop
  endfacet
  facet normal -0.555562 0.831475 0
    outer loop
      vertex 4.36933 9.27674 32.4
      vertex 4.75 9.53109 2.4
      vertex 4.36933 9.27674 2.4
    endloop
  endfacet
  facet normal 0.980784 -0.195095 0
    outer loop
      vertex 9.88074 5.59413 32.4
      vertex 9.97006 6.04316 2.4
      vertex 9.97006 6.04316 32.4
    endloop
  endfacet
  facet normal 0.980784 -0.195095 0
    outer loop
      vertex 9.97006 6.04316 2.4
      vertex 9.88074 5.59413 32.4
      vertex 9.88074 5.59413 2.4
    endloop
  endfacet
  facet normal 0.321439 -0.94693 0
    outer loop
      vertex 7.40587 3.11926 2.4
      vertex 7.83939 3.26642 32.4
      vertex 7.40587 3.11926 32.4
    endloop
  endfacet
  facet normal 0.321439 -0.94693 0
    outer loop
      vertex 7.83939 3.26642 32.4
      vertex 7.40587 3.11926 2.4
      vertex 7.83939 3.26642 2.4
    endloop
  endfacet
  facet normal 0.751824 -0.659364 0
    outer loop
      vertex 8.97487 4.02513 32.4
      vertex 9.27674 4.36933 2.4
      vertex 9.27674 4.36933 32.4
    endloop
  endfacet
  facet normal 0.751824 -0.659364 0
    outer loop
      vertex 9.27674 4.36933 2.4
      vertex 8.97487 4.02513 32.4
      vertex 8.97487 4.02513 2.4
    endloop
  endfacet
  facet normal 0.555572 -0.831468 0
    outer loop
      vertex 8.25 3.46891 2.4
      vertex 8.63066 3.72326 32.4
      vertex 8.25 3.46891 32.4
    endloop
  endfacet
  facet normal 0.555572 -0.831468 0
    outer loop
      vertex 8.63066 3.72326 32.4
      vertex 8.25 3.46891 2.4
      vertex 8.63066 3.72326 2.4
    endloop
  endfacet
  facet normal 0.896873 -0.442288 0
    outer loop
      vertex 9.53109 4.75 32.4
      vertex 9.73358 5.16061 2.4
      vertex 9.73358 5.16061 32.4
    endloop
  endfacet
  facet normal 0.896873 -0.442288 0
    outer loop
      vertex 9.73358 5.16061 2.4
      vertex 9.53109 4.75 32.4
      vertex 9.53109 4.75 2.4
    endloop
  endfacet
  facet normal 0.0653969 -0.997859 0
    outer loop
      vertex 6.5 3 2.4
      vertex 6.95684 3.02994 32.4
      vertex 6.5 3 32.4
    endloop
  endfacet
  facet normal 0.0653969 -0.997859 0
    outer loop
      vertex 6.95684 3.02994 32.4
      vertex 6.5 3 2.4
      vertex 6.95684 3.02994 2.4
    endloop
  endfacet
  facet normal -0.442288 -0.896873 0
    outer loop
      vertex 4.75 3.46891 2.4
      vertex 5.16061 3.26642 32.4
      vertex 4.75 3.46891 32.4
    endloop
  endfacet
  facet normal -0.442288 -0.896873 -0
    outer loop
      vertex 5.16061 3.26642 32.4
      vertex 4.75 3.46891 2.4
      vertex 5.16061 3.26642 2.4
    endloop
  endfacet
  facet normal -0.94693 -0.321439 0
    outer loop
      vertex 3.26642 5.16061 2.4
      vertex 3.11926 5.59413 32.4
      vertex 3.11926 5.59413 2.4
    endloop
  endfacet
  facet normal -0.94693 -0.321439 0
    outer loop
      vertex 3.11926 5.59413 32.4
      vertex 3.26642 5.16061 2.4
      vertex 3.26642 5.16061 32.4
    endloop
  endfacet
  facet normal -0.659364 -0.751824 0
    outer loop
      vertex 4.02513 4.02513 2.4
      vertex 4.36933 3.72326 32.4
      vertex 4.02513 4.02513 32.4
    endloop
  endfacet
  facet normal -0.659364 -0.751824 -0
    outer loop
      vertex 4.36933 3.72326 32.4
      vertex 4.02513 4.02513 2.4
      vertex 4.36933 3.72326 2.4
    endloop
  endfacet
  facet normal -0.831475 -0.555562 0
    outer loop
      vertex 3.72326 4.36933 2.4
      vertex 3.46891 4.75 32.4
      vertex 3.46891 4.75 2.4
    endloop
  endfacet
  facet normal -0.831475 -0.555562 0
    outer loop
      vertex 3.46891 4.75 32.4
      vertex 3.72326 4.36933 2.4
      vertex 3.72326 4.36933 32.4
    endloop
  endfacet
  facet normal 0 0 1
    outer loop
      vertex 7.75 6.5 32.4
      vertex 10 6.5 32.4
      vertex 9.97006 6.95684 32.4
    endloop
  endfacet
  facet normal 0 0 1
    outer loop
      vertex 7.73931 6.66316 32.4
      vertex 9.97006 6.95684 32.4
      vertex 9.88074 7.40587 32.4
    endloop
  endfacet
  facet normal 0 0 1
    outer loop
      vertex 10 6.5 32.4
      vertex 7.75 6.5 32.4
      vertex 9.97006 6.04316 32.4
    endloop
  endfacet
  facet normal 0 0 1
    outer loop
      vertex 7.70741 6.82352 32.4
      vertex 9.88074 7.40587 32.4
      vertex 9.73358 7.83939 32.4
    endloop
  endfacet
  facet normal -0 0 1
    outer loop
      vertex 7.73931 6.33684 32.4
      vertex 9.97006 6.04316 32.4
      vertex 7.75 6.5 32.4
    endloop
  endfacet
  facet normal 0 0 1
    outer loop
      vertex 7.65485 6.97835 32.4
      vertex 9.73358 7.83939 32.4
      vertex 9.53109 8.25 32.4
    endloop
  endfacet
  facet normal 0 0 1
    outer loop
      vertex 9.97006 6.04316 32.4
      vertex 7.73931 6.33684 32.4
      vertex 9.88074 5.59413 32.4
    endloop
  endfacet
  facet normal 0 0 1
    outer loop
      vertex 7.58253 7.125 32.4
      vertex 9.53109 8.25 32.4
      vertex 9.27674 8.63066 32.4
    endloop
  endfacet
  facet normal -0 0 1
    outer loop
      vertex 7.70741 6.17648 32.4
      vertex 9.88074 5.59413 32.4
      vertex 7.73931 6.33684 32.4
    endloop
  endfacet
  facet normal 0 0 1
    outer loop
      vertex 7.49169 7.26095 32.4
      vertex 9.27674 8.63066 32.4
      vertex 8.97487 8.97487 32.4
    endloop
  endfacet
  facet normal 0 0 1
    outer loop
      vertex 9.88074 5.59413 32.4
      vertex 7.70741 6.17648 32.4
      vertex 9.73358 5.16061 32.4
    endloop
  endfacet
  facet normal 0 0 1
    outer loop
      vertex 7.38388 7.38388 32.4
      vertex 8.97487 8.97487 32.4
      vertex 8.63066 9.27674 32.4
    endloop
  endfacet
  facet normal -0 0 1
    outer loop
      vertex 7.65485 6.02165 32.4
      vertex 9.73358 5.16061 32.4
      vertex 7.70741 6.17648 32.4
    endloop
  endfacet
  facet normal 0 0 1
    outer loop
      vertex 7.26095 7.49169 32.4
      vertex 8.63066 9.27674 32.4
      vertex 8.25 9.53109 32.4
    endloop
  endfacet
  facet normal 0 0 1
    outer loop
      vertex 9.73358 5.16061 32.4
      vertex 7.65485 6.02165 32.4
      vertex 9.53109 4.75 32.4
    endloop
  endfacet
  facet normal 0 0 1
    outer loop
      vertex 7.125 7.58253 32.4
      vertex 8.25 9.53109 32.4
      vertex 7.83939 9.73358 32.4
    endloop
  endfacet
  facet normal -0 0 1
    outer loop
      vertex 7.58253 5.875 32.4
      vertex 9.53109 4.75 32.4
      vertex 7.65485 6.02165 32.4
    endloop
  endfacet
  facet normal 0 0 1
    outer loop
      vertex 9.53109 4.75 32.4
      vertex 7.58253 5.875 32.4
      vertex 9.27674 4.36933 32.4
    endloop
  endfacet
  facet normal 0 0 1
    outer loop
      vertex 9.97006 6.95684 32.4
      vertex 7.73931 6.66316 32.4
      vertex 7.75 6.5 32.4
    endloop
  endfacet
  facet normal 0 0 1
    outer loop
      vertex 9.88074 7.40587 32.4
      vertex 7.70741 6.82352 32.4
      vertex 7.73931 6.66316 32.4
    endloop
  endfacet
  facet normal 0 0 1
    outer loop
      vertex 9.73358 7.83939 32.4
      vertex 7.65485 6.97835 32.4
      vertex 7.70741 6.82352 32.4
    endloop
  endfacet
  facet normal 0 0 1
    outer loop
      vertex 9.53109 8.25 32.4
      vertex 7.58253 7.125 32.4
      vertex 7.65485 6.97835 32.4
    endloop
  endfacet
  facet normal 0 0 1
    outer loop
      vertex 9.27674 8.63066 32.4
      vertex 7.49169 7.26095 32.4
      vertex 7.58253 7.125 32.4
    endloop
  endfacet
  facet normal 0 0 1
    outer loop
      vertex 6.97835 7.65485 32.4
      vertex 7.83939 9.73358 32.4
      vertex 7.40587 9.88074 32.4
    endloop
  endfacet
  facet normal 0 0 1
    outer loop
      vertex 8.97487 8.97487 32.4
      vertex 7.38388 7.38388 32.4
      vertex 7.49169 7.26095 32.4
    endloop
  endfacet
  facet normal 0 0 1
    outer loop
      vertex 8.63066 9.27674 32.4
      vertex 7.26095 7.49169 32.4
      vertex 7.38388 7.38388 32.4
    endloop
  endfacet
  facet normal 0 0 1
    outer loop
      vertex 8.25 9.53109 32.4
      vertex 7.125 7.58253 32.4
      vertex 7.26095 7.49169 32.4
    endloop
  endfacet
  facet normal 0 0 1
    outer loop
      vertex 7.83939 9.73358 32.4
      vertex 6.97835 7.65485 32.4
      vertex 7.125 7.58253 32.4
    endloop
  endfacet
  facet normal 0 0 1
    outer loop
      vertex 6.82352 7.70741 32.4
      vertex 7.40587 9.88074 32.4
      vertex 6.95684 9.97006 32.4
    endloop
  endfacet
  facet normal 0 0 1
    outer loop
      vertex 7.40587 9.88074 32.4
      vertex 6.82352 7.70741 32.4
      vertex 6.97835 7.65485 32.4
    endloop
  endfacet
  facet normal 0 0 1
    outer loop
      vertex 6.95684 9.97006 32.4
      vertex 6.66316 7.73931 32.4
      vertex 6.82352 7.70741 32.4
    endloop
  endfacet
  facet normal 0 0 1
    outer loop
      vertex 6.5 10 32.4
      vertex 6.66316 7.73931 32.4
      vertex 6.95684 9.97006 32.4
    endloop
  endfacet
  facet normal 0 0 1
    outer loop
      vertex 6.5 10 32.4
      vertex 6.5 7.75 32.4
      vertex 6.66316 7.73931 32.4
    endloop
  endfacet
  facet normal 0 0 1
    outer loop
      vertex 6.5 10 32.4
      vertex 6.33684 7.73931 32.4
      vertex 6.5 7.75 32.4
    endloop
  endfacet
  facet normal -0 0 1
    outer loop
      vertex 6.04316 9.97006 32.4
      vertex 6.33684 7.73931 32.4
      vertex 6.5 10 32.4
    endloop
  endfacet
  facet normal 0 0 1
    outer loop
      vertex 6.33684 7.73931 32.4
      vertex 6.04316 9.97006 32.4
      vertex 6.17648 7.70741 32.4
    endloop
  endfacet
  facet normal -0 0 1
    outer loop
      vertex 5.59413 9.88074 32.4
      vertex 6.17648 7.70741 32.4
      vertex 6.04316 9.97006 32.4
    endloop
  endfacet
  facet normal 0 0 1
    outer loop
      vertex 6.17648 7.70741 32.4
      vertex 5.59413 9.88074 32.4
      vertex 6.02165 7.65485 32.4
    endloop
  endfacet
  facet normal -0 0 1
    outer loop
      vertex 5.16061 9.73358 32.4
      vertex 6.02165 7.65485 32.4
      vertex 5.59413 9.88074 32.4
    endloop
  endfacet
  facet normal 0 0 1
    outer loop
      vertex 6.02165 7.65485 32.4
      vertex 5.16061 9.73358 32.4
      vertex 5.875 7.58253 32.4
    endloop
  endfacet
  facet normal -0 0 1
    outer loop
      vertex 4.75 9.53109 32.4
      vertex 5.875 7.58253 32.4
      vertex 5.16061 9.73358 32.4
    endloop
  endfacet
  facet normal 0 0 1
    outer loop
      vertex 5.875 7.58253 32.4
      vertex 4.75 9.53109 32.4
      vertex 5.73905 7.49169 32.4
    endloop
  endfacet
  facet normal -0 0 1
    outer loop
      vertex 4.36933 9.27674 32.4
      vertex 5.73905 7.49169 32.4
      vertex 4.75 9.53109 32.4
    endloop
  endfacet
  facet normal 0 0 1
    outer loop
      vertex 5.73905 7.49169 32.4
      vertex 4.36933 9.27674 32.4
      vertex 5.61612 7.38388 32.4
    endloop
  endfacet
  facet normal -0 0 1
    outer loop
      vertex 4.02513 8.97487 32.4
      vertex 5.61612 7.38388 32.4
      vertex 4.36933 9.27674 32.4
    endloop
  endfacet
  facet normal 0 0 1
    outer loop
      vertex 5.61612 7.38388 32.4
      vertex 4.02513 8.97487 32.4
      vertex 5.50831 7.26095 32.4
    endloop
  endfacet
  facet normal 0 0 1
    outer loop
      vertex 5.50831 7.26095 32.4
      vertex 3.72326 8.63066 32.4
      vertex 5.41747 7.125 32.4
    endloop
  endfacet
  facet normal -0 0 1
    outer loop
      vertex 3.72326 8.63066 32.4
      vertex 5.50831 7.26095 32.4
      vertex 4.02513 8.97487 32.4
    endloop
  endfacet
  facet normal -0 0 1
    outer loop
      vertex 7.49169 5.73905 32.4
      vertex 9.27674 4.36933 32.4
      vertex 7.58253 5.875 32.4
    endloop
  endfacet
  facet normal 0 0 1
    outer loop
      vertex 9.27674 4.36933 32.4
      vertex 7.49169 5.73905 32.4
      vertex 8.97487 4.02513 32.4
    endloop
  endfacet
  facet normal -0 0 1
    outer loop
      vertex 7.38388 5.61612 32.4
      vertex 8.97487 4.02513 32.4
      vertex 7.49169 5.73905 32.4
    endloop
  endfacet
  facet normal 0 0 1
    outer loop
      vertex 8.97487 4.02513 32.4
      vertex 7.38388 5.61612 32.4
      vertex 8.63066 3.72326 32.4
    endloop
  endfacet
  facet normal -0 0 1
    outer loop
      vertex 7.26095 5.50831 32.4
      vertex 8.63066 3.72326 32.4
      vertex 7.38388 5.61612 32.4
    endloop
  endfacet
  facet normal 0 0 1
    outer loop
      vertex 8.63066 3.72326 32.4
      vertex 7.26095 5.50831 32.4
      vertex 8.25 3.46891 32.4
    endloop
  endfacet
  facet normal -0 0 1
    outer loop
      vertex 7.125 5.41747 32.4
      vertex 8.25 3.46891 32.4
      vertex 7.26095 5.50831 32.4
    endloop
  endfacet
  facet normal 0 0 1
    outer loop
      vertex 8.25 3.46891 32.4
      vertex 7.125 5.41747 32.4
      vertex 7.83939 3.26642 32.4
    endloop
  endfacet
  facet normal -0 0 1
    outer loop
      vertex 6.97835 5.34515 32.4
      vertex 7.83939 3.26642 32.4
      vertex 7.125 5.41747 32.4
    endloop
  endfacet
  facet normal 0 0 1
    outer loop
      vertex 7.83939 3.26642 32.4
      vertex 6.97835 5.34515 32.4
      vertex 7.40587 3.11926 32.4
    endloop
  endfacet
  facet normal -0 0 1
    outer loop
      vertex 6.82352 5.29259 32.4
      vertex 7.40587 3.11926 32.4
      vertex 6.97835 5.34515 32.4
    endloop
  endfacet
  facet normal 0 0 1
    outer loop
      vertex 7.40587 3.11926 32.4
      vertex 6.82352 5.29259 32.4
      vertex 6.95684 3.02994 32.4
    endloop
  endfacet
  facet normal -0 0 1
    outer loop
      vertex 6.66316 5.26069 32.4
      vertex 6.95684 3.02994 32.4
      vertex 6.82352 5.29259 32.4
    endloop
  endfacet
  facet normal -0 0 1
    outer loop
      vertex 6.5 5.25 32.4
      vertex 6.95684 3.02994 32.4
      vertex 6.66316 5.26069 32.4
    endloop
  endfacet
  facet normal 0 0 1
    outer loop
      vertex 6.5 5.25 32.4
      vertex 6.5 3 32.4
      vertex 6.95684 3.02994 32.4
    endloop
  endfacet
  facet normal 0 0 1
    outer loop
      vertex 6.33684 5.26069 32.4
      vertex 6.5 3 32.4
      vertex 6.5 5.25 32.4
    endloop
  endfacet
  facet normal 0 0 1
    outer loop
      vertex 6.04316 3.02994 32.4
      vertex 6.33684 5.26069 32.4
      vertex 6.17648 5.29259 32.4
    endloop
  endfacet
  facet normal 0 0 1
    outer loop
      vertex 6.33684 5.26069 32.4
      vertex 6.04316 3.02994 32.4
      vertex 6.5 3 32.4
    endloop
  endfacet
  facet normal 0 0 1
    outer loop
      vertex 5.59413 3.11926 32.4
      vertex 6.17648 5.29259 32.4
      vertex 6.02165 5.34515 32.4
    endloop
  endfacet
  facet normal 0 0 1
    outer loop
      vertex 5.16061 3.26642 32.4
      vertex 6.02165 5.34515 32.4
      vertex 5.875 5.41747 32.4
    endloop
  endfacet
  facet normal 0 0 1
    outer loop
      vertex 4.75 3.46891 32.4
      vertex 5.875 5.41747 32.4
      vertex 5.73905 5.50831 32.4
    endloop
  endfacet
  facet normal 0 0 1
    outer loop
      vertex 4.36933 3.72326 32.4
      vertex 5.73905 5.50831 32.4
      vertex 5.61612 5.61612 32.4
    endloop
  endfacet
  facet normal 0 0 1
    outer loop
      vertex 6.17648 5.29259 32.4
      vertex 5.59413 3.11926 32.4
      vertex 6.04316 3.02994 32.4
    endloop
  endfacet
  facet normal 0 0 1
    outer loop
      vertex 4.02513 4.02513 32.4
      vertex 5.61612 5.61612 32.4
      vertex 5.50831 5.73905 32.4
    endloop
  endfacet
  facet normal 0 0 1
    outer loop
      vertex 3.72326 4.36933 32.4
      vertex 5.50831 5.73905 32.4
      vertex 5.41747 5.875 32.4
    endloop
  endfacet
  facet normal 0 0 1
    outer loop
      vertex 3.46891 4.75 32.4
      vertex 5.41747 5.875 32.4
      vertex 5.34515 6.02165 32.4
    endloop
  endfacet
  facet normal 0 0 1
    outer loop
      vertex 3.26642 5.16061 32.4
      vertex 5.34515 6.02165 32.4
      vertex 5.29259 6.17648 32.4
    endloop
  endfacet
  facet normal 0 0 1
    outer loop
      vertex 3.11926 5.59413 32.4
      vertex 5.29259 6.17648 32.4
      vertex 5.26069 6.33684 32.4
    endloop
  endfacet
  facet normal 0 0 1
    outer loop
      vertex 6.02165 5.34515 32.4
      vertex 5.16061 3.26642 32.4
      vertex 5.59413 3.11926 32.4
    endloop
  endfacet
  facet normal 0 0 1
    outer loop
      vertex 3.02994 6.04316 32.4
      vertex 5.26069 6.33684 32.4
      vertex 5.25 6.5 32.4
    endloop
  endfacet
  facet normal -0 0 1
    outer loop
      vertex 3.46891 8.25 32.4
      vertex 5.41747 7.125 32.4
      vertex 3.72326 8.63066 32.4
    endloop
  endfacet
  facet normal 0 0 1
    outer loop
      vertex 5.41747 7.125 32.4
      vertex 3.46891 8.25 32.4
      vertex 5.34515 6.97835 32.4
    endloop
  endfacet
  facet normal 0 0 1
    outer loop
      vertex 5.875 5.41747 32.4
      vertex 4.75 3.46891 32.4
      vertex 5.16061 3.26642 32.4
    endloop
  endfacet
  facet normal -0 0 1
    outer loop
      vertex 3.26642 7.83939 32.4
      vertex 5.34515 6.97835 32.4
      vertex 3.46891 8.25 32.4
    endloop
  endfacet
  facet normal 0 0 1
    outer loop
      vertex 5.73905 5.50831 32.4
      vertex 4.36933 3.72326 32.4
      vertex 4.75 3.46891 32.4
    endloop
  endfacet
  facet normal 0 0 1
    outer loop
      vertex 5.34515 6.97835 32.4
      vertex 3.26642 7.83939 32.4
      vertex 5.29259 6.82352 32.4
    endloop
  endfacet
  facet normal 0 0 1
    outer loop
      vertex 5.61612 5.61612 32.4
      vertex 4.02513 4.02513 32.4
      vertex 4.36933 3.72326 32.4
    endloop
  endfacet
  facet normal -0 0 1
    outer loop
      vertex 3.11926 7.40587 32.4
      vertex 5.29259 6.82352 32.4
      vertex 3.26642 7.83939 32.4
    endloop
  endfacet
  facet normal 0 0 1
    outer loop
      vertex 5.50831 5.73905 32.4
      vertex 3.72326 4.36933 32.4
      vertex 4.02513 4.02513 32.4
    endloop
  endfacet
  facet normal 0 0 1
    outer loop
      vertex 5.29259 6.82352 32.4
      vertex 3.11926 7.40587 32.4
      vertex 5.26069 6.66316 32.4
    endloop
  endfacet
  facet normal 0 0 1
    outer loop
      vertex 5.41747 5.875 32.4
      vertex 3.46891 4.75 32.4
      vertex 3.72326 4.36933 32.4
    endloop
  endfacet
  facet normal -0 0 1
    outer loop
      vertex 3.02994 6.95684 32.4
      vertex 5.26069 6.66316 32.4
      vertex 3.11926 7.40587 32.4
    endloop
  endfacet
  facet normal 0 0 1
    outer loop
      vertex 5.34515 6.02165 32.4
      vertex 3.26642 5.16061 32.4
      vertex 3.46891 4.75 32.4
    endloop
  endfacet
  facet normal 0 0 1
    outer loop
      vertex 5.26069 6.66316 32.4
      vertex 3.02994 6.95684 32.4
      vertex 5.25 6.5 32.4
    endloop
  endfacet
  facet normal 0 0 1
    outer loop
      vertex 5.29259 6.17648 32.4
      vertex 3.11926 5.59413 32.4
      vertex 3.26642 5.16061 32.4
    endloop
  endfacet
  facet normal 0 0 1
    outer loop
      vertex 3 6.5 32.4
      vertex 5.25 6.5 32.4
      vertex 3.02994 6.95684 32.4
    endloop
  endfacet
  facet normal 0 0 1
    outer loop
      vertex 5.26069 6.33684 32.4
      vertex 3.02994 6.04316 32.4
      vertex 3.11926 5.59413 32.4
    endloop
  endfacet
  facet normal 0 0 1
    outer loop
      vertex 5.25 6.5 32.4
      vertex 3 6.5 32.4
      vertex 3.02994 6.04316 32.4
    endloop
  endfacet
  facet normal 0 0 1
    outer loop
      vertex 7.75 37.5 32.4
      vertex 10 37.5 32.4
      vertex 9.97006 37.9568 32.4
    endloop
  endfacet
  facet normal 0 0 1
    outer loop
      vertex 7.73931 37.6632 32.4
      vertex 9.97006 37.9568 32.4
      vertex 9.88074 38.4059 32.4
    endloop
  endfacet
  facet normal 0 0 1
    outer loop
      vertex 10 37.5 32.4
      vertex 7.75 37.5 32.4
      vertex 9.97006 37.0432 32.4
    endloop
  endfacet
  facet normal 0 0 1
    outer loop
      vertex 7.70741 37.8235 32.4
      vertex 9.88074 38.4059 32.4
      vertex 9.73358 38.8394 32.4
    endloop
  endfacet
  facet normal -0 0 1
    outer loop
      vertex 7.73931 37.3368 32.4
      vertex 9.97006 37.0432 32.4
      vertex 7.75 37.5 32.4
    endloop
  endfacet
  facet normal 0 0 1
    outer loop
      vertex 7.65485 37.9784 32.4
      vertex 9.73358 38.8394 32.4
      vertex 9.53109 39.25 32.4
    endloop
  endfacet
  facet normal 0 0 1
    outer loop
      vertex 9.97006 37.0432 32.4
      vertex 7.73931 37.3368 32.4
      vertex 9.88074 36.5941 32.4
    endloop
  endfacet
  facet normal 0 0 1
    outer loop
      vertex 7.58253 38.125 32.4
      vertex 9.53109 39.25 32.4
      vertex 9.27674 39.6307 32.4
    endloop
  endfacet
  facet normal -0 0 1
    outer loop
      vertex 7.70741 37.1765 32.4
      vertex 9.88074 36.5941 32.4
      vertex 7.73931 37.3368 32.4
    endloop
  endfacet
  facet normal 0 0 1
    outer loop
      vertex 7.49169 38.261 32.4
      vertex 9.27674 39.6307 32.4
      vertex 8.97487 39.9749 32.4
    endloop
  endfacet
  facet normal 0 0 1
    outer loop
      vertex 9.88074 36.5941 32.4
      vertex 7.70741 37.1765 32.4
      vertex 9.73358 36.1606 32.4
    endloop
  endfacet
  facet normal 0 0 1
    outer loop
      vertex 7.38388 38.3839 32.4
      vertex 8.97487 39.9749 32.4
      vertex 8.63066 40.2767 32.4
    endloop
  endfacet
  facet normal -0 0 1
    outer loop
      vertex 7.65485 37.0216 32.4
      vertex 9.73358 36.1606 32.4
      vertex 7.70741 37.1765 32.4
    endloop
  endfacet
  facet normal 0 0 1
    outer loop
      vertex 7.26095 38.4917 32.4
      vertex 8.63066 40.2767 32.4
      vertex 8.25 40.5311 32.4
    endloop
  endfacet
  facet normal 0 0 1
    outer loop
      vertex 9.73358 36.1606 32.4
      vertex 7.65485 37.0216 32.4
      vertex 9.53109 35.75 32.4
    endloop
  endfacet
  facet normal 0 0 1
    outer loop
      vertex 7.125 38.5825 32.4
      vertex 8.25 40.5311 32.4
      vertex 7.83939 40.7336 32.4
    endloop
  endfacet
  facet normal -0 0 1
    outer loop
      vertex 7.58253 36.875 32.4
      vertex 9.53109 35.75 32.4
      vertex 7.65485 37.0216 32.4
    endloop
  endfacet
  facet normal 0 0 1
    outer loop
      vertex 9.53109 35.75 32.4
      vertex 7.58253 36.875 32.4
      vertex 9.27674 35.3693 32.4
    endloop
  endfacet
  facet normal 0 0 1
    outer loop
      vertex 9.97006 37.9568 32.4
      vertex 7.73931 37.6632 32.4
      vertex 7.75 37.5 32.4
    endloop
  endfacet
  facet normal 0 0 1
    outer loop
      vertex 9.88074 38.4059 32.4
      vertex 7.70741 37.8235 32.4
      vertex 7.73931 37.6632 32.4
    endloop
  endfacet
  facet normal 0 0 1
    outer loop
      vertex 9.73358 38.8394 32.4
      vertex 7.65485 37.9784 32.4
      vertex 7.70741 37.8235 32.4
    endloop
  endfacet
  facet normal 0 0 1
    outer loop
      vertex 9.53109 39.25 32.4
      vertex 7.58253 38.125 32.4
      vertex 7.65485 37.9784 32.4
    endloop
  endfacet
  facet normal 0 0 1
    outer loop
      vertex 9.27674 39.6307 32.4
      vertex 7.49169 38.261 32.4
      vertex 7.58253 38.125 32.4
    endloop
  endfacet
  facet normal 0 0 1
    outer loop
      vertex 6.97835 38.6549 32.4
      vertex 7.83939 40.7336 32.4
      vertex 7.40587 40.8807 32.4
    endloop
  endfacet
  facet normal 0 0 1
    outer loop
      vertex 8.97487 39.9749 32.4
      vertex 7.38388 38.3839 32.4
      vertex 7.49169 38.261 32.4
    endloop
  endfacet
  facet normal 0 0 1
    outer loop
      vertex 8.63066 40.2767 32.4
      vertex 7.26095 38.4917 32.4
      vertex 7.38388 38.3839 32.4
    endloop
  endfacet
  facet normal 0 0 1
    outer loop
      vertex 8.25 40.5311 32.4
      vertex 7.125 38.5825 32.4
      vertex 7.26095 38.4917 32.4
    endloop
  endfacet
  facet normal 0 0 1
    outer loop
      vertex 7.83939 40.7336 32.4
      vertex 6.97835 38.6549 32.4
      vertex 7.125 38.5825 32.4
    endloop
  endfacet
  facet normal 0 0 1
    outer loop
      vertex 6.82352 38.7074 32.4
      vertex 7.40587 40.8807 32.4
      vertex 6.95684 40.9701 32.4
    endloop
  endfacet
  facet normal 0 0 1
    outer loop
      vertex 7.40587 40.8807 32.4
      vertex 6.82352 38.7074 32.4
      vertex 6.97835 38.6549 32.4
    endloop
  endfacet
  facet normal 0 0 1
    outer loop
      vertex 6.95684 40.9701 32.4
      vertex 6.66316 38.7393 32.4
      vertex 6.82352 38.7074 32.4
    endloop
  endfacet
  facet normal 0 0 1
    outer loop
      vertex 6.5 41 32.4
      vertex 6.66316 38.7393 32.4
      vertex 6.95684 40.9701 32.4
    endloop
  endfacet
  facet normal 0 0 1
    outer loop
      vertex 6.5 41 32.4
      vertex 6.5 38.75 32.4
      vertex 6.66316 38.7393 32.4
    endloop
  endfacet
  facet normal 0 0 1
    outer loop
      vertex 6.5 41 32.4
      vertex 6.33684 38.7393 32.4
      vertex 6.5 38.75 32.4
    endloop
  endfacet
  facet normal -0 0 1
    outer loop
      vertex 6.04316 40.9701 32.4
      vertex 6.33684 38.7393 32.4
      vertex 6.5 41 32.4
    endloop
  endfacet
  facet normal 0 0 1
    outer loop
      vertex 6.33684 38.7393 32.4
      vertex 6.04316 40.9701 32.4
      vertex 6.17648 38.7074 32.4
    endloop
  endfacet
  facet normal -0 0 1
    outer loop
      vertex 5.59413 40.8807 32.4
      vertex 6.17648 38.7074 32.4
      vertex 6.04316 40.9701 32.4
    endloop
  endfacet
  facet normal 0 0 1
    outer loop
      vertex 6.17648 38.7074 32.4
      vertex 5.59413 40.8807 32.4
      vertex 6.02165 38.6549 32.4
    endloop
  endfacet
  facet normal -0 0 1
    outer loop
      vertex 5.16061 40.7336 32.4
      vertex 6.02165 38.6549 32.4
      vertex 5.59413 40.8807 32.4
    endloop
  endfacet
  facet normal 0 0 1
    outer loop
      vertex 6.02165 38.6549 32.4
      vertex 5.16061 40.7336 32.4
      vertex 5.875 38.5825 32.4
    endloop
  endfacet
  facet normal -0 0 1
    outer loop
      vertex 4.75 40.5311 32.4
      vertex 5.875 38.5825 32.4
      vertex 5.16061 40.7336 32.4
    endloop
  endfacet
  facet normal 0 0 1
    outer loop
      vertex 5.875 38.5825 32.4
      vertex 4.75 40.5311 32.4
      vertex 5.73905 38.4917 32.4
    endloop
  endfacet
  facet normal -0 0 1
    outer loop
      vertex 4.36933 40.2767 32.4
      vertex 5.73905 38.4917 32.4
      vertex 4.75 40.5311 32.4
    endloop
  endfacet
  facet normal 0 0 1
    outer loop
      vertex 5.73905 38.4917 32.4
      vertex 4.36933 40.2767 32.4
      vertex 5.61612 38.3839 32.4
    endloop
  endfacet
  facet normal -0 0 1
    outer loop
      vertex 4.02513 39.9749 32.4
      vertex 5.61612 38.3839 32.4
      vertex 4.36933 40.2767 32.4
    endloop
  endfacet
  facet normal 0 0 1
    outer loop
      vertex 5.61612 38.3839 32.4
      vertex 4.02513 39.9749 32.4
      vertex 5.50831 38.261 32.4
    endloop
  endfacet
  facet normal 0 0 1
    outer loop
      vertex 5.50831 38.261 32.4
      vertex 3.72326 39.6307 32.4
      vertex 5.41747 38.125 32.4
    endloop
  endfacet
  facet normal -0 0 1
    outer loop
      vertex 3.72326 39.6307 32.4
      vertex 5.50831 38.261 32.4
      vertex 4.02513 39.9749 32.4
    endloop
  endfacet
  facet normal -0 0 1
    outer loop
      vertex 7.49169 36.739 32.4
      vertex 9.27674 35.3693 32.4
      vertex 7.58253 36.875 32.4
    endloop
  endfacet
  facet normal 0 0 1
    outer loop
      vertex 9.27674 35.3693 32.4
      vertex 7.49169 36.739 32.4
      vertex 8.97487 35.0251 32.4
    endloop
  endfacet
  facet normal -0 0 1
    outer loop
      vertex 7.38388 36.6161 32.4
      vertex 8.97487 35.0251 32.4
      vertex 7.49169 36.739 32.4
    endloop
  endfacet
  facet normal 0 0 1
    outer loop
      vertex 8.97487 35.0251 32.4
      vertex 7.38388 36.6161 32.4
      vertex 8.63066 34.7233 32.4
    endloop
  endfacet
  facet normal -0 0 1
    outer loop
      vertex 7.26095 36.5083 32.4
      vertex 8.63066 34.7233 32.4
      vertex 7.38388 36.6161 32.4
    endloop
  endfacet
  facet normal 0 0 1
    outer loop
      vertex 8.63066 34.7233 32.4
      vertex 7.26095 36.5083 32.4
      vertex 8.25 34.4689 32.4
    endloop
  endfacet
  facet normal -0 0 1
    outer loop
      vertex 7.125 36.4175 32.4
      vertex 8.25 34.4689 32.4
      vertex 7.26095 36.5083 32.4
    endloop
  endfacet
  facet normal 0 0 1
    outer loop
      vertex 8.25 34.4689 32.4
      vertex 7.125 36.4175 32.4
      vertex 7.83939 34.2664 32.4
    endloop
  endfacet
  facet normal -0 0 1
    outer loop
      vertex 6.97835 36.3451 32.4
      vertex 7.83939 34.2664 32.4
      vertex 7.125 36.4175 32.4
    endloop
  endfacet
  facet normal 0 0 1
    outer loop
      vertex 7.83939 34.2664 32.4
      vertex 6.97835 36.3451 32.4
      vertex 7.40587 34.1193 32.4
    endloop
  endfacet
  facet normal -0 0 1
    outer loop
      vertex 6.82352 36.2926 32.4
      vertex 7.40587 34.1193 32.4
      vertex 6.97835 36.3451 32.4
    endloop
  endfacet
  facet normal 0 0 1
    outer loop
      vertex 7.40587 34.1193 32.4
      vertex 6.82352 36.2926 32.4
      vertex 6.95684 34.0299 32.4
    endloop
  endfacet
  facet normal -0 0 1
    outer loop
      vertex 6.66316 36.2607 32.4
      vertex 6.95684 34.0299 32.4
      vertex 6.82352 36.2926 32.4
    endloop
  endfacet
  facet normal -0 0 1
    outer loop
      vertex 6.5 36.25 32.4
      vertex 6.95684 34.0299 32.4
      vertex 6.66316 36.2607 32.4
    endloop
  endfacet
  facet normal 0 0 1
    outer loop
      vertex 6.5 36.25 32.4
      vertex 6.5 34 32.4
      vertex 6.95684 34.0299 32.4
    endloop
  endfacet
  facet normal 0 0 1
    outer loop
      vertex 6.33684 36.2607 32.4
      vertex 6.5 34 32.4
      vertex 6.5 36.25 32.4
    endloop
  endfacet
  facet normal 0 0 1
    outer loop
      vertex 6.04316 34.0299 32.4
      vertex 6.33684 36.2607 32.4
      vertex 6.17648 36.2926 32.4
    endloop
  endfacet
  facet normal 0 0 1
    outer loop
      vertex 6.33684 36.2607 32.4
      vertex 6.04316 34.0299 32.4
      vertex 6.5 34 32.4
    endloop
  endfacet
  facet normal 0 0 1
    outer loop
      vertex 5.59413 34.1193 32.4
      vertex 6.17648 36.2926 32.4
      vertex 6.02165 36.3451 32.4
    endloop
  endfacet
  facet normal 0 0 1
    outer loop
      vertex 5.16061 34.2664 32.4
      vertex 6.02165 36.3451 32.4
      vertex 5.875 36.4175 32.4
    endloop
  endfacet
  facet normal 0 0 1
    outer loop
      vertex 4.75 34.4689 32.4
      vertex 5.875 36.4175 32.4
      vertex 5.73905 36.5083 32.4
    endloop
  endfacet
  facet normal 0 0 1
    outer loop
      vertex 4.36933 34.7233 32.4
      vertex 5.73905 36.5083 32.4
      vertex 5.61612 36.6161 32.4
    endloop
  endfacet
  facet normal 0 0 1
    outer loop
      vertex 6.17648 36.2926 32.4
      vertex 5.59413 34.1193 32.4
      vertex 6.04316 34.0299 32.4
    endloop
  endfacet
  facet normal 0 0 1
    outer loop
      vertex 4.02513 35.0251 32.4
      vertex 5.61612 36.6161 32.4
      vertex 5.50831 36.739 32.4
    endloop
  endfacet
  facet normal 0 0 1
    outer loop
      vertex 3.72326 35.3693 32.4
      vertex 5.50831 36.739 32.4
      vertex 5.41747 36.875 32.4
    endloop
  endfacet
  facet normal 0 0 1
    outer loop
      vertex 3.46891 35.75 32.4
      vertex 5.41747 36.875 32.4
      vertex 5.34515 37.0216 32.4
    endloop
  endfacet
  facet normal 0 0 1
    outer loop
      vertex 3.26642 36.1606 32.4
      vertex 5.34515 37.0216 32.4
      vertex 5.29259 37.1765 32.4
    endloop
  endfacet
  facet normal 0 0 1
    outer loop
      vertex 3.11926 36.5941 32.4
      vertex 5.29259 37.1765 32.4
      vertex 5.26069 37.3368 32.4
    endloop
  endfacet
  facet normal 0 0 1
    outer loop
      vertex 6.02165 36.3451 32.4
      vertex 5.16061 34.2664 32.4
      vertex 5.59413 34.1193 32.4
    endloop
  endfacet
  facet normal 0 0 1
    outer loop
      vertex 3.02994 37.0432 32.4
      vertex 5.26069 37.3368 32.4
      vertex 5.25 37.5 32.4
    endloop
  endfacet
  facet normal -0 0 1
    outer loop
      vertex 3.46891 39.25 32.4
      vertex 5.41747 38.125 32.4
      vertex 3.72326 39.6307 32.4
    endloop
  endfacet
  facet normal 0 0 1
    outer loop
      vertex 5.41747 38.125 32.4
      vertex 3.46891 39.25 32.4
      vertex 5.34515 37.9784 32.4
    endloop
  endfacet
  facet normal 0 0 1
    outer loop
      vertex 5.875 36.4175 32.4
      vertex 4.75 34.4689 32.4
      vertex 5.16061 34.2664 32.4
    endloop
  endfacet
  facet normal -0 0 1
    outer loop
      vertex 3.26642 38.8394 32.4
      vertex 5.34515 37.9784 32.4
      vertex 3.46891 39.25 32.4
    endloop
  endfacet
  facet normal 0 0 1
    outer loop
      vertex 5.73905 36.5083 32.4
      vertex 4.36933 34.7233 32.4
      vertex 4.75 34.4689 32.4
    endloop
  endfacet
  facet normal 0 0 1
    outer loop
      vertex 5.34515 37.9784 32.4
      vertex 3.26642 38.8394 32.4
      vertex 5.29259 37.8235 32.4
    endloop
  endfacet
  facet normal 0 0 1
    outer loop
      vertex 5.61612 36.6161 32.4
      vertex 4.02513 35.0251 32.4
      vertex 4.36933 34.7233 32.4
    endloop
  endfacet
  facet normal -0 0 1
    outer loop
      vertex 3.11926 38.4059 32.4
      vertex 5.29259 37.8235 32.4
      vertex 3.26642 38.8394 32.4
    endloop
  endfacet
  facet normal 0 0 1
    outer loop
      vertex 5.50831 36.739 32.4
      vertex 3.72326 35.3693 32.4
      vertex 4.02513 35.0251 32.4
    endloop
  endfacet
  facet normal 0 0 1
    outer loop
      vertex 5.29259 37.8235 32.4
      vertex 3.11926 38.4059 32.4
      vertex 5.26069 37.6632 32.4
    endloop
  endfacet
  facet normal 0 0 1
    outer loop
      vertex 5.41747 36.875 32.4
      vertex 3.46891 35.75 32.4
      vertex 3.72326 35.3693 32.4
    endloop
  endfacet
  facet normal -0 0 1
    outer loop
      vertex 3.02994 37.9568 32.4
      vertex 5.26069 37.6632 32.4
      vertex 3.11926 38.4059 32.4
    endloop
  endfacet
  facet normal 0 0 1
    outer loop
      vertex 5.34515 37.0216 32.4
      vertex 3.26642 36.1606 32.4
      vertex 3.46891 35.75 32.4
    endloop
  endfacet
  facet normal 0 0 1
    outer loop
      vertex 5.26069 37.6632 32.4
      vertex 3.02994 37.9568 32.4
      vertex 5.25 37.5 32.4
    endloop
  endfacet
  facet normal 0 0 1
    outer loop
      vertex 5.29259 37.1765 32.4
      vertex 3.11926 36.5941 32.4
      vertex 3.26642 36.1606 32.4
    endloop
  endfacet
  facet normal 0 0 1
    outer loop
      vertex 3 37.5 32.4
      vertex 5.25 37.5 32.4
      vertex 3.02994 37.9568 32.4
    endloop
  endfacet
  facet normal 0 0 1
    outer loop
      vertex 5.26069 37.3368 32.4
      vertex 3.02994 37.0432 32.4
      vertex 3.11926 36.5941 32.4
    endloop
  endfacet
  facet normal 0 0 1
    outer loop
      vertex 5.25 37.5 32.4
      vertex 3 37.5 32.4
      vertex 3.02994 37.0432 32.4
    endloop
  endfacet
  facet normal 0 0 1
    outer loop
      vertex 46.75 6.5 32.4
      vertex 49 6.5 32.4
      vertex 48.9701 6.95684 32.4
    endloop
  endfacet
  facet normal 0 0 1
    outer loop
      vertex 46.7393 6.66316 32.4
      vertex 48.9701 6.95684 32.4
      vertex 48.8807 7.40587 32.4
    endloop
  endfacet
  facet normal 0 0 1
    outer loop
      vertex 49 6.5 32.4
      vertex 46.75 6.5 32.4
      vertex 48.9701 6.04316 32.4
    endloop
  endfacet
  facet normal 0 0 1
    outer loop
      vertex 46.7074 6.82352 32.4
      vertex 48.8807 7.40587 32.4
      vertex 48.7336 7.83939 32.4
    endloop
  endfacet
  facet normal -0 0 1
    outer loop
      vertex 46.7393 6.33684 32.4
      vertex 48.9701 6.04316 32.4
      vertex 46.75 6.5 32.4
    endloop
  endfacet
  facet normal 0 0 1
    outer loop
      vertex 46.6549 6.97835 32.4
      vertex 48.7336 7.83939 32.4
      vertex 48.5311 8.25 32.4
    endloop
  endfacet
  facet normal 0 0 1
    outer loop
      vertex 48.9701 6.04316 32.4
      vertex 46.7393 6.33684 32.4
      vertex 48.8807 5.59413 32.4
    endloop
  endfacet
  facet normal 0 0 1
    outer loop
      vertex 46.5825 7.125 32.4
      vertex 48.5311 8.25 32.4
      vertex 48.2767 8.63066 32.4
    endloop
  endfacet
  facet normal -0 0 1
    outer loop
      vertex 46.7074 6.17648 32.4
      vertex 48.8807 5.59413 32.4
      vertex 46.7393 6.33684 32.4
    endloop
  endfacet
  facet normal 0 0 1
    outer loop
      vertex 46.4917 7.26095 32.4
      vertex 48.2767 8.63066 32.4
      vertex 47.9749 8.97487 32.4
    endloop
  endfacet
  facet normal 0 0 1
    outer loop
      vertex 48.8807 5.59413 32.4
      vertex 46.7074 6.17648 32.4
      vertex 48.7336 5.16061 32.4
    endloop
  endfacet
  facet normal 0 0 1
    outer loop
      vertex 46.3839 7.38388 32.4
      vertex 47.9749 8.97487 32.4
      vertex 47.6307 9.27674 32.4
    endloop
  endfacet
  facet normal -0 0 1
    outer loop
      vertex 46.6549 6.02165 32.4
      vertex 48.7336 5.16061 32.4
      vertex 46.7074 6.17648 32.4
    endloop
  endfacet
  facet normal 0 0 1
    outer loop
      vertex 46.261 7.49169 32.4
      vertex 47.6307 9.27674 32.4
      vertex 47.25 9.53109 32.4
    endloop
  endfacet
  facet normal 0 0 1
    outer loop
      vertex 48.7336 5.16061 32.4
      vertex 46.6549 6.02165 32.4
      vertex 48.5311 4.75 32.4
    endloop
  endfacet
  facet normal 0 0 1
    outer loop
      vertex 46.125 7.58253 32.4
      vertex 47.25 9.53109 32.4
      vertex 46.8394 9.73358 32.4
    endloop
  endfacet
  facet normal -0 0 1
    outer loop
      vertex 46.5825 5.875 32.4
      vertex 48.5311 4.75 32.4
      vertex 46.6549 6.02165 32.4
    endloop
  endfacet
  facet normal 0 0 1
    outer loop
      vertex 48.5311 4.75 32.4
      vertex 46.5825 5.875 32.4
      vertex 48.2767 4.36933 32.4
    endloop
  endfacet
  facet normal 0 0 1
    outer loop
      vertex 48.9701 6.95684 32.4
      vertex 46.7393 6.66316 32.4
      vertex 46.75 6.5 32.4
    endloop
  endfacet
  facet normal 0 0 1
    outer loop
      vertex 48.8807 7.40587 32.4
      vertex 46.7074 6.82352 32.4
      vertex 46.7393 6.66316 32.4
    endloop
  endfacet
  facet normal 0 0 1
    outer loop
      vertex 48.7336 7.83939 32.4
      vertex 46.6549 6.97835 32.4
      vertex 46.7074 6.82352 32.4
    endloop
  endfacet
  facet normal 0 0 1
    outer loop
      vertex 48.5311 8.25 32.4
      vertex 46.5825 7.125 32.4
      vertex 46.6549 6.97835 32.4
    endloop
  endfacet
  facet normal 0 0 1
    outer loop
      vertex 48.2767 8.63066 32.4
      vertex 46.4917 7.26095 32.4
      vertex 46.5825 7.125 32.4
    endloop
  endfacet
  facet normal 0 0 1
    outer loop
      vertex 45.9784 7.65485 32.4
      vertex 46.8394 9.73358 32.4
      vertex 46.4059 9.88074 32.4
    endloop
  endfacet
  facet normal 0 0 1
    outer loop
      vertex 47.9749 8.97487 32.4
      vertex 46.3839 7.38388 32.4
      vertex 46.4917 7.26095 32.4
    endloop
  endfacet
  facet normal 0 0 1
    outer loop
      vertex 47.6307 9.27674 32.4
      vertex 46.261 7.49169 32.4
      vertex 46.3839 7.38388 32.4
    endloop
  endfacet
  facet normal 0 0 1
    outer loop
      vertex 47.25 9.53109 32.4
      vertex 46.125 7.58253 32.4
      vertex 46.261 7.49169 32.4
    endloop
  endfacet
  facet normal 0 0 1
    outer loop
      vertex 46.8394 9.73358 32.4
      vertex 45.9784 7.65485 32.4
      vertex 46.125 7.58253 32.4
    endloop
  endfacet
  facet normal 0 0 1
    outer loop
      vertex 45.8235 7.70741 32.4
      vertex 46.4059 9.88074 32.4
      vertex 45.9568 9.97006 32.4
    endloop
  endfacet
  facet normal 0 0 1
    outer loop
      vertex 46.4059 9.88074 32.4
      vertex 45.8235 7.70741 32.4
      vertex 45.9784 7.65485 32.4
    endloop
  endfacet
  facet normal 0 0 1
    outer loop
      vertex 45.9568 9.97006 32.4
      vertex 45.6632 7.73931 32.4
      vertex 45.8235 7.70741 32.4
    endloop
  endfacet
  facet normal 0 0 1
    outer loop
      vertex 45.5 10 32.4
      vertex 45.6632 7.73931 32.4
      vertex 45.9568 9.97006 32.4
    endloop
  endfacet
  facet normal 0 0 1
    outer loop
      vertex 45.5 10 32.4
      vertex 45.5 7.75 32.4
      vertex 45.6632 7.73931 32.4
    endloop
  endfacet
  facet normal 0 0 1
    outer loop
      vertex 45.5 10 32.4
      vertex 45.3368 7.73931 32.4
      vertex 45.5 7.75 32.4
    endloop
  endfacet
  facet normal -0 0 1
    outer loop
      vertex 45.0432 9.97006 32.4
      vertex 45.3368 7.73931 32.4
      vertex 45.5 10 32.4
    endloop
  endfacet
  facet normal 0 0 1
    outer loop
      vertex 45.3368 7.73931 32.4
      vertex 45.0432 9.97006 32.4
      vertex 45.1765 7.70741 32.4
    endloop
  endfacet
  facet normal -0 0 1
    outer loop
      vertex 44.5941 9.88074 32.4
      vertex 45.1765 7.70741 32.4
      vertex 45.0432 9.97006 32.4
    endloop
  endfacet
  facet normal 0 0 1
    outer loop
      vertex 45.1765 7.70741 32.4
      vertex 44.5941 9.88074 32.4
      vertex 45.0216 7.65485 32.4
    endloop
  endfacet
  facet normal -0 0 1
    outer loop
      vertex 44.1606 9.73358 32.4
      vertex 45.0216 7.65485 32.4
      vertex 44.5941 9.88074 32.4
    endloop
  endfacet
  facet normal 0 0 1
    outer loop
      vertex 45.0216 7.65485 32.4
      vertex 44.1606 9.73358 32.4
      vertex 44.875 7.58253 32.4
    endloop
  endfacet
  facet normal -0 0 1
    outer loop
      vertex 43.75 9.53109 32.4
      vertex 44.875 7.58253 32.4
      vertex 44.1606 9.73358 32.4
    endloop
  endfacet
  facet normal 0 0 1
    outer loop
      vertex 44.875 7.58253 32.4
      vertex 43.75 9.53109 32.4
      vertex 44.739 7.49169 32.4
    endloop
  endfacet
  facet normal -0 0 1
    outer loop
      vertex 43.3693 9.27674 32.4
      vertex 44.739 7.49169 32.4
      vertex 43.75 9.53109 32.4
    endloop
  endfacet
  facet normal 0 0 1
    outer loop
      vertex 44.739 7.49169 32.4
      vertex 43.3693 9.27674 32.4
      vertex 44.6161 7.38388 32.4
    endloop
  endfacet
  facet normal -0 0 1
    outer loop
      vertex 43.0251 8.97487 32.4
      vertex 44.6161 7.38388 32.4
      vertex 43.3693 9.27674 32.4
    endloop
  endfacet
  facet normal 0 0 1
    outer loop
      vertex 44.6161 7.38388 32.4
      vertex 43.0251 8.97487 32.4
      vertex 44.5083 7.26095 32.4
    endloop
  endfacet
  facet normal 0 0 1
    outer loop
      vertex 44.5083 7.26095 32.4
      vertex 42.7233 8.63066 32.4
      vertex 44.4175 7.125 32.4
    endloop
  endfacet
  facet normal -0 0 1
    outer loop
      vertex 42.7233 8.63066 32.4
      vertex 44.5083 7.26095 32.4
      vertex 43.0251 8.97487 32.4
    endloop
  endfacet
  facet normal -0 0 1
    outer loop
      vertex 46.4917 5.73905 32.4
      vertex 48.2767 4.36933 32.4
      vertex 46.5825 5.875 32.4
    endloop
  endfacet
  facet normal 0 0 1
    outer loop
      vertex 48.2767 4.36933 32.4
      vertex 46.4917 5.73905 32.4
      vertex 47.9749 4.02513 32.4
    endloop
  endfacet
  facet normal -0 0 1
    outer loop
      vertex 46.3839 5.61612 32.4
      vertex 47.9749 4.02513 32.4
      vertex 46.4917 5.73905 32.4
    endloop
  endfacet
  facet normal 0 0 1
    outer loop
      vertex 47.9749 4.02513 32.4
      vertex 46.3839 5.61612 32.4
      vertex 47.6307 3.72326 32.4
    endloop
  endfacet
  facet normal -0 0 1
    outer loop
      vertex 46.261 5.50831 32.4
      vertex 47.6307 3.72326 32.4
      vertex 46.3839 5.61612 32.4
    endloop
  endfacet
  facet normal 0 0 1
    outer loop
      vertex 47.6307 3.72326 32.4
      vertex 46.261 5.50831 32.4
      vertex 47.25 3.46891 32.4
    endloop
  endfacet
  facet normal -0 0 1
    outer loop
      vertex 46.125 5.41747 32.4
      vertex 47.25 3.46891 32.4
      vertex 46.261 5.50831 32.4
    endloop
  endfacet
  facet normal 0 0 1
    outer loop
      vertex 47.25 3.46891 32.4
      vertex 46.125 5.41747 32.4
      vertex 46.8394 3.26642 32.4
    endloop
  endfacet
  facet normal -0 0 1
    outer loop
      vertex 45.9784 5.34515 32.4
      vertex 46.8394 3.26642 32.4
      vertex 46.125 5.41747 32.4
    endloop
  endfacet
  facet normal 0 0 1
    outer loop
      vertex 46.8394 3.26642 32.4
      vertex 45.9784 5.34515 32.4
      vertex 46.4059 3.11926 32.4
    endloop
  endfacet
  facet normal -0 0 1
    outer loop
      vertex 45.8235 5.29259 32.4
      vertex 46.4059 3.11926 32.4
      vertex 45.9784 5.34515 32.4
    endloop
  endfacet
  facet normal 0 0 1
    outer loop
      vertex 46.4059 3.11926 32.4
      vertex 45.8235 5.29259 32.4
      vertex 45.9568 3.02994 32.4
    endloop
  endfacet
  facet normal -0 0 1
    outer loop
      vertex 45.6632 5.26069 32.4
      vertex 45.9568 3.02994 32.4
      vertex 45.8235 5.29259 32.4
    endloop
  endfacet
  facet normal -0 0 1
    outer loop
      vertex 45.5 5.25 32.4
      vertex 45.9568 3.02994 32.4
      vertex 45.6632 5.26069 32.4
    endloop
  endfacet
  facet normal 0 0 1
    outer loop
      vertex 45.5 5.25 32.4
      vertex 45.5 3 32.4
      vertex 45.9568 3.02994 32.4
    endloop
  endfacet
  facet normal 0 0 1
    outer loop
      vertex 45.3368 5.26069 32.4
      vertex 45.5 3 32.4
      vertex 45.5 5.25 32.4
    endloop
  endfacet
  facet normal 0 0 1
    outer loop
      vertex 45.0432 3.02994 32.4
      vertex 45.3368 5.26069 32.4
      vertex 45.1765 5.29259 32.4
    endloop
  endfacet
  facet normal 0 0 1
    outer loop
      vertex 45.3368 5.26069 32.4
      vertex 45.0432 3.02994 32.4
      vertex 45.5 3 32.4
    endloop
  endfacet
  facet normal 0 0 1
    outer loop
      vertex 44.5941 3.11926 32.4
      vertex 45.1765 5.29259 32.4
      vertex 45.0216 5.34515 32.4
    endloop
  endfacet
  facet normal 0 0 1
    outer loop
      vertex 44.1606 3.26642 32.4
      vertex 45.0216 5.34515 32.4
      vertex 44.875 5.41747 32.4
    endloop
  endfacet
  facet normal 0 0 1
    outer loop
      vertex 43.75 3.46891 32.4
      vertex 44.875 5.41747 32.4
      vertex 44.739 5.50831 32.4
    endloop
  endfacet
  facet normal 0 0 1
    outer loop
      vertex 43.3693 3.72326 32.4
      vertex 44.739 5.50831 32.4
      vertex 44.6161 5.61612 32.4
    endloop
  endfacet
  facet normal 0 0 1
    outer loop
      vertex 45.1765 5.29259 32.4
      vertex 44.5941 3.11926 32.4
      vertex 45.0432 3.02994 32.4
    endloop
  endfacet
  facet normal 0 0 1
    outer loop
      vertex 43.0251 4.02513 32.4
      vertex 44.6161 5.61612 32.4
      vertex 44.5083 5.73905 32.4
    endloop
  endfacet
  facet normal 0 0 1
    outer loop
      vertex 42.7233 4.36933 32.4
      vertex 44.5083 5.73905 32.4
      vertex 44.4175 5.875 32.4
    endloop
  endfacet
  facet normal 0 0 1
    outer loop
      vertex 42.4689 4.75 32.4
      vertex 44.4175 5.875 32.4
      vertex 44.3451 6.02165 32.4
    endloop
  endfacet
  facet normal 0 0 1
    outer loop
      vertex 42.2664 5.16061 32.4
      vertex 44.3451 6.02165 32.4
      vertex 44.2926 6.17648 32.4
    endloop
  endfacet
  facet normal 0 0 1
    outer loop
      vertex 42.1193 5.59413 32.4
      vertex 44.2926 6.17648 32.4
      vertex 44.2607 6.33684 32.4
    endloop
  endfacet
  facet normal 0 0 1
    outer loop
      vertex 45.0216 5.34515 32.4
      vertex 44.1606 3.26642 32.4
      vertex 44.5941 3.11926 32.4
    endloop
  endfacet
  facet normal 0 0 1
    outer loop
      vertex 42.0299 6.04316 32.4
      vertex 44.2607 6.33684 32.4
      vertex 44.25 6.5 32.4
    endloop
  endfacet
  facet normal -0 0 1
    outer loop
      vertex 42.4689 8.25 32.4
      vertex 44.4175 7.125 32.4
      vertex 42.7233 8.63066 32.4
    endloop
  endfacet
  facet normal 0 0 1
    outer loop
      vertex 44.4175 7.125 32.4
      vertex 42.4689 8.25 32.4
      vertex 44.3451 6.97835 32.4
    endloop
  endfacet
  facet normal 0 0 1
    outer loop
      vertex 44.875 5.41747 32.4
      vertex 43.75 3.46891 32.4
      vertex 44.1606 3.26642 32.4
    endloop
  endfacet
  facet normal -0 0 1
    outer loop
      vertex 42.2664 7.83939 32.4
      vertex 44.3451 6.97835 32.4
      vertex 42.4689 8.25 32.4
    endloop
  endfacet
  facet normal 0 0 1
    outer loop
      vertex 44.739 5.50831 32.4
      vertex 43.3693 3.72326 32.4
      vertex 43.75 3.46891 32.4
    endloop
  endfacet
  facet normal 0 0 1
    outer loop
      vertex 44.3451 6.97835 32.4
      vertex 42.2664 7.83939 32.4
      vertex 44.2926 6.82352 32.4
    endloop
  endfacet
  facet normal 0 0 1
    outer loop
      vertex 44.6161 5.61612 32.4
      vertex 43.0251 4.02513 32.4
      vertex 43.3693 3.72326 32.4
    endloop
  endfacet
  facet normal -0 0 1
    outer loop
      vertex 42.1193 7.40587 32.4
      vertex 44.2926 6.82352 32.4
      vertex 42.2664 7.83939 32.4
    endloop
  endfacet
  facet normal 0 0 1
    outer loop
      vertex 44.5083 5.73905 32.4
      vertex 42.7233 4.36933 32.4
      vertex 43.0251 4.02513 32.4
    endloop
  endfacet
  facet normal 0 0 1
    outer loop
      vertex 44.2926 6.82352 32.4
      vertex 42.1193 7.40587 32.4
      vertex 44.2607 6.66316 32.4
    endloop
  endfacet
  facet normal 0 0 1
    outer loop
      vertex 44.4175 5.875 32.4
      vertex 42.4689 4.75 32.4
      vertex 42.7233 4.36933 32.4
    endloop
  endfacet
  facet normal -0 0 1
    outer loop
      vertex 42.0299 6.95684 32.4
      vertex 44.2607 6.66316 32.4
      vertex 42.1193 7.40587 32.4
    endloop
  endfacet
  facet normal 0 0 1
    outer loop
      vertex 44.3451 6.02165 32.4
      vertex 42.2664 5.16061 32.4
      vertex 42.4689 4.75 32.4
    endloop
  endfacet
  facet normal 0 0 1
    outer loop
      vertex 44.2607 6.66316 32.4
      vertex 42.0299 6.95684 32.4
      vertex 44.25 6.5 32.4
    endloop
  endfacet
  facet normal 0 0 1
    outer loop
      vertex 44.2926 6.17648 32.4
      vertex 42.1193 5.59413 32.4
      vertex 42.2664 5.16061 32.4
    endloop
  endfacet
  facet normal 0 0 1
    outer loop
      vertex 42 6.5 32.4
      vertex 44.25 6.5 32.4
      vertex 42.0299 6.95684 32.4
    endloop
  endfacet
  facet normal 0 0 1
    outer loop
      vertex 44.2607 6.33684 32.4
      vertex 42.0299 6.04316 32.4
      vertex 42.1193 5.59413 32.4
    endloop
  endfacet
  facet normal 0 0 1
    outer loop
      vertex 44.25 6.5 32.4
      vertex 42 6.5 32.4
      vertex 42.0299 6.04316 32.4
    endloop
  endfacet
  facet normal 0 0 1
    outer loop
      vertex 46.75 37.5 32.4
      vertex 49 37.5 32.4
      vertex 48.9701 37.9568 32.4
    endloop
  endfacet
  facet normal 0 0 1
    outer loop
      vertex 46.7393 37.6632 32.4
      vertex 48.9701 37.9568 32.4
      vertex 48.8807 38.4059 32.4
    endloop
  endfacet
  facet normal 0 0 1
    outer loop
      vertex 49 37.5 32.4
      vertex 46.75 37.5 32.4
      vertex 48.9701 37.0432 32.4
    endloop
  endfacet
  facet normal 0 0 1
    outer loop
      vertex 46.7074 37.8235 32.4
      vertex 48.8807 38.4059 32.4
      vertex 48.7336 38.8394 32.4
    endloop
  endfacet
  facet normal -0 0 1
    outer loop
      vertex 46.7393 37.3368 32.4
      vertex 48.9701 37.0432 32.4
      vertex 46.75 37.5 32.4
    endloop
  endfacet
  facet normal 0 0 1
    outer loop
      vertex 46.6549 37.9784 32.4
      vertex 48.7336 38.8394 32.4
      vertex 48.5311 39.25 32.4
    endloop
  endfacet
  facet normal 0 0 1
    outer loop
      vertex 48.9701 37.0432 32.4
      vertex 46.7393 37.3368 32.4
      vertex 48.8807 36.5941 32.4
    endloop
  endfacet
  facet normal 0 0 1
    outer loop
      vertex 46.5825 38.125 32.4
      vertex 48.5311 39.25 32.4
      vertex 48.2767 39.6307 32.4
    endloop
  endfacet
  facet normal -0 0 1
    outer loop
      vertex 46.7074 37.1765 32.4
      vertex 48.8807 36.5941 32.4
      vertex 46.7393 37.3368 32.4
    endloop
  endfacet
  facet normal 0 0 1
    outer loop
      vertex 46.4917 38.261 32.4
      vertex 48.2767 39.6307 32.4
      vertex 47.9749 39.9749 32.4
    endloop
  endfacet
  facet normal 0 0 1
    outer loop
      vertex 48.8807 36.5941 32.4
      vertex 46.7074 37.1765 32.4
      vertex 48.7336 36.1606 32.4
    endloop
  endfacet
  facet normal 0 0 1
    outer loop
      vertex 46.3839 38.3839 32.4
      vertex 47.9749 39.9749 32.4
      vertex 47.6307 40.2767 32.4
    endloop
  endfacet
  facet normal -0 0 1
    outer loop
      vertex 46.6549 37.0216 32.4
      vertex 48.7336 36.1606 32.4
      vertex 46.7074 37.1765 32.4
    endloop
  endfacet
  facet normal 0 0 1
    outer loop
      vertex 46.261 38.4917 32.4
      vertex 47.6307 40.2767 32.4
      vertex 47.25 40.5311 32.4
    endloop
  endfacet
  facet normal 0 0 1
    outer loop
      vertex 48.7336 36.1606 32.4
      vertex 46.6549 37.0216 32.4
      vertex 48.5311 35.75 32.4
    endloop
  endfacet
  facet normal 0 0 1
    outer loop
      vertex 46.125 38.5825 32.4
      vertex 47.25 40.5311 32.4
      vertex 46.8394 40.7336 32.4
    endloop
  endfacet
  facet normal -0 0 1
    outer loop
      vertex 46.5825 36.875 32.4
      vertex 48.5311 35.75 32.4
      vertex 46.6549 37.0216 32.4
    endloop
  endfacet
  facet normal 0 0 1
    outer loop
      vertex 48.5311 35.75 32.4
      vertex 46.5825 36.875 32.4
      vertex 48.2767 35.3693 32.4
    endloop
  endfacet
  facet normal 0 0 1
    outer loop
      vertex 48.9701 37.9568 32.4
      vertex 46.7393 37.6632 32.4
      vertex 46.75 37.5 32.4
    endloop
  endfacet
  facet normal 0 0 1
    outer loop
      vertex 48.8807 38.4059 32.4
      vertex 46.7074 37.8235 32.4
      vertex 46.7393 37.6632 32.4
    endloop
  endfacet
  facet normal 0 0 1
    outer loop
      vertex 48.7336 38.8394 32.4
      vertex 46.6549 37.9784 32.4
      vertex 46.7074 37.8235 32.4
    endloop
  endfacet
  facet normal 0 0 1
    outer loop
      vertex 48.5311 39.25 32.4
      vertex 46.5825 38.125 32.4
      vertex 46.6549 37.9784 32.4
    endloop
  endfacet
  facet normal 0 0 1
    outer loop
      vertex 48.2767 39.6307 32.4
      vertex 46.4917 38.261 32.4
      vertex 46.5825 38.125 32.4
    endloop
  endfacet
  facet normal 0 0 1
    outer loop
      vertex 45.9784 38.6549 32.4
      vertex 46.8394 40.7336 32.4
      vertex 46.4059 40.8807 32.4
    endloop
  endfacet
  facet normal 0 0 1
    outer loop
      vertex 47.9749 39.9749 32.4
      vertex 46.3839 38.3839 32.4
      vertex 46.4917 38.261 32.4
    endloop
  endfacet
  facet normal 0 0 1
    outer loop
      vertex 47.6307 40.2767 32.4
      vertex 46.261 38.4917 32.4
      vertex 46.3839 38.3839 32.4
    endloop
  endfacet
  facet normal 0 0 1
    outer loop
      vertex 47.25 40.5311 32.4
      vertex 46.125 38.5825 32.4
      vertex 46.261 38.4917 32.4
    endloop
  endfacet
  facet normal 0 0 1
    outer loop
      vertex 46.8394 40.7336 32.4
      vertex 45.9784 38.6549 32.4
      vertex 46.125 38.5825 32.4
    endloop
  endfacet
  facet normal 0 0 1
    outer loop
      vertex 45.8235 38.7074 32.4
      vertex 46.4059 40.8807 32.4
      vertex 45.9568 40.9701 32.4
    endloop
  endfacet
  facet normal 0 0 1
    outer loop
      vertex 46.4059 40.8807 32.4
      vertex 45.8235 38.7074 32.4
      vertex 45.9784 38.6549 32.4
    endloop
  endfacet
  facet normal 0 0 1
    outer loop
      vertex 45.9568 40.9701 32.4
      vertex 45.6632 38.7393 32.4
      vertex 45.8235 38.7074 32.4
    endloop
  endfacet
  facet normal 0 0 1
    outer loop
      vertex 45.5 41 32.4
      vertex 45.6632 38.7393 32.4
      vertex 45.9568 40.9701 32.4
    endloop
  endfacet
  facet normal 0 0 1
    outer loop
      vertex 45.5 41 32.4
      vertex 45.5 38.75 32.4
      vertex 45.6632 38.7393 32.4
    endloop
  endfacet
  facet normal 0 0 1
    outer loop
      vertex 45.5 41 32.4
      vertex 45.3368 38.7393 32.4
      vertex 45.5 38.75 32.4
    endloop
  endfacet
  facet normal -0 0 1
    outer loop
      vertex 45.0432 40.9701 32.4
      vertex 45.3368 38.7393 32.4
      vertex 45.5 41 32.4
    endloop
  endfacet
  facet normal 0 0 1
    outer loop
      vertex 45.3368 38.7393 32.4
      vertex 45.0432 40.9701 32.4
      vertex 45.1765 38.7074 32.4
    endloop
  endfacet
  facet normal -0 0 1
    outer loop
      vertex 44.5941 40.8807 32.4
      vertex 45.1765 38.7074 32.4
      vertex 45.0432 40.9701 32.4
    endloop
  endfacet
  facet normal 0 0 1
    outer loop
      vertex 45.1765 38.7074 32.4
      vertex 44.5941 40.8807 32.4
      vertex 45.0216 38.6549 32.4
    endloop
  endfacet
  facet normal -0 0 1
    outer loop
      vertex 44.1606 40.7336 32.4
      vertex 45.0216 38.6549 32.4
      vertex 44.5941 40.8807 32.4
    endloop
  endfacet
  facet normal 0 0 1
    outer loop
      vertex 45.0216 38.6549 32.4
      vertex 44.1606 40.7336 32.4
      vertex 44.875 38.5825 32.4
    endloop
  endfacet
  facet normal -0 0 1
    outer loop
      vertex 43.75 40.5311 32.4
      vertex 44.875 38.5825 32.4
      vertex 44.1606 40.7336 32.4
    endloop
  endfacet
  facet normal 0 0 1
    outer loop
      vertex 44.875 38.5825 32.4
      vertex 43.75 40.5311 32.4
      vertex 44.739 38.4917 32.4
    endloop
  endfacet
  facet normal -0 0 1
    outer loop
      vertex 43.3693 40.2767 32.4
      vertex 44.739 38.4917 32.4
      vertex 43.75 40.5311 32.4
    endloop
  endfacet
  facet normal 0 0 1
    outer loop
      vertex 44.739 38.4917 32.4
      vertex 43.3693 40.2767 32.4
      vertex 44.6161 38.3839 32.4
    endloop
  endfacet
  facet normal -0 0 1
    outer loop
      vertex 43.0251 39.9749 32.4
      vertex 44.6161 38.3839 32.4
      vertex 43.3693 40.2767 32.4
    endloop
  endfacet
  facet normal 0 0 1
    outer loop
      vertex 44.6161 38.3839 32.4
      vertex 43.0251 39.9749 32.4
      vertex 44.5083 38.261 32.4
    endloop
  endfacet
  facet normal 0 0 1
    outer loop
      vertex 44.5083 38.261 32.4
      vertex 42.7233 39.6307 32.4
      vertex 44.4175 38.125 32.4
    endloop
  endfacet
  facet normal -0 0 1
    outer loop
      vertex 42.7233 39.6307 32.4
      vertex 44.5083 38.261 32.4
      vertex 43.0251 39.9749 32.4
    endloop
  endfacet
  facet normal -0 0 1
    outer loop
      vertex 46.4917 36.739 32.4
      vertex 48.2767 35.3693 32.4
      vertex 46.5825 36.875 32.4
    endloop
  endfacet
  facet normal 0 0 1
    outer loop
      vertex 48.2767 35.3693 32.4
      vertex 46.4917 36.739 32.4
      vertex 47.9749 35.0251 32.4
    endloop
  endfacet
  facet normal -0 0 1
    outer loop
      vertex 46.3839 36.6161 32.4
      vertex 47.9749 35.0251 32.4
      vertex 46.4917 36.739 32.4
    endloop
  endfacet
  facet normal 0 0 1
    outer loop
      vertex 47.9749 35.0251 32.4
      vertex 46.3839 36.6161 32.4
      vertex 47.6307 34.7233 32.4
    endloop
  endfacet
  facet normal -0 0 1
    outer loop
      vertex 46.261 36.5083 32.4
      vertex 47.6307 34.7233 32.4
      vertex 46.3839 36.6161 32.4
    endloop
  endfacet
  facet normal 0 0 1
    outer loop
      vertex 47.6307 34.7233 32.4
      vertex 46.261 36.5083 32.4
      vertex 47.25 34.4689 32.4
    endloop
  endfacet
  facet normal -0 0 1
    outer loop
      vertex 46.125 36.4175 32.4
      vertex 47.25 34.4689 32.4
      vertex 46.261 36.5083 32.4
    endloop
  endfacet
  facet normal 0 0 1
    outer loop
      vertex 47.25 34.4689 32.4
      vertex 46.125 36.4175 32.4
      vertex 46.8394 34.2664 32.4
    endloop
  endfacet
  facet normal -0 0 1
    outer loop
      vertex 45.9784 36.3451 32.4
      vertex 46.8394 34.2664 32.4
      vertex 46.125 36.4175 32.4
    endloop
  endfacet
  facet normal 0 0 1
    outer loop
      vertex 46.8394 34.2664 32.4
      vertex 45.9784 36.3451 32.4
      vertex 46.4059 34.1193 32.4
    endloop
  endfacet
  facet normal -0 0 1
    outer loop
      vertex 45.8235 36.2926 32.4
      vertex 46.4059 34.1193 32.4
      vertex 45.9784 36.3451 32.4
    endloop
  endfacet
  facet normal 0 0 1
    outer loop
      vertex 46.4059 34.1193 32.4
      vertex 45.8235 36.2926 32.4
      vertex 45.9568 34.0299 32.4
    endloop
  endfacet
  facet normal -0 0 1
    outer loop
      vertex 45.6632 36.2607 32.4
      vertex 45.9568 34.0299 32.4
      vertex 45.8235 36.2926 32.4
    endloop
  endfacet
  facet normal -0 0 1
    outer loop
      vertex 45.5 36.25 32.4
      vertex 45.9568 34.0299 32.4
      vertex 45.6632 36.2607 32.4
    endloop
  endfacet
  facet normal 0 0 1
    outer loop
      vertex 45.5 36.25 32.4
      vertex 45.5 34 32.4
      vertex 45.9568 34.0299 32.4
    endloop
  endfacet
  facet normal 0 0 1
    outer loop
      vertex 45.3368 36.2607 32.4
      vertex 45.5 34 32.4
      vertex 45.5 36.25 32.4
    endloop
  endfacet
  facet normal 0 0 1
    outer loop
      vertex 45.0432 34.0299 32.4
      vertex 45.3368 36.2607 32.4
      vertex 45.1765 36.2926 32.4
    endloop
  endfacet
  facet normal 0 0 1
    outer loop
      vertex 45.3368 36.2607 32.4
      vertex 45.0432 34.0299 32.4
      vertex 45.5 34 32.4
    endloop
  endfacet
  facet normal 0 0 1
    outer loop
      vertex 44.5941 34.1193 32.4
      vertex 45.1765 36.2926 32.4
      vertex 45.0216 36.3451 32.4
    endloop
  endfacet
  facet normal 0 0 1
    outer loop
      vertex 44.1606 34.2664 32.4
      vertex 45.0216 36.3451 32.4
      vertex 44.875 36.4175 32.4
    endloop
  endfacet
  facet normal 0 0 1
    outer loop
      vertex 43.75 34.4689 32.4
      vertex 44.875 36.4175 32.4
      vertex 44.739 36.5083 32.4
    endloop
  endfacet
  facet normal 0 0 1
    outer loop
      vertex 43.3693 34.7233 32.4
      vertex 44.739 36.5083 32.4
      vertex 44.6161 36.6161 32.4
    endloop
  endfacet
  facet normal 0 0 1
    outer loop
      vertex 45.1765 36.2926 32.4
      vertex 44.5941 34.1193 32.4
      vertex 45.0432 34.0299 32.4
    endloop
  endfacet
  facet normal 0 0 1
    outer loop
      vertex 43.0251 35.0251 32.4
      vertex 44.6161 36.6161 32.4
      vertex 44.5083 36.739 32.4
    endloop
  endfacet
  facet normal 0 0 1
    outer loop
      vertex 42.7233 35.3693 32.4
      vertex 44.5083 36.739 32.4
      vertex 44.4175 36.875 32.4
    endloop
  endfacet
  facet normal 0 0 1
    outer loop
      vertex 42.4689 35.75 32.4
      vertex 44.4175 36.875 32.4
      vertex 44.3451 37.0216 32.4
    endloop
  endfacet
  facet normal 0 0 1
    outer loop
      vertex 42.2664 36.1606 32.4
      vertex 44.3451 37.0216 32.4
      vertex 44.2926 37.1765 32.4
    endloop
  endfacet
  facet normal 0 0 1
    outer loop
      vertex 42.1193 36.5941 32.4
      vertex 44.2926 37.1765 32.4
      vertex 44.2607 37.3368 32.4
    endloop
  endfacet
  facet normal 0 0 1
    outer loop
      vertex 45.0216 36.3451 32.4
      vertex 44.1606 34.2664 32.4
      vertex 44.5941 34.1193 32.4
    endloop
  endfacet
  facet normal 0 0 1
    outer loop
      vertex 42.0299 37.0432 32.4
      vertex 44.2607 37.3368 32.4
      vertex 44.25 37.5 32.4
    endloop
  endfacet
  facet normal -0 0 1
    outer loop
      vertex 42.4689 39.25 32.4
      vertex 44.4175 38.125 32.4
      vertex 42.7233 39.6307 32.4
    endloop
  endfacet
  facet normal 0 0 1
    outer loop
      vertex 44.4175 38.125 32.4
      vertex 42.4689 39.25 32.4
      vertex 44.3451 37.9784 32.4
    endloop
  endfacet
  facet normal 0 0 1
    outer loop
      vertex 44.875 36.4175 32.4
      vertex 43.75 34.4689 32.4
      vertex 44.1606 34.2664 32.4
    endloop
  endfacet
  facet normal -0 0 1
    outer loop
      vertex 42.2664 38.8394 32.4
      vertex 44.3451 37.9784 32.4
      vertex 42.4689 39.25 32.4
    endloop
  endfacet
  facet normal 0 0 1
    outer loop
      vertex 44.739 36.5083 32.4
      vertex 43.3693 34.7233 32.4
      vertex 43.75 34.4689 32.4
    endloop
  endfacet
  facet normal 0 0 1
    outer loop
      vertex 44.3451 37.9784 32.4
      vertex 42.2664 38.8394 32.4
      vertex 44.2926 37.8235 32.4
    endloop
  endfacet
  facet normal 0 0 1
    outer loop
      vertex 44.6161 36.6161 32.4
      vertex 43.0251 35.0251 32.4
      vertex 43.3693 34.7233 32.4
    endloop
  endfacet
  facet normal -0 0 1
    outer loop
      vertex 42.1193 38.4059 32.4
      vertex 44.2926 37.8235 32.4
      vertex 42.2664 38.8394 32.4
    endloop
  endfacet
  facet normal 0 0 1
    outer loop
      vertex 44.5083 36.739 32.4
      vertex 42.7233 35.3693 32.4
      vertex 43.0251 35.0251 32.4
    endloop
  endfacet
  facet normal 0 0 1
    outer loop
      vertex 44.2926 37.8235 32.4
      vertex 42.1193 38.4059 32.4
      vertex 44.2607 37.6632 32.4
    endloop
  endfacet
  facet normal 0 0 1
    outer loop
      vertex 44.4175 36.875 32.4
      vertex 42.4689 35.75 32.4
      vertex 42.7233 35.3693 32.4
    endloop
  endfacet
  facet normal -0 0 1
    outer loop
      vertex 42.0299 37.9568 32.4
      vertex 44.2607 37.6632 32.4
      vertex 42.1193 38.4059 32.4
    endloop
  endfacet
  facet normal 0 0 1
    outer loop
      vertex 44.3451 37.0216 32.4
      vertex 42.2664 36.1606 32.4
      vertex 42.4689 35.75 32.4
    endloop
  endfacet
  facet normal 0 0 1
    outer loop
      vertex 44.2607 37.6632 32.4
      vertex 42.0299 37.9568 32.4
      vertex 44.25 37.5 32.4
    endloop
  endfacet
  facet normal 0 0 1
    outer loop
      vertex 44.2926 37.1765 32.4
      vertex 42.1193 36.5941 32.4
      vertex 42.2664 36.1606 32.4
    endloop
  endfacet
  facet normal 0 0 1
    outer loop
      vertex 42 37.5 32.4
      vertex 44.25 37.5 32.4
      vertex 42.0299 37.9568 32.4
    endloop
  endfacet
  facet normal 0 0 1
    outer loop
      vertex 44.2607 37.3368 32.4
      vertex 42.0299 37.0432 32.4
      vertex 42.1193 36.5941 32.4
    endloop
  endfacet
  facet normal 0 0 1
    outer loop
      vertex 44.25 37.5 32.4
      vertex 42 37.5 32.4
      vertex 42.0299 37.0432 32.4
    endloop
  endfacet
  facet normal -0.997859 0.0653969 0
    outer loop
      vertex 3 6.5 2.4
      vertex 3.02994 6.95684 32.4
      vertex 3.02994 6.95684 2.4
    endloop
  endfacet
  facet normal -0.997859 0.0653969 0
    outer loop
      vertex 3.02994 6.95684 32.4
      vertex 3 6.5 2.4
      vertex 3 6.5 32.4
    endloop
  endfacet
  facet normal 0.997859 -0.0653969 0
    outer loop
      vertex 9.97006 6.04316 32.4
      vertex 10 6.5 2.4
      vertex 10 6.5 32.4
    endloop
  endfacet
  facet normal 0.997859 -0.0653969 0
    outer loop
      vertex 10 6.5 2.4
      vertex 9.97006 6.04316 32.4
      vertex 9.97006 6.04316 2.4
    endloop
  endfacet
  facet normal 0.442288 -0.896873 0
    outer loop
      vertex 7.83939 3.26642 2.4
      vertex 8.25 3.46891 32.4
      vertex 7.83939 3.26642 32.4
    endloop
  endfacet
  facet normal 0.442288 -0.896873 0
    outer loop
      vertex 8.25 3.46891 32.4
      vertex 7.83939 3.26642 2.4
      vertex 8.25 3.46891 2.4
    endloop
  endfacet
  facet normal 0.659353 -0.751833 0
    outer loop
      vertex 8.63066 3.72326 2.4
      vertex 8.97487 4.02513 32.4
      vertex 8.63066 3.72326 32.4
    endloop
  endfacet
  facet normal 0.659353 -0.751833 0
    outer loop
      vertex 8.97487 4.02513 32.4
      vertex 8.63066 3.72326 2.4
      vertex 8.97487 4.02513 2.4
    endloop
  endfacet
  facet normal 0.94693 -0.321439 0
    outer loop
      vertex 9.73358 5.16061 32.4
      vertex 9.88074 5.59413 2.4
      vertex 9.88074 5.59413 32.4
    endloop
  endfacet
  facet normal 0.94693 -0.321439 0
    outer loop
      vertex 9.88074 5.59413 2.4
      vertex 9.73358 5.16061 32.4
      vertex 9.73358 5.16061 2.4
    endloop
  endfacet
  facet normal -0.321439 -0.94693 0
    outer loop
      vertex 5.16061 3.26642 2.4
      vertex 5.59413 3.11926 32.4
      vertex 5.16061 3.26642 32.4
    endloop
  endfacet
  facet normal -0.321439 -0.94693 -0
    outer loop
      vertex 5.59413 3.11926 32.4
      vertex 5.16061 3.26642 2.4
      vertex 5.59413 3.11926 2.4
    endloop
  endfacet
  facet normal -0.896873 -0.442288 0
    outer loop
      vertex 3.46891 4.75 2.4
      vertex 3.26642 5.16061 32.4
      vertex 3.26642 5.16061 2.4
    endloop
  endfacet
  facet normal -0.896873 -0.442288 0
    outer loop
      vertex 3.26642 5.16061 32.4
      vertex 3.46891 4.75 2.4
      vertex 3.46891 4.75 32.4
    endloop
  endfacet
  facet normal -0.751824 -0.659364 0
    outer loop
      vertex 4.02513 4.02513 2.4
      vertex 3.72326 4.36933 32.4
      vertex 3.72326 4.36933 2.4
    endloop
  endfacet
  facet normal -0.751824 -0.659364 0
    outer loop
      vertex 3.72326 4.36933 32.4
      vertex 4.02513 4.02513 2.4
      vertex 4.02513 4.02513 32.4
    endloop
  endfacet
  facet normal 0.555532 0.831495 -0
    outer loop
      vertex 47.6307 9.27674 2.4
      vertex 47.25 9.53109 32.4
      vertex 47.6307 9.27674 32.4
    endloop
  endfacet
  facet normal 0.555532 0.831495 0
    outer loop
      vertex 47.25 9.53109 32.4
      vertex 47.6307 9.27674 2.4
      vertex 47.25 9.53109 2.4
    endloop
  endfacet
  facet normal -0.980751 0.195263 0
    outer loop
      vertex 42.0299 6.95684 2.4
      vertex 42.1193 7.40587 32.4
      vertex 42.1193 7.40587 2.4
    endloop
  endfacet
  facet normal -0.980751 0.195263 0
    outer loop
      vertex 42.1193 7.40587 32.4
      vertex 42.0299 6.95684 2.4
      vertex 42.0299 6.95684 32.4
    endloop
  endfacet
  facet normal -0.195066 -0.98079 0
    outer loop
      vertex 44.5941 3.11926 2.4
      vertex 45.0432 3.02994 32.4
      vertex 44.5941 3.11926 32.4
    endloop
  endfacet
  facet normal -0.195066 -0.98079 -0
    outer loop
      vertex 45.0432 3.02994 32.4
      vertex 44.5941 3.11926 2.4
      vertex 45.0432 3.02994 2.4
    endloop
  endfacet
  facet normal -0.442297 0.896869 0
    outer loop
      vertex 44.1606 9.73358 2.4
      vertex 43.75 9.53109 32.4
      vertex 44.1606 9.73358 32.4
    endloop
  endfacet
  facet normal -0.442297 0.896869 0
    outer loop
      vertex 43.75 9.53109 32.4
      vertex 44.1606 9.73358 2.4
      vertex 43.75 9.53109 2.4
    endloop
  endfacet
  facet normal -0.94697 0.321322 0
    outer loop
      vertex 42.1193 7.40587 2.4
      vertex 42.2664 7.83939 32.4
      vertex 42.2664 7.83939 2.4
    endloop
  endfacet
  facet normal -0.94697 0.321322 0
    outer loop
      vertex 42.2664 7.83939 32.4
      vertex 42.1193 7.40587 2.4
      vertex 42.1193 7.40587 32.4
    endloop
  endfacet
  facet normal 0.94697 -0.321322 0
    outer loop
      vertex 48.7336 5.16061 32.4
      vertex 48.8807 5.59413 2.4
      vertex 48.8807 5.59413 32.4
    endloop
  endfacet
  facet normal 0.94697 -0.321322 0
    outer loop
      vertex 48.8807 5.59413 2.4
      vertex 48.7336 5.16061 32.4
      vertex 48.7336 5.16061 2.4
    endloop
  endfacet
  facet normal -0.321452 -0.946926 0
    outer loop
      vertex 44.1606 3.26642 2.4
      vertex 44.5941 3.11926 32.4
      vertex 44.1606 3.26642 32.4
    endloop
  endfacet
  facet normal -0.321452 -0.946926 -0
    outer loop
      vertex 44.5941 3.11926 32.4
      vertex 44.1606 3.26642 2.4
      vertex 44.5941 3.11926 2.4
    endloop
  endfacet
  facet normal 0.896864 0.442305 0
    outer loop
      vertex 48.7336 7.83939 32.4
      vertex 48.5311 8.25 2.4
      vertex 48.5311 8.25 32.4
    endloop
  endfacet
  facet normal 0.896864 0.442305 0
    outer loop
      vertex 48.5311 8.25 2.4
      vertex 48.7336 7.83939 32.4
      vertex 48.7336 7.83939 2.4
    endloop
  endfacet
  facet normal 0.980751 0.195263 0
    outer loop
      vertex 48.9701 6.95684 32.4
      vertex 48.8807 7.40587 2.4
      vertex 48.8807 7.40587 32.4
    endloop
  endfacet
  facet normal 0.980751 0.195263 0
    outer loop
      vertex 48.8807 7.40587 2.4
      vertex 48.9701 6.95684 32.4
      vertex 48.9701 6.95684 2.4
    endloop
  endfacet
  facet normal 0.831418 0.555647 0
    outer loop
      vertex 48.5311 8.25 32.4
      vertex 48.2767 8.63066 2.4
      vertex 48.2767 8.63066 32.4
    endloop
  endfacet
  facet normal 0.831418 0.555647 0
    outer loop
      vertex 48.2767 8.63066 2.4
      vertex 48.5311 8.25 32.4
      vertex 48.5311 8.25 2.4
    endloop
  endfacet
  facet normal 0.659364 0.751824 -0
    outer loop
      vertex 47.9749 8.97487 2.4
      vertex 47.6307 9.27674 32.4
      vertex 47.9749 8.97487 32.4
    endloop
  endfacet
  facet normal 0.659364 0.751824 0
    outer loop
      vertex 47.6307 9.27674 32.4
      vertex 47.9749 8.97487 2.4
      vertex 47.6307 9.27674 2.4
    endloop
  endfacet
  facet normal 0.321452 0.946926 -0
    outer loop
      vertex 46.8394 9.73358 2.4
      vertex 46.4059 9.88074 32.4
      vertex 46.8394 9.73358 32.4
    endloop
  endfacet
  facet normal 0.321452 0.946926 0
    outer loop
      vertex 46.4059 9.88074 32.4
      vertex 46.8394 9.73358 2.4
      vertex 46.4059 9.88074 2.4
    endloop
  endfacet
  facet normal -0.0654026 0.997859 0
    outer loop
      vertex 45.5 10 2.4
      vertex 45.0432 9.97006 32.4
      vertex 45.5 10 32.4
    endloop
  endfacet
  facet normal -0.0654026 0.997859 0
    outer loop
      vertex 45.0432 9.97006 32.4
      vertex 45.5 10 2.4
      vertex 45.0432 9.97006 2.4
    endloop
  endfacet
  facet normal -0.831418 0.555647 0
    outer loop
      vertex 42.4689 8.25 2.4
      vertex 42.7233 8.63066 32.4
      vertex 42.7233 8.63066 2.4
    endloop
  endfacet
  facet normal -0.831418 0.555647 0
    outer loop
      vertex 42.7233 8.63066 32.4
      vertex 42.4689 8.25 2.4
      vertex 42.4689 8.25 32.4
    endloop
  endfacet
  facet normal -0.195066 0.98079 0
    outer loop
      vertex 45.0432 9.97006 2.4
      vertex 44.5941 9.88074 32.4
      vertex 45.0432 9.97006 32.4
    endloop
  endfacet
  facet normal -0.195066 0.98079 0
    outer loop
      vertex 44.5941 9.88074 32.4
      vertex 45.0432 9.97006 2.4
      vertex 44.5941 9.88074 2.4
    endloop
  endfacet
  facet normal -0.751909 0.659267 0
    outer loop
      vertex 42.7233 8.63066 2.4
      vertex 43.0251 8.97487 32.4
      vertex 43.0251 8.97487 2.4
    endloop
  endfacet
  facet normal -0.751909 0.659267 0
    outer loop
      vertex 43.0251 8.97487 32.4
      vertex 42.7233 8.63066 2.4
      vertex 42.7233 8.63066 32.4
    endloop
  endfacet
  facet normal 0.997865 0.0653099 0
    outer loop
      vertex 49 6.5 32.4
      vertex 48.9701 6.95684 2.4
      vertex 48.9701 6.95684 32.4
    endloop
  endfacet
  facet normal 0.997865 0.0653099 0
    outer loop
      vertex 48.9701 6.95684 2.4
      vertex 49 6.5 32.4
      vertex 49 6.5 2.4
    endloop
  endfacet
  facet normal 0.195066 -0.98079 0
    outer loop
      vertex 45.9568 3.02994 2.4
      vertex 46.4059 3.11926 32.4
      vertex 45.9568 3.02994 32.4
    endloop
  endfacet
  facet normal 0.195066 -0.98079 0
    outer loop
      vertex 46.4059 3.11926 32.4
      vertex 45.9568 3.02994 2.4
      vertex 46.4059 3.11926 2.4
    endloop
  endfacet
  facet normal 0.831425 -0.555637 0
    outer loop
      vertex 48.2767 4.36933 32.4
      vertex 48.5311 4.75 2.4
      vertex 48.5311 4.75 32.4
    endloop
  endfacet
  facet normal 0.831425 -0.555637 0
    outer loop
      vertex 48.5311 4.75 2.4
      vertex 48.2767 4.36933 32.4
      vertex 48.2767 4.36933 2.4
    endloop
  endfacet
  facet normal -0.0654026 -0.997859 0
    outer loop
      vertex 45.0432 3.02994 2.4
      vertex 45.5 3 32.4
      vertex 45.0432 3.02994 32.4
    endloop
  endfacet
  facet normal -0.0654026 -0.997859 -0
    outer loop
      vertex 45.5 3 32.4
      vertex 45.0432 3.02994 2.4
      vertex 45.5 3 2.4
    endloop
  endfacet
  facet normal -0.555532 -0.831495 0
    outer loop
      vertex 43.3693 3.72326 2.4
      vertex 43.75 3.46891 32.4
      vertex 43.3693 3.72326 32.4
    endloop
  endfacet
  facet normal -0.555532 -0.831495 -0
    outer loop
      vertex 43.75 3.46891 32.4
      vertex 43.3693 3.72326 2.4
      vertex 43.75 3.46891 2.4
    endloop
  endfacet
  facet normal -0.980751 -0.195263 0
    outer loop
      vertex 42.1193 5.59413 2.4
      vertex 42.0299 6.04316 32.4
      vertex 42.0299 6.04316 2.4
    endloop
  endfacet
  facet normal -0.980751 -0.195263 0
    outer loop
      vertex 42.0299 6.04316 32.4
      vertex 42.1193 5.59413 2.4
      vertex 42.1193 5.59413 32.4
    endloop
  endfacet
  facet normal 0.94697 0.321322 0
    outer loop
      vertex 48.8807 7.40587 32.4
      vertex 48.7336 7.83939 2.4
      vertex 48.7336 7.83939 32.4
    endloop
  endfacet
  facet normal 0.94697 0.321322 0
    outer loop
      vertex 48.7336 7.83939 2.4
      vertex 48.8807 7.40587 32.4
      vertex 48.8807 7.40587 2.4
    endloop
  endfacet
  facet normal 0.751909 0.659267 0
    outer loop
      vertex 48.2767 8.63066 32.4
      vertex 47.9749 8.97487 2.4
      vertex 47.9749 8.97487 32.4
    endloop
  endfacet
  facet normal 0.751909 0.659267 0
    outer loop
      vertex 47.9749 8.97487 2.4
      vertex 48.2767 8.63066 32.4
      vertex 48.2767 8.63066 2.4
    endloop
  endfacet
  facet normal 0.442297 0.896869 -0
    outer loop
      vertex 47.25 9.53109 2.4
      vertex 46.8394 9.73358 32.4
      vertex 47.25 9.53109 32.4
    endloop
  endfacet
  facet normal 0.442297 0.896869 0
    outer loop
      vertex 46.8394 9.73358 32.4
      vertex 47.25 9.53109 2.4
      vertex 46.8394 9.73358 2.4
    endloop
  endfacet
  facet normal 0.195066 0.98079 -0
    outer loop
      vertex 46.4059 9.88074 2.4
      vertex 45.9568 9.97006 32.4
      vertex 46.4059 9.88074 32.4
    endloop
  endfacet
  facet normal 0.195066 0.98079 0
    outer loop
      vertex 45.9568 9.97006 32.4
      vertex 46.4059 9.88074 2.4
      vertex 45.9568 9.97006 2.4
    endloop
  endfacet
  facet normal 0.0654026 0.997859 -0
    outer loop
      vertex 45.9568 9.97006 2.4
      vertex 45.5 10 32.4
      vertex 45.9568 9.97006 32.4
    endloop
  endfacet
  facet normal 0.0654026 0.997859 0
    outer loop
      vertex 45.5 10 32.4
      vertex 45.9568 9.97006 2.4
      vertex 45.5 10 2.4
    endloop
  endfacet
  facet normal -0.997865 -0.0653099 0
    outer loop
      vertex 42.0299 6.04316 2.4
      vertex 42 6.5 32.4
      vertex 42 6.5 2.4
    endloop
  endfacet
  facet normal -0.997865 -0.0653099 0
    outer loop
      vertex 42 6.5 32.4
      vertex 42.0299 6.04316 2.4
      vertex 42.0299 6.04316 32.4
    endloop
  endfacet
  facet normal -0.896864 0.442305 0
    outer loop
      vertex 42.2664 7.83939 2.4
      vertex 42.4689 8.25 32.4
      vertex 42.4689 8.25 2.4
    endloop
  endfacet
  facet normal -0.896864 0.442305 0
    outer loop
      vertex 42.4689 8.25 32.4
      vertex 42.2664 7.83939 2.4
      vertex 42.2664 7.83939 32.4
    endloop
  endfacet
  facet normal -0.321452 0.946926 0
    outer loop
      vertex 44.5941 9.88074 2.4
      vertex 44.1606 9.73358 32.4
      vertex 44.5941 9.88074 32.4
    endloop
  endfacet
  facet normal -0.321452 0.946926 0
    outer loop
      vertex 44.1606 9.73358 32.4
      vertex 44.5941 9.88074 2.4
      vertex 44.1606 9.73358 2.4
    endloop
  endfacet
  facet normal -0.659364 0.751824 0
    outer loop
      vertex 43.3693 9.27674 2.4
      vertex 43.0251 8.97487 32.4
      vertex 43.3693 9.27674 32.4
    endloop
  endfacet
  facet normal -0.659364 0.751824 0
    outer loop
      vertex 43.0251 8.97487 32.4
      vertex 43.3693 9.27674 2.4
      vertex 43.0251 8.97487 2.4
    endloop
  endfacet
  facet normal -0.555532 0.831495 0
    outer loop
      vertex 43.75 9.53109 2.4
      vertex 43.3693 9.27674 32.4
      vertex 43.75 9.53109 32.4
    endloop
  endfacet
  facet normal -0.555532 0.831495 0
    outer loop
      vertex 43.3693 9.27674 32.4
      vertex 43.75 9.53109 2.4
      vertex 43.3693 9.27674 2.4
    endloop
  endfacet
  facet normal 0.980751 -0.195263 0
    outer loop
      vertex 48.8807 5.59413 32.4
      vertex 48.9701 6.04316 2.4
      vertex 48.9701 6.04316 32.4
    endloop
  endfacet
  facet normal 0.980751 -0.195263 0
    outer loop
      vertex 48.9701 6.04316 2.4
      vertex 48.8807 5.59413 32.4
      vertex 48.8807 5.59413 2.4
    endloop
  endfacet
  facet normal 0.321452 -0.946926 0
    outer loop
      vertex 46.4059 3.11926 2.4
      vertex 46.8394 3.26642 32.4
      vertex 46.4059 3.11926 32.4
    endloop
  endfacet
  facet normal 0.321452 -0.946926 0
    outer loop
      vertex 46.8394 3.26642 32.4
      vertex 46.4059 3.11926 2.4
      vertex 46.8394 3.26642 2.4
    endloop
  endfacet
  facet normal 0.7519 -0.659278 0
    outer loop
      vertex 47.9749 4.02513 32.4
      vertex 48.2767 4.36933 2.4
      vertex 48.2767 4.36933 32.4
    endloop
  endfacet
  facet normal 0.7519 -0.659278 0
    outer loop
      vertex 48.2767 4.36933 2.4
      vertex 47.9749 4.02513 32.4
      vertex 47.9749 4.02513 2.4
    endloop
  endfacet
  facet normal 0.555532 -0.831495 0
    outer loop
      vertex 47.25 3.46891 2.4
      vertex 47.6307 3.72326 32.4
      vertex 47.25 3.46891 32.4
    endloop
  endfacet
  facet normal 0.555532 -0.831495 0
    outer loop
      vertex 47.6307 3.72326 32.4
      vertex 47.25 3.46891 2.4
      vertex 47.6307 3.72326 2.4
    endloop
  endfacet
  facet normal 0.896864 -0.442305 0
    outer loop
      vertex 48.5311 4.75 32.4
      vertex 48.7336 5.16061 2.4
      vertex 48.7336 5.16061 32.4
    endloop
  endfacet
  facet normal 0.896864 -0.442305 0
    outer loop
      vertex 48.7336 5.16061 2.4
      vertex 48.5311 4.75 32.4
      vertex 48.5311 4.75 2.4
    endloop
  endfacet
  facet normal 0.0654026 -0.997859 0
    outer loop
      vertex 45.5 3 2.4
      vertex 45.9568 3.02994 32.4
      vertex 45.5 3 32.4
    endloop
  endfacet
  facet normal 0.0654026 -0.997859 0
    outer loop
      vertex 45.9568 3.02994 32.4
      vertex 45.5 3 2.4
      vertex 45.9568 3.02994 2.4
    endloop
  endfacet
  facet normal -0.442297 -0.896869 0
    outer loop
      vertex 43.75 3.46891 2.4
      vertex 44.1606 3.26642 32.4
      vertex 43.75 3.46891 32.4
    endloop
  endfacet
  facet normal -0.442297 -0.896869 -0
    outer loop
      vertex 44.1606 3.26642 32.4
      vertex 43.75 3.46891 2.4
      vertex 44.1606 3.26642 2.4
    endloop
  endfacet
  facet normal -0.94697 -0.321322 0
    outer loop
      vertex 42.2664 5.16061 2.4
      vertex 42.1193 5.59413 32.4
      vertex 42.1193 5.59413 2.4
    endloop
  endfacet
  facet normal -0.94697 -0.321322 0
    outer loop
      vertex 42.1193 5.59413 32.4
      vertex 42.2664 5.16061 2.4
      vertex 42.2664 5.16061 32.4
    endloop
  endfacet
  facet normal -0.659364 -0.751824 0
    outer loop
      vertex 43.0251 4.02513 2.4
      vertex 43.3693 3.72326 32.4
      vertex 43.0251 4.02513 32.4
    endloop
  endfacet
  facet normal -0.659364 -0.751824 -0
    outer loop
      vertex 43.3693 3.72326 32.4
      vertex 43.0251 4.02513 2.4
      vertex 43.3693 3.72326 2.4
    endloop
  endfacet
  facet normal -0.831425 -0.555637 0
    outer loop
      vertex 42.7233 4.36933 2.4
      vertex 42.4689 4.75 32.4
      vertex 42.4689 4.75 2.4
    endloop
  endfacet
  facet normal -0.831425 -0.555637 0
    outer loop
      vertex 42.4689 4.75 32.4
      vertex 42.7233 4.36933 2.4
      vertex 42.7233 4.36933 32.4
    endloop
  endfacet
  facet normal -0.997865 0.0653099 0
    outer loop
      vertex 42 6.5 2.4
      vertex 42.0299 6.95684 32.4
      vertex 42.0299 6.95684 2.4
    endloop
  endfacet
  facet normal -0.997865 0.0653099 0
    outer loop
      vertex 42.0299 6.95684 32.4
      vertex 42 6.5 2.4
      vertex 42 6.5 32.4
    endloop
  endfacet
  facet normal 0.997865 -0.0653099 0
    outer loop
      vertex 48.9701 6.04316 32.4
      vertex 49 6.5 2.4
      vertex 49 6.5 32.4
    endloop
  endfacet
  facet normal 0.997865 -0.0653099 0
    outer loop
      vertex 49 6.5 2.4
      vertex 48.9701 6.04316 32.4
      vertex 48.9701 6.04316 2.4
    endloop
  endfacet
  facet normal 0.442297 -0.896869 0
    outer loop
      vertex 46.8394 3.26642 2.4
      vertex 47.25 3.46891 32.4
      vertex 46.8394 3.26642 32.4
    endloop
  endfacet
  facet normal 0.442297 -0.896869 0
    outer loop
      vertex 47.25 3.46891 32.4
      vertex 46.8394 3.26642 2.4
      vertex 47.25 3.46891 2.4
    endloop
  endfacet
  facet normal 0.659364 -0.751824 0
    outer loop
      vertex 47.6307 3.72326 2.4
      vertex 47.9749 4.02513 32.4
      vertex 47.6307 3.72326 32.4
    endloop
  endfacet
  facet normal 0.659364 -0.751824 0
    outer loop
      vertex 47.9749 4.02513 32.4
      vertex 47.6307 3.72326 2.4
      vertex 47.9749 4.02513 2.4
    endloop
  endfacet
  facet normal -0.896864 -0.442305 0
    outer loop
      vertex 42.4689 4.75 2.4
      vertex 42.2664 5.16061 32.4
      vertex 42.2664 5.16061 2.4
    endloop
  endfacet
  facet normal -0.896864 -0.442305 0
    outer loop
      vertex 42.2664 5.16061 32.4
      vertex 42.4689 4.75 2.4
      vertex 42.4689 4.75 32.4
    endloop
  endfacet
  facet normal -0.7519 -0.659278 0
    outer loop
      vertex 43.0251 4.02513 2.4
      vertex 42.7233 4.36933 32.4
      vertex 42.7233 4.36933 2.4
    endloop
  endfacet
  facet normal -0.7519 -0.659278 0
    outer loop
      vertex 42.7233 4.36933 32.4
      vertex 43.0251 4.02513 2.4
      vertex 43.0251 4.02513 32.4
    endloop
  endfacet
  facet normal 0.555647 0.831418 -0
    outer loop
      vertex 8.63066 40.2767 2.4
      vertex 8.25 40.5311 32.4
      vertex 8.63066 40.2767 32.4
    endloop
  endfacet
  facet normal 0.555647 0.831418 0
    outer loop
      vertex 8.25 40.5311 32.4
      vertex 8.63066 40.2767 2.4
      vertex 8.25 40.5311 2.4
    endloop
  endfacet
  facet normal -0.98079 0.195066 0
    outer loop
      vertex 3.02994 37.9568 2.4
      vertex 3.11926 38.4059 32.4
      vertex 3.11926 38.4059 2.4
    endloop
  endfacet
  facet normal -0.98079 0.195066 0
    outer loop
      vertex 3.11926 38.4059 32.4
      vertex 3.02994 37.9568 2.4
      vertex 3.02994 37.9568 32.4
    endloop
  endfacet
  facet normal -0.195263 -0.980751 0
    outer loop
      vertex 5.59413 34.1193 2.4
      vertex 6.04316 34.0299 32.4
      vertex 5.59413 34.1193 32.4
    endloop
  endfacet
  facet normal -0.195263 -0.980751 -0
    outer loop
      vertex 6.04316 34.0299 32.4
      vertex 5.59413 34.1193 2.4
      vertex 6.04316 34.0299 2.4
    endloop
  endfacet
  facet normal -0.442305 0.896864 0
    outer loop
      vertex 5.16061 40.7336 2.4
      vertex 4.75 40.5311 32.4
      vertex 5.16061 40.7336 32.4
    endloop
  endfacet
  facet normal -0.442305 0.896864 0
    outer loop
      vertex 4.75 40.5311 32.4
      vertex 5.16061 40.7336 2.4
      vertex 4.75 40.5311 2.4
    endloop
  endfacet
  facet normal -0.946926 0.321452 0
    outer loop
      vertex 3.11926 38.4059 2.4
      vertex 3.26642 38.8394 32.4
      vertex 3.26642 38.8394 2.4
    endloop
  endfacet
  facet normal -0.946926 0.321452 0
    outer loop
      vertex 3.26642 38.8394 32.4
      vertex 3.11926 38.4059 2.4
      vertex 3.11926 38.4059 32.4
    endloop
  endfacet
  facet normal -0.321322 -0.94697 0
    outer loop
      vertex 5.16061 34.2664 2.4
      vertex 5.59413 34.1193 32.4
      vertex 5.16061 34.2664 32.4
    endloop
  endfacet
  facet normal -0.321322 -0.94697 -0
    outer loop
      vertex 5.59413 34.1193 32.4
      vertex 5.16061 34.2664 2.4
      vertex 5.59413 34.1193 2.4
    endloop
  endfacet
  facet normal 0.896869 0.442297 0
    outer loop
      vertex 9.73358 38.8394 32.4
      vertex 9.53109 39.25 2.4
      vertex 9.53109 39.25 32.4
    endloop
  endfacet
  facet normal 0.896869 0.442297 0
    outer loop
      vertex 9.53109 39.25 2.4
      vertex 9.73358 38.8394 32.4
      vertex 9.73358 38.8394 2.4
    endloop
  endfacet
  facet normal 0.98079 0.195066 0
    outer loop
      vertex 9.97006 37.9568 32.4
      vertex 9.88074 38.4059 2.4
      vertex 9.88074 38.4059 32.4
    endloop
  endfacet
  facet normal 0.98079 0.195066 0
    outer loop
      vertex 9.88074 38.4059 2.4
      vertex 9.97006 37.9568 32.4
      vertex 9.97006 37.9568 2.4
    endloop
  endfacet
  facet normal 0.831495 0.555532 0
    outer loop
      vertex 9.53109 39.25 32.4
      vertex 9.27674 39.6307 2.4
      vertex 9.27674 39.6307 32.4
    endloop
  endfacet
  facet normal 0.831495 0.555532 0
    outer loop
      vertex 9.27674 39.6307 2.4
      vertex 9.53109 39.25 32.4
      vertex 9.53109 39.25 2.4
    endloop
  endfacet
  facet normal 0.659267 0.751909 -0
    outer loop
      vertex 8.97487 39.9749 2.4
      vertex 8.63066 40.2767 32.4
      vertex 8.97487 39.9749 32.4
    endloop
  endfacet
  facet normal 0.659267 0.751909 0
    outer loop
      vertex 8.63066 40.2767 32.4
      vertex 8.97487 39.9749 2.4
      vertex 8.63066 40.2767 2.4
    endloop
  endfacet
  facet normal 0.321322 0.94697 -0
    outer loop
      vertex 7.83939 40.7336 2.4
      vertex 7.40587 40.8807 32.4
      vertex 7.83939 40.7336 32.4
    endloop
  endfacet
  facet normal 0.321322 0.94697 0
    outer loop
      vertex 7.40587 40.8807 32.4
      vertex 7.83939 40.7336 2.4
      vertex 7.40587 40.8807 2.4
    endloop
  endfacet
  facet normal -0.0653099 0.997865 0
    outer loop
      vertex 6.5 41 2.4
      vertex 6.04316 40.9701 32.4
      vertex 6.5 41 32.4
    endloop
  endfacet
  facet normal -0.0653099 0.997865 0
    outer loop
      vertex 6.04316 40.9701 32.4
      vertex 6.5 41 2.4
      vertex 6.04316 40.9701 2.4
    endloop
  endfacet
  facet normal -0.831495 0.555532 0
    outer loop
      vertex 3.46891 39.25 2.4
      vertex 3.72326 39.6307 32.4
      vertex 3.72326 39.6307 2.4
    endloop
  endfacet
  facet normal -0.831495 0.555532 0
    outer loop
      vertex 3.72326 39.6307 32.4
      vertex 3.46891 39.25 2.4
      vertex 3.46891 39.25 32.4
    endloop
  endfacet
  facet normal -0.195263 0.980751 0
    outer loop
      vertex 6.04316 40.9701 2.4
      vertex 5.59413 40.8807 32.4
      vertex 6.04316 40.9701 32.4
    endloop
  endfacet
  facet normal -0.195263 0.980751 0
    outer loop
      vertex 5.59413 40.8807 32.4
      vertex 6.04316 40.9701 2.4
      vertex 5.59413 40.8807 2.4
    endloop
  endfacet
  facet normal -0.751824 0.659364 0
    outer loop
      vertex 3.72326 39.6307 2.4
      vertex 4.02513 39.9749 32.4
      vertex 4.02513 39.9749 2.4
    endloop
  endfacet
  facet normal -0.751824 0.659364 0
    outer loop
      vertex 4.02513 39.9749 32.4
      vertex 3.72326 39.6307 2.4
      vertex 3.72326 39.6307 32.4
    endloop
  endfacet
  facet normal 0.997859 0.0654026 0
    outer loop
      vertex 10 37.5 32.4
      vertex 9.97006 37.9568 2.4
      vertex 9.97006 37.9568 32.4
    endloop
  endfacet
  facet normal 0.997859 0.0654026 0
    outer loop
      vertex 9.97006 37.9568 2.4
      vertex 10 37.5 32.4
      vertex 10 37.5 2.4
    endloop
  endfacet
  facet normal 0.195263 -0.980751 0
    outer loop
      vertex 6.95684 34.0299 2.4
      vertex 7.40587 34.1193 32.4
      vertex 6.95684 34.0299 32.4
    endloop
  endfacet
  facet normal 0.195263 -0.980751 0
    outer loop
      vertex 7.40587 34.1193 32.4
      vertex 6.95684 34.0299 2.4
      vertex 7.40587 34.1193 2.4
    endloop
  endfacet
  facet normal 0.831495 -0.555532 0
    outer loop
      vertex 9.27674 35.3693 32.4
      vertex 9.53109 35.75 2.4
      vertex 9.53109 35.75 32.4
    endloop
  endfacet
  facet normal 0.831495 -0.555532 0
    outer loop
      vertex 9.53109 35.75 2.4
      vertex 9.27674 35.3693 32.4
      vertex 9.27674 35.3693 2.4
    endloop
  endfacet
  facet normal -0.0653099 -0.997865 0
    outer loop
      vertex 6.04316 34.0299 2.4
      vertex 6.5 34 32.4
      vertex 6.04316 34.0299 32.4
    endloop
  endfacet
  facet normal -0.0653099 -0.997865 -0
    outer loop
      vertex 6.5 34 32.4
      vertex 6.04316 34.0299 2.4
      vertex 6.5 34 2.4
    endloop
  endfacet
  facet normal -0.555637 -0.831425 0
    outer loop
      vertex 4.36933 34.7233 2.4
      vertex 4.75 34.4689 32.4
      vertex 4.36933 34.7233 32.4
    endloop
  endfacet
  facet normal -0.555637 -0.831425 -0
    outer loop
      vertex 4.75 34.4689 32.4
      vertex 4.36933 34.7233 2.4
      vertex 4.75 34.4689 2.4
    endloop
  endfacet
  facet normal -0.98079 -0.195066 0
    outer loop
      vertex 3.11926 36.5941 2.4
      vertex 3.02994 37.0432 32.4
      vertex 3.02994 37.0432 2.4
    endloop
  endfacet
  facet normal -0.98079 -0.195066 0
    outer loop
      vertex 3.02994 37.0432 32.4
      vertex 3.11926 36.5941 2.4
      vertex 3.11926 36.5941 32.4
    endloop
  endfacet
  facet normal 0.946926 0.321452 0
    outer loop
      vertex 9.88074 38.4059 32.4
      vertex 9.73358 38.8394 2.4
      vertex 9.73358 38.8394 32.4
    endloop
  endfacet
  facet normal 0.946926 0.321452 0
    outer loop
      vertex 9.73358 38.8394 2.4
      vertex 9.88074 38.4059 32.4
      vertex 9.88074 38.4059 2.4
    endloop
  endfacet
  facet normal 0.751824 0.659364 0
    outer loop
      vertex 9.27674 39.6307 32.4
      vertex 8.97487 39.9749 2.4
      vertex 8.97487 39.9749 32.4
    endloop
  endfacet
  facet normal 0.751824 0.659364 0
    outer loop
      vertex 8.97487 39.9749 2.4
      vertex 9.27674 39.6307 32.4
      vertex 9.27674 39.6307 2.4
    endloop
  endfacet
  facet normal 0.442305 0.896864 -0
    outer loop
      vertex 8.25 40.5311 2.4
      vertex 7.83939 40.7336 32.4
      vertex 8.25 40.5311 32.4
    endloop
  endfacet
  facet normal 0.442305 0.896864 0
    outer loop
      vertex 7.83939 40.7336 32.4
      vertex 8.25 40.5311 2.4
      vertex 7.83939 40.7336 2.4
    endloop
  endfacet
  facet normal 0.195263 0.980751 -0
    outer loop
      vertex 7.40587 40.8807 2.4
      vertex 6.95684 40.9701 32.4
      vertex 7.40587 40.8807 32.4
    endloop
  endfacet
  facet normal 0.195263 0.980751 0
    outer loop
      vertex 6.95684 40.9701 32.4
      vertex 7.40587 40.8807 2.4
      vertex 6.95684 40.9701 2.4
    endloop
  endfacet
  facet normal 0.0653099 0.997865 -0
    outer loop
      vertex 6.95684 40.9701 2.4
      vertex 6.5 41 32.4
      vertex 6.95684 40.9701 32.4
    endloop
  endfacet
  facet normal 0.0653099 0.997865 0
    outer loop
      vertex 6.5 41 32.4
      vertex 6.95684 40.9701 2.4
      vertex 6.5 41 2.4
    endloop
  endfacet
  facet normal -0.997859 -0.0654026 0
    outer loop
      vertex 3.02994 37.0432 2.4
      vertex 3 37.5 32.4
      vertex 3 37.5 2.4
    endloop
  endfacet
  facet normal -0.997859 -0.0654026 0
    outer loop
      vertex 3 37.5 32.4
      vertex 3.02994 37.0432 2.4
      vertex 3.02994 37.0432 32.4
    endloop
  endfacet
  facet normal -0.896869 0.442297 0
    outer loop
      vertex 3.26642 38.8394 2.4
      vertex 3.46891 39.25 32.4
      vertex 3.46891 39.25 2.4
    endloop
  endfacet
  facet normal -0.896869 0.442297 0
    outer loop
      vertex 3.46891 39.25 32.4
      vertex 3.26642 38.8394 2.4
      vertex 3.26642 38.8394 32.4
    endloop
  endfacet
  facet normal -0.321322 0.94697 0
    outer loop
      vertex 5.59413 40.8807 2.4
      vertex 5.16061 40.7336 32.4
      vertex 5.59413 40.8807 32.4
    endloop
  endfacet
  facet normal -0.321322 0.94697 0
    outer loop
      vertex 5.16061 40.7336 32.4
      vertex 5.59413 40.8807 2.4
      vertex 5.16061 40.7336 2.4
    endloop
  endfacet
  facet normal -0.659278 0.7519 0
    outer loop
      vertex 4.36933 40.2767 2.4
      vertex 4.02513 39.9749 32.4
      vertex 4.36933 40.2767 32.4
    endloop
  endfacet
  facet normal -0.659278 0.7519 0
    outer loop
      vertex 4.02513 39.9749 32.4
      vertex 4.36933 40.2767 2.4
      vertex 4.02513 39.9749 2.4
    endloop
  endfacet
  facet normal -0.555637 0.831425 0
    outer loop
      vertex 4.75 40.5311 2.4
      vertex 4.36933 40.2767 32.4
      vertex 4.75 40.5311 32.4
    endloop
  endfacet
  facet normal -0.555637 0.831425 0
    outer loop
      vertex 4.36933 40.2767 32.4
      vertex 4.75 40.5311 2.4
      vertex 4.36933 40.2767 2.4
    endloop
  endfacet
  facet normal 0.98079 -0.195066 0
    outer loop
      vertex 9.88074 36.5941 32.4
      vertex 9.97006 37.0432 2.4
      vertex 9.97006 37.0432 32.4
    endloop
  endfacet
  facet normal 0.98079 -0.195066 0
    outer loop
      vertex 9.97006 37.0432 2.4
      vertex 9.88074 36.5941 32.4
      vertex 9.88074 36.5941 2.4
    endloop
  endfacet
  facet normal 0.321322 -0.94697 0
    outer loop
      vertex 7.40587 34.1193 2.4
      vertex 7.83939 34.2664 32.4
      vertex 7.40587 34.1193 32.4
    endloop
  endfacet
  facet normal 0.321322 -0.94697 0
    outer loop
      vertex 7.83939 34.2664 32.4
      vertex 7.40587 34.1193 2.4
      vertex 7.83939 34.2664 2.4
    endloop
  endfacet
  facet normal 0.751824 -0.659364 0
    outer loop
      vertex 8.97487 35.0251 32.4
      vertex 9.27674 35.3693 2.4
      vertex 9.27674 35.3693 32.4
    endloop
  endfacet
  facet normal 0.751824 -0.659364 0
    outer loop
      vertex 9.27674 35.3693 2.4
      vertex 8.97487 35.0251 32.4
      vertex 8.97487 35.0251 2.4
    endloop
  endfacet
  facet normal 0.555647 -0.831418 0
    outer loop
      vertex 8.25 34.4689 2.4
      vertex 8.63066 34.7233 32.4
      vertex 8.25 34.4689 32.4
    endloop
  endfacet
  facet normal 0.555647 -0.831418 0
    outer loop
      vertex 8.63066 34.7233 32.4
      vertex 8.25 34.4689 2.4
      vertex 8.63066 34.7233 2.4
    endloop
  endfacet
  facet normal 0.896869 -0.442297 0
    outer loop
      vertex 9.53109 35.75 32.4
      vertex 9.73358 36.1606 2.4
      vertex 9.73358 36.1606 32.4
    endloop
  endfacet
  facet normal 0.896869 -0.442297 0
    outer loop
      vertex 9.73358 36.1606 2.4
      vertex 9.53109 35.75 32.4
      vertex 9.53109 35.75 2.4
    endloop
  endfacet
  facet normal 0.0653099 -0.997865 0
    outer loop
      vertex 6.5 34 2.4
      vertex 6.95684 34.0299 32.4
      vertex 6.5 34 32.4
    endloop
  endfacet
  facet normal 0.0653099 -0.997865 0
    outer loop
      vertex 6.95684 34.0299 32.4
      vertex 6.5 34 2.4
      vertex 6.95684 34.0299 2.4
    endloop
  endfacet
  facet normal -0.442305 -0.896864 0
    outer loop
      vertex 4.75 34.4689 2.4
      vertex 5.16061 34.2664 32.4
      vertex 4.75 34.4689 32.4
    endloop
  endfacet
  facet normal -0.442305 -0.896864 -0
    outer loop
      vertex 5.16061 34.2664 32.4
      vertex 4.75 34.4689 2.4
      vertex 5.16061 34.2664 2.4
    endloop
  endfacet
  facet normal -0.946926 -0.321452 0
    outer loop
      vertex 3.26642 36.1606 2.4
      vertex 3.11926 36.5941 32.4
      vertex 3.11926 36.5941 2.4
    endloop
  endfacet
  facet normal -0.946926 -0.321452 0
    outer loop
      vertex 3.11926 36.5941 32.4
      vertex 3.26642 36.1606 2.4
      vertex 3.26642 36.1606 32.4
    endloop
  endfacet
  facet normal -0.659278 -0.7519 0
    outer loop
      vertex 4.02513 35.0251 2.4
      vertex 4.36933 34.7233 32.4
      vertex 4.02513 35.0251 32.4
    endloop
  endfacet
  facet normal -0.659278 -0.7519 -0
    outer loop
      vertex 4.36933 34.7233 32.4
      vertex 4.02513 35.0251 2.4
      vertex 4.36933 34.7233 2.4
    endloop
  endfacet
  facet normal -0.831495 -0.555532 0
    outer loop
      vertex 3.72326 35.3693 2.4
      vertex 3.46891 35.75 32.4
      vertex 3.46891 35.75 2.4
    endloop
  endfacet
  facet normal -0.831495 -0.555532 0
    outer loop
      vertex 3.46891 35.75 32.4
      vertex 3.72326 35.3693 2.4
      vertex 3.72326 35.3693 32.4
    endloop
  endfacet
  facet normal -0.997859 0.0654026 0
    outer loop
      vertex 3 37.5 2.4
      vertex 3.02994 37.9568 32.4
      vertex 3.02994 37.9568 2.4
    endloop
  endfacet
  facet normal -0.997859 0.0654026 0
    outer loop
      vertex 3.02994 37.9568 32.4
      vertex 3 37.5 2.4
      vertex 3 37.5 32.4
    endloop
  endfacet
  facet normal 0.997859 -0.0654026 0
    outer loop
      vertex 9.97006 37.0432 32.4
      vertex 10 37.5 2.4
      vertex 10 37.5 32.4
    endloop
  endfacet
  facet normal 0.997859 -0.0654026 0
    outer loop
      vertex 10 37.5 2.4
      vertex 9.97006 37.0432 32.4
      vertex 9.97006 37.0432 2.4
    endloop
  endfacet
  facet normal 0.442305 -0.896864 0
    outer loop
      vertex 7.83939 34.2664 2.4
      vertex 8.25 34.4689 32.4
      vertex 7.83939 34.2664 32.4
    endloop
  endfacet
  facet normal 0.442305 -0.896864 0
    outer loop
      vertex 8.25 34.4689 32.4
      vertex 7.83939 34.2664 2.4
      vertex 8.25 34.4689 2.4
    endloop
  endfacet
  facet normal 0.659267 -0.751909 0
    outer loop
      vertex 8.63066 34.7233 2.4
      vertex 8.97487 35.0251 32.4
      vertex 8.63066 34.7233 32.4
    endloop
  endfacet
  facet normal 0.659267 -0.751909 0
    outer loop
      vertex 8.97487 35.0251 32.4
      vertex 8.63066 34.7233 2.4
      vertex 8.97487 35.0251 2.4
    endloop
  endfacet
  facet normal 0.946926 -0.321452 0
    outer loop
      vertex 9.73358 36.1606 32.4
      vertex 9.88074 36.5941 2.4
      vertex 9.88074 36.5941 32.4
    endloop
  endfacet
  facet normal 0.946926 -0.321452 0
    outer loop
      vertex 9.88074 36.5941 2.4
      vertex 9.73358 36.1606 32.4
      vertex 9.73358 36.1606 2.4
    endloop
  endfacet
  facet normal -0.896869 -0.442297 0
    outer loop
      vertex 3.46891 35.75 2.4
      vertex 3.26642 36.1606 32.4
      vertex 3.26642 36.1606 2.4
    endloop
  endfacet
  facet normal -0.896869 -0.442297 0
    outer loop
      vertex 3.26642 36.1606 32.4
      vertex 3.46891 35.75 2.4
      vertex 3.46891 35.75 32.4
    endloop
  endfacet
  facet normal -0.751824 -0.659364 0
    outer loop
      vertex 4.02513 35.0251 2.4
      vertex 3.72326 35.3693 32.4
      vertex 3.72326 35.3693 2.4
    endloop
  endfacet
  facet normal -0.751824 -0.659364 0
    outer loop
      vertex 3.72326 35.3693 32.4
      vertex 4.02513 35.0251 2.4
      vertex 4.02513 35.0251 32.4
    endloop
  endfacet
  facet normal 0.555607 0.831445 -0
    outer loop
      vertex 47.6307 40.2767 2.4
      vertex 47.25 40.5311 32.4
      vertex 47.6307 40.2767 32.4
    endloop
  endfacet
  facet normal 0.555607 0.831445 0
    outer loop
      vertex 47.25 40.5311 32.4
      vertex 47.6307 40.2767 2.4
      vertex 47.25 40.5311 2.4
    endloop
  endfacet
  facet normal -0.195234 -0.980757 0
    outer loop
      vertex 44.5941 34.1193 2.4
      vertex 45.0432 34.0299 32.4
      vertex 44.5941 34.1193 32.4
    endloop
  endfacet
  facet normal -0.195234 -0.980757 -0
    outer loop
      vertex 45.0432 34.0299 32.4
      vertex 44.5941 34.1193 2.4
      vertex 45.0432 34.0299 2.4
    endloop
  endfacet
  facet normal -0.442314 0.89686 0
    outer loop
      vertex 44.1606 40.7336 2.4
      vertex 43.75 40.5311 32.4
      vertex 44.1606 40.7336 32.4
    endloop
  endfacet
  facet normal -0.442314 0.89686 0
    outer loop
      vertex 43.75 40.5311 32.4
      vertex 44.1606 40.7336 2.4
      vertex 43.75 40.5311 2.4
    endloop
  endfacet
  facet normal -0.946966 0.321335 0
    outer loop
      vertex 42.1193 38.4059 2.4
      vertex 42.2664 38.8394 32.4
      vertex 42.2664 38.8394 2.4
    endloop
  endfacet
  facet normal -0.946966 0.321335 0
    outer loop
      vertex 42.2664 38.8394 32.4
      vertex 42.1193 38.4059 2.4
      vertex 42.1193 38.4059 32.4
    endloop
  endfacet
  facet normal 0.89686 0.442314 0
    outer loop
      vertex 48.7336 38.8394 32.4
      vertex 48.5311 39.25 2.4
      vertex 48.5311 39.25 32.4
    endloop
  endfacet
  facet normal 0.89686 0.442314 0
    outer loop
      vertex 48.5311 39.25 2.4
      vertex 48.7336 38.8394 32.4
      vertex 48.7336 38.8394 2.4
    endloop
  endfacet
  facet normal 0.980757 0.195234 0
    outer loop
      vertex 48.9701 37.9568 32.4
      vertex 48.8807 38.4059 2.4
      vertex 48.8807 38.4059 32.4
    endloop
  endfacet
  facet normal 0.980757 0.195234 0
    outer loop
      vertex 48.8807 38.4059 2.4
      vertex 48.9701 37.9568 32.4
      vertex 48.9701 37.9568 2.4
    endloop
  endfacet
  facet normal 0.831445 0.555607 0
    outer loop
      vertex 48.5311 39.25 32.4
      vertex 48.2767 39.6307 2.4
      vertex 48.2767 39.6307 32.4
    endloop
  endfacet
  facet normal 0.831445 0.555607 0
    outer loop
      vertex 48.2767 39.6307 2.4
      vertex 48.5311 39.25 32.4
      vertex 48.5311 39.25 2.4
    endloop
  endfacet
  facet normal 0.659278 0.7519 -0
    outer loop
      vertex 47.9749 39.9749 2.4
      vertex 47.6307 40.2767 32.4
      vertex 47.9749 39.9749 32.4
    endloop
  endfacet
  facet normal 0.659278 0.7519 0
    outer loop
      vertex 47.6307 40.2767 32.4
      vertex 47.9749 39.9749 2.4
      vertex 47.6307 40.2767 2.4
    endloop
  endfacet
  facet normal 0.321335 0.946966 -0
    outer loop
      vertex 46.8394 40.7336 2.4
      vertex 46.4059 40.8807 32.4
      vertex 46.8394 40.7336 32.4
    endloop
  endfacet
  facet normal 0.321335 0.946966 0
    outer loop
      vertex 46.4059 40.8807 32.4
      vertex 46.8394 40.7336 2.4
      vertex 46.4059 40.8807 2.4
    endloop
  endfacet
  facet normal -0.0653156 0.997865 0
    outer loop
      vertex 45.5 41 2.4
      vertex 45.0432 40.9701 32.4
      vertex 45.5 41 32.4
    endloop
  endfacet
  facet normal -0.0653156 0.997865 0
    outer loop
      vertex 45.0432 40.9701 32.4
      vertex 45.5 41 2.4
      vertex 45.0432 40.9701 2.4
    endloop
  endfacet
  facet normal -0.831445 0.555607 0
    outer loop
      vertex 42.4689 39.25 2.4
      vertex 42.7233 39.6307 32.4
      vertex 42.7233 39.6307 2.4
    endloop
  endfacet
  facet normal -0.831445 0.555607 0
    outer loop
      vertex 42.7233 39.6307 32.4
      vertex 42.4689 39.25 2.4
      vertex 42.4689 39.25 32.4
    endloop
  endfacet
  facet normal -0.195234 0.980757 0
    outer loop
      vertex 45.0432 40.9701 2.4
      vertex 44.5941 40.8807 32.4
      vertex 45.0432 40.9701 32.4
    endloop
  endfacet
  facet normal -0.195234 0.980757 0
    outer loop
      vertex 44.5941 40.8807 32.4
      vertex 45.0432 40.9701 2.4
      vertex 44.5941 40.8807 2.4
    endloop
  endfacet
  facet normal -0.7519 0.659278 0
    outer loop
      vertex 42.7233 39.6307 2.4
      vertex 43.0251 39.9749 32.4
      vertex 43.0251 39.9749 2.4
    endloop
  endfacet
  facet normal -0.7519 0.659278 0
    outer loop
      vertex 43.0251 39.9749 32.4
      vertex 42.7233 39.6307 2.4
      vertex 42.7233 39.6307 32.4
    endloop
  endfacet
  facet normal 0.997865 0.0653156 0
    outer loop
      vertex 49 37.5 32.4
      vertex 48.9701 37.9568 2.4
      vertex 48.9701 37.9568 32.4
    endloop
  endfacet
  facet normal 0.997865 0.0653156 0
    outer loop
      vertex 48.9701 37.9568 2.4
      vertex 49 37.5 32.4
      vertex 49 37.5 2.4
    endloop
  endfacet
  facet normal 0.195234 -0.980757 0
    outer loop
      vertex 45.9568 34.0299 2.4
      vertex 46.4059 34.1193 32.4
      vertex 45.9568 34.0299 32.4
    endloop
  endfacet
  facet normal 0.195234 -0.980757 0
    outer loop
      vertex 46.4059 34.1193 32.4
      vertex 45.9568 34.0299 2.4
      vertex 46.4059 34.1193 2.4
    endloop
  endfacet
  facet normal 0.831445 -0.555607 0
    outer loop
      vertex 48.2767 35.3693 32.4
      vertex 48.5311 35.75 2.4
      vertex 48.5311 35.75 32.4
    endloop
  endfacet
  facet normal 0.831445 -0.555607 0
    outer loop
      vertex 48.5311 35.75 2.4
      vertex 48.2767 35.3693 32.4
      vertex 48.2767 35.3693 2.4
    endloop
  endfacet
  facet normal -0.0653156 -0.997865 0
    outer loop
      vertex 45.0432 34.0299 2.4
      vertex 45.5 34 32.4
      vertex 45.0432 34.0299 32.4
    endloop
  endfacet
  facet normal -0.0653156 -0.997865 -0
    outer loop
      vertex 45.5 34 32.4
      vertex 45.0432 34.0299 2.4
      vertex 45.5 34 2.4
    endloop
  endfacet
  facet normal -0.555607 -0.831445 0
    outer loop
      vertex 43.3693 34.7233 2.4
      vertex 43.75 34.4689 32.4
      vertex 43.3693 34.7233 32.4
    endloop
  endfacet
  facet normal -0.555607 -0.831445 -0
    outer loop
      vertex 43.75 34.4689 32.4
      vertex 43.3693 34.7233 2.4
      vertex 43.75 34.4689 2.4
    endloop
  endfacet
  facet normal -0.980757 -0.195234 0
    outer loop
      vertex 42.1193 36.5941 2.4
      vertex 42.0299 37.0432 32.4
      vertex 42.0299 37.0432 2.4
    endloop
  endfacet
  facet normal -0.980757 -0.195234 0
    outer loop
      vertex 42.0299 37.0432 32.4
      vertex 42.1193 36.5941 2.4
      vertex 42.1193 36.5941 32.4
    endloop
  endfacet
  facet normal -0.659278 -0.7519 0
    outer loop
      vertex 43.0251 35.0251 2.4
      vertex 43.3693 34.7233 32.4
      vertex 43.0251 35.0251 32.4
    endloop
  endfacet
  facet normal -0.659278 -0.7519 -0
    outer loop
      vertex 43.3693 34.7233 32.4
      vertex 43.0251 35.0251 2.4
      vertex 43.3693 34.7233 2.4
    endloop
  endfacet
  facet normal 0.946966 0.321335 0
    outer loop
      vertex 48.8807 38.4059 32.4
      vertex 48.7336 38.8394 2.4
      vertex 48.7336 38.8394 32.4
    endloop
  endfacet
  facet normal 0.946966 0.321335 0
    outer loop
      vertex 48.7336 38.8394 2.4
      vertex 48.8807 38.4059 32.4
      vertex 48.8807 38.4059 2.4
    endloop
  endfacet
  facet normal 0.7519 0.659278 0
    outer loop
      vertex 48.2767 39.6307 32.4
      vertex 47.9749 39.9749 2.4
      vertex 47.9749 39.9749 32.4
    endloop
  endfacet
  facet normal 0.7519 0.659278 0
    outer loop
      vertex 47.9749 39.9749 2.4
      vertex 48.2767 39.6307 32.4
      vertex 48.2767 39.6307 2.4
    endloop
  endfacet
  facet normal 0.442314 0.89686 -0
    outer loop
      vertex 47.25 40.5311 2.4
      vertex 46.8394 40.7336 32.4
      vertex 47.25 40.5311 32.4
    endloop
  endfacet
  facet normal 0.442314 0.89686 0
    outer loop
      vertex 46.8394 40.7336 32.4
      vertex 47.25 40.5311 2.4
      vertex 46.8394 40.7336 2.4
    endloop
  endfacet
  facet normal 0.195234 0.980757 -0
    outer loop
      vertex 46.4059 40.8807 2.4
      vertex 45.9568 40.9701 32.4
      vertex 46.4059 40.8807 32.4
    endloop
  endfacet
  facet normal 0.195234 0.980757 0
    outer loop
      vertex 45.9568 40.9701 32.4
      vertex 46.4059 40.8807 2.4
      vertex 45.9568 40.9701 2.4
    endloop
  endfacet
  facet normal 0.0653156 0.997865 -0
    outer loop
      vertex 45.9568 40.9701 2.4
      vertex 45.5 41 32.4
      vertex 45.9568 40.9701 32.4
    endloop
  endfacet
  facet normal 0.0653156 0.997865 0
    outer loop
      vertex 45.5 41 32.4
      vertex 45.9568 40.9701 2.4
      vertex 45.5 41 2.4
    endloop
  endfacet
  facet normal -0.997865 -0.0653156 0
    outer loop
      vertex 42.0299 37.0432 2.4
      vertex 42 37.5 32.4
      vertex 42 37.5 2.4
    endloop
  endfacet
  facet normal -0.997865 -0.0653156 0
    outer loop
      vertex 42 37.5 32.4
      vertex 42.0299 37.0432 2.4
      vertex 42.0299 37.0432 32.4
    endloop
  endfacet
  facet normal -0.980757 0.195234 0
    outer loop
      vertex 42.0299 37.9568 2.4
      vertex 42.1193 38.4059 32.4
      vertex 42.1193 38.4059 2.4
    endloop
  endfacet
  facet normal -0.980757 0.195234 0
    outer loop
      vertex 42.1193 38.4059 32.4
      vertex 42.0299 37.9568 2.4
      vertex 42.0299 37.9568 32.4
    endloop
  endfacet
  facet normal -0.89686 0.442314 0
    outer loop
      vertex 42.2664 38.8394 2.4
      vertex 42.4689 39.25 32.4
      vertex 42.4689 39.25 2.4
    endloop
  endfacet
  facet normal -0.89686 0.442314 0
    outer loop
      vertex 42.4689 39.25 32.4
      vertex 42.2664 38.8394 2.4
      vertex 42.2664 38.8394 32.4
    endloop
  endfacet
  facet normal -0.321335 0.946966 0
    outer loop
      vertex 44.5941 40.8807 2.4
      vertex 44.1606 40.7336 32.4
      vertex 44.5941 40.8807 32.4
    endloop
  endfacet
  facet normal -0.321335 0.946966 0
    outer loop
      vertex 44.1606 40.7336 32.4
      vertex 44.5941 40.8807 2.4
      vertex 44.1606 40.7336 2.4
    endloop
  endfacet
  facet normal -0.659278 0.7519 0
    outer loop
      vertex 43.3693 40.2767 2.4
      vertex 43.0251 39.9749 32.4
      vertex 43.3693 40.2767 32.4
    endloop
  endfacet
  facet normal -0.659278 0.7519 0
    outer loop
      vertex 43.0251 39.9749 32.4
      vertex 43.3693 40.2767 2.4
      vertex 43.0251 39.9749 2.4
    endloop
  endfacet
  facet normal -0.555607 0.831445 0
    outer loop
      vertex 43.75 40.5311 2.4
      vertex 43.3693 40.2767 32.4
      vertex 43.75 40.5311 32.4
    endloop
  endfacet
  facet normal -0.555607 0.831445 0
    outer loop
      vertex 43.3693 40.2767 32.4
      vertex 43.75 40.5311 2.4
      vertex 43.3693 40.2767 2.4
    endloop
  endfacet
  facet normal 0.980757 -0.195234 0
    outer loop
      vertex 48.8807 36.5941 32.4
      vertex 48.9701 37.0432 2.4
      vertex 48.9701 37.0432 32.4
    endloop
  endfacet
  facet normal 0.980757 -0.195234 0
    outer loop
      vertex 48.9701 37.0432 2.4
      vertex 48.8807 36.5941 32.4
      vertex 48.8807 36.5941 2.4
    endloop
  endfacet
  facet normal 0.321335 -0.946966 0
    outer loop
      vertex 46.4059 34.1193 2.4
      vertex 46.8394 34.2664 32.4
      vertex 46.4059 34.1193 32.4
    endloop
  endfacet
  facet normal 0.321335 -0.946966 0
    outer loop
      vertex 46.8394 34.2664 32.4
      vertex 46.4059 34.1193 2.4
      vertex 46.8394 34.2664 2.4
    endloop
  endfacet
  facet normal 0.7519 -0.659278 0
    outer loop
      vertex 47.9749 35.0251 32.4
      vertex 48.2767 35.3693 2.4
      vertex 48.2767 35.3693 32.4
    endloop
  endfacet
  facet normal 0.7519 -0.659278 0
    outer loop
      vertex 48.2767 35.3693 2.4
      vertex 47.9749 35.0251 32.4
      vertex 47.9749 35.0251 2.4
    endloop
  endfacet
  facet normal 0.555607 -0.831445 0
    outer loop
      vertex 47.25 34.4689 2.4
      vertex 47.6307 34.7233 32.4
      vertex 47.25 34.4689 32.4
    endloop
  endfacet
  facet normal 0.555607 -0.831445 0
    outer loop
      vertex 47.6307 34.7233 32.4
      vertex 47.25 34.4689 2.4
      vertex 47.6307 34.7233 2.4
    endloop
  endfacet
  facet normal 0.89686 -0.442314 0
    outer loop
      vertex 48.5311 35.75 32.4
      vertex 48.7336 36.1606 2.4
      vertex 48.7336 36.1606 32.4
    endloop
  endfacet
  facet normal 0.89686 -0.442314 0
    outer loop
      vertex 48.7336 36.1606 2.4
      vertex 48.5311 35.75 32.4
      vertex 48.5311 35.75 2.4
    endloop
  endfacet
  facet normal 0.0653156 -0.997865 0
    outer loop
      vertex 45.5 34 2.4
      vertex 45.9568 34.0299 32.4
      vertex 45.5 34 32.4
    endloop
  endfacet
  facet normal 0.0653156 -0.997865 0
    outer loop
      vertex 45.9568 34.0299 32.4
      vertex 45.5 34 2.4
      vertex 45.9568 34.0299 2.4
    endloop
  endfacet
  facet normal -0.442314 -0.89686 0
    outer loop
      vertex 43.75 34.4689 2.4
      vertex 44.1606 34.2664 32.4
      vertex 43.75 34.4689 32.4
    endloop
  endfacet
  facet normal -0.442314 -0.89686 -0
    outer loop
      vertex 44.1606 34.2664 32.4
      vertex 43.75 34.4689 2.4
      vertex 44.1606 34.2664 2.4
    endloop
  endfacet
  facet normal -0.946966 -0.321335 0
    outer loop
      vertex 42.2664 36.1606 2.4
      vertex 42.1193 36.5941 32.4
      vertex 42.1193 36.5941 2.4
    endloop
  endfacet
  facet normal -0.946966 -0.321335 0
    outer loop
      vertex 42.1193 36.5941 32.4
      vertex 42.2664 36.1606 2.4
      vertex 42.2664 36.1606 32.4
    endloop
  endfacet
  facet normal -0.831445 -0.555607 0
    outer loop
      vertex 42.7233 35.3693 2.4
      vertex 42.4689 35.75 32.4
      vertex 42.4689 35.75 2.4
    endloop
  endfacet
  facet normal -0.831445 -0.555607 0
    outer loop
      vertex 42.4689 35.75 32.4
      vertex 42.7233 35.3693 2.4
      vertex 42.7233 35.3693 32.4
    endloop
  endfacet
  facet normal -0.997865 0.0653156 0
    outer loop
      vertex 42 37.5 2.4
      vertex 42.0299 37.9568 32.4
      vertex 42.0299 37.9568 2.4
    endloop
  endfacet
  facet normal -0.997865 0.0653156 0
    outer loop
      vertex 42.0299 37.9568 32.4
      vertex 42 37.5 2.4
      vertex 42 37.5 32.4
    endloop
  endfacet
  facet normal 0.997865 -0.0653156 0
    outer loop
      vertex 48.9701 37.0432 32.4
      vertex 49 37.5 2.4
      vertex 49 37.5 32.4
    endloop
  endfacet
  facet normal 0.997865 -0.0653156 0
    outer loop
      vertex 49 37.5 2.4
      vertex 48.9701 37.0432 32.4
      vertex 48.9701 37.0432 2.4
    endloop
  endfacet
  facet normal 0.442314 -0.89686 0
    outer loop
      vertex 46.8394 34.2664 2.4
      vertex 47.25 34.4689 32.4
      vertex 46.8394 34.2664 32.4
    endloop
  endfacet
  facet normal 0.442314 -0.89686 0
    outer loop
      vertex 47.25 34.4689 32.4
      vertex 46.8394 34.2664 2.4
      vertex 47.25 34.4689 2.4
    endloop
  endfacet
  facet normal 0.659278 -0.7519 0
    outer loop
      vertex 47.6307 34.7233 2.4
      vertex 47.9749 35.0251 32.4
      vertex 47.6307 34.7233 32.4
    endloop
  endfacet
  facet normal 0.659278 -0.7519 0
    outer loop
      vertex 47.9749 35.0251 32.4
      vertex 47.6307 34.7233 2.4
      vertex 47.9749 35.0251 2.4
    endloop
  endfacet
  facet normal 0.946966 -0.321335 0
    outer loop
      vertex 48.7336 36.1606 32.4
      vertex 48.8807 36.5941 2.4
      vertex 48.8807 36.5941 32.4
    endloop
  endfacet
  facet normal 0.946966 -0.321335 0
    outer loop
      vertex 48.8807 36.5941 2.4
      vertex 48.7336 36.1606 32.4
      vertex 48.7336 36.1606 2.4
    endloop
  endfacet
  facet normal -0.321335 -0.946966 0
    outer loop
      vertex 44.1606 34.2664 2.4
      vertex 44.5941 34.1193 32.4
      vertex 44.1606 34.2664 32.4
    endloop
  endfacet
  facet normal -0.321335 -0.946966 -0
    outer loop
      vertex 44.5941 34.1193 32.4
      vertex 44.1606 34.2664 2.4
      vertex 44.5941 34.1193 2.4
    endloop
  endfacet
  facet normal -0.89686 -0.442314 0
    outer loop
      vertex 42.4689 35.75 2.4
      vertex 42.2664 36.1606 32.4
      vertex 42.2664 36.1606 2.4
    endloop
  endfacet
  facet normal -0.89686 -0.442314 0
    outer loop
      vertex 42.2664 36.1606 32.4
      vertex 42.4689 35.75 2.4
      vertex 42.4689 35.75 32.4
    endloop
  endfacet
  facet normal -0.7519 -0.659278 0
    outer loop
      vertex 43.0251 35.0251 2.4
      vertex 42.7233 35.3693 32.4
      vertex 42.7233 35.3693 2.4
    endloop
  endfacet
  facet normal -0.7519 -0.659278 0
    outer loop
      vertex 42.7233 35.3693 32.4
      vertex 43.0251 35.0251 2.4
      vertex 43.0251 35.0251 32.4
    endloop
  endfacet
  facet normal -0.997861 -0.0653783 0
    outer loop
      vertex 7.75 6.5 20.4
      vertex 7.73931 6.66316 32.4
      vertex 7.73931 6.66316 20.4
    endloop
  endfacet
  facet normal -0.997861 -0.0653783 0
    outer loop
      vertex 7.73931 6.66316 32.4
      vertex 7.75 6.5 20.4
      vertex 7.75 6.5 32.4
    endloop
  endfacet
  facet normal 0.0653783 -0.997861 0
    outer loop
      vertex 6.33684 7.73931 20.4
      vertex 6.5 7.75 32.4
      vertex 6.33684 7.73931 32.4
    endloop
  endfacet
  facet normal 0.0653783 -0.997861 0
    outer loop
      vertex 6.5 7.75 32.4
      vertex 6.33684 7.73931 20.4
      vertex 6.5 7.75 20.4
    endloop
  endfacet
  facet normal -0.659357 -0.75183 0
    outer loop
      vertex 7.26095 7.49169 20.4
      vertex 7.38388 7.38388 32.4
      vertex 7.26095 7.49169 32.4
    endloop
  endfacet
  facet normal -0.659357 -0.75183 -0
    outer loop
      vertex 7.38388 7.38388 32.4
      vertex 7.26095 7.49169 20.4
      vertex 7.38388 7.38388 20.4
    endloop
  endfacet
  facet normal 0.75183 -0.659357 0
    outer loop
      vertex 5.50831 7.26095 32.4
      vertex 5.61612 7.38388 20.4
      vertex 5.61612 7.38388 32.4
    endloop
  endfacet
  facet normal 0.75183 -0.659357 0
    outer loop
      vertex 5.61612 7.38388 20.4
      vertex 5.50831 7.26095 32.4
      vertex 5.50831 7.26095 20.4
    endloop
  endfacet
  facet normal 0.44229 -0.896872 0
    outer loop
      vertex 5.875 7.58253 20.4
      vertex 6.02165 7.65485 32.4
      vertex 5.875 7.58253 32.4
    endloop
  endfacet
  facet normal 0.44229 -0.896872 0
    outer loop
      vertex 6.02165 7.65485 32.4
      vertex 5.875 7.58253 20.4
      vertex 6.02165 7.65485 20.4
    endloop
  endfacet
  facet normal 0.659357 0.75183 -0
    outer loop
      vertex 5.73905 5.50831 20.4
      vertex 5.61612 5.61612 32.4
      vertex 5.73905 5.50831 32.4
    endloop
  endfacet
  facet normal 0.659357 0.75183 0
    outer loop
      vertex 5.61612 5.61612 32.4
      vertex 5.73905 5.50831 20.4
      vertex 5.61612 5.61612 20.4
    endloop
  endfacet
  facet normal -0.946926 -0.321452 0
    outer loop
      vertex 7.70741 6.82352 20.4
      vertex 7.65485 6.97835 32.4
      vertex 7.65485 6.97835 20.4
    endloop
  endfacet
  facet normal -0.946926 -0.321452 0
    outer loop
      vertex 7.65485 6.97835 32.4
      vertex 7.70741 6.82352 20.4
      vertex 7.70741 6.82352 32.4
    endloop
  endfacet
  facet normal -0.980782 -0.195105 0
    outer loop
      vertex 7.73931 6.66316 20.4
      vertex 7.70741 6.82352 32.4
      vertex 7.70741 6.82352 20.4
    endloop
  endfacet
  facet normal -0.980782 -0.195105 0
    outer loop
      vertex 7.70741 6.82352 32.4
      vertex 7.73931 6.66316 20.4
      vertex 7.73931 6.66316 32.4
    endloop
  endfacet
  facet normal -0.321452 -0.946926 0
    outer loop
      vertex 6.82352 7.70741 20.4
      vertex 6.97835 7.65485 32.4
      vertex 6.82352 7.70741 32.4
    endloop
  endfacet
  facet normal -0.321452 -0.946926 -0
    outer loop
      vertex 6.97835 7.65485 32.4
      vertex 6.82352 7.70741 20.4
      vertex 6.97835 7.65485 20.4
    endloop
  endfacet
  facet normal -0.0653783 -0.997861 0
    outer loop
      vertex 6.5 7.75 20.4
      vertex 6.66316 7.73931 32.4
      vertex 6.5 7.75 32.4
    endloop
  endfacet
  facet normal -0.0653783 -0.997861 -0
    outer loop
      vertex 6.66316 7.73931 32.4
      vertex 6.5 7.75 20.4
      vertex 6.66316 7.73931 20.4
    endloop
  endfacet
  facet normal -0.555575 -0.831466 0
    outer loop
      vertex 7.125 7.58253 20.4
      vertex 7.26095 7.49169 32.4
      vertex 7.125 7.58253 32.4
    endloop
  endfacet
  facet normal -0.555575 -0.831466 -0
    outer loop
      vertex 7.26095 7.49169 32.4
      vertex 7.125 7.58253 20.4
      vertex 7.26095 7.49169 20.4
    endloop
  endfacet
  facet normal 0.946926 -0.321452 0
    outer loop
      vertex 5.29259 6.82352 32.4
      vertex 5.34515 6.97835 20.4
      vertex 5.34515 6.97835 32.4
    endloop
  endfacet
  facet normal 0.946926 -0.321452 0
    outer loop
      vertex 5.34515 6.97835 20.4
      vertex 5.29259 6.82352 32.4
      vertex 5.29259 6.82352 20.4
    endloop
  endfacet
  facet normal 0.896872 -0.44229 0
    outer loop
      vertex 5.34515 6.97835 32.4
      vertex 5.41747 7.125 20.4
      vertex 5.41747 7.125 32.4
    endloop
  endfacet
  facet normal 0.896872 -0.44229 0
    outer loop
      vertex 5.41747 7.125 20.4
      vertex 5.34515 6.97835 32.4
      vertex 5.34515 6.97835 20.4
    endloop
  endfacet
  facet normal 0.980782 -0.195105 0
    outer loop
      vertex 5.26069 6.66316 32.4
      vertex 5.29259 6.82352 20.4
      vertex 5.29259 6.82352 32.4
    endloop
  endfacet
  facet normal 0.980782 -0.195105 0
    outer loop
      vertex 5.29259 6.82352 20.4
      vertex 5.26069 6.66316 32.4
      vertex 5.26069 6.66316 20.4
    endloop
  endfacet
  facet normal 0.997861 0.0653783 0
    outer loop
      vertex 5.26069 6.33684 32.4
      vertex 5.25 6.5 20.4
      vertex 5.25 6.5 32.4
    endloop
  endfacet
  facet normal 0.997861 0.0653783 0
    outer loop
      vertex 5.25 6.5 20.4
      vertex 5.26069 6.33684 32.4
      vertex 5.26069 6.33684 20.4
    endloop
  endfacet
  facet normal 0.659357 -0.75183 0
    outer loop
      vertex 5.61612 7.38388 20.4
      vertex 5.73905 7.49169 32.4
      vertex 5.61612 7.38388 32.4
    endloop
  endfacet
  facet normal 0.659357 -0.75183 0
    outer loop
      vertex 5.73905 7.49169 32.4
      vertex 5.61612 7.38388 20.4
      vertex 5.73905 7.49169 20.4
    endloop
  endfacet
  facet normal 0.195105 -0.980782 0
    outer loop
      vertex 6.17648 7.70741 20.4
      vertex 6.33684 7.73931 32.4
      vertex 6.17648 7.70741 32.4
    endloop
  endfacet
  facet normal 0.195105 -0.980782 0
    outer loop
      vertex 6.33684 7.73931 32.4
      vertex 6.17648 7.70741 20.4
      vertex 6.33684 7.73931 20.4
    endloop
  endfacet
  facet normal -0.997861 0.0653783 0
    outer loop
      vertex 7.73931 6.33684 20.4
      vertex 7.75 6.5 32.4
      vertex 7.75 6.5 20.4
    endloop
  endfacet
  facet normal -0.997861 0.0653783 0
    outer loop
      vertex 7.75 6.5 32.4
      vertex 7.73931 6.33684 20.4
      vertex 7.73931 6.33684 32.4
    endloop
  endfacet
  facet normal -0.321452 0.946926 0
    outer loop
      vertex 6.97835 5.34515 20.4
      vertex 6.82352 5.29259 32.4
      vertex 6.97835 5.34515 32.4
    endloop
  endfacet
  facet normal -0.321452 0.946926 0
    outer loop
      vertex 6.82352 5.29259 32.4
      vertex 6.97835 5.34515 20.4
      vertex 6.82352 5.29259 20.4
    endloop
  endfacet
  facet normal -0.195105 0.980782 0
    outer loop
      vertex 6.82352 5.29259 20.4
      vertex 6.66316 5.26069 32.4
      vertex 6.82352 5.29259 32.4
    endloop
  endfacet
  facet normal -0.195105 0.980782 0
    outer loop
      vertex 6.66316 5.26069 32.4
      vertex 6.82352 5.29259 20.4
      vertex 6.66316 5.26069 20.4
    endloop
  endfacet
  facet normal -0.980782 0.195105 0
    outer loop
      vertex 7.70741 6.17648 20.4
      vertex 7.73931 6.33684 32.4
      vertex 7.73931 6.33684 20.4
    endloop
  endfacet
  facet normal -0.980782 0.195105 0
    outer loop
      vertex 7.73931 6.33684 32.4
      vertex 7.70741 6.17648 20.4
      vertex 7.70741 6.17648 32.4
    endloop
  endfacet
  facet normal 0.195105 0.980782 -0
    outer loop
      vertex 6.33684 5.26069 20.4
      vertex 6.17648 5.29259 32.4
      vertex 6.33684 5.26069 32.4
    endloop
  endfacet
  facet normal 0.195105 0.980782 0
    outer loop
      vertex 6.17648 5.29259 32.4
      vertex 6.33684 5.26069 20.4
      vertex 6.17648 5.29259 20.4
    endloop
  endfacet
  facet normal 0.321452 0.946926 -0
    outer loop
      vertex 6.17648 5.29259 20.4
      vertex 6.02165 5.34515 32.4
      vertex 6.17648 5.29259 32.4
    endloop
  endfacet
  facet normal 0.321452 0.946926 0
    outer loop
      vertex 6.02165 5.34515 32.4
      vertex 6.17648 5.29259 20.4
      vertex 6.02165 5.34515 20.4
    endloop
  endfacet
  facet normal 0.980782 0.195105 0
    outer loop
      vertex 5.29259 6.17648 32.4
      vertex 5.26069 6.33684 20.4
      vertex 5.26069 6.33684 32.4
    endloop
  endfacet
  facet normal 0.980782 0.195105 0
    outer loop
      vertex 5.26069 6.33684 20.4
      vertex 5.29259 6.17648 32.4
      vertex 5.29259 6.17648 20.4
    endloop
  endfacet
  facet normal -0.896872 -0.44229 0
    outer loop
      vertex 7.65485 6.97835 20.4
      vertex 7.58253 7.125 32.4
      vertex 7.58253 7.125 20.4
    endloop
  endfacet
  facet normal -0.896872 -0.44229 0
    outer loop
      vertex 7.58253 7.125 32.4
      vertex 7.65485 6.97835 20.4
      vertex 7.65485 6.97835 32.4
    endloop
  endfacet
  facet normal -0.831466 -0.555575 0
    outer loop
      vertex 7.58253 7.125 20.4
      vertex 7.49169 7.26095 32.4
      vertex 7.49169 7.26095 20.4
    endloop
  endfacet
  facet normal -0.831466 -0.555575 0
    outer loop
      vertex 7.49169 7.26095 32.4
      vertex 7.58253 7.125 20.4
      vertex 7.58253 7.125 32.4
    endloop
  endfacet
  facet normal -0.75183 -0.659357 0
    outer loop
      vertex 7.49169 7.26095 20.4
      vertex 7.38388 7.38388 32.4
      vertex 7.38388 7.38388 20.4
    endloop
  endfacet
  facet normal -0.75183 -0.659357 0
    outer loop
      vertex 7.38388 7.38388 32.4
      vertex 7.49169 7.26095 20.4
      vertex 7.49169 7.26095 32.4
    endloop
  endfacet
  facet normal -0.195105 -0.980782 0
    outer loop
      vertex 6.66316 7.73931 20.4
      vertex 6.82352 7.70741 32.4
      vertex 6.66316 7.73931 32.4
    endloop
  endfacet
  facet normal -0.195105 -0.980782 -0
    outer loop
      vertex 6.82352 7.70741 32.4
      vertex 6.66316 7.73931 20.4
      vertex 6.82352 7.70741 20.4
    endloop
  endfacet
  facet normal -0.44229 -0.896872 0
    outer loop
      vertex 6.97835 7.65485 20.4
      vertex 7.125 7.58253 32.4
      vertex 6.97835 7.65485 32.4
    endloop
  endfacet
  facet normal -0.44229 -0.896872 -0
    outer loop
      vertex 7.125 7.58253 32.4
      vertex 6.97835 7.65485 20.4
      vertex 7.125 7.58253 20.4
    endloop
  endfacet
  facet normal 0 0 1
    outer loop
      vertex 7.73931 6.66316 20.4
      vertex 7.73931 6.33684 20.4
      vertex 7.75 6.5 20.4
    endloop
  endfacet
  facet normal 0 0 1
    outer loop
      vertex 7.70741 6.82352 20.4
      vertex 7.73931 6.33684 20.4
      vertex 7.73931 6.66316 20.4
    endloop
  endfacet
  facet normal 0 0 1
    outer loop
      vertex 7.70741 6.82352 20.4
      vertex 7.70741 6.17648 20.4
      vertex 7.73931 6.33684 20.4
    endloop
  endfacet
  facet normal 0 0 1
    outer loop
      vertex 7.65485 6.97835 20.4
      vertex 7.70741 6.17648 20.4
      vertex 7.70741 6.82352 20.4
    endloop
  endfacet
  facet normal 0 0 1
    outer loop
      vertex 7.65485 6.97835 20.4
      vertex 7.65485 6.02165 20.4
      vertex 7.70741 6.17648 20.4
    endloop
  endfacet
  facet normal 0 0 1
    outer loop
      vertex 7.58253 7.125 20.4
      vertex 7.65485 6.02165 20.4
      vertex 7.65485 6.97835 20.4
    endloop
  endfacet
  facet normal 0 0 1
    outer loop
      vertex 7.58253 7.125 20.4
      vertex 7.58253 5.875 20.4
      vertex 7.65485 6.02165 20.4
    endloop
  endfacet
  facet normal 0 0 1
    outer loop
      vertex 7.49169 7.26095 20.4
      vertex 7.58253 5.875 20.4
      vertex 7.58253 7.125 20.4
    endloop
  endfacet
  facet normal 0 0 1
    outer loop
      vertex 7.49169 7.26095 20.4
      vertex 7.49169 5.73905 20.4
      vertex 7.58253 5.875 20.4
    endloop
  endfacet
  facet normal 0 0 1
    outer loop
      vertex 7.38388 7.38388 20.4
      vertex 7.49169 5.73905 20.4
      vertex 7.49169 7.26095 20.4
    endloop
  endfacet
  facet normal 0 0 1
    outer loop
      vertex 7.38388 7.38388 20.4
      vertex 7.38388 5.61612 20.4
      vertex 7.49169 5.73905 20.4
    endloop
  endfacet
  facet normal 0 0 1
    outer loop
      vertex 7.26095 7.49169 20.4
      vertex 7.38388 5.61612 20.4
      vertex 7.38388 7.38388 20.4
    endloop
  endfacet
  facet normal 0 0 1
    outer loop
      vertex 7.26095 7.49169 20.4
      vertex 7.26095 5.50831 20.4
      vertex 7.38388 5.61612 20.4
    endloop
  endfacet
  facet normal 0 0 1
    outer loop
      vertex 7.125 7.58253 20.4
      vertex 7.26095 5.50831 20.4
      vertex 7.26095 7.49169 20.4
    endloop
  endfacet
  facet normal 0 0 1
    outer loop
      vertex 7.125 7.58253 20.4
      vertex 7.125 5.41747 20.4
      vertex 7.26095 5.50831 20.4
    endloop
  endfacet
  facet normal 0 0 1
    outer loop
      vertex 6.97835 7.65485 20.4
      vertex 7.125 5.41747 20.4
      vertex 7.125 7.58253 20.4
    endloop
  endfacet
  facet normal 0 0 1
    outer loop
      vertex 6.97835 7.65485 20.4
      vertex 6.97835 5.34515 20.4
      vertex 7.125 5.41747 20.4
    endloop
  endfacet
  facet normal 0 0 1
    outer loop
      vertex 6.82352 7.70741 20.4
      vertex 6.97835 5.34515 20.4
      vertex 6.97835 7.65485 20.4
    endloop
  endfacet
  facet normal 0 0 1
    outer loop
      vertex 6.82352 7.70741 20.4
      vertex 6.82352 5.29259 20.4
      vertex 6.97835 5.34515 20.4
    endloop
  endfacet
  facet normal 0 0 1
    outer loop
      vertex 6.66316 7.73931 20.4
      vertex 6.82352 5.29259 20.4
      vertex 6.82352 7.70741 20.4
    endloop
  endfacet
  facet normal 0 0 1
    outer loop
      vertex 6.66316 7.73931 20.4
      vertex 6.66316 5.26069 20.4
      vertex 6.82352 5.29259 20.4
    endloop
  endfacet
  facet normal 0 0 1
    outer loop
      vertex 6.5 7.75 20.4
      vertex 6.66316 5.26069 20.4
      vertex 6.66316 7.73931 20.4
    endloop
  endfacet
  facet normal 0 0 1
    outer loop
      vertex 6.5 7.75 20.4
      vertex 6.5 5.25 20.4
      vertex 6.66316 5.26069 20.4
    endloop
  endfacet
  facet normal -0 0 1
    outer loop
      vertex 6.33684 7.73931 20.4
      vertex 6.5 5.25 20.4
      vertex 6.5 7.75 20.4
    endloop
  endfacet
  facet normal 0 0 1
    outer loop
      vertex 6.33684 7.73931 20.4
      vertex 6.33684 5.26069 20.4
      vertex 6.5 5.25 20.4
    endloop
  endfacet
  facet normal -0 0 1
    outer loop
      vertex 6.17648 7.70741 20.4
      vertex 6.33684 5.26069 20.4
      vertex 6.33684 7.73931 20.4
    endloop
  endfacet
  facet normal 0 0 1
    outer loop
      vertex 6.17648 7.70741 20.4
      vertex 6.17648 5.29259 20.4
      vertex 6.33684 5.26069 20.4
    endloop
  endfacet
  facet normal -0 0 1
    outer loop
      vertex 6.02165 7.65485 20.4
      vertex 6.17648 5.29259 20.4
      vertex 6.17648 7.70741 20.4
    endloop
  endfacet
  facet normal 0 0 1
    outer loop
      vertex 6.02165 7.65485 20.4
      vertex 6.02165 5.34515 20.4
      vertex 6.17648 5.29259 20.4
    endloop
  endfacet
  facet normal -0 0 1
    outer loop
      vertex 5.875 7.58253 20.4
      vertex 6.02165 5.34515 20.4
      vertex 6.02165 7.65485 20.4
    endloop
  endfacet
  facet normal 0 0 1
    outer loop
      vertex 5.875 7.58253 20.4
      vertex 5.875 5.41747 20.4
      vertex 6.02165 5.34515 20.4
    endloop
  endfacet
  facet normal -0 0 1
    outer loop
      vertex 5.73905 7.49169 20.4
      vertex 5.875 5.41747 20.4
      vertex 5.875 7.58253 20.4
    endloop
  endfacet
  facet normal 0 0 1
    outer loop
      vertex 5.73905 7.49169 20.4
      vertex 5.73905 5.50831 20.4
      vertex 5.875 5.41747 20.4
    endloop
  endfacet
  facet normal -0 0 1
    outer loop
      vertex 5.61612 7.38388 20.4
      vertex 5.73905 5.50831 20.4
      vertex 5.73905 7.49169 20.4
    endloop
  endfacet
  facet normal 0 0 1
    outer loop
      vertex 5.61612 7.38388 20.4
      vertex 5.61612 5.61612 20.4
      vertex 5.73905 5.50831 20.4
    endloop
  endfacet
  facet normal -0 0 1
    outer loop
      vertex 5.50831 7.26095 20.4
      vertex 5.61612 5.61612 20.4
      vertex 5.61612 7.38388 20.4
    endloop
  endfacet
  facet normal 0 0 1
    outer loop
      vertex 5.50831 7.26095 20.4
      vertex 5.50831 5.73905 20.4
      vertex 5.61612 5.61612 20.4
    endloop
  endfacet
  facet normal -0 0 1
    outer loop
      vertex 5.41747 7.125 20.4
      vertex 5.50831 5.73905 20.4
      vertex 5.50831 7.26095 20.4
    endloop
  endfacet
  facet normal 0 0 1
    outer loop
      vertex 5.41747 7.125 20.4
      vertex 5.41747 5.875 20.4
      vertex 5.50831 5.73905 20.4
    endloop
  endfacet
  facet normal -0 0 1
    outer loop
      vertex 5.34515 6.97835 20.4
      vertex 5.41747 5.875 20.4
      vertex 5.41747 7.125 20.4
    endloop
  endfacet
  facet normal 0 0 1
    outer loop
      vertex 5.34515 6.97835 20.4
      vertex 5.34515 6.02165 20.4
      vertex 5.41747 5.875 20.4
    endloop
  endfacet
  facet normal -0 0 1
    outer loop
      vertex 5.29259 6.82352 20.4
      vertex 5.34515 6.02165 20.4
      vertex 5.34515 6.97835 20.4
    endloop
  endfacet
  facet normal 0 0 1
    outer loop
      vertex 5.29259 6.82352 20.4
      vertex 5.29259 6.17648 20.4
      vertex 5.34515 6.02165 20.4
    endloop
  endfacet
  facet normal -0 0 1
    outer loop
      vertex 5.26069 6.66316 20.4
      vertex 5.29259 6.17648 20.4
      vertex 5.29259 6.82352 20.4
    endloop
  endfacet
  facet normal 0 0 1
    outer loop
      vertex 5.26069 6.66316 20.4
      vertex 5.26069 6.33684 20.4
      vertex 5.29259 6.17648 20.4
    endloop
  endfacet
  facet normal 0 -0 1
    outer loop
      vertex 5.26069 6.33684 20.4
      vertex 5.26069 6.66316 20.4
      vertex 5.25 6.5 20.4
    endloop
  endfacet
  facet normal 0.831466 -0.555575 0
    outer loop
      vertex 5.41747 7.125 32.4
      vertex 5.50831 7.26095 20.4
      vertex 5.50831 7.26095 32.4
    endloop
  endfacet
  facet normal 0.831466 -0.555575 0
    outer loop
      vertex 5.50831 7.26095 20.4
      vertex 5.41747 7.125 32.4
      vertex 5.41747 7.125 20.4
    endloop
  endfacet
  facet normal 0.555575 -0.831466 0
    outer loop
      vertex 5.73905 7.49169 20.4
      vertex 5.875 7.58253 32.4
      vertex 5.73905 7.49169 32.4
    endloop
  endfacet
  facet normal 0.555575 -0.831466 0
    outer loop
      vertex 5.875 7.58253 32.4
      vertex 5.73905 7.49169 20.4
      vertex 5.875 7.58253 20.4
    endloop
  endfacet
  facet normal 0.321452 -0.946926 0
    outer loop
      vertex 6.02165 7.65485 20.4
      vertex 6.17648 7.70741 32.4
      vertex 6.02165 7.65485 32.4
    endloop
  endfacet
  facet normal 0.321452 -0.946926 0
    outer loop
      vertex 6.17648 7.70741 32.4
      vertex 6.02165 7.65485 20.4
      vertex 6.17648 7.70741 20.4
    endloop
  endfacet
  facet normal -0.555575 0.831466 0
    outer loop
      vertex 7.26095 5.50831 20.4
      vertex 7.125 5.41747 32.4
      vertex 7.26095 5.50831 32.4
    endloop
  endfacet
  facet normal -0.555575 0.831466 0
    outer loop
      vertex 7.125 5.41747 32.4
      vertex 7.26095 5.50831 20.4
      vertex 7.125 5.41747 20.4
    endloop
  endfacet
  facet normal -0.75183 0.659357 0
    outer loop
      vertex 7.38388 5.61612 20.4
      vertex 7.49169 5.73905 32.4
      vertex 7.49169 5.73905 20.4
    endloop
  endfacet
  facet normal -0.75183 0.659357 0
    outer loop
      vertex 7.49169 5.73905 32.4
      vertex 7.38388 5.61612 20.4
      vertex 7.38388 5.61612 32.4
    endloop
  endfacet
  facet normal -0.946926 0.321452 0
    outer loop
      vertex 7.65485 6.02165 20.4
      vertex 7.70741 6.17648 32.4
      vertex 7.70741 6.17648 20.4
    endloop
  endfacet
  facet normal -0.946926 0.321452 0
    outer loop
      vertex 7.70741 6.17648 32.4
      vertex 7.65485 6.02165 20.4
      vertex 7.65485 6.02165 32.4
    endloop
  endfacet
  facet normal -0.831466 0.555575 0
    outer loop
      vertex 7.49169 5.73905 20.4
      vertex 7.58253 5.875 32.4
      vertex 7.58253 5.875 20.4
    endloop
  endfacet
  facet normal -0.831466 0.555575 0
    outer loop
      vertex 7.58253 5.875 32.4
      vertex 7.49169 5.73905 20.4
      vertex 7.49169 5.73905 32.4
    endloop
  endfacet
  facet normal -0.896872 0.44229 0
    outer loop
      vertex 7.58253 5.875 20.4
      vertex 7.65485 6.02165 32.4
      vertex 7.65485 6.02165 20.4
    endloop
  endfacet
  facet normal -0.896872 0.44229 0
    outer loop
      vertex 7.65485 6.02165 32.4
      vertex 7.58253 5.875 20.4
      vertex 7.58253 5.875 32.4
    endloop
  endfacet
  facet normal 0.0653783 0.997861 -0
    outer loop
      vertex 6.5 5.25 20.4
      vertex 6.33684 5.26069 32.4
      vertex 6.5 5.25 32.4
    endloop
  endfacet
  facet normal 0.0653783 0.997861 0
    outer loop
      vertex 6.33684 5.26069 32.4
      vertex 6.5 5.25 20.4
      vertex 6.33684 5.26069 20.4
    endloop
  endfacet
  facet normal 0.555575 0.831466 -0
    outer loop
      vertex 5.875 5.41747 20.4
      vertex 5.73905 5.50831 32.4
      vertex 5.875 5.41747 32.4
    endloop
  endfacet
  facet normal 0.555575 0.831466 0
    outer loop
      vertex 5.73905 5.50831 32.4
      vertex 5.875 5.41747 20.4
      vertex 5.73905 5.50831 20.4
    endloop
  endfacet
  facet normal -0.0653783 0.997861 0
    outer loop
      vertex 6.66316 5.26069 20.4
      vertex 6.5 5.25 32.4
      vertex 6.66316 5.26069 32.4
    endloop
  endfacet
  facet normal -0.0653783 0.997861 0
    outer loop
      vertex 6.5 5.25 32.4
      vertex 6.66316 5.26069 20.4
      vertex 6.5 5.25 20.4
    endloop
  endfacet
  facet normal 0.44229 0.896872 -0
    outer loop
      vertex 6.02165 5.34515 20.4
      vertex 5.875 5.41747 32.4
      vertex 6.02165 5.34515 32.4
    endloop
  endfacet
  facet normal 0.44229 0.896872 0
    outer loop
      vertex 5.875 5.41747 32.4
      vertex 6.02165 5.34515 20.4
      vertex 5.875 5.41747 20.4
    endloop
  endfacet
  facet normal 0.831466 0.555575 0
    outer loop
      vertex 5.50831 5.73905 32.4
      vertex 5.41747 5.875 20.4
      vertex 5.41747 5.875 32.4
    endloop
  endfacet
  facet normal 0.831466 0.555575 0
    outer loop
      vertex 5.41747 5.875 20.4
      vertex 5.50831 5.73905 32.4
      vertex 5.50831 5.73905 20.4
    endloop
  endfacet
  facet normal 0.946926 0.321452 0
    outer loop
      vertex 5.34515 6.02165 32.4
      vertex 5.29259 6.17648 20.4
      vertex 5.29259 6.17648 32.4
    endloop
  endfacet
  facet normal 0.946926 0.321452 0
    outer loop
      vertex 5.29259 6.17648 20.4
      vertex 5.34515 6.02165 32.4
      vertex 5.34515 6.02165 20.4
    endloop
  endfacet
  facet normal 0.997861 -0.0653783 0
    outer loop
      vertex 5.25 6.5 32.4
      vertex 5.26069 6.66316 20.4
      vertex 5.26069 6.66316 32.4
    endloop
  endfacet
  facet normal 0.997861 -0.0653783 0
    outer loop
      vertex 5.26069 6.66316 20.4
      vertex 5.25 6.5 32.4
      vertex 5.25 6.5 20.4
    endloop
  endfacet
  facet normal -0.44229 0.896872 0
    outer loop
      vertex 7.125 5.41747 20.4
      vertex 6.97835 5.34515 32.4
      vertex 7.125 5.41747 32.4
    endloop
  endfacet
  facet normal -0.44229 0.896872 0
    outer loop
      vertex 6.97835 5.34515 32.4
      vertex 7.125 5.41747 20.4
      vertex 6.97835 5.34515 20.4
    endloop
  endfacet
  facet normal -0.659357 0.75183 0
    outer loop
      vertex 7.38388 5.61612 20.4
      vertex 7.26095 5.50831 32.4
      vertex 7.38388 5.61612 32.4
    endloop
  endfacet
  facet normal -0.659357 0.75183 0
    outer loop
      vertex 7.26095 5.50831 32.4
      vertex 7.38388 5.61612 20.4
      vertex 7.26095 5.50831 20.4
    endloop
  endfacet
  facet normal 0.75183 0.659357 0
    outer loop
      vertex 5.61612 5.61612 32.4
      vertex 5.50831 5.73905 20.4
      vertex 5.50831 5.73905 32.4
    endloop
  endfacet
  facet normal 0.75183 0.659357 0
    outer loop
      vertex 5.50831 5.73905 20.4
      vertex 5.61612 5.61612 32.4
      vertex 5.61612 5.61612 20.4
    endloop
  endfacet
  facet normal 0.896872 0.44229 0
    outer loop
      vertex 5.41747 5.875 32.4
      vertex 5.34515 6.02165 20.4
      vertex 5.34515 6.02165 32.4
    endloop
  endfacet
  facet normal 0.896872 0.44229 0
    outer loop
      vertex 5.34515 6.02165 20.4
      vertex 5.41747 5.875 32.4
      vertex 5.41747 5.875 20.4
    endloop
  endfacet
  facet normal -0.555434 -0.831561 0
    outer loop
      vertex 46.125 7.58253 20.4
      vertex 46.261 7.49169 32.4
      vertex 46.125 7.58253 32.4
    endloop
  endfacet
  facet normal -0.555434 -0.831561 -0
    outer loop
      vertex 46.261 7.49169 32.4
      vertex 46.125 7.58253 20.4
      vertex 46.261 7.49169 20.4
    endloop
  endfacet
  facet normal 0.980782 -0.195105 0
    outer loop
      vertex 44.2607 6.66316 32.4
      vertex 44.2926 6.82352 20.4
      vertex 44.2926 6.82352 32.4
    endloop
  endfacet
  facet normal 0.980782 -0.195105 0
    outer loop
      vertex 44.2926 6.82352 20.4
      vertex 44.2607 6.66316 32.4
      vertex 44.2607 6.66316 20.4
    endloop
  endfacet
  facet normal 0.195175 0.980768 -0
    outer loop
      vertex 45.3368 5.26069 20.4
      vertex 45.1765 5.29259 32.4
      vertex 45.3368 5.26069 32.4
    endloop
  endfacet
  facet normal 0.195175 0.980768 0
    outer loop
      vertex 45.1765 5.29259 32.4
      vertex 45.3368 5.26069 20.4
      vertex 45.1765 5.29259 20.4
    endloop
  endfacet
  facet normal 0.442411 -0.896812 0
    outer loop
      vertex 44.875 7.58253 20.4
      vertex 45.0216 7.65485 32.4
      vertex 44.875 7.58253 32.4
    endloop
  endfacet
  facet normal 0.442411 -0.896812 0
    outer loop
      vertex 45.0216 7.65485 32.4
      vertex 44.875 7.58253 20.4
      vertex 45.0216 7.65485 20.4
    endloop
  endfacet
  facet normal 0.947038 -0.321123 0
    outer loop
      vertex 44.2926 6.82352 32.4
      vertex 44.3451 6.97835 20.4
      vertex 44.3451 6.97835 32.4
    endloop
  endfacet
  facet normal 0.947038 -0.321123 0
    outer loop
      vertex 44.3451 6.97835 20.4
      vertex 44.2926 6.82352 32.4
      vertex 44.2926 6.82352 20.4
    endloop
  endfacet
  facet normal -0.896678 -0.442683 0
    outer loop
      vertex 46.6549 6.97835 20.4
      vertex 46.5825 7.125 32.4
      vertex 46.5825 7.125 20.4
    endloop
  endfacet
  facet normal -0.896678 -0.442683 0
    outer loop
      vertex 46.5825 7.125 32.4
      vertex 46.6549 6.97835 20.4
      vertex 46.6549 6.97835 32.4
    endloop
  endfacet
  facet normal -0.980782 -0.195105 0
    outer loop
      vertex 46.7393 6.66316 20.4
      vertex 46.7074 6.82352 32.4
      vertex 46.7074 6.82352 20.4
    endloop
  endfacet
  facet normal -0.980782 -0.195105 0
    outer loop
      vertex 46.7074 6.82352 32.4
      vertex 46.7393 6.66316 20.4
      vertex 46.7393 6.66316 32.4
    endloop
  endfacet
  facet normal -0.831579 -0.555406 0
    outer loop
      vertex 46.5825 7.125 20.4
      vertex 46.4917 7.26095 32.4
      vertex 46.4917 7.26095 20.4
    endloop
  endfacet
  facet normal -0.831579 -0.555406 0
    outer loop
      vertex 46.4917 7.26095 32.4
      vertex 46.5825 7.125 20.4
      vertex 46.5825 7.125 32.4
    endloop
  endfacet
  facet normal -0.659448 -0.75175 0
    outer loop
      vertex 46.261 7.49169 20.4
      vertex 46.3839 7.38388 32.4
      vertex 46.261 7.49169 32.4
    endloop
  endfacet
  facet normal -0.659448 -0.75175 -0
    outer loop
      vertex 46.3839 7.38388 32.4
      vertex 46.261 7.49169 20.4
      vertex 46.3839 7.38388 20.4
    endloop
  endfacet
  facet normal -0.321322 -0.94697 0
    outer loop
      vertex 45.8235 7.70741 20.4
      vertex 45.9784 7.65485 32.4
      vertex 45.8235 7.70741 32.4
    endloop
  endfacet
  facet normal -0.321322 -0.94697 -0
    outer loop
      vertex 45.9784 7.65485 32.4
      vertex 45.8235 7.70741 20.4
      vertex 45.9784 7.65485 20.4
    endloop
  endfacet
  facet normal 0.0653624 -0.997862 0
    outer loop
      vertex 45.3368 7.73931 20.4
      vertex 45.5 7.75 32.4
      vertex 45.3368 7.73931 32.4
    endloop
  endfacet
  facet normal 0.0653624 -0.997862 0
    outer loop
      vertex 45.5 7.75 32.4
      vertex 45.3368 7.73931 20.4
      vertex 45.5 7.75 20.4
    endloop
  endfacet
  facet normal 0 0 1
    outer loop
      vertex 46.7393 6.66316 20.4
      vertex 46.7393 6.33684 20.4
      vertex 46.75 6.5 20.4
    endloop
  endfacet
  facet normal 0 0 1
    outer loop
      vertex 46.7074 6.82352 20.4
      vertex 46.7393 6.33684 20.4
      vertex 46.7393 6.66316 20.4
    endloop
  endfacet
  facet normal 0 0 1
    outer loop
      vertex 46.7074 6.82352 20.4
      vertex 46.7074 6.17648 20.4
      vertex 46.7393 6.33684 20.4
    endloop
  endfacet
  facet normal 0 0 1
    outer loop
      vertex 46.6549 6.97835 20.4
      vertex 46.7074 6.17648 20.4
      vertex 46.7074 6.82352 20.4
    endloop
  endfacet
  facet normal 0 0 1
    outer loop
      vertex 46.6549 6.97835 20.4
      vertex 46.6549 6.02165 20.4
      vertex 46.7074 6.17648 20.4
    endloop
  endfacet
  facet normal 0 0 1
    outer loop
      vertex 46.5825 7.125 20.4
      vertex 46.6549 6.02165 20.4
      vertex 46.6549 6.97835 20.4
    endloop
  endfacet
  facet normal 0 0 1
    outer loop
      vertex 46.5825 7.125 20.4
      vertex 46.5825 5.875 20.4
      vertex 46.6549 6.02165 20.4
    endloop
  endfacet
  facet normal 0 0 1
    outer loop
      vertex 46.4917 7.26095 20.4
      vertex 46.5825 5.875 20.4
      vertex 46.5825 7.125 20.4
    endloop
  endfacet
  facet normal 0 0 1
    outer loop
      vertex 46.4917 7.26095 20.4
      vertex 46.4917 5.73905 20.4
      vertex 46.5825 5.875 20.4
    endloop
  endfacet
  facet normal 0 0 1
    outer loop
      vertex 46.3839 7.38388 20.4
      vertex 46.4917 5.73905 20.4
      vertex 46.4917 7.26095 20.4
    endloop
  endfacet
  facet normal 0 0 1
    outer loop
      vertex 46.3839 7.38388 20.4
      vertex 46.3839 5.61612 20.4
      vertex 46.4917 5.73905 20.4
    endloop
  endfacet
  facet normal 0 0 1
    outer loop
      vertex 46.261 7.49169 20.4
      vertex 46.3839 5.61612 20.4
      vertex 46.3839 7.38388 20.4
    endloop
  endfacet
  facet normal 0 0 1
    outer loop
      vertex 46.261 7.49169 20.4
      vertex 46.261 5.50831 20.4
      vertex 46.3839 5.61612 20.4
    endloop
  endfacet
  facet normal 0 0 1
    outer loop
      vertex 46.125 7.58253 20.4
      vertex 46.261 5.50831 20.4
      vertex 46.261 7.49169 20.4
    endloop
  endfacet
  facet normal 0 0 1
    outer loop
      vertex 46.125 7.58253 20.4
      vertex 46.125 5.41747 20.4
      vertex 46.261 5.50831 20.4
    endloop
  endfacet
  facet normal 0 0 1
    outer loop
      vertex 45.9784 7.65485 20.4
      vertex 46.125 5.41747 20.4
      vertex 46.125 7.58253 20.4
    endloop
  endfacet
  facet normal 0 0 1
    outer loop
      vertex 45.9784 7.65485 20.4
      vertex 45.9784 5.34515 20.4
      vertex 46.125 5.41747 20.4
    endloop
  endfacet
  facet normal 0 0 1
    outer loop
      vertex 45.8235 7.70741 20.4
      vertex 45.9784 5.34515 20.4
      vertex 45.9784 7.65485 20.4
    endloop
  endfacet
  facet normal 0 0 1
    outer loop
      vertex 45.8235 7.70741 20.4
      vertex 45.8235 5.29259 20.4
      vertex 45.9784 5.34515 20.4
    endloop
  endfacet
  facet normal 0 0 1
    outer loop
      vertex 45.6632 7.73931 20.4
      vertex 45.8235 5.29259 20.4
      vertex 45.8235 7.70741 20.4
    endloop
  endfacet
  facet normal 0 0 1
    outer loop
      vertex 45.6632 7.73931 20.4
      vertex 45.6632 5.26069 20.4
      vertex 45.8235 5.29259 20.4
    endloop
  endfacet
  facet normal 0 0 1
    outer loop
      vertex 45.5 7.75 20.4
      vertex 45.6632 5.26069 20.4
      vertex 45.6632 7.73931 20.4
    endloop
  endfacet
  facet normal 0 0 1
    outer loop
      vertex 45.5 7.75 20.4
      vertex 45.5 5.25 20.4
      vertex 45.6632 5.26069 20.4
    endloop
  endfacet
  facet normal -0 0 1
    outer loop
      vertex 45.3368 7.73931 20.4
      vertex 45.5 5.25 20.4
      vertex 45.5 7.75 20.4
    endloop
  endfacet
  facet normal 0 0 1
    outer loop
      vertex 45.3368 7.73931 20.4
      vertex 45.3368 5.26069 20.4
      vertex 45.5 5.25 20.4
    endloop
  endfacet
  facet normal -0 0 1
    outer loop
      vertex 45.1765 7.70741 20.4
      vertex 45.3368 5.26069 20.4
      vertex 45.3368 7.73931 20.4
    endloop
  endfacet
  facet normal 0 0 1
    outer loop
      vertex 45.1765 7.70741 20.4
      vertex 45.1765 5.29259 20.4
      vertex 45.3368 5.26069 20.4
    endloop
  endfacet
  facet normal -0 0 1
    outer loop
      vertex 45.0216 7.65485 20.4
      vertex 45.1765 5.29259 20.4
      vertex 45.1765 7.70741 20.4
    endloop
  endfacet
  facet normal 0 0 1
    outer loop
      vertex 45.0216 7.65485 20.4
      vertex 45.0216 5.34515 20.4
      vertex 45.1765 5.29259 20.4
    endloop
  endfacet
  facet normal -0 0 1
    outer loop
      vertex 44.875 7.58253 20.4
      vertex 45.0216 5.34515 20.4
      vertex 45.0216 7.65485 20.4
    endloop
  endfacet
  facet normal 0 0 1
    outer loop
      vertex 44.875 7.58253 20.4
      vertex 44.875 5.41747 20.4
      vertex 45.0216 5.34515 20.4
    endloop
  endfacet
  facet normal -0 0 1
    outer loop
      vertex 44.739 7.49169 20.4
      vertex 44.875 5.41747 20.4
      vertex 44.875 7.58253 20.4
    endloop
  endfacet
  facet normal 0 0 1
    outer loop
      vertex 44.739 7.49169 20.4
      vertex 44.739 5.50831 20.4
      vertex 44.875 5.41747 20.4
    endloop
  endfacet
  facet normal -0 0 1
    outer loop
      vertex 44.6161 7.38388 20.4
      vertex 44.739 5.50831 20.4
      vertex 44.739 7.49169 20.4
    endloop
  endfacet
  facet normal 0 0 1
    outer loop
      vertex 44.6161 7.38388 20.4
      vertex 44.6161 5.61612 20.4
      vertex 44.739 5.50831 20.4
    endloop
  endfacet
  facet normal -0 0 1
    outer loop
      vertex 44.5083 7.26095 20.4
      vertex 44.6161 5.61612 20.4
      vertex 44.6161 7.38388 20.4
    endloop
  endfacet
  facet normal 0 0 1
    outer loop
      vertex 44.5083 7.26095 20.4
      vertex 44.5083 5.73905 20.4
      vertex 44.6161 5.61612 20.4
    endloop
  endfacet
  facet normal -0 0 1
    outer loop
      vertex 44.4175 7.125 20.4
      vertex 44.5083 5.73905 20.4
      vertex 44.5083 7.26095 20.4
    endloop
  endfacet
  facet normal 0 0 1
    outer loop
      vertex 44.4175 7.125 20.4
      vertex 44.4175 5.875 20.4
      vertex 44.5083 5.73905 20.4
    endloop
  endfacet
  facet normal -0 0 1
    outer loop
      vertex 44.3451 6.97835 20.4
      vertex 44.4175 5.875 20.4
      vertex 44.4175 7.125 20.4
    endloop
  endfacet
  facet normal 0 0 1
    outer loop
      vertex 44.3451 6.97835 20.4
      vertex 44.3451 6.02165 20.4
      vertex 44.4175 5.875 20.4
    endloop
  endfacet
  facet normal -0 0 1
    outer loop
      vertex 44.2926 6.82352 20.4
      vertex 44.3451 6.02165 20.4
      vertex 44.3451 6.97835 20.4
    endloop
  endfacet
  facet normal 0 0 1
    outer loop
      vertex 44.2926 6.82352 20.4
      vertex 44.2926 6.17648 20.4
      vertex 44.3451 6.02165 20.4
    endloop
  endfacet
  facet normal -0 0 1
    outer loop
      vertex 44.2607 6.66316 20.4
      vertex 44.2926 6.17648 20.4
      vertex 44.2926 6.82352 20.4
    endloop
  endfacet
  facet normal 0 0 1
    outer loop
      vertex 44.2607 6.66316 20.4
      vertex 44.2607 6.33684 20.4
      vertex 44.2926 6.17648 20.4
    endloop
  endfacet
  facet normal 0 -0 1
    outer loop
      vertex 44.2607 6.33684 20.4
      vertex 44.2607 6.66316 20.4
      vertex 44.25 6.5 20.4
    endloop
  endfacet
  facet normal 0.831579 -0.555406 0
    outer loop
      vertex 44.4175 7.125 32.4
      vertex 44.5083 7.26095 20.4
      vertex 44.5083 7.26095 32.4
    endloop
  endfacet
  facet normal 0.831579 -0.555406 0
    outer loop
      vertex 44.5083 7.26095 20.4
      vertex 44.4175 7.125 32.4
      vertex 44.4175 7.125 20.4
    endloop
  endfacet
  facet normal 0.195175 -0.980768 0
    outer loop
      vertex 45.1765 7.70741 20.4
      vertex 45.3368 7.73931 32.4
      vertex 45.1765 7.70741 32.4
    endloop
  endfacet
  facet normal 0.195175 -0.980768 0
    outer loop
      vertex 45.3368 7.73931 32.4
      vertex 45.1765 7.70741 20.4
      vertex 45.3368 7.73931 20.4
    endloop
  endfacet
  facet normal 0.75186 -0.659323 0
    outer loop
      vertex 44.5083 7.26095 32.4
      vertex 44.6161 7.38388 20.4
      vertex 44.6161 7.38388 32.4
    endloop
  endfacet
  facet normal 0.75186 -0.659323 0
    outer loop
      vertex 44.6161 7.38388 20.4
      vertex 44.5083 7.26095 32.4
      vertex 44.5083 7.26095 20.4
    endloop
  endfacet
  facet normal -0.997857 -0.0654392 0
    outer loop
      vertex 46.75 6.5 20.4
      vertex 46.7393 6.66316 32.4
      vertex 46.7393 6.66316 20.4
    endloop
  endfacet
  facet normal -0.997857 -0.0654392 0
    outer loop
      vertex 46.7393 6.66316 32.4
      vertex 46.75 6.5 20.4
      vertex 46.75 6.5 32.4
    endloop
  endfacet
  facet normal -0.195175 0.980768 0
    outer loop
      vertex 45.8235 5.29259 20.4
      vertex 45.6632 5.26069 32.4
      vertex 45.8235 5.29259 32.4
    endloop
  endfacet
  facet normal -0.195175 0.980768 0
    outer loop
      vertex 45.6632 5.26069 32.4
      vertex 45.8235 5.29259 20.4
      vertex 45.6632 5.26069 20.4
    endloop
  endfacet
  facet normal -0.831579 0.555406 0
    outer loop
      vertex 46.4917 5.73905 20.4
      vertex 46.5825 5.875 32.4
      vertex 46.5825 5.875 20.4
    endloop
  endfacet
  facet normal -0.831579 0.555406 0
    outer loop
      vertex 46.5825 5.875 32.4
      vertex 46.4917 5.73905 20.4
      vertex 46.4917 5.73905 32.4
    endloop
  endfacet
  facet normal 0.0653624 0.997862 -0
    outer loop
      vertex 45.5 5.25 20.4
      vertex 45.3368 5.26069 32.4
      vertex 45.5 5.25 32.4
    endloop
  endfacet
  facet normal 0.0653624 0.997862 0
    outer loop
      vertex 45.3368 5.26069 32.4
      vertex 45.5 5.25 20.4
      vertex 45.3368 5.26069 20.4
    endloop
  endfacet
  facet normal 0.555434 0.831561 -0
    outer loop
      vertex 44.875 5.41747 20.4
      vertex 44.739 5.50831 32.4
      vertex 44.875 5.41747 32.4
    endloop
  endfacet
  facet normal 0.555434 0.831561 0
    outer loop
      vertex 44.739 5.50831 32.4
      vertex 44.875 5.41747 20.4
      vertex 44.739 5.50831 20.4
    endloop
  endfacet
  facet normal 0.980782 0.195105 0
    outer loop
      vertex 44.2926 6.17648 32.4
      vertex 44.2607 6.33684 20.4
      vertex 44.2607 6.33684 32.4
    endloop
  endfacet
  facet normal 0.980782 0.195105 0
    outer loop
      vertex 44.2607 6.33684 20.4
      vertex 44.2926 6.17648 32.4
      vertex 44.2926 6.17648 20.4
    endloop
  endfacet
  facet normal -0.947038 -0.321123 0
    outer loop
      vertex 46.7074 6.82352 20.4
      vertex 46.6549 6.97835 32.4
      vertex 46.6549 6.97835 20.4
    endloop
  endfacet
  facet normal -0.947038 -0.321123 0
    outer loop
      vertex 46.6549 6.97835 32.4
      vertex 46.7074 6.82352 20.4
      vertex 46.7074 6.82352 32.4
    endloop
  endfacet
  facet normal -0.75186 -0.659323 0
    outer loop
      vertex 46.4917 7.26095 20.4
      vertex 46.3839 7.38388 32.4
      vertex 46.3839 7.38388 20.4
    endloop
  endfacet
  facet normal -0.75186 -0.659323 0
    outer loop
      vertex 46.3839 7.38388 32.4
      vertex 46.4917 7.26095 20.4
      vertex 46.4917 7.26095 32.4
    endloop
  endfacet
  facet normal -0.442411 -0.896812 0
    outer loop
      vertex 45.9784 7.65485 20.4
      vertex 46.125 7.58253 32.4
      vertex 45.9784 7.65485 32.4
    endloop
  endfacet
  facet normal -0.442411 -0.896812 -0
    outer loop
      vertex 46.125 7.58253 32.4
      vertex 45.9784 7.65485 20.4
      vertex 46.125 7.58253 20.4
    endloop
  endfacet
  facet normal -0.195175 -0.980768 0
    outer loop
      vertex 45.6632 7.73931 20.4
      vertex 45.8235 7.70741 32.4
      vertex 45.6632 7.73931 32.4
    endloop
  endfacet
  facet normal -0.195175 -0.980768 -0
    outer loop
      vertex 45.8235 7.70741 32.4
      vertex 45.6632 7.73931 20.4
      vertex 45.8235 7.70741 20.4
    endloop
  endfacet
  facet normal -0.0653624 -0.997862 0
    outer loop
      vertex 45.5 7.75 20.4
      vertex 45.6632 7.73931 32.4
      vertex 45.5 7.75 32.4
    endloop
  endfacet
  facet normal -0.0653624 -0.997862 -0
    outer loop
      vertex 45.6632 7.73931 32.4
      vertex 45.5 7.75 20.4
      vertex 45.6632 7.73931 20.4
    endloop
  endfacet
  facet normal 0.997857 0.0654392 0
    outer loop
      vertex 44.2607 6.33684 32.4
      vertex 44.25 6.5 20.4
      vertex 44.25 6.5 32.4
    endloop
  endfacet
  facet normal 0.997857 0.0654392 0
    outer loop
      vertex 44.25 6.5 20.4
      vertex 44.2607 6.33684 32.4
      vertex 44.2607 6.33684 20.4
    endloop
  endfacet
  facet normal 0.896678 -0.442683 0
    outer loop
      vertex 44.3451 6.97835 32.4
      vertex 44.4175 7.125 20.4
      vertex 44.4175 7.125 32.4
    endloop
  endfacet
  facet normal 0.896678 -0.442683 0
    outer loop
      vertex 44.4175 7.125 20.4
      vertex 44.3451 6.97835 32.4
      vertex 44.3451 6.97835 20.4
    endloop
  endfacet
  facet normal 0.321322 -0.94697 0
    outer loop
      vertex 45.0216 7.65485 20.4
      vertex 45.1765 7.70741 32.4
      vertex 45.0216 7.65485 32.4
    endloop
  endfacet
  facet normal 0.321322 -0.94697 0
    outer loop
      vertex 45.1765 7.70741 32.4
      vertex 45.0216 7.65485 20.4
      vertex 45.1765 7.70741 20.4
    endloop
  endfacet
  facet normal 0.659448 -0.75175 0
    outer loop
      vertex 44.6161 7.38388 20.4
      vertex 44.739 7.49169 32.4
      vertex 44.6161 7.38388 32.4
    endloop
  endfacet
  facet normal 0.659448 -0.75175 0
    outer loop
      vertex 44.739 7.49169 32.4
      vertex 44.6161 7.38388 20.4
      vertex 44.739 7.49169 20.4
    endloop
  endfacet
  facet normal 0.555434 -0.831561 0
    outer loop
      vertex 44.739 7.49169 20.4
      vertex 44.875 7.58253 32.4
      vertex 44.739 7.49169 32.4
    endloop
  endfacet
  facet normal 0.555434 -0.831561 0
    outer loop
      vertex 44.875 7.58253 32.4
      vertex 44.739 7.49169 20.4
      vertex 44.875 7.58253 20.4
    endloop
  endfacet
  facet normal -0.980782 0.195105 0
    outer loop
      vertex 46.7074 6.17648 20.4
      vertex 46.7393 6.33684 32.4
      vertex 46.7393 6.33684 20.4
    endloop
  endfacet
  facet normal -0.980782 0.195105 0
    outer loop
      vertex 46.7393 6.33684 32.4
      vertex 46.7074 6.17648 20.4
      vertex 46.7074 6.17648 32.4
    endloop
  endfacet
  facet normal -0.321322 0.94697 0
    outer loop
      vertex 45.9784 5.34515 20.4
      vertex 45.8235 5.29259 32.4
      vertex 45.9784 5.34515 32.4
    endloop
  endfacet
  facet normal -0.321322 0.94697 0
    outer loop
      vertex 45.8235 5.29259 32.4
      vertex 45.9784 5.34515 20.4
      vertex 45.8235 5.29259 20.4
    endloop
  endfacet
  facet normal -0.75186 0.659323 0
    outer loop
      vertex 46.3839 5.61612 20.4
      vertex 46.4917 5.73905 32.4
      vertex 46.4917 5.73905 20.4
    endloop
  endfacet
  facet normal -0.75186 0.659323 0
    outer loop
      vertex 46.4917 5.73905 32.4
      vertex 46.3839 5.61612 20.4
      vertex 46.3839 5.61612 32.4
    endloop
  endfacet
  facet normal -0.555434 0.831561 0
    outer loop
      vertex 46.261 5.50831 20.4
      vertex 46.125 5.41747 32.4
      vertex 46.261 5.50831 32.4
    endloop
  endfacet
  facet normal -0.555434 0.831561 0
    outer loop
      vertex 46.125 5.41747 32.4
      vertex 46.261 5.50831 20.4
      vertex 46.125 5.41747 20.4
    endloop
  endfacet
  facet normal -0.947038 0.321123 0
    outer loop
      vertex 46.6549 6.02165 20.4
      vertex 46.7074 6.17648 32.4
      vertex 46.7074 6.17648 20.4
    endloop
  endfacet
  facet normal -0.947038 0.321123 0
    outer loop
      vertex 46.7074 6.17648 32.4
      vertex 46.6549 6.02165 20.4
      vertex 46.6549 6.02165 32.4
    endloop
  endfacet
  facet normal -0.0653624 0.997862 0
    outer loop
      vertex 45.6632 5.26069 20.4
      vertex 45.5 5.25 32.4
      vertex 45.6632 5.26069 32.4
    endloop
  endfacet
  facet normal -0.0653624 0.997862 0
    outer loop
      vertex 45.5 5.25 32.4
      vertex 45.6632 5.26069 20.4
      vertex 45.5 5.25 20.4
    endloop
  endfacet
  facet normal 0.321322 0.94697 -0
    outer loop
      vertex 45.1765 5.29259 20.4
      vertex 45.0216 5.34515 32.4
      vertex 45.1765 5.29259 32.4
    endloop
  endfacet
  facet normal 0.321322 0.94697 0
    outer loop
      vertex 45.0216 5.34515 32.4
      vertex 45.1765 5.29259 20.4
      vertex 45.0216 5.34515 20.4
    endloop
  endfacet
  facet normal 0.947038 0.321123 0
    outer loop
      vertex 44.3451 6.02165 32.4
      vertex 44.2926 6.17648 20.4
      vertex 44.2926 6.17648 32.4
    endloop
  endfacet
  facet normal 0.947038 0.321123 0
    outer loop
      vertex 44.2926 6.17648 20.4
      vertex 44.3451 6.02165 32.4
      vertex 44.3451 6.02165 20.4
    endloop
  endfacet
  facet normal 0.659448 0.75175 -0
    outer loop
      vertex 44.739 5.50831 20.4
      vertex 44.6161 5.61612 32.4
      vertex 44.739 5.50831 32.4
    endloop
  endfacet
  facet normal 0.659448 0.75175 0
    outer loop
      vertex 44.6161 5.61612 32.4
      vertex 44.739 5.50831 20.4
      vertex 44.6161 5.61612 20.4
    endloop
  endfacet
  facet normal 0.831579 0.555406 0
    outer loop
      vertex 44.5083 5.73905 32.4
      vertex 44.4175 5.875 20.4
      vertex 44.4175 5.875 32.4
    endloop
  endfacet
  facet normal 0.831579 0.555406 0
    outer loop
      vertex 44.4175 5.875 20.4
      vertex 44.5083 5.73905 32.4
      vertex 44.5083 5.73905 20.4
    endloop
  endfacet
  facet normal 0.997857 -0.0654392 0
    outer loop
      vertex 44.25 6.5 32.4
      vertex 44.2607 6.66316 20.4
      vertex 44.2607 6.66316 32.4
    endloop
  endfacet
  facet normal 0.997857 -0.0654392 0
    outer loop
      vertex 44.2607 6.66316 20.4
      vertex 44.25 6.5 32.4
      vertex 44.25 6.5 20.4
    endloop
  endfacet
  facet normal -0.997857 0.0654392 0
    outer loop
      vertex 46.7393 6.33684 20.4
      vertex 46.75 6.5 32.4
      vertex 46.75 6.5 20.4
    endloop
  endfacet
  facet normal -0.997857 0.0654392 0
    outer loop
      vertex 46.75 6.5 32.4
      vertex 46.7393 6.33684 20.4
      vertex 46.7393 6.33684 32.4
    endloop
  endfacet
  facet normal -0.442411 0.896812 0
    outer loop
      vertex 46.125 5.41747 20.4
      vertex 45.9784 5.34515 32.4
      vertex 46.125 5.41747 32.4
    endloop
  endfacet
  facet normal -0.442411 0.896812 0
    outer loop
      vertex 45.9784 5.34515 32.4
      vertex 46.125 5.41747 20.4
      vertex 45.9784 5.34515 20.4
    endloop
  endfacet
  facet normal -0.659448 0.75175 0
    outer loop
      vertex 46.3839 5.61612 20.4
      vertex 46.261 5.50831 32.4
      vertex 46.3839 5.61612 32.4
    endloop
  endfacet
  facet normal -0.659448 0.75175 0
    outer loop
      vertex 46.261 5.50831 32.4
      vertex 46.3839 5.61612 20.4
      vertex 46.261 5.50831 20.4
    endloop
  endfacet
  facet normal -0.896678 0.442683 0
    outer loop
      vertex 46.5825 5.875 20.4
      vertex 46.6549 6.02165 32.4
      vertex 46.6549 6.02165 20.4
    endloop
  endfacet
  facet normal -0.896678 0.442683 0
    outer loop
      vertex 46.6549 6.02165 32.4
      vertex 46.5825 5.875 20.4
      vertex 46.5825 5.875 32.4
    endloop
  endfacet
  facet normal 0.442411 0.896812 -0
    outer loop
      vertex 45.0216 5.34515 20.4
      vertex 44.875 5.41747 32.4
      vertex 45.0216 5.34515 32.4
    endloop
  endfacet
  facet normal 0.442411 0.896812 0
    outer loop
      vertex 44.875 5.41747 32.4
      vertex 45.0216 5.34515 20.4
      vertex 44.875 5.41747 20.4
    endloop
  endfacet
  facet normal 0.896678 0.442683 0
    outer loop
      vertex 44.4175 5.875 32.4
      vertex 44.3451 6.02165 20.4
      vertex 44.3451 6.02165 32.4
    endloop
  endfacet
  facet normal 0.896678 0.442683 0
    outer loop
      vertex 44.3451 6.02165 20.4
      vertex 44.4175 5.875 32.4
      vertex 44.4175 5.875 20.4
    endloop
  endfacet
  facet normal 0.75186 0.659323 0
    outer loop
      vertex 44.6161 5.61612 32.4
      vertex 44.5083 5.73905 20.4
      vertex 44.5083 5.73905 32.4
    endloop
  endfacet
  facet normal 0.75186 0.659323 0
    outer loop
      vertex 44.5083 5.73905 20.4
      vertex 44.6161 5.61612 32.4
      vertex 44.6161 5.61612 20.4
    endloop
  endfacet
  facet normal -0.997862 -0.0653624 0
    outer loop
      vertex 7.75 37.5 20.4
      vertex 7.73931 37.6632 32.4
      vertex 7.73931 37.6632 20.4
    endloop
  endfacet
  facet normal -0.997862 -0.0653624 0
    outer loop
      vertex 7.73931 37.6632 32.4
      vertex 7.75 37.5 20.4
      vertex 7.75 37.5 32.4
    endloop
  endfacet
  facet normal 0.997862 0.0653624 0
    outer loop
      vertex 5.26069 37.3368 32.4
      vertex 5.25 37.5 20.4
      vertex 5.25 37.5 32.4
    endloop
  endfacet
  facet normal 0.997862 0.0653624 0
    outer loop
      vertex 5.25 37.5 20.4
      vertex 5.26069 37.3368 32.4
      vertex 5.26069 37.3368 20.4
    endloop
  endfacet
  facet normal 0.0654392 -0.997857 0
    outer loop
      vertex 6.33684 38.7393 20.4
      vertex 6.5 38.75 32.4
      vertex 6.33684 38.7393 32.4
    endloop
  endfacet
  facet normal 0.0654392 -0.997857 0
    outer loop
      vertex 6.5 38.75 32.4
      vertex 6.33684 38.7393 20.4
      vertex 6.5 38.75 20.4
    endloop
  endfacet
  facet normal -0.659323 -0.75186 0
    outer loop
      vertex 7.26095 38.4917 20.4
      vertex 7.38388 38.3839 32.4
      vertex 7.26095 38.4917 32.4
    endloop
  endfacet
  facet normal -0.659323 -0.75186 -0
    outer loop
      vertex 7.38388 38.3839 32.4
      vertex 7.26095 38.4917 20.4
      vertex 7.38388 38.3839 20.4
    endloop
  endfacet
  facet normal 0.75175 -0.659448 0
    outer loop
      vertex 5.50831 38.261 32.4
      vertex 5.61612 38.3839 20.4
      vertex 5.61612 38.3839 32.4
    endloop
  endfacet
  facet normal 0.75175 -0.659448 0
    outer loop
      vertex 5.61612 38.3839 20.4
      vertex 5.50831 38.261 32.4
      vertex 5.50831 38.261 20.4
    endloop
  endfacet
  facet normal 0.442683 -0.896678 0
    outer loop
      vertex 5.875 38.5825 20.4
      vertex 6.02165 38.6549 32.4
      vertex 5.875 38.5825 32.4
    endloop
  endfacet
  facet normal 0.442683 -0.896678 0
    outer loop
      vertex 6.02165 38.6549 32.4
      vertex 5.875 38.5825 20.4
      vertex 6.02165 38.6549 20.4
    endloop
  endfacet
  facet normal 0.94697 0.321322 0
    outer loop
      vertex 5.34515 37.0216 32.4
      vertex 5.29259 37.1765 20.4
      vertex 5.29259 37.1765 32.4
    endloop
  endfacet
  facet normal 0.94697 0.321322 0
    outer loop
      vertex 5.29259 37.1765 20.4
      vertex 5.34515 37.0216 32.4
      vertex 5.34515 37.0216 20.4
    endloop
  endfacet
  facet normal -0.896812 -0.442411 0
    outer loop
      vertex 7.65485 37.9784 20.4
      vertex 7.58253 38.125 32.4
      vertex 7.58253 38.125 20.4
    endloop
  endfacet
  facet normal -0.896812 -0.442411 0
    outer loop
      vertex 7.58253 38.125 32.4
      vertex 7.65485 37.9784 20.4
      vertex 7.65485 37.9784 32.4
    endloop
  endfacet
  facet normal -0.980768 -0.195175 0
    outer loop
      vertex 7.73931 37.6632 20.4
      vertex 7.70741 37.8235 32.4
      vertex 7.70741 37.8235 20.4
    endloop
  endfacet
  facet normal -0.980768 -0.195175 0
    outer loop
      vertex 7.70741 37.8235 32.4
      vertex 7.73931 37.6632 20.4
      vertex 7.73931 37.6632 32.4
    endloop
  endfacet
  facet normal -0.321123 -0.947038 0
    outer loop
      vertex 6.82352 38.7074 20.4
      vertex 6.97835 38.6549 32.4
      vertex 6.82352 38.7074 32.4
    endloop
  endfacet
  facet normal -0.321123 -0.947038 -0
    outer loop
      vertex 6.97835 38.6549 32.4
      vertex 6.82352 38.7074 20.4
      vertex 6.97835 38.6549 20.4
    endloop
  endfacet
  facet normal -0.442683 -0.896678 0
    outer loop
      vertex 6.97835 38.6549 20.4
      vertex 7.125 38.5825 32.4
      vertex 6.97835 38.6549 32.4
    endloop
  endfacet
  facet normal -0.442683 -0.896678 -0
    outer loop
      vertex 7.125 38.5825 32.4
      vertex 6.97835 38.6549 20.4
      vertex 7.125 38.5825 20.4
    endloop
  endfacet
  facet normal 0.94697 -0.321322 0
    outer loop
      vertex 5.29259 37.8235 32.4
      vertex 5.34515 37.9784 20.4
      vertex 5.34515 37.9784 32.4
    endloop
  endfacet
  facet normal 0.94697 -0.321322 0
    outer loop
      vertex 5.34515 37.9784 20.4
      vertex 5.29259 37.8235 32.4
      vertex 5.29259 37.8235 20.4
    endloop
  endfacet
  facet normal 0.896812 -0.442411 0
    outer loop
      vertex 5.34515 37.9784 32.4
      vertex 5.41747 38.125 20.4
      vertex 5.41747 38.125 32.4
    endloop
  endfacet
  facet normal 0.896812 -0.442411 0
    outer loop
      vertex 5.41747 38.125 20.4
      vertex 5.34515 37.9784 32.4
      vertex 5.34515 37.9784 20.4
    endloop
  endfacet
  facet normal 0.980768 -0.195175 0
    outer loop
      vertex 5.26069 37.6632 32.4
      vertex 5.29259 37.8235 20.4
      vertex 5.29259 37.8235 32.4
    endloop
  endfacet
  facet normal 0.980768 -0.195175 0
    outer loop
      vertex 5.29259 37.8235 20.4
      vertex 5.26069 37.6632 32.4
      vertex 5.26069 37.6632 20.4
    endloop
  endfacet
  facet normal 0.659323 -0.75186 0
    outer loop
      vertex 5.61612 38.3839 20.4
      vertex 5.73905 38.4917 32.4
      vertex 5.61612 38.3839 32.4
    endloop
  endfacet
  facet normal 0.659323 -0.75186 0
    outer loop
      vertex 5.73905 38.4917 32.4
      vertex 5.61612 38.3839 20.4
      vertex 5.73905 38.4917 20.4
    endloop
  endfacet
  facet normal 0.195105 -0.980782 0
    outer loop
      vertex 6.17648 38.7074 20.4
      vertex 6.33684 38.7393 32.4
      vertex 6.17648 38.7074 32.4
    endloop
  endfacet
  facet normal 0.195105 -0.980782 0
    outer loop
      vertex 6.33684 38.7393 32.4
      vertex 6.17648 38.7074 20.4
      vertex 6.33684 38.7393 20.4
    endloop
  endfacet
  facet normal -0.321123 0.947038 0
    outer loop
      vertex 6.97835 36.3451 20.4
      vertex 6.82352 36.2926 32.4
      vertex 6.97835 36.3451 32.4
    endloop
  endfacet
  facet normal -0.321123 0.947038 0
    outer loop
      vertex 6.82352 36.2926 32.4
      vertex 6.97835 36.3451 20.4
      vertex 6.82352 36.2926 20.4
    endloop
  endfacet
  facet normal -0.195105 0.980782 0
    outer loop
      vertex 6.82352 36.2926 20.4
      vertex 6.66316 36.2607 32.4
      vertex 6.82352 36.2926 32.4
    endloop
  endfacet
  facet normal -0.195105 0.980782 0
    outer loop
      vertex 6.66316 36.2607 32.4
      vertex 6.82352 36.2926 20.4
      vertex 6.66316 36.2607 20.4
    endloop
  endfacet
  facet normal -0.980768 0.195175 0
    outer loop
      vertex 7.70741 37.1765 20.4
      vertex 7.73931 37.3368 32.4
      vertex 7.73931 37.3368 20.4
    endloop
  endfacet
  facet normal -0.980768 0.195175 0
    outer loop
      vertex 7.73931 37.3368 32.4
      vertex 7.70741 37.1765 20.4
      vertex 7.70741 37.1765 32.4
    endloop
  endfacet
  facet normal 0.321123 0.947038 -0
    outer loop
      vertex 6.17648 36.2926 20.4
      vertex 6.02165 36.3451 32.4
      vertex 6.17648 36.2926 32.4
    endloop
  endfacet
  facet normal 0.321123 0.947038 0
    outer loop
      vertex 6.02165 36.3451 32.4
      vertex 6.17648 36.2926 20.4
      vertex 6.02165 36.3451 20.4
    endloop
  endfacet
  facet normal 0.195105 0.980782 -0
    outer loop
      vertex 6.33684 36.2607 20.4
      vertex 6.17648 36.2926 32.4
      vertex 6.33684 36.2607 32.4
    endloop
  endfacet
  facet normal 0.195105 0.980782 0
    outer loop
      vertex 6.17648 36.2926 32.4
      vertex 6.33684 36.2607 20.4
      vertex 6.17648 36.2926 20.4
    endloop
  endfacet
  facet normal 0.659323 0.75186 -0
    outer loop
      vertex 5.73905 36.5083 20.4
      vertex 5.61612 36.6161 32.4
      vertex 5.73905 36.5083 32.4
    endloop
  endfacet
  facet normal 0.659323 0.75186 0
    outer loop
      vertex 5.61612 36.6161 32.4
      vertex 5.73905 36.5083 20.4
      vertex 5.61612 36.6161 20.4
    endloop
  endfacet
  facet normal 0.980768 0.195175 0
    outer loop
      vertex 5.29259 37.1765 32.4
      vertex 5.26069 37.3368 20.4
      vertex 5.26069 37.3368 32.4
    endloop
  endfacet
  facet normal 0.980768 0.195175 0
    outer loop
      vertex 5.26069 37.3368 20.4
      vertex 5.29259 37.1765 32.4
      vertex 5.29259 37.1765 20.4
    endloop
  endfacet
  facet normal -0.94697 -0.321322 0
    outer loop
      vertex 7.70741 37.8235 20.4
      vertex 7.65485 37.9784 32.4
      vertex 7.65485 37.9784 20.4
    endloop
  endfacet
  facet normal -0.94697 -0.321322 0
    outer loop
      vertex 7.65485 37.9784 32.4
      vertex 7.70741 37.8235 20.4
      vertex 7.70741 37.8235 32.4
    endloop
  endfacet
  facet normal -0.75175 -0.659448 0
    outer loop
      vertex 7.49169 38.261 20.4
      vertex 7.38388 38.3839 32.4
      vertex 7.38388 38.3839 20.4
    endloop
  endfacet
  facet normal -0.75175 -0.659448 0
    outer loop
      vertex 7.38388 38.3839 32.4
      vertex 7.49169 38.261 20.4
      vertex 7.49169 38.261 32.4
    endloop
  endfacet
  facet normal -0.831561 -0.555434 0
    outer loop
      vertex 7.58253 38.125 20.4
      vertex 7.49169 38.261 32.4
      vertex 7.49169 38.261 20.4
    endloop
  endfacet
  facet normal -0.831561 -0.555434 0
    outer loop
      vertex 7.49169 38.261 32.4
      vertex 7.58253 38.125 20.4
      vertex 7.58253 38.125 32.4
    endloop
  endfacet
  facet normal -0.0654392 -0.997857 0
    outer loop
      vertex 6.5 38.75 20.4
      vertex 6.66316 38.7393 32.4
      vertex 6.5 38.75 32.4
    endloop
  endfacet
  facet normal -0.0654392 -0.997857 -0
    outer loop
      vertex 6.66316 38.7393 32.4
      vertex 6.5 38.75 20.4
      vertex 6.66316 38.7393 20.4
    endloop
  endfacet
  facet normal -0.555406 -0.831579 0
    outer loop
      vertex 7.125 38.5825 20.4
      vertex 7.26095 38.4917 32.4
      vertex 7.125 38.5825 32.4
    endloop
  endfacet
  facet normal -0.555406 -0.831579 -0
    outer loop
      vertex 7.26095 38.4917 32.4
      vertex 7.125 38.5825 20.4
      vertex 7.26095 38.4917 20.4
    endloop
  endfacet
  facet normal 0 0 1
    outer loop
      vertex 7.73931 37.6632 20.4
      vertex 7.73931 37.3368 20.4
      vertex 7.75 37.5 20.4
    endloop
  endfacet
  facet normal 0 0 1
    outer loop
      vertex 7.70741 37.8235 20.4
      vertex 7.73931 37.3368 20.4
      vertex 7.73931 37.6632 20.4
    endloop
  endfacet
  facet normal 0 0 1
    outer loop
      vertex 7.70741 37.8235 20.4
      vertex 7.70741 37.1765 20.4
      vertex 7.73931 37.3368 20.4
    endloop
  endfacet
  facet normal 0 0 1
    outer loop
      vertex 7.65485 37.9784 20.4
      vertex 7.70741 37.1765 20.4
      vertex 7.70741 37.8235 20.4
    endloop
  endfacet
  facet normal 0 0 1
    outer loop
      vertex 7.65485 37.9784 20.4
      vertex 7.65485 37.0216 20.4
      vertex 7.70741 37.1765 20.4
    endloop
  endfacet
  facet normal 0 0 1
    outer loop
      vertex 7.58253 38.125 20.4
      vertex 7.65485 37.0216 20.4
      vertex 7.65485 37.9784 20.4
    endloop
  endfacet
  facet normal 0 0 1
    outer loop
      vertex 7.58253 38.125 20.4
      vertex 7.58253 36.875 20.4
      vertex 7.65485 37.0216 20.4
    endloop
  endfacet
  facet normal 0 0 1
    outer loop
      vertex 7.49169 38.261 20.4
      vertex 7.58253 36.875 20.4
      vertex 7.58253 38.125 20.4
    endloop
  endfacet
  facet normal 0 0 1
    outer loop
      vertex 7.49169 38.261 20.4
      vertex 7.49169 36.739 20.4
      vertex 7.58253 36.875 20.4
    endloop
  endfacet
  facet normal 0 0 1
    outer loop
      vertex 7.38388 38.3839 20.4
      vertex 7.49169 36.739 20.4
      vertex 7.49169 38.261 20.4
    endloop
  endfacet
  facet normal 0 0 1
    outer loop
      vertex 7.38388 38.3839 20.4
      vertex 7.38388 36.6161 20.4
      vertex 7.49169 36.739 20.4
    endloop
  endfacet
  facet normal 0 0 1
    outer loop
      vertex 7.26095 38.4917 20.4
      vertex 7.38388 36.6161 20.4
      vertex 7.38388 38.3839 20.4
    endloop
  endfacet
  facet normal 0 0 1
    outer loop
      vertex 7.26095 38.4917 20.4
      vertex 7.26095 36.5083 20.4
      vertex 7.38388 36.6161 20.4
    endloop
  endfacet
  facet normal 0 0 1
    outer loop
      vertex 7.125 38.5825 20.4
      vertex 7.26095 36.5083 20.4
      vertex 7.26095 38.4917 20.4
    endloop
  endfacet
  facet normal 0 0 1
    outer loop
      vertex 7.125 38.5825 20.4
      vertex 7.125 36.4175 20.4
      vertex 7.26095 36.5083 20.4
    endloop
  endfacet
  facet normal 0 0 1
    outer loop
      vertex 6.97835 38.6549 20.4
      vertex 7.125 36.4175 20.4
      vertex 7.125 38.5825 20.4
    endloop
  endfacet
  facet normal 0 0 1
    outer loop
      vertex 6.97835 38.6549 20.4
      vertex 6.97835 36.3451 20.4
      vertex 7.125 36.4175 20.4
    endloop
  endfacet
  facet normal 0 0 1
    outer loop
      vertex 6.82352 38.7074 20.4
      vertex 6.97835 36.3451 20.4
      vertex 6.97835 38.6549 20.4
    endloop
  endfacet
  facet normal 0 0 1
    outer loop
      vertex 6.82352 38.7074 20.4
      vertex 6.82352 36.2926 20.4
      vertex 6.97835 36.3451 20.4
    endloop
  endfacet
  facet normal 0 0 1
    outer loop
      vertex 6.66316 38.7393 20.4
      vertex 6.82352 36.2926 20.4
      vertex 6.82352 38.7074 20.4
    endloop
  endfacet
  facet normal 0 0 1
    outer loop
      vertex 6.66316 38.7393 20.4
      vertex 6.66316 36.2607 20.4
      vertex 6.82352 36.2926 20.4
    endloop
  endfacet
  facet normal 0 0 1
    outer loop
      vertex 6.5 38.75 20.4
      vertex 6.66316 36.2607 20.4
      vertex 6.66316 38.7393 20.4
    endloop
  endfacet
  facet normal 0 0 1
    outer loop
      vertex 6.5 38.75 20.4
      vertex 6.5 36.25 20.4
      vertex 6.66316 36.2607 20.4
    endloop
  endfacet
  facet normal -0 0 1
    outer loop
      vertex 6.33684 38.7393 20.4
      vertex 6.5 36.25 20.4
      vertex 6.5 38.75 20.4
    endloop
  endfacet
  facet normal 0 0 1
    outer loop
      vertex 6.33684 38.7393 20.4
      vertex 6.33684 36.2607 20.4
      vertex 6.5 36.25 20.4
    endloop
  endfacet
  facet normal -0 0 1
    outer loop
      vertex 6.17648 38.7074 20.4
      vertex 6.33684 36.2607 20.4
      vertex 6.33684 38.7393 20.4
    endloop
  endfacet
  facet normal 0 0 1
    outer loop
      vertex 6.17648 38.7074 20.4
      vertex 6.17648 36.2926 20.4
      vertex 6.33684 36.2607 20.4
    endloop
  endfacet
  facet normal -0 0 1
    outer loop
      vertex 6.02165 38.6549 20.4
      vertex 6.17648 36.2926 20.4
      vertex 6.17648 38.7074 20.4
    endloop
  endfacet
  facet normal 0 0 1
    outer loop
      vertex 6.02165 38.6549 20.4
      vertex 6.02165 36.3451 20.4
      vertex 6.17648 36.2926 20.4
    endloop
  endfacet
  facet normal -0 0 1
    outer loop
      vertex 5.875 38.5825 20.4
      vertex 6.02165 36.3451 20.4
      vertex 6.02165 38.6549 20.4
    endloop
  endfacet
  facet normal 0 0 1
    outer loop
      vertex 5.875 38.5825 20.4
      vertex 5.875 36.4175 20.4
      vertex 6.02165 36.3451 20.4
    endloop
  endfacet
  facet normal -0 0 1
    outer loop
      vertex 5.73905 38.4917 20.4
      vertex 5.875 36.4175 20.4
      vertex 5.875 38.5825 20.4
    endloop
  endfacet
  facet normal 0 0 1
    outer loop
      vertex 5.73905 38.4917 20.4
      vertex 5.73905 36.5083 20.4
      vertex 5.875 36.4175 20.4
    endloop
  endfacet
  facet normal -0 0 1
    outer loop
      vertex 5.61612 38.3839 20.4
      vertex 5.73905 36.5083 20.4
      vertex 5.73905 38.4917 20.4
    endloop
  endfacet
  facet normal 0 0 1
    outer loop
      vertex 5.61612 38.3839 20.4
      vertex 5.61612 36.6161 20.4
      vertex 5.73905 36.5083 20.4
    endloop
  endfacet
  facet normal -0 0 1
    outer loop
      vertex 5.50831 38.261 20.4
      vertex 5.61612 36.6161 20.4
      vertex 5.61612 38.3839 20.4
    endloop
  endfacet
  facet normal 0 0 1
    outer loop
      vertex 5.50831 38.261 20.4
      vertex 5.50831 36.739 20.4
      vertex 5.61612 36.6161 20.4
    endloop
  endfacet
  facet normal -0 0 1
    outer loop
      vertex 5.41747 38.125 20.4
      vertex 5.50831 36.739 20.4
      vertex 5.50831 38.261 20.4
    endloop
  endfacet
  facet normal 0 0 1
    outer loop
      vertex 5.41747 38.125 20.4
      vertex 5.41747 36.875 20.4
      vertex 5.50831 36.739 20.4
    endloop
  endfacet
  facet normal -0 0 1
    outer loop
      vertex 5.34515 37.9784 20.4
      vertex 5.41747 36.875 20.4
      vertex 5.41747 38.125 20.4
    endloop
  endfacet
  facet normal 0 0 1
    outer loop
      vertex 5.34515 37.9784 20.4
      vertex 5.34515 37.0216 20.4
      vertex 5.41747 36.875 20.4
    endloop
  endfacet
  facet normal -0 0 1
    outer loop
      vertex 5.29259 37.8235 20.4
      vertex 5.34515 37.0216 20.4
      vertex 5.34515 37.9784 20.4
    endloop
  endfacet
  facet normal 0 0 1
    outer loop
      vertex 5.29259 37.8235 20.4
      vertex 5.29259 37.1765 20.4
      vertex 5.34515 37.0216 20.4
    endloop
  endfacet
  facet normal -0 0 1
    outer loop
      vertex 5.26069 37.6632 20.4
      vertex 5.29259 37.1765 20.4
      vertex 5.29259 37.8235 20.4
    endloop
  endfacet
  facet normal 0 0 1
    outer loop
      vertex 5.26069 37.6632 20.4
      vertex 5.26069 37.3368 20.4
      vertex 5.29259 37.1765 20.4
    endloop
  endfacet
  facet normal 0 -0 1
    outer loop
      vertex 5.26069 37.3368 20.4
      vertex 5.26069 37.6632 20.4
      vertex 5.25 37.5 20.4
    endloop
  endfacet
  facet normal 0.997862 -0.0653624 0
    outer loop
      vertex 5.25 37.5 32.4
      vertex 5.26069 37.6632 20.4
      vertex 5.26069 37.6632 32.4
    endloop
  endfacet
  facet normal 0.997862 -0.0653624 0
    outer loop
      vertex 5.26069 37.6632 20.4
      vertex 5.25 37.5 32.4
      vertex 5.25 37.5 20.4
    endloop
  endfacet
  facet normal 0.555406 -0.831579 0
    outer loop
      vertex 5.73905 38.4917 20.4
      vertex 5.875 38.5825 32.4
      vertex 5.73905 38.4917 32.4
    endloop
  endfacet
  facet normal 0.555406 -0.831579 0
    outer loop
      vertex 5.875 38.5825 32.4
      vertex 5.73905 38.4917 20.4
      vertex 5.875 38.5825 20.4
    endloop
  endfacet
  facet normal -0.997862 0.0653624 0
    outer loop
      vertex 7.73931 37.3368 20.4
      vertex 7.75 37.5 32.4
      vertex 7.75 37.5 20.4
    endloop
  endfacet
  facet normal -0.997862 0.0653624 0
    outer loop
      vertex 7.75 37.5 32.4
      vertex 7.73931 37.3368 20.4
      vertex 7.73931 37.3368 32.4
    endloop
  endfacet
  facet normal -0.555406 0.831579 0
    outer loop
      vertex 7.26095 36.5083 20.4
      vertex 7.125 36.4175 32.4
      vertex 7.26095 36.5083 32.4
    endloop
  endfacet
  facet normal -0.555406 0.831579 0
    outer loop
      vertex 7.125 36.4175 32.4
      vertex 7.26095 36.5083 20.4
      vertex 7.125 36.4175 20.4
    endloop
  endfacet
  facet normal -0.75175 0.659448 0
    outer loop
      vertex 7.38388 36.6161 20.4
      vertex 7.49169 36.739 32.4
      vertex 7.49169 36.739 20.4
    endloop
  endfacet
  facet normal -0.75175 0.659448 0
    outer loop
      vertex 7.49169 36.739 32.4
      vertex 7.38388 36.6161 20.4
      vertex 7.38388 36.6161 32.4
    endloop
  endfacet
  facet normal -0.659323 0.75186 0
    outer loop
      vertex 7.38388 36.6161 20.4
      vertex 7.26095 36.5083 32.4
      vertex 7.38388 36.6161 32.4
    endloop
  endfacet
  facet normal -0.659323 0.75186 0
    outer loop
      vertex 7.26095 36.5083 32.4
      vertex 7.38388 36.6161 20.4
      vertex 7.26095 36.5083 20.4
    endloop
  endfacet
  facet normal -0.94697 0.321322 0
    outer loop
      vertex 7.65485 37.0216 20.4
      vertex 7.70741 37.1765 32.4
      vertex 7.70741 37.1765 20.4
    endloop
  endfacet
  facet normal -0.94697 0.321322 0
    outer loop
      vertex 7.70741 37.1765 32.4
      vertex 7.65485 37.0216 20.4
      vertex 7.65485 37.0216 32.4
    endloop
  endfacet
  facet normal -0.831561 0.555434 0
    outer loop
      vertex 7.49169 36.739 20.4
      vertex 7.58253 36.875 32.4
      vertex 7.58253 36.875 20.4
    endloop
  endfacet
  facet normal -0.831561 0.555434 0
    outer loop
      vertex 7.58253 36.875 32.4
      vertex 7.49169 36.739 20.4
      vertex 7.49169 36.739 32.4
    endloop
  endfacet
  facet normal -0.896812 0.442411 0
    outer loop
      vertex 7.58253 36.875 20.4
      vertex 7.65485 37.0216 32.4
      vertex 7.65485 37.0216 20.4
    endloop
  endfacet
  facet normal -0.896812 0.442411 0
    outer loop
      vertex 7.65485 37.0216 32.4
      vertex 7.58253 36.875 20.4
      vertex 7.58253 36.875 32.4
    endloop
  endfacet
  facet normal 0.555406 0.831579 -0
    outer loop
      vertex 5.875 36.4175 20.4
      vertex 5.73905 36.5083 32.4
      vertex 5.875 36.4175 32.4
    endloop
  endfacet
  facet normal 0.555406 0.831579 0
    outer loop
      vertex 5.73905 36.5083 32.4
      vertex 5.875 36.4175 20.4
      vertex 5.73905 36.5083 20.4
    endloop
  endfacet
  facet normal 0.442683 0.896678 -0
    outer loop
      vertex 6.02165 36.3451 20.4
      vertex 5.875 36.4175 32.4
      vertex 6.02165 36.3451 32.4
    endloop
  endfacet
  facet normal 0.442683 0.896678 0
    outer loop
      vertex 5.875 36.4175 32.4
      vertex 6.02165 36.3451 20.4
      vertex 5.875 36.4175 20.4
    endloop
  endfacet
  facet normal 0.0654392 0.997857 -0
    outer loop
      vertex 6.5 36.25 20.4
      vertex 6.33684 36.2607 32.4
      vertex 6.5 36.25 32.4
    endloop
  endfacet
  facet normal 0.0654392 0.997857 0
    outer loop
      vertex 6.33684 36.2607 32.4
      vertex 6.5 36.25 20.4
      vertex 6.33684 36.2607 20.4
    endloop
  endfacet
  facet normal 0.831561 0.555434 0
    outer loop
      vertex 5.50831 36.739 32.4
      vertex 5.41747 36.875 20.4
      vertex 5.41747 36.875 32.4
    endloop
  endfacet
  facet normal 0.831561 0.555434 0
    outer loop
      vertex 5.41747 36.875 20.4
      vertex 5.50831 36.739 32.4
      vertex 5.50831 36.739 20.4
    endloop
  endfacet
  facet normal 0.896812 0.442411 0
    outer loop
      vertex 5.41747 36.875 32.4
      vertex 5.34515 37.0216 20.4
      vertex 5.34515 37.0216 32.4
    endloop
  endfacet
  facet normal 0.896812 0.442411 0
    outer loop
      vertex 5.34515 37.0216 20.4
      vertex 5.41747 36.875 32.4
      vertex 5.41747 36.875 20.4
    endloop
  endfacet
  facet normal -0.195105 -0.980782 0
    outer loop
      vertex 6.66316 38.7393 20.4
      vertex 6.82352 38.7074 32.4
      vertex 6.66316 38.7393 32.4
    endloop
  endfacet
  facet normal -0.195105 -0.980782 -0
    outer loop
      vertex 6.82352 38.7074 32.4
      vertex 6.66316 38.7393 20.4
      vertex 6.82352 38.7074 20.4
    endloop
  endfacet
  facet normal 0.831561 -0.555434 0
    outer loop
      vertex 5.41747 38.125 32.4
      vertex 5.50831 38.261 20.4
      vertex 5.50831 38.261 32.4
    endloop
  endfacet
  facet normal 0.831561 -0.555434 0
    outer loop
      vertex 5.50831 38.261 20.4
      vertex 5.41747 38.125 32.4
      vertex 5.41747 38.125 20.4
    endloop
  endfacet
  facet normal 0.321123 -0.947038 0
    outer loop
      vertex 6.02165 38.6549 20.4
      vertex 6.17648 38.7074 32.4
      vertex 6.02165 38.6549 32.4
    endloop
  endfacet
  facet normal 0.321123 -0.947038 0
    outer loop
      vertex 6.17648 38.7074 32.4
      vertex 6.02165 38.6549 20.4
      vertex 6.17648 38.7074 20.4
    endloop
  endfacet
  facet normal -0.442683 0.896678 0
    outer loop
      vertex 7.125 36.4175 20.4
      vertex 6.97835 36.3451 32.4
      vertex 7.125 36.4175 32.4
    endloop
  endfacet
  facet normal -0.442683 0.896678 0
    outer loop
      vertex 6.97835 36.3451 32.4
      vertex 7.125 36.4175 20.4
      vertex 6.97835 36.3451 20.4
    endloop
  endfacet
  facet normal -0.0654392 0.997857 0
    outer loop
      vertex 6.66316 36.2607 20.4
      vertex 6.5 36.25 32.4
      vertex 6.66316 36.2607 32.4
    endloop
  endfacet
  facet normal -0.0654392 0.997857 0
    outer loop
      vertex 6.5 36.25 32.4
      vertex 6.66316 36.2607 20.4
      vertex 6.5 36.25 20.4
    endloop
  endfacet
  facet normal 0.75175 0.659448 0
    outer loop
      vertex 5.61612 36.6161 32.4
      vertex 5.50831 36.739 20.4
      vertex 5.50831 36.739 32.4
    endloop
  endfacet
  facet normal 0.75175 0.659448 0
    outer loop
      vertex 5.50831 36.739 20.4
      vertex 5.61612 36.6161 32.4
      vertex 5.61612 36.6161 20.4
    endloop
  endfacet
  facet normal -0.997858 -0.0654233 0
    outer loop
      vertex 46.75 37.5 20.4
      vertex 46.7393 37.6632 32.4
      vertex 46.7393 37.6632 20.4
    endloop
  endfacet
  facet normal -0.997858 -0.0654233 0
    outer loop
      vertex 46.7393 37.6632 32.4
      vertex 46.75 37.5 20.4
      vertex 46.75 37.5 32.4
    endloop
  endfacet
  facet normal 0.0654233 -0.997858 0
    outer loop
      vertex 45.3368 38.7393 20.4
      vertex 45.5 38.75 32.4
      vertex 45.3368 38.7393 32.4
    endloop
  endfacet
  facet normal 0.0654233 -0.997858 0
    outer loop
      vertex 45.5 38.75 32.4
      vertex 45.3368 38.7393 20.4
      vertex 45.5 38.75 20.4
    endloop
  endfacet
  facet normal -0.659414 -0.75178 0
    outer loop
      vertex 46.261 38.4917 20.4
      vertex 46.3839 38.3839 32.4
      vertex 46.261 38.4917 32.4
    endloop
  endfacet
  facet normal -0.659414 -0.75178 -0
    outer loop
      vertex 46.3839 38.3839 32.4
      vertex 46.261 38.4917 20.4
      vertex 46.3839 38.3839 20.4
    endloop
  endfacet
  facet normal 0.75178 -0.659414 0
    outer loop
      vertex 44.5083 38.261 32.4
      vertex 44.6161 38.3839 20.4
      vertex 44.6161 38.3839 32.4
    endloop
  endfacet
  facet normal 0.75178 -0.659414 0
    outer loop
      vertex 44.6161 38.3839 20.4
      vertex 44.5083 38.261 32.4
      vertex 44.5083 38.261 20.4
    endloop
  endfacet
  facet normal 0.442805 -0.896618 0
    outer loop
      vertex 44.875 38.5825 20.4
      vertex 45.0216 38.6549 32.4
      vertex 44.875 38.5825 32.4
    endloop
  endfacet
  facet normal 0.442805 -0.896618 0
    outer loop
      vertex 45.0216 38.6549 32.4
      vertex 44.875 38.5825 20.4
      vertex 45.0216 38.6549 20.4
    endloop
  endfacet
  facet normal -0.896618 -0.442805 0
    outer loop
      vertex 46.6549 37.9784 20.4
      vertex 46.5825 38.125 32.4
      vertex 46.5825 38.125 20.4
    endloop
  endfacet
  facet normal -0.896618 -0.442805 0
    outer loop
      vertex 46.5825 38.125 32.4
      vertex 46.6549 37.9784 20.4
      vertex 46.6549 37.9784 32.4
    endloop
  endfacet
  facet normal -0.980768 -0.195175 0
    outer loop
      vertex 46.7393 37.6632 20.4
      vertex 46.7074 37.8235 32.4
      vertex 46.7074 37.8235 20.4
    endloop
  endfacet
  facet normal -0.980768 -0.195175 0
    outer loop
      vertex 46.7074 37.8235 32.4
      vertex 46.7393 37.6632 20.4
      vertex 46.7393 37.6632 32.4
    endloop
  endfacet
  facet normal -0.320993 -0.947082 0
    outer loop
      vertex 45.8235 38.7074 20.4
      vertex 45.9784 38.6549 32.4
      vertex 45.8235 38.7074 32.4
    endloop
  endfacet
  facet normal -0.320993 -0.947082 -0
    outer loop
      vertex 45.9784 38.6549 32.4
      vertex 45.8235 38.7074 20.4
      vertex 45.9784 38.6549 20.4
    endloop
  endfacet
  facet normal -0.442805 -0.896618 0
    outer loop
      vertex 45.9784 38.6549 20.4
      vertex 46.125 38.5825 32.4
      vertex 45.9784 38.6549 32.4
    endloop
  endfacet
  facet normal -0.442805 -0.896618 -0
    outer loop
      vertex 46.125 38.5825 32.4
      vertex 45.9784 38.6549 20.4
      vertex 46.125 38.5825 20.4
    endloop
  endfacet
  facet normal 0.947082 -0.320993 0
    outer loop
      vertex 44.2926 37.8235 32.4
      vertex 44.3451 37.9784 20.4
      vertex 44.3451 37.9784 32.4
    endloop
  endfacet
  facet normal 0.947082 -0.320993 0
    outer loop
      vertex 44.3451 37.9784 20.4
      vertex 44.2926 37.8235 32.4
      vertex 44.2926 37.8235 20.4
    endloop
  endfacet
  facet normal 0.980768 -0.195175 0
    outer loop
      vertex 44.2607 37.6632 32.4
      vertex 44.2926 37.8235 20.4
      vertex 44.2926 37.8235 32.4
    endloop
  endfacet
  facet normal 0.980768 -0.195175 0
    outer loop
      vertex 44.2926 37.8235 20.4
      vertex 44.2607 37.6632 32.4
      vertex 44.2607 37.6632 20.4
    endloop
  endfacet
  facet normal 0.195175 -0.980768 0
    outer loop
      vertex 45.1765 38.7074 20.4
      vertex 45.3368 38.7393 32.4
      vertex 45.1765 38.7074 32.4
    endloop
  endfacet
  facet normal 0.195175 -0.980768 0
    outer loop
      vertex 45.3368 38.7393 32.4
      vertex 45.1765 38.7074 20.4
      vertex 45.3368 38.7393 20.4
    endloop
  endfacet
  facet normal -0.195175 0.980768 0
    outer loop
      vertex 45.8235 36.2926 20.4
      vertex 45.6632 36.2607 32.4
      vertex 45.8235 36.2926 32.4
    endloop
  endfacet
  facet normal -0.195175 0.980768 0
    outer loop
      vertex 45.6632 36.2607 32.4
      vertex 45.8235 36.2926 20.4
      vertex 45.6632 36.2607 20.4
    endloop
  endfacet
  facet normal -0.980768 0.195175 0
    outer loop
      vertex 46.7074 37.1765 20.4
      vertex 46.7393 37.3368 32.4
      vertex 46.7393 37.3368 20.4
    endloop
  endfacet
  facet normal -0.980768 0.195175 0
    outer loop
      vertex 46.7393 37.3368 32.4
      vertex 46.7074 37.1765 20.4
      vertex 46.7074 37.1765 32.4
    endloop
  endfacet
  facet normal 0.195175 0.980768 -0
    outer loop
      vertex 45.3368 36.2607 20.4
      vertex 45.1765 36.2926 32.4
      vertex 45.3368 36.2607 32.4
    endloop
  endfacet
  facet normal 0.195175 0.980768 0
    outer loop
      vertex 45.1765 36.2926 32.4
      vertex 45.3368 36.2607 20.4
      vertex 45.1765 36.2926 20.4
    endloop
  endfacet
  facet normal 0.980768 0.195175 0
    outer loop
      vertex 44.2926 37.1765 32.4
      vertex 44.2607 37.3368 20.4
      vertex 44.2607 37.3368 32.4
    endloop
  endfacet
  facet normal 0.980768 0.195175 0
    outer loop
      vertex 44.2607 37.3368 20.4
      vertex 44.2926 37.1765 32.4
      vertex 44.2926 37.1765 20.4
    endloop
  endfacet
  facet normal -0.947082 -0.320993 0
    outer loop
      vertex 46.7074 37.8235 20.4
      vertex 46.6549 37.9784 32.4
      vertex 46.6549 37.9784 20.4
    endloop
  endfacet
  facet normal -0.947082 -0.320993 0
    outer loop
      vertex 46.6549 37.9784 32.4
      vertex 46.7074 37.8235 20.4
      vertex 46.7074 37.8235 32.4
    endloop
  endfacet
  facet normal -0.75178 -0.659414 0
    outer loop
      vertex 46.4917 38.261 20.4
      vertex 46.3839 38.3839 32.4
      vertex 46.3839 38.3839 20.4
    endloop
  endfacet
  facet normal -0.75178 -0.659414 0
    outer loop
      vertex 46.3839 38.3839 32.4
      vertex 46.4917 38.261 20.4
      vertex 46.4917 38.261 32.4
    endloop
  endfacet
  facet normal -0.831674 -0.555265 0
    outer loop
      vertex 46.5825 38.125 20.4
      vertex 46.4917 38.261 32.4
      vertex 46.4917 38.261 20.4
    endloop
  endfacet
  facet normal -0.831674 -0.555265 0
    outer loop
      vertex 46.4917 38.261 32.4
      vertex 46.5825 38.125 20.4
      vertex 46.5825 38.125 32.4
    endloop
  endfacet
  facet normal -0.195175 -0.980768 0
    outer loop
      vertex 45.6632 38.7393 20.4
      vertex 45.8235 38.7074 32.4
      vertex 45.6632 38.7393 32.4
    endloop
  endfacet
  facet normal -0.195175 -0.980768 -0
    outer loop
      vertex 45.8235 38.7074 32.4
      vertex 45.6632 38.7393 20.4
      vertex 45.8235 38.7074 20.4
    endloop
  endfacet
  facet normal -0.0654233 -0.997858 0
    outer loop
      vertex 45.5 38.75 20.4
      vertex 45.6632 38.7393 32.4
      vertex 45.5 38.75 32.4
    endloop
  endfacet
  facet normal -0.0654233 -0.997858 -0
    outer loop
      vertex 45.6632 38.7393 32.4
      vertex 45.5 38.75 20.4
      vertex 45.6632 38.7393 20.4
    endloop
  endfacet
  facet normal -0.555265 -0.831674 0
    outer loop
      vertex 46.125 38.5825 20.4
      vertex 46.261 38.4917 32.4
      vertex 46.125 38.5825 32.4
    endloop
  endfacet
  facet normal -0.555265 -0.831674 -0
    outer loop
      vertex 46.261 38.4917 32.4
      vertex 46.125 38.5825 20.4
      vertex 46.261 38.4917 20.4
    endloop
  endfacet
  facet normal 0 0 1
    outer loop
      vertex 46.7393 37.6632 20.4
      vertex 46.7393 37.3368 20.4
      vertex 46.75 37.5 20.4
    endloop
  endfacet
  facet normal 0 0 1
    outer loop
      vertex 46.7074 37.8235 20.4
      vertex 46.7393 37.3368 20.4
      vertex 46.7393 37.6632 20.4
    endloop
  endfacet
  facet normal 0 0 1
    outer loop
      vertex 46.7074 37.8235 20.4
      vertex 46.7074 37.1765 20.4
      vertex 46.7393 37.3368 20.4
    endloop
  endfacet
  facet normal 0 0 1
    outer loop
      vertex 46.6549 37.9784 20.4
      vertex 46.7074 37.1765 20.4
      vertex 46.7074 37.8235 20.4
    endloop
  endfacet
  facet normal 0 0 1
    outer loop
      vertex 46.6549 37.9784 20.4
      vertex 46.6549 37.0216 20.4
      vertex 46.7074 37.1765 20.4
    endloop
  endfacet
  facet normal 0 0 1
    outer loop
      vertex 46.5825 38.125 20.4
      vertex 46.6549 37.0216 20.4
      vertex 46.6549 37.9784 20.4
    endloop
  endfacet
  facet normal 0 0 1
    outer loop
      vertex 46.5825 38.125 20.4
      vertex 46.5825 36.875 20.4
      vertex 46.6549 37.0216 20.4
    endloop
  endfacet
  facet normal 0 0 1
    outer loop
      vertex 46.4917 38.261 20.4
      vertex 46.5825 36.875 20.4
      vertex 46.5825 38.125 20.4
    endloop
  endfacet
  facet normal 0 0 1
    outer loop
      vertex 46.4917 38.261 20.4
      vertex 46.4917 36.739 20.4
      vertex 46.5825 36.875 20.4
    endloop
  endfacet
  facet normal 0 0 1
    outer loop
      vertex 46.3839 38.3839 20.4
      vertex 46.4917 36.739 20.4
      vertex 46.4917 38.261 20.4
    endloop
  endfacet
  facet normal 0 0 1
    outer loop
      vertex 46.3839 38.3839 20.4
      vertex 46.3839 36.6161 20.4
      vertex 46.4917 36.739 20.4
    endloop
  endfacet
  facet normal 0 0 1
    outer loop
      vertex 46.261 38.4917 20.4
      vertex 46.3839 36.6161 20.4
      vertex 46.3839 38.3839 20.4
    endloop
  endfacet
  facet normal 0 0 1
    outer loop
      vertex 46.261 38.4917 20.4
      vertex 46.261 36.5083 20.4
      vertex 46.3839 36.6161 20.4
    endloop
  endfacet
  facet normal 0 0 1
    outer loop
      vertex 46.125 38.5825 20.4
      vertex 46.261 36.5083 20.4
      vertex 46.261 38.4917 20.4
    endloop
  endfacet
  facet normal 0 0 1
    outer loop
      vertex 46.125 38.5825 20.4
      vertex 46.125 36.4175 20.4
      vertex 46.261 36.5083 20.4
    endloop
  endfacet
  facet normal 0 0 1
    outer loop
      vertex 45.9784 38.6549 20.4
      vertex 46.125 36.4175 20.4
      vertex 46.125 38.5825 20.4
    endloop
  endfacet
  facet normal 0 0 1
    outer loop
      vertex 45.9784 38.6549 20.4
      vertex 45.9784 36.3451 20.4
      vertex 46.125 36.4175 20.4
    endloop
  endfacet
  facet normal 0 0 1
    outer loop
      vertex 45.8235 38.7074 20.4
      vertex 45.9784 36.3451 20.4
      vertex 45.9784 38.6549 20.4
    endloop
  endfacet
  facet normal 0 0 1
    outer loop
      vertex 45.8235 38.7074 20.4
      vertex 45.8235 36.2926 20.4
      vertex 45.9784 36.3451 20.4
    endloop
  endfacet
  facet normal 0 0 1
    outer loop
      vertex 45.6632 38.7393 20.4
      vertex 45.8235 36.2926 20.4
      vertex 45.8235 38.7074 20.4
    endloop
  endfacet
  facet normal 0 0 1
    outer loop
      vertex 45.6632 38.7393 20.4
      vertex 45.6632 36.2607 20.4
      vertex 45.8235 36.2926 20.4
    endloop
  endfacet
  facet normal 0 0 1
    outer loop
      vertex 45.5 38.75 20.4
      vertex 45.6632 36.2607 20.4
      vertex 45.6632 38.7393 20.4
    endloop
  endfacet
  facet normal 0 0 1
    outer loop
      vertex 45.5 38.75 20.4
      vertex 45.5 36.25 20.4
      vertex 45.6632 36.2607 20.4
    endloop
  endfacet
  facet normal -0 0 1
    outer loop
      vertex 45.3368 38.7393 20.4
      vertex 45.5 36.25 20.4
      vertex 45.5 38.75 20.4
    endloop
  endfacet
  facet normal 0 0 1
    outer loop
      vertex 45.3368 38.7393 20.4
      vertex 45.3368 36.2607 20.4
      vertex 45.5 36.25 20.4
    endloop
  endfacet
  facet normal -0 0 1
    outer loop
      vertex 45.1765 38.7074 20.4
      vertex 45.3368 36.2607 20.4
      vertex 45.3368 38.7393 20.4
    endloop
  endfacet
  facet normal 0 0 1
    outer loop
      vertex 45.1765 38.7074 20.4
      vertex 45.1765 36.2926 20.4
      vertex 45.3368 36.2607 20.4
    endloop
  endfacet
  facet normal -0 0 1
    outer loop
      vertex 45.0216 38.6549 20.4
      vertex 45.1765 36.2926 20.4
      vertex 45.1765 38.7074 20.4
    endloop
  endfacet
  facet normal 0 0 1
    outer loop
      vertex 45.0216 38.6549 20.4
      vertex 45.0216 36.3451 20.4
      vertex 45.1765 36.2926 20.4
    endloop
  endfacet
  facet normal -0 0 1
    outer loop
      vertex 44.875 38.5825 20.4
      vertex 45.0216 36.3451 20.4
      vertex 45.0216 38.6549 20.4
    endloop
  endfacet
  facet normal 0 0 1
    outer loop
      vertex 44.875 38.5825 20.4
      vertex 44.875 36.4175 20.4
      vertex 45.0216 36.3451 20.4
    endloop
  endfacet
  facet normal -0 0 1
    outer loop
      vertex 44.739 38.4917 20.4
      vertex 44.875 36.4175 20.4
      vertex 44.875 38.5825 20.4
    endloop
  endfacet
  facet normal 0 0 1
    outer loop
      vertex 44.739 38.4917 20.4
      vertex 44.739 36.5083 20.4
      vertex 44.875 36.4175 20.4
    endloop
  endfacet
  facet normal -0 0 1
    outer loop
      vertex 44.6161 38.3839 20.4
      vertex 44.739 36.5083 20.4
      vertex 44.739 38.4917 20.4
    endloop
  endfacet
  facet normal 0 0 1
    outer loop
      vertex 44.6161 38.3839 20.4
      vertex 44.6161 36.6161 20.4
      vertex 44.739 36.5083 20.4
    endloop
  endfacet
  facet normal -0 0 1
    outer loop
      vertex 44.5083 38.261 20.4
      vertex 44.6161 36.6161 20.4
      vertex 44.6161 38.3839 20.4
    endloop
  endfacet
  facet normal 0 0 1
    outer loop
      vertex 44.5083 38.261 20.4
      vertex 44.5083 36.739 20.4
      vertex 44.6161 36.6161 20.4
    endloop
  endfacet
  facet normal -0 0 1
    outer loop
      vertex 44.4175 38.125 20.4
      vertex 44.5083 36.739 20.4
      vertex 44.5083 38.261 20.4
    endloop
  endfacet
  facet normal 0 0 1
    outer loop
      vertex 44.4175 38.125 20.4
      vertex 44.4175 36.875 20.4
      vertex 44.5083 36.739 20.4
    endloop
  endfacet
  facet normal -0 0 1
    outer loop
      vertex 44.3451 37.9784 20.4
      vertex 44.4175 36.875 20.4
      vertex 44.4175 38.125 20.4
    endloop
  endfacet
  facet normal 0 0 1
    outer loop
      vertex 44.3451 37.9784 20.4
      vertex 44.3451 37.0216 20.4
      vertex 44.4175 36.875 20.4
    endloop
  endfacet
  facet normal -0 0 1
    outer loop
      vertex 44.2926 37.8235 20.4
      vertex 44.3451 37.0216 20.4
      vertex 44.3451 37.9784 20.4
    endloop
  endfacet
  facet normal 0 0 1
    outer loop
      vertex 44.2926 37.8235 20.4
      vertex 44.2926 37.1765 20.4
      vertex 44.3451 37.0216 20.4
    endloop
  endfacet
  facet normal -0 0 1
    outer loop
      vertex 44.2607 37.6632 20.4
      vertex 44.2926 37.1765 20.4
      vertex 44.2926 37.8235 20.4
    endloop
  endfacet
  facet normal 0 0 1
    outer loop
      vertex 44.2607 37.6632 20.4
      vertex 44.2607 37.3368 20.4
      vertex 44.2926 37.1765 20.4
    endloop
  endfacet
  facet normal 0 -0 1
    outer loop
      vertex 44.2607 37.3368 20.4
      vertex 44.2607 37.6632 20.4
      vertex 44.25 37.5 20.4
    endloop
  endfacet
  facet normal 0.896618 -0.442805 0
    outer loop
      vertex 44.3451 37.9784 32.4
      vertex 44.4175 38.125 20.4
      vertex 44.4175 38.125 32.4
    endloop
  endfacet
  facet normal 0.896618 -0.442805 0
    outer loop
      vertex 44.4175 38.125 20.4
      vertex 44.3451 37.9784 32.4
      vertex 44.3451 37.9784 20.4
    endloop
  endfacet
  facet normal 0.831674 -0.555265 0
    outer loop
      vertex 44.4175 38.125 32.4
      vertex 44.5083 38.261 20.4
      vertex 44.5083 38.261 32.4
    endloop
  endfacet
  facet normal 0.831674 -0.555265 0
    outer loop
      vertex 44.5083 38.261 20.4
      vertex 44.4175 38.125 32.4
      vertex 44.4175 38.125 20.4
    endloop
  endfacet
  facet normal 0.997858 -0.0654233 0
    outer loop
      vertex 44.25 37.5 32.4
      vertex 44.2607 37.6632 20.4
      vertex 44.2607 37.6632 32.4
    endloop
  endfacet
  facet normal 0.997858 -0.0654233 0
    outer loop
      vertex 44.2607 37.6632 20.4
      vertex 44.25 37.5 32.4
      vertex 44.25 37.5 20.4
    endloop
  endfacet
  facet normal 0.555265 -0.831674 0
    outer loop
      vertex 44.739 38.4917 20.4
      vertex 44.875 38.5825 32.4
      vertex 44.739 38.4917 32.4
    endloop
  endfacet
  facet normal 0.555265 -0.831674 0
    outer loop
      vertex 44.875 38.5825 32.4
      vertex 44.739 38.4917 20.4
      vertex 44.875 38.5825 20.4
    endloop
  endfacet
  facet normal 0.659414 -0.75178 0
    outer loop
      vertex 44.6161 38.3839 20.4
      vertex 44.739 38.4917 32.4
      vertex 44.6161 38.3839 32.4
    endloop
  endfacet
  facet normal 0.659414 -0.75178 0
    outer loop
      vertex 44.739 38.4917 32.4
      vertex 44.6161 38.3839 20.4
      vertex 44.739 38.4917 20.4
    endloop
  endfacet
  facet normal 0.320993 -0.947082 0
    outer loop
      vertex 45.0216 38.6549 20.4
      vertex 45.1765 38.7074 32.4
      vertex 45.0216 38.6549 32.4
    endloop
  endfacet
  facet normal 0.320993 -0.947082 0
    outer loop
      vertex 45.1765 38.7074 32.4
      vertex 45.0216 38.6549 20.4
      vertex 45.1765 38.7074 20.4
    endloop
  endfacet
  facet normal -0.997858 0.0654233 0
    outer loop
      vertex 46.7393 37.3368 20.4
      vertex 46.75 37.5 32.4
      vertex 46.75 37.5 20.4
    endloop
  endfacet
  facet normal -0.997858 0.0654233 0
    outer loop
      vertex 46.75 37.5 32.4
      vertex 46.7393 37.3368 20.4
      vertex 46.7393 37.3368 32.4
    endloop
  endfacet
  facet normal -0.320993 0.947082 0
    outer loop
      vertex 45.9784 36.3451 20.4
      vertex 45.8235 36.2926 32.4
      vertex 45.9784 36.3451 32.4
    endloop
  endfacet
  facet normal -0.320993 0.947082 0
    outer loop
      vertex 45.8235 36.2926 32.4
      vertex 45.9784 36.3451 20.4
      vertex 45.8235 36.2926 20.4
    endloop
  endfacet
  facet normal -0.75178 0.659414 0
    outer loop
      vertex 46.3839 36.6161 20.4
      vertex 46.4917 36.739 32.4
      vertex 46.4917 36.739 20.4
    endloop
  endfacet
  facet normal -0.75178 0.659414 0
    outer loop
      vertex 46.4917 36.739 32.4
      vertex 46.3839 36.6161 20.4
      vertex 46.3839 36.6161 32.4
    endloop
  endfacet
  facet normal -0.555265 0.831674 0
    outer loop
      vertex 46.261 36.5083 20.4
      vertex 46.125 36.4175 32.4
      vertex 46.261 36.5083 32.4
    endloop
  endfacet
  facet normal -0.555265 0.831674 0
    outer loop
      vertex 46.125 36.4175 32.4
      vertex 46.261 36.5083 20.4
      vertex 46.125 36.4175 20.4
    endloop
  endfacet
  facet normal -0.831674 0.555265 0
    outer loop
      vertex 46.4917 36.739 20.4
      vertex 46.5825 36.875 32.4
      vertex 46.5825 36.875 20.4
    endloop
  endfacet
  facet normal -0.831674 0.555265 0
    outer loop
      vertex 46.5825 36.875 32.4
      vertex 46.4917 36.739 20.4
      vertex 46.4917 36.739 32.4
    endloop
  endfacet
  facet normal -0.947082 0.320993 0
    outer loop
      vertex 46.6549 37.0216 20.4
      vertex 46.7074 37.1765 32.4
      vertex 46.7074 37.1765 20.4
    endloop
  endfacet
  facet normal -0.947082 0.320993 0
    outer loop
      vertex 46.7074 37.1765 32.4
      vertex 46.6549 37.0216 20.4
      vertex 46.6549 37.0216 32.4
    endloop
  endfacet
  facet normal 0.555265 0.831674 -0
    outer loop
      vertex 44.875 36.4175 20.4
      vertex 44.739 36.5083 32.4
      vertex 44.875 36.4175 32.4
    endloop
  endfacet
  facet normal 0.555265 0.831674 0
    outer loop
      vertex 44.739 36.5083 32.4
      vertex 44.875 36.4175 20.4
      vertex 44.739 36.5083 20.4
    endloop
  endfacet
  facet normal 0.320993 0.947082 -0
    outer loop
      vertex 45.1765 36.2926 20.4
      vertex 45.0216 36.3451 32.4
      vertex 45.1765 36.2926 32.4
    endloop
  endfacet
  facet normal 0.320993 0.947082 0
    outer loop
      vertex 45.0216 36.3451 32.4
      vertex 45.1765 36.2926 20.4
      vertex 45.0216 36.3451 20.4
    endloop
  endfacet
  facet normal 0.0654233 0.997858 -0
    outer loop
      vertex 45.5 36.25 20.4
      vertex 45.3368 36.2607 32.4
      vertex 45.5 36.25 32.4
    endloop
  endfacet
  facet normal 0.0654233 0.997858 0
    outer loop
      vertex 45.3368 36.2607 32.4
      vertex 45.5 36.25 20.4
      vertex 45.3368 36.2607 20.4
    endloop
  endfacet
  facet normal 0.831674 0.555265 0
    outer loop
      vertex 44.5083 36.739 32.4
      vertex 44.4175 36.875 20.4
      vertex 44.4175 36.875 32.4
    endloop
  endfacet
  facet normal 0.831674 0.555265 0
    outer loop
      vertex 44.4175 36.875 20.4
      vertex 44.5083 36.739 32.4
      vertex 44.5083 36.739 20.4
    endloop
  endfacet
  facet normal 0.659414 0.75178 -0
    outer loop
      vertex 44.739 36.5083 20.4
      vertex 44.6161 36.6161 32.4
      vertex 44.739 36.5083 32.4
    endloop
  endfacet
  facet normal 0.659414 0.75178 0
    outer loop
      vertex 44.6161 36.6161 32.4
      vertex 44.739 36.5083 20.4
      vertex 44.6161 36.6161 20.4
    endloop
  endfacet
  facet normal 0.947082 0.320993 0
    outer loop
      vertex 44.3451 37.0216 32.4
      vertex 44.2926 37.1765 20.4
      vertex 44.2926 37.1765 32.4
    endloop
  endfacet
  facet normal 0.947082 0.320993 0
    outer loop
      vertex 44.2926 37.1765 20.4
      vertex 44.3451 37.0216 32.4
      vertex 44.3451 37.0216 20.4
    endloop
  endfacet
  facet normal 0.997858 0.0654233 0
    outer loop
      vertex 44.2607 37.3368 32.4
      vertex 44.25 37.5 20.4
      vertex 44.25 37.5 32.4
    endloop
  endfacet
  facet normal 0.997858 0.0654233 0
    outer loop
      vertex 44.25 37.5 20.4
      vertex 44.2607 37.3368 32.4
      vertex 44.2607 37.3368 20.4
    endloop
  endfacet
  facet normal -0.442805 0.896618 0
    outer loop
      vertex 46.125 36.4175 20.4
      vertex 45.9784 36.3451 32.4
      vertex 46.125 36.4175 32.4
    endloop
  endfacet
  facet normal -0.442805 0.896618 0
    outer loop
      vertex 45.9784 36.3451 32.4
      vertex 46.125 36.4175 20.4
      vertex 45.9784 36.3451 20.4
    endloop
  endfacet
  facet normal -0.659414 0.75178 0
    outer loop
      vertex 46.3839 36.6161 20.4
      vertex 46.261 36.5083 32.4
      vertex 46.3839 36.6161 32.4
    endloop
  endfacet
  facet normal -0.659414 0.75178 0
    outer loop
      vertex 46.261 36.5083 32.4
      vertex 46.3839 36.6161 20.4
      vertex 46.261 36.5083 20.4
    endloop
  endfacet
  facet normal -0.896618 0.442805 0
    outer loop
      vertex 46.5825 36.875 20.4
      vertex 46.6549 37.0216 32.4
      vertex 46.6549 37.0216 20.4
    endloop
  endfacet
  facet normal -0.896618 0.442805 0
    outer loop
      vertex 46.6549 37.0216 32.4
      vertex 46.5825 36.875 20.4
      vertex 46.5825 36.875 32.4
    endloop
  endfacet
  facet normal 0.442805 0.896618 -0
    outer loop
      vertex 45.0216 36.3451 20.4
      vertex 44.875 36.4175 32.4
      vertex 45.0216 36.3451 32.4
    endloop
  endfacet
  facet normal 0.442805 0.896618 0
    outer loop
      vertex 44.875 36.4175 32.4
      vertex 45.0216 36.3451 20.4
      vertex 44.875 36.4175 20.4
    endloop
  endfacet
  facet normal -0.0654233 0.997858 0
    outer loop
      vertex 45.6632 36.2607 20.4
      vertex 45.5 36.25 32.4
      vertex 45.6632 36.2607 32.4
    endloop
  endfacet
  facet normal -0.0654233 0.997858 0
    outer loop
      vertex 45.5 36.25 32.4
      vertex 45.6632 36.2607 20.4
      vertex 45.5 36.25 20.4
    endloop
  endfacet
  facet normal 0.75178 0.659414 0
    outer loop
      vertex 44.6161 36.6161 32.4
      vertex 44.5083 36.739 20.4
      vertex 44.5083 36.739 32.4
    endloop
  endfacet
  facet normal 0.75178 0.659414 0
    outer loop
      vertex 44.5083 36.739 20.4
      vertex 44.6161 36.6161 32.4
      vertex 44.6161 36.6161 20.4
    endloop
  endfacet
  facet normal 0.896618 0.442805 0
    outer loop
      vertex 44.4175 36.875 32.4
      vertex 44.3451 37.0216 20.4
      vertex 44.3451 37.0216 32.4
    endloop
  endfacet
  facet normal 0.896618 0.442805 0
    outer loop
      vertex 44.3451 37.0216 20.4
      vertex 44.4175 36.875 32.4
      vertex 44.4175 36.875 20.4
    endloop
  endfacet
  facet normal -0.897033 -0.441964 0
    outer loop
      vertex 15.9401 22.8036 0
      vertex 15.8187 23.05 0.5
      vertex 15.8187 23.05 0
    endloop
  endfacet
  facet normal -0.897033 -0.441964 0
    outer loop
      vertex 15.8187 23.05 0.5
      vertex 15.9401 22.8036 0
      vertex 15.9401 22.8036 0.5
    endloop
  endfacet
  facet normal -0.831322 -0.555792 0
    outer loop
      vertex 15.8187 23.05 0
      vertex 15.666 23.2784 0.5
      vertex 15.666 23.2784 0
    endloop
  endfacet
  facet normal -0.831322 -0.555792 0
    outer loop
      vertex 15.666 23.2784 0.5
      vertex 15.8187 23.05 0
      vertex 15.8187 23.05 0.5
    endloop
  endfacet
  facet normal -0.321465 -0.946921 0
    outer loop
      vertex 14.5435 24.0284 0
      vertex 14.8036 23.9401 0.5
      vertex 14.5435 24.0284 0.5
    endloop
  endfacet
  facet normal -0.321465 -0.946921 -0
    outer loop
      vertex 14.8036 23.9401 0.5
      vertex 14.5435 24.0284 0
      vertex 14.8036 23.9401 0
    endloop
  endfacet
  facet normal 0.441964 -0.897033 0
    outer loop
      vertex 12.95 23.8187 0
      vertex 13.1964 23.9401 0.5
      vertex 12.95 23.8187 0.5
    endloop
  endfacet
  facet normal 0.441964 -0.897033 0
    outer loop
      vertex 13.1964 23.9401 0.5
      vertex 12.95 23.8187 0
      vertex 13.1964 23.9401 0
    endloop
  endfacet
  facet normal 0.897033 -0.441964 0
    outer loop
      vertex 12.0599 22.8036 0.5
      vertex 12.1813 23.05 0
      vertex 12.1813 23.05 0.5
    endloop
  endfacet
  facet normal 0.897033 -0.441964 0
    outer loop
      vertex 12.1813 23.05 0
      vertex 12.0599 22.8036 0.5
      vertex 12.0599 22.8036 0
    endloop
  endfacet
  facet normal -0.997851 0.0655283 0
    outer loop
      vertex 16.082 21.7259 0
      vertex 16.1 22 0.5
      vertex 16.1 22 0
    endloop
  endfacet
  facet normal -0.997851 0.0655283 0
    outer loop
      vertex 16.1 22 0.5
      vertex 16.082 21.7259 0
      vertex 16.082 21.7259 0.5
    endloop
  endfacet
  facet normal -0.0655283 -0.997851 0
    outer loop
      vertex 14 24.1 0
      vertex 14.2741 24.082 0.5
      vertex 14 24.1 0.5
    endloop
  endfacet
  facet normal -0.0655283 -0.997851 -0
    outer loop
      vertex 14.2741 24.082 0.5
      vertex 14 24.1 0
      vertex 14.2741 24.082 0
    endloop
  endfacet
  facet normal -0.555792 -0.831322 0
    outer loop
      vertex 15.05 23.8187 0
      vertex 15.2784 23.666 0.5
      vertex 15.05 23.8187 0.5
    endloop
  endfacet
  facet normal -0.555792 -0.831322 -0
    outer loop
      vertex 15.2784 23.666 0.5
      vertex 15.05 23.8187 0
      vertex 15.2784 23.666 0
    endloop
  endfacet
  facet normal 0.997851 -0.0655283 0
    outer loop
      vertex 11.9 22 0.5
      vertex 11.918 22.2741 0
      vertex 11.918 22.2741 0.5
    endloop
  endfacet
  facet normal 0.997851 -0.0655283 0
    outer loop
      vertex 11.918 22.2741 0
      vertex 11.9 22 0.5
      vertex 11.9 22 0
    endloop
  endfacet
  facet normal 0.831322 -0.555792 0
    outer loop
      vertex 12.1813 23.05 0.5
      vertex 12.334 23.2784 0
      vertex 12.334 23.2784 0.5
    endloop
  endfacet
  facet normal 0.831322 -0.555792 0
    outer loop
      vertex 12.334 23.2784 0
      vertex 12.1813 23.05 0.5
      vertex 12.1813 23.05 0
    endloop
  endfacet
  facet normal 0.555792 -0.831322 0
    outer loop
      vertex 12.7216 23.666 0
      vertex 12.95 23.8187 0.5
      vertex 12.7216 23.666 0.5
    endloop
  endfacet
  facet normal 0.555792 -0.831322 0
    outer loop
      vertex 12.95 23.8187 0.5
      vertex 12.7216 23.666 0
      vertex 12.95 23.8187 0
    endloop
  endfacet
  facet normal 0.321465 -0.946921 0
    outer loop
      vertex 13.1964 23.9401 0
      vertex 13.4565 24.0284 0.5
      vertex 13.1964 23.9401 0.5
    endloop
  endfacet
  facet normal 0.321465 -0.946921 0
    outer loop
      vertex 13.4565 24.0284 0.5
      vertex 13.1964 23.9401 0
      vertex 13.4565 24.0284 0
    endloop
  endfacet
  facet normal -0.555792 0.831322 0
    outer loop
      vertex 15.2784 20.334 0
      vertex 15.05 20.1813 0.5
      vertex 15.2784 20.334 0.5
    endloop
  endfacet
  facet normal -0.555792 0.831322 0
    outer loop
      vertex 15.05 20.1813 0.5
      vertex 15.2784 20.334 0
      vertex 15.05 20.1813 0
    endloop
  endfacet
  facet normal -0.980776 -0.195136 0
    outer loop
      vertex 16.082 22.2741 0
      vertex 16.0284 22.5435 0.5
      vertex 16.0284 22.5435 0
    endloop
  endfacet
  facet normal -0.980776 -0.195136 0
    outer loop
      vertex 16.0284 22.5435 0.5
      vertex 16.082 22.2741 0
      vertex 16.082 22.2741 0.5
    endloop
  endfacet
  facet normal -0.946921 -0.321465 0
    outer loop
      vertex 16.0284 22.5435 0
      vertex 15.9401 22.8036 0.5
      vertex 15.9401 22.8036 0
    endloop
  endfacet
  facet normal -0.946921 -0.321465 0
    outer loop
      vertex 15.9401 22.8036 0.5
      vertex 16.0284 22.5435 0
      vertex 16.0284 22.5435 0.5
    endloop
  endfacet
  facet normal -0.659355 -0.751832 0
    outer loop
      vertex 15.2784 23.666 0
      vertex 15.4849 23.4849 0.5
      vertex 15.2784 23.666 0.5
    endloop
  endfacet
  facet normal -0.659355 -0.751832 -0
    outer loop
      vertex 15.4849 23.4849 0.5
      vertex 15.2784 23.666 0
      vertex 15.4849 23.4849 0
    endloop
  endfacet
  facet normal 0.0655283 -0.997851 0
    outer loop
      vertex 13.7259 24.082 0
      vertex 14 24.1 0.5
      vertex 13.7259 24.082 0.5
    endloop
  endfacet
  facet normal 0.0655283 -0.997851 0
    outer loop
      vertex 14 24.1 0.5
      vertex 13.7259 24.082 0
      vertex 14 24.1 0
    endloop
  endfacet
  facet normal -0.195136 -0.980776 0
    outer loop
      vertex 14.2741 24.082 0
      vertex 14.5435 24.0284 0.5
      vertex 14.2741 24.082 0.5
    endloop
  endfacet
  facet normal -0.195136 -0.980776 -0
    outer loop
      vertex 14.5435 24.0284 0.5
      vertex 14.2741 24.082 0
      vertex 14.5435 24.0284 0
    endloop
  endfacet
  facet normal -0.441964 -0.897033 0
    outer loop
      vertex 14.8036 23.9401 0
      vertex 15.05 23.8187 0.5
      vertex 14.8036 23.9401 0.5
    endloop
  endfacet
  facet normal -0.441964 -0.897033 -0
    outer loop
      vertex 15.05 23.8187 0.5
      vertex 14.8036 23.9401 0
      vertex 15.05 23.8187 0
    endloop
  endfacet
  facet normal 0.946921 -0.321465 0
    outer loop
      vertex 11.9716 22.5435 0.5
      vertex 12.0599 22.8036 0
      vertex 12.0599 22.8036 0.5
    endloop
  endfacet
  facet normal 0.946921 -0.321465 0
    outer loop
      vertex 12.0599 22.8036 0
      vertex 11.9716 22.5435 0.5
      vertex 11.9716 22.5435 0
    endloop
  endfacet
  facet normal 0.980776 -0.195136 0
    outer loop
      vertex 11.918 22.2741 0.5
      vertex 11.9716 22.5435 0
      vertex 11.9716 22.5435 0.5
    endloop
  endfacet
  facet normal 0.980776 -0.195136 0
    outer loop
      vertex 11.9716 22.5435 0
      vertex 11.918 22.2741 0.5
      vertex 11.918 22.2741 0
    endloop
  endfacet
  facet normal 0.195136 -0.980776 0
    outer loop
      vertex 13.4565 24.0284 0
      vertex 13.7259 24.082 0.5
      vertex 13.4565 24.0284 0.5
    endloop
  endfacet
  facet normal 0.195136 -0.980776 0
    outer loop
      vertex 13.7259 24.082 0.5
      vertex 13.4565 24.0284 0
      vertex 13.7259 24.082 0
    endloop
  endfacet
  facet normal 0.659355 -0.751832 0
    outer loop
      vertex 12.5151 23.4849 0
      vertex 12.7216 23.666 0.5
      vertex 12.5151 23.4849 0.5
    endloop
  endfacet
  facet normal 0.659355 -0.751832 0
    outer loop
      vertex 12.7216 23.666 0.5
      vertex 12.5151 23.4849 0
      vertex 12.7216 23.666 0
    endloop
  endfacet
  facet normal 0.751832 -0.659355 0
    outer loop
      vertex 12.334 23.2784 0.5
      vertex 12.5151 23.4849 0
      vertex 12.5151 23.4849 0.5
    endloop
  endfacet
  facet normal 0.751832 -0.659355 0
    outer loop
      vertex 12.5151 23.4849 0
      vertex 12.334 23.2784 0.5
      vertex 12.334 23.2784 0
    endloop
  endfacet
  facet normal -0.997851 -0.0655283 0
    outer loop
      vertex 16.1 22 0
      vertex 16.082 22.2741 0.5
      vertex 16.082 22.2741 0
    endloop
  endfacet
  facet normal -0.997851 -0.0655283 0
    outer loop
      vertex 16.082 22.2741 0.5
      vertex 16.1 22 0
      vertex 16.1 22 0.5
    endloop
  endfacet
  facet normal -0.980776 0.195136 0
    outer loop
      vertex 16.0284 21.4565 0
      vertex 16.082 21.7259 0.5
      vertex 16.082 21.7259 0
    endloop
  endfacet
  facet normal -0.980776 0.195136 0
    outer loop
      vertex 16.082 21.7259 0.5
      vertex 16.0284 21.4565 0
      vertex 16.0284 21.4565 0.5
    endloop
  endfacet
  facet normal -0.831322 0.555792 0
    outer loop
      vertex 15.666 20.7216 0
      vertex 15.8187 20.95 0.5
      vertex 15.8187 20.95 0
    endloop
  endfacet
  facet normal -0.831322 0.555792 0
    outer loop
      vertex 15.8187 20.95 0.5
      vertex 15.666 20.7216 0
      vertex 15.666 20.7216 0.5
    endloop
  endfacet
  facet normal -0.0655283 0.997851 0
    outer loop
      vertex 14.2741 19.918 0
      vertex 14 19.9 0.5
      vertex 14.2741 19.918 0.5
    endloop
  endfacet
  facet normal -0.0655283 0.997851 0
    outer loop
      vertex 14 19.9 0.5
      vertex 14.2741 19.918 0
      vertex 14 19.9 0
    endloop
  endfacet
  facet normal -0.195136 0.980776 0
    outer loop
      vertex 14.5435 19.9716 0
      vertex 14.2741 19.918 0.5
      vertex 14.5435 19.9716 0.5
    endloop
  endfacet
  facet normal -0.195136 0.980776 0
    outer loop
      vertex 14.2741 19.918 0.5
      vertex 14.5435 19.9716 0
      vertex 14.2741 19.918 0
    endloop
  endfacet
  facet normal -0.441964 0.897033 0
    outer loop
      vertex 15.05 20.1813 0
      vertex 14.8036 20.0599 0.5
      vertex 15.05 20.1813 0.5
    endloop
  endfacet
  facet normal -0.441964 0.897033 0
    outer loop
      vertex 14.8036 20.0599 0.5
      vertex 15.05 20.1813 0
      vertex 14.8036 20.0599 0
    endloop
  endfacet
  facet normal -0.751832 -0.659355 0
    outer loop
      vertex 15.666 23.2784 0
      vertex 15.4849 23.4849 0.5
      vertex 15.4849 23.4849 0
    endloop
  endfacet
  facet normal -0.751832 -0.659355 0
    outer loop
      vertex 15.4849 23.4849 0.5
      vertex 15.666 23.2784 0
      vertex 15.666 23.2784 0.5
    endloop
  endfacet
  facet normal -0.897033 0.441964 0
    outer loop
      vertex 15.8187 20.95 0
      vertex 15.9401 21.1964 0.5
      vertex 15.9401 21.1964 0
    endloop
  endfacet
  facet normal -0.897033 0.441964 0
    outer loop
      vertex 15.9401 21.1964 0.5
      vertex 15.8187 20.95 0
      vertex 15.8187 20.95 0.5
    endloop
  endfacet
  facet normal -0.946921 0.321465 0
    outer loop
      vertex 15.9401 21.1964 0
      vertex 16.0284 21.4565 0.5
      vertex 16.0284 21.4565 0
    endloop
  endfacet
  facet normal -0.946921 0.321465 0
    outer loop
      vertex 16.0284 21.4565 0.5
      vertex 15.9401 21.1964 0
      vertex 15.9401 21.1964 0.5
    endloop
  endfacet
  facet normal -0.751832 0.659355 0
    outer loop
      vertex 15.4849 20.5151 0
      vertex 15.666 20.7216 0.5
      vertex 15.666 20.7216 0
    endloop
  endfacet
  facet normal -0.751832 0.659355 0
    outer loop
      vertex 15.666 20.7216 0.5
      vertex 15.4849 20.5151 0
      vertex 15.4849 20.5151 0.5
    endloop
  endfacet
  facet normal 0.321465 0.946921 -0
    outer loop
      vertex 13.4565 19.9716 0
      vertex 13.1964 20.0599 0.5
      vertex 13.4565 19.9716 0.5
    endloop
  endfacet
  facet normal 0.321465 0.946921 0
    outer loop
      vertex 13.1964 20.0599 0.5
      vertex 13.4565 19.9716 0
      vertex 13.1964 20.0599 0
    endloop
  endfacet
  facet normal 0.831322 0.555792 0
    outer loop
      vertex 12.334 20.7216 0.5
      vertex 12.1813 20.95 0
      vertex 12.1813 20.95 0.5
    endloop
  endfacet
  facet normal 0.831322 0.555792 0
    outer loop
      vertex 12.1813 20.95 0
      vertex 12.334 20.7216 0.5
      vertex 12.334 20.7216 0
    endloop
  endfacet
  facet normal -0.321465 0.946921 0
    outer loop
      vertex 14.8036 20.0599 0
      vertex 14.5435 19.9716 0.5
      vertex 14.8036 20.0599 0.5
    endloop
  endfacet
  facet normal -0.321465 0.946921 0
    outer loop
      vertex 14.5435 19.9716 0.5
      vertex 14.8036 20.0599 0
      vertex 14.5435 19.9716 0
    endloop
  endfacet
  facet normal -0.659355 0.751832 0
    outer loop
      vertex 15.4849 20.5151 0
      vertex 15.2784 20.334 0.5
      vertex 15.4849 20.5151 0.5
    endloop
  endfacet
  facet normal -0.659355 0.751832 0
    outer loop
      vertex 15.2784 20.334 0.5
      vertex 15.4849 20.5151 0
      vertex 15.2784 20.334 0
    endloop
  endfacet
  facet normal 0.555792 0.831322 -0
    outer loop
      vertex 12.95 20.1813 0
      vertex 12.7216 20.334 0.5
      vertex 12.95 20.1813 0.5
    endloop
  endfacet
  facet normal 0.555792 0.831322 0
    outer loop
      vertex 12.7216 20.334 0.5
      vertex 12.95 20.1813 0
      vertex 12.7216 20.334 0
    endloop
  endfacet
  facet normal 0.195136 0.980776 -0
    outer loop
      vertex 13.7259 19.918 0
      vertex 13.4565 19.9716 0.5
      vertex 13.7259 19.918 0.5
    endloop
  endfacet
  facet normal 0.195136 0.980776 0
    outer loop
      vertex 13.4565 19.9716 0.5
      vertex 13.7259 19.918 0
      vertex 13.4565 19.9716 0
    endloop
  endfacet
  facet normal 0.0655283 0.997851 -0
    outer loop
      vertex 14 19.9 0
      vertex 13.7259 19.918 0.5
      vertex 14 19.9 0.5
    endloop
  endfacet
  facet normal 0.0655283 0.997851 0
    outer loop
      vertex 13.7259 19.918 0.5
      vertex 14 19.9 0
      vertex 13.7259 19.918 0
    endloop
  endfacet
  facet normal 0.946921 0.321465 0
    outer loop
      vertex 12.0599 21.1964 0.5
      vertex 11.9716 21.4565 0
      vertex 11.9716 21.4565 0.5
    endloop
  endfacet
  facet normal 0.946921 0.321465 0
    outer loop
      vertex 11.9716 21.4565 0
      vertex 12.0599 21.1964 0.5
      vertex 12.0599 21.1964 0
    endloop
  endfacet
  facet normal 0.980776 0.195136 0
    outer loop
      vertex 11.9716 21.4565 0.5
      vertex 11.918 21.7259 0
      vertex 11.918 21.7259 0.5
    endloop
  endfacet
  facet normal 0.980776 0.195136 0
    outer loop
      vertex 11.918 21.7259 0
      vertex 11.9716 21.4565 0.5
      vertex 11.9716 21.4565 0
    endloop
  endfacet
  facet normal 0.997851 0.0655283 0
    outer loop
      vertex 11.918 21.7259 0.5
      vertex 11.9 22 0
      vertex 11.9 22 0.5
    endloop
  endfacet
  facet normal 0.997851 0.0655283 0
    outer loop
      vertex 11.9 22 0
      vertex 11.918 21.7259 0.5
      vertex 11.918 21.7259 0
    endloop
  endfacet
  facet normal 0.897033 0.441964 0
    outer loop
      vertex 12.1813 20.95 0.5
      vertex 12.0599 21.1964 0
      vertex 12.0599 21.1964 0.5
    endloop
  endfacet
  facet normal 0.897033 0.441964 0
    outer loop
      vertex 12.0599 21.1964 0
      vertex 12.1813 20.95 0.5
      vertex 12.1813 20.95 0
    endloop
  endfacet
  facet normal 0.751832 0.659355 0
    outer loop
      vertex 12.5151 20.5151 0.5
      vertex 12.334 20.7216 0
      vertex 12.334 20.7216 0.5
    endloop
  endfacet
  facet normal 0.751832 0.659355 0
    outer loop
      vertex 12.334 20.7216 0
      vertex 12.5151 20.5151 0.5
      vertex 12.5151 20.5151 0
    endloop
  endfacet
  facet normal 0.659355 0.751832 -0
    outer loop
      vertex 12.7216 20.334 0
      vertex 12.5151 20.5151 0.5
      vertex 12.7216 20.334 0.5
    endloop
  endfacet
  facet normal 0.659355 0.751832 0
    outer loop
      vertex 12.5151 20.5151 0.5
      vertex 12.7216 20.334 0
      vertex 12.5151 20.5151 0
    endloop
  endfacet
  facet normal 0.441964 0.897033 -0
    outer loop
      vertex 13.1964 20.0599 0
      vertex 12.95 20.1813 0.5
      vertex 13.1964 20.0599 0.5
    endloop
  endfacet
  facet normal 0.441964 0.897033 0
    outer loop
      vertex 12.95 20.1813 0.5
      vertex 13.1964 20.0599 0
      vertex 12.95 20.1813 0
    endloop
  endfacet
  facet normal -0.708186 -0.0465062 0.704493
    outer loop
      vertex 16.1 22 0.5
      vertex 17.99 22.0014 2.4
      vertex 16.082 22.2741 0.5
    endloop
  endfacet
  facet normal -0.708044 -0.0505746 0.704355
    outer loop
      vertex 17.99 22.0014 2.4
      vertex 16.1 22 0.5
      vertex 17.9901 22 2.4
    endloop
  endfacet
  facet normal 0.467955 -0.533587 0.704488
    outer loop
      vertex 11.1797 24.8223 2.4
      vertex 12.5151 23.4849 0.5
      vertex 12.7216 23.666 0.5
    endloop
  endfacet
  facet normal 0.450045 -0.550055 0.703491
    outer loop
      vertex 12.5151 23.4849 0.5
      vertex 11.1797 24.8223 2.4
      vertex 11.1786 24.8214 2.4
    endloop
  endfacet
  facet normal -0.533564 -0.467976 0.704491
    outer loop
      vertex 17.1655 24.429 2.4
      vertex 16.8223 24.8203 2.4
      vertex 15.666 23.2784 0.5
    endloop
  endfacet
  facet normal -0.450045 0.550055 0.703491
    outer loop
      vertex 15.4849 20.5151 0.5
      vertex 16.8203 19.1777 2.4
      vertex 16.8214 19.1786 2.4
    endloop
  endfacet
  facet normal -0.467955 0.533587 0.704488
    outer loop
      vertex 16.8203 19.1777 2.4
      vertex 15.4849 20.5151 0.5
      vertex 15.2784 20.334 0.5
    endloop
  endfacet
  facet normal 0.708044 0.0505746 0.704355
    outer loop
      vertex 10.01 21.9986 2.4
      vertex 11.9 22 0.5
      vertex 10.0099 22 2.4
    endloop
  endfacet
  facet normal 0.708186 0.0465062 0.704493
    outer loop
      vertex 11.9 22 0.5
      vertex 10.01 21.9986 2.4
      vertex 11.918 21.7259 0.5
    endloop
  endfacet
  facet normal -0.696085 -0.138399 0.704493
    outer loop
      vertex 17.9559 22.5208 2.4
      vertex 17.8544 23.0313 2.4
      vertex 16.082 22.2741 0.5
    endloop
  endfacet
  facet normal -0.533587 0.467955 0.704488
    outer loop
      vertex 15.4849 20.5151 0.5
      vertex 16.8223 19.1797 2.4
      vertex 15.666 20.7216 0.5
    endloop
  endfacet
  facet normal -0.550055 0.450045 0.703491
    outer loop
      vertex 16.8223 19.1797 2.4
      vertex 15.4849 20.5151 0.5
      vertex 16.8214 19.1786 2.4
    endloop
  endfacet
  facet normal -0.393691 0.590536 0.704468
    outer loop
      vertex 15.2784 20.334 0.5
      vertex 16.4278 18.8337 2.4
      vertex 16.429 18.8345 2.4
    endloop
  endfacet
  facet normal -0.394449 0.589994 0.704498
    outer loop
      vertex 16.4278 18.8337 2.4
      vertex 15.2784 20.334 0.5
      vertex 15.05 20.1813 0.5
    endloop
  endfacet
  facet normal 0.708185 0.0464943 0.704494
    outer loop
      vertex 10.0441 21.4792 2.4
      vertex 11.918 21.7259 0.5
      vertex 10.01 21.9986 2.4
    endloop
  endfacet
  facet normal 0.228147 0.67204 0.704493
    outer loop
      vertex 12.9659 18.1464 2.4
      vertex 13.4565 19.9716 0.5
      vertex 13.1964 20.0599 0.5
    endloop
  endfacet
  facet normal 0.238837 0.668744 0.704087
    outer loop
      vertex 13.4565 19.9716 0.5
      vertex 12.9659 18.1464 2.4
      vertex 12.9673 18.1459 2.4
    endloop
  endfacet
  facet normal 0.550055 -0.450045 0.703491
    outer loop
      vertex 11.1777 24.8203 2.4
      vertex 12.5151 23.4849 0.5
      vertex 11.1786 24.8214 2.4
    endloop
  endfacet
  facet normal 0.533587 -0.467955 0.704488
    outer loop
      vertex 12.5151 23.4849 0.5
      vertex 11.1777 24.8203 2.4
      vertex 12.334 23.2784 0.5
    endloop
  endfacet
  facet normal 0.394449 -0.589994 0.704498
    outer loop
      vertex 11.5722 25.1663 2.4
      vertex 12.7216 23.666 0.5
      vertex 12.95 23.8187 0.5
    endloop
  endfacet
  facet normal 0.393691 -0.590536 0.704468
    outer loop
      vertex 12.7216 23.666 0.5
      vertex 11.5722 25.1663 2.4
      vertex 11.571 25.1655 2.4
    endloop
  endfacet
  facet normal -0.550055 -0.450045 0.703491
    outer loop
      vertex 15.4849 23.4849 0.5
      vertex 16.8223 24.8203 2.4
      vertex 16.8214 24.8214 2.4
    endloop
  endfacet
  facet normal -0.533587 -0.467955 0.704488
    outer loop
      vertex 16.8223 24.8203 2.4
      vertex 15.4849 23.4849 0.5
      vertex 15.666 23.2784 0.5
    endloop
  endfacet
  facet normal -0.450045 -0.550055 0.703491
    outer loop
      vertex 16.8203 24.8223 2.4
      vertex 15.4849 23.4849 0.5
      vertex 16.8214 24.8214 2.4
    endloop
  endfacet
  facet normal -0.467955 -0.533587 0.704488
    outer loop
      vertex 15.4849 23.4849 0.5
      vertex 16.8203 24.8223 2.4
      vertex 15.2784 23.666 0.5
    endloop
  endfacet
  facet normal -0.708185 -0.0464943 0.704494
    outer loop
      vertex 17.99 22.0014 2.4
      vertex 17.9559 22.5208 2.4
      vertex 16.082 22.2741 0.5
    endloop
  endfacet
  facet normal -0.533564 0.467976 0.704491
    outer loop
      vertex 16.8223 19.1797 2.4
      vertex 17.1655 19.571 2.4
      vertex 15.666 20.7216 0.5
    endloop
  endfacet
  facet normal -0.696085 0.138399 0.704493
    outer loop
      vertex 17.8544 20.9687 2.4
      vertex 17.9559 21.4792 2.4
      vertex 16.082 21.7259 0.5
    endloop
  endfacet
  facet normal -0.467976 0.533564 0.704491
    outer loop
      vertex 16.429 18.8345 2.4
      vertex 16.8203 19.1777 2.4
      vertex 15.2784 20.334 0.5
    endloop
  endfacet
  facet normal -0.394313 0.590106 0.70448
    outer loop
      vertex 15.995 18.5445 2.4
      vertex 16.4278 18.8337 2.4
      vertex 15.05 20.1813 0.5
    endloop
  endfacet
  facet normal -0.313902 0.636532 0.70448
    outer loop
      vertex 15.5282 18.3143 2.4
      vertex 15.995 18.5445 2.4
      vertex 15.05 20.1813 0.5
    endloop
  endfacet
  facet normal 0.636621 0.31366 0.704507
    outer loop
      vertex 12.0599 21.1964 0.5
      vertex 10.3143 20.4718 2.4
      vertex 12.1813 20.95 0.5
    endloop
  endfacet
  facet normal 0.643956 0.29721 0.704973
    outer loop
      vertex 10.3143 20.4718 2.4
      vertex 12.0599 21.1964 0.5
      vertex 10.3137 20.4731 2.4
    endloop
  endfacet
  facet normal 0.589994 0.394449 0.704498
    outer loop
      vertex 10.8337 19.5722 2.4
      vertex 12.334 20.7216 0.5
      vertex 12.1813 20.95 0.5
    endloop
  endfacet
  facet normal 0.590536 0.393691 0.704468
    outer loop
      vertex 12.334 20.7216 0.5
      vertex 10.8337 19.5722 2.4
      vertex 10.8345 19.571 2.4
    endloop
  endfacet
  facet normal 0.467976 0.533564 0.704491
    outer loop
      vertex 11.571 18.8345 2.4
      vertex 12.7216 20.334 0.5
      vertex 11.1797 19.1777 2.4
    endloop
  endfacet
  facet normal 0.533564 -0.467976 0.704491
    outer loop
      vertex 12.334 23.2784 0.5
      vertex 11.1777 24.8203 2.4
      vertex 10.8345 24.429 2.4
    endloop
  endfacet
  facet normal 0.696085 -0.138399 0.704493
    outer loop
      vertex 11.918 22.2741 0.5
      vertex 10.1456 23.0313 2.4
      vertex 10.0441 22.5208 2.4
    endloop
  endfacet
  facet normal 0.467976 -0.533564 0.704491
    outer loop
      vertex 12.7216 23.666 0.5
      vertex 11.571 25.1655 2.4
      vertex 11.1797 24.8223 2.4
    endloop
  endfacet
  facet normal 0.394313 -0.590106 0.70448
    outer loop
      vertex 12.95 23.8187 0.5
      vertex 12.005 25.4555 2.4
      vertex 11.5722 25.1663 2.4
    endloop
  endfacet
  facet normal 0.313902 -0.636532 0.70448
    outer loop
      vertex 12.95 23.8187 0.5
      vertex 12.4718 25.6857 2.4
      vertex 12.005 25.4555 2.4
    endloop
  endfacet
  facet normal -0.467976 -0.533564 0.704491
    outer loop
      vertex 16.8203 24.8223 2.4
      vertex 16.429 25.1655 2.4
      vertex 15.2784 23.666 0.5
    endloop
  endfacet
  facet normal -0.590536 -0.393691 0.704468
    outer loop
      vertex 15.666 23.2784 0.5
      vertex 17.1663 24.4278 2.4
      vertex 17.1655 24.429 2.4
    endloop
  endfacet
  facet normal -0.589994 -0.394449 0.704498
    outer loop
      vertex 17.1663 24.4278 2.4
      vertex 15.666 23.2784 0.5
      vertex 15.8187 23.05 0.5
    endloop
  endfacet
  facet normal -0.693657 -0.148641 0.704802
    outer loop
      vertex 16.0284 22.5435 0.5
      vertex 17.8544 23.0313 2.4
      vertex 17.8541 23.0327 2.4
    endloop
  endfacet
  facet normal -0.696058 -0.138488 0.704503
    outer loop
      vertex 17.8544 23.0313 2.4
      vertex 16.0284 22.5435 0.5
      vertex 16.082 22.2741 0.5
    endloop
  endfacet
  facet normal -0.138399 -0.696085 0.704493
    outer loop
      vertex 15.0313 25.8544 2.4
      vertex 14.5208 25.9559 2.4
      vertex 14.2741 24.082 0.5
    endloop
  endfacet
  facet normal -0.67204 0.22815 0.704493
    outer loop
      vertex 17.6863 20.4731 2.4
      vertex 17.8536 20.9659 2.4
      vertex 15.9401 21.1964 0.5
    endloop
  endfacet
  facet normal -0.708044 0.0505746 0.704355
    outer loop
      vertex 16.1 22 0.5
      vertex 17.99 21.9986 2.4
      vertex 17.9901 22 2.4
    endloop
  endfacet
  facet normal -0.708186 0.0465062 0.704493
    outer loop
      vertex 17.99 21.9986 2.4
      vertex 16.1 22 0.5
      vertex 16.082 21.7259 0.5
    endloop
  endfacet
  facet normal -0.708185 0.0464943 0.704494
    outer loop
      vertex 17.9559 21.4792 2.4
      vertex 17.99 21.9986 2.4
      vertex 16.082 21.7259 0.5
    endloop
  endfacet
  facet normal -0.643956 0.29721 0.704973
    outer loop
      vertex 15.9401 21.1964 0.5
      vertex 17.6857 20.4718 2.4
      vertex 17.6863 20.4731 2.4
    endloop
  endfacet
  facet normal -0.636621 0.31366 0.704507
    outer loop
      vertex 17.6857 20.4718 2.4
      vertex 15.9401 21.1964 0.5
      vertex 15.8187 20.95 0.5
    endloop
  endfacet
  facet normal -0.696058 0.138488 0.704503
    outer loop
      vertex 16.0284 21.4565 0.5
      vertex 17.8544 20.9687 2.4
      vertex 16.082 21.7259 0.5
    endloop
  endfacet
  facet normal -0.693657 0.148641 0.704802
    outer loop
      vertex 17.8544 20.9687 2.4
      vertex 16.0284 21.4565 0.5
      vertex 17.8541 20.9673 2.4
    endloop
  endfacet
  facet normal -0.0464943 0.708185 0.704494
    outer loop
      vertex 14.5208 18.0441 2.4
      vertex 14.2741 19.918 0.5
      vertex 14.0014 18.01 2.4
    endloop
  endfacet
  facet normal -0.0465062 0.708186 0.704493
    outer loop
      vertex 14 19.9 0.5
      vertex 14.0014 18.01 2.4
      vertex 14.2741 19.918 0.5
    endloop
  endfacet
  facet normal -0.0505746 0.708044 0.704355
    outer loop
      vertex 14.0014 18.01 2.4
      vertex 14 19.9 0.5
      vertex 14 18.0099 2.4
    endloop
  endfacet
  facet normal 0.467955 0.533587 0.704488
    outer loop
      vertex 12.5151 20.5151 0.5
      vertex 11.1797 19.1777 2.4
      vertex 12.7216 20.334 0.5
    endloop
  endfacet
  facet normal 0.450045 0.550055 0.703491
    outer loop
      vertex 11.1797 19.1777 2.4
      vertex 12.5151 20.5151 0.5
      vertex 11.1786 19.1786 2.4
    endloop
  endfacet
  facet normal 0.67204 -0.22815 0.704493
    outer loop
      vertex 12.0599 22.8036 0.5
      vertex 10.3137 23.5269 2.4
      vertex 10.1464 23.0341 2.4
    endloop
  endfacet
  facet normal 0.708044 -0.0505746 0.704355
    outer loop
      vertex 11.9 22 0.5
      vertex 10.01 22.0014 2.4
      vertex 10.0099 22 2.4
    endloop
  endfacet
  facet normal 0.708186 -0.0465062 0.704493
    outer loop
      vertex 10.01 22.0014 2.4
      vertex 11.9 22 0.5
      vertex 11.918 22.2741 0.5
    endloop
  endfacet
  facet normal 0.708185 -0.0464943 0.704494
    outer loop
      vertex 11.918 22.2741 0.5
      vertex 10.0441 22.5208 2.4
      vertex 10.01 22.0014 2.4
    endloop
  endfacet
  facet normal 0.636621 -0.31366 0.704507
    outer loop
      vertex 10.3143 23.5282 2.4
      vertex 12.0599 22.8036 0.5
      vertex 12.1813 23.05 0.5
    endloop
  endfacet
  facet normal 0.643956 -0.29721 0.704973
    outer loop
      vertex 12.0599 22.8036 0.5
      vertex 10.3143 23.5282 2.4
      vertex 10.3137 23.5269 2.4
    endloop
  endfacet
  facet normal 0.693657 -0.148641 0.704802
    outer loop
      vertex 10.1456 23.0313 2.4
      vertex 11.9716 22.5435 0.5
      vertex 10.1459 23.0327 2.4
    endloop
  endfacet
  facet normal 0.696058 -0.138488 0.704503
    outer loop
      vertex 11.9716 22.5435 0.5
      vertex 10.1456 23.0313 2.4
      vertex 11.918 22.2741 0.5
    endloop
  endfacet
  facet normal 0.0464943 -0.708185 0.704494
    outer loop
      vertex 13.7259 24.082 0.5
      vertex 13.9986 25.99 2.4
      vertex 13.4792 25.9559 2.4
    endloop
  endfacet
  facet normal 0.0465062 -0.708186 0.704493
    outer loop
      vertex 14 24.1 0.5
      vertex 13.9986 25.99 2.4
      vertex 13.7259 24.082 0.5
    endloop
  endfacet
  facet normal 0.0505746 -0.708044 0.704355
    outer loop
      vertex 13.9986 25.99 2.4
      vertex 14 24.1 0.5
      vertex 14 25.9901 2.4
    endloop
  endfacet
  facet normal -0.22815 -0.67204 0.704493
    outer loop
      vertex 15.5269 25.6863 2.4
      vertex 15.0341 25.8536 2.4
      vertex 14.8036 23.9401 0.5
    endloop
  endfacet
  facet normal -0.0505746 -0.708044 0.704355
    outer loop
      vertex 14 24.1 0.5
      vertex 14.0014 25.99 2.4
      vertex 14 25.9901 2.4
    endloop
  endfacet
  facet normal -0.0465062 -0.708186 0.704493
    outer loop
      vertex 14.0014 25.99 2.4
      vertex 14 24.1 0.5
      vertex 14.2741 24.082 0.5
    endloop
  endfacet
  facet normal -0.0464943 -0.708185 0.704494
    outer loop
      vertex 14.2741 24.082 0.5
      vertex 14.5208 25.9559 2.4
      vertex 14.0014 25.99 2.4
    endloop
  endfacet
  facet normal -0.29721 -0.643956 0.704973
    outer loop
      vertex 14.8036 23.9401 0.5
      vertex 15.5282 25.6857 2.4
      vertex 15.5269 25.6863 2.4
    endloop
  endfacet
  facet normal -0.31366 -0.636621 0.704507
    outer loop
      vertex 15.5282 25.6857 2.4
      vertex 14.8036 23.9401 0.5
      vertex 15.05 23.8187 0.5
    endloop
  endfacet
  facet normal -0.148641 -0.693657 0.704802
    outer loop
      vertex 15.0313 25.8544 2.4
      vertex 14.5435 24.0284 0.5
      vertex 15.0327 25.8541 2.4
    endloop
  endfacet
  facet normal -0.138488 -0.696058 0.704503
    outer loop
      vertex 14.5435 24.0284 0.5
      vertex 15.0313 25.8544 2.4
      vertex 14.2741 24.082 0.5
    endloop
  endfacet
  facet normal -0.636532 0.313902 0.70448
    outer loop
      vertex 17.4555 20.005 2.4
      vertex 17.6857 20.4718 2.4
      vertex 15.8187 20.95 0.5
    endloop
  endfacet
  facet normal -0.148641 0.693657 0.704802
    outer loop
      vertex 14.5435 19.9716 0.5
      vertex 15.0313 18.1456 2.4
      vertex 15.0327 18.1459 2.4
    endloop
  endfacet
  facet normal -0.138488 0.696058 0.704503
    outer loop
      vertex 15.0313 18.1456 2.4
      vertex 14.5435 19.9716 0.5
      vertex 14.2741 19.918 0.5
    endloop
  endfacet
  facet normal -0.31366 0.636621 0.704507
    outer loop
      vertex 14.8036 20.0599 0.5
      vertex 15.5282 18.3143 2.4
      vertex 15.05 20.1813 0.5
    endloop
  endfacet
  facet normal -0.29721 0.643956 0.704973
    outer loop
      vertex 15.5282 18.3143 2.4
      vertex 14.8036 20.0599 0.5
      vertex 15.5269 18.3137 2.4
    endloop
  endfacet
  facet normal 0.696085 0.138399 0.704493
    outer loop
      vertex 10.1456 20.9687 2.4
      vertex 11.918 21.7259 0.5
      vertex 10.0441 21.4792 2.4
    endloop
  endfacet
  facet normal 0.67204 0.22815 0.704493
    outer loop
      vertex 10.3137 20.4731 2.4
      vertex 12.0599 21.1964 0.5
      vertex 10.1464 20.9659 2.4
    endloop
  endfacet
  facet normal 0.636532 0.313902 0.70448
    outer loop
      vertex 10.5445 20.005 2.4
      vertex 12.1813 20.95 0.5
      vertex 10.3143 20.4718 2.4
    endloop
  endfacet
  facet normal 0.590106 0.394313 0.70448
    outer loop
      vertex 10.8337 19.5722 2.4
      vertex 12.1813 20.95 0.5
      vertex 10.5445 20.005 2.4
    endloop
  endfacet
  facet normal 0.533587 0.467955 0.704488
    outer loop
      vertex 11.1777 19.1797 2.4
      vertex 12.5151 20.5151 0.5
      vertex 12.334 20.7216 0.5
    endloop
  endfacet
  facet normal 0.550055 0.450045 0.703491
    outer loop
      vertex 12.5151 20.5151 0.5
      vertex 11.1777 19.1797 2.4
      vertex 11.1786 19.1786 2.4
    endloop
  endfacet
  facet normal 0.533564 0.467976 0.704491
    outer loop
      vertex 11.1777 19.1797 2.4
      vertex 12.334 20.7216 0.5
      vertex 10.8345 19.571 2.4
    endloop
  endfacet
  facet normal 0.22815 0.67204 0.704493
    outer loop
      vertex 12.9659 18.1464 2.4
      vertex 13.1964 20.0599 0.5
      vertex 12.4731 18.3137 2.4
    endloop
  endfacet
  facet normal 0.138399 0.696085 0.704493
    outer loop
      vertex 13.4792 18.0441 2.4
      vertex 13.7259 19.918 0.5
      vertex 12.9687 18.1456 2.4
    endloop
  endfacet
  facet normal 0.31366 0.636621 0.704507
    outer loop
      vertex 12.4718 18.3143 2.4
      vertex 13.1964 20.0599 0.5
      vertex 12.95 20.1813 0.5
    endloop
  endfacet
  facet normal 0.29721 0.643956 0.704973
    outer loop
      vertex 13.1964 20.0599 0.5
      vertex 12.4718 18.3143 2.4
      vertex 12.4731 18.3137 2.4
    endloop
  endfacet
  facet normal 0.394313 0.590106 0.70448
    outer loop
      vertex 12.005 18.5445 2.4
      vertex 12.95 20.1813 0.5
      vertex 11.5722 18.8337 2.4
    endloop
  endfacet
  facet normal 0.636532 -0.313902 0.70448
    outer loop
      vertex 12.1813 23.05 0.5
      vertex 10.5445 23.995 2.4
      vertex 10.3143 23.5282 2.4
    endloop
  endfacet
  facet normal 0.138488 -0.696058 0.704503
    outer loop
      vertex 12.9687 25.8544 2.4
      vertex 13.4565 24.0284 0.5
      vertex 13.7259 24.082 0.5
    endloop
  endfacet
  facet normal 0.148641 -0.693657 0.704802
    outer loop
      vertex 13.4565 24.0284 0.5
      vertex 12.9687 25.8544 2.4
      vertex 12.9673 25.8541 2.4
    endloop
  endfacet
  facet normal 0.29721 -0.643956 0.704973
    outer loop
      vertex 12.4718 25.6857 2.4
      vertex 13.1964 23.9401 0.5
      vertex 12.4731 25.6863 2.4
    endloop
  endfacet
  facet normal 0.31366 -0.636621 0.704507
    outer loop
      vertex 13.1964 23.9401 0.5
      vertex 12.4718 25.6857 2.4
      vertex 12.95 23.8187 0.5
    endloop
  endfacet
  facet normal -0.313902 -0.636532 0.70448
    outer loop
      vertex 15.995 25.4555 2.4
      vertex 15.5282 25.6857 2.4
      vertex 15.05 23.8187 0.5
    endloop
  endfacet
  facet normal -0.636532 -0.313902 0.70448
    outer loop
      vertex 17.6857 23.5282 2.4
      vertex 17.4555 23.995 2.4
      vertex 15.8187 23.05 0.5
    endloop
  endfacet
  facet normal -0.590106 -0.394313 0.70448
    outer loop
      vertex 17.4555 23.995 2.4
      vertex 17.1663 24.4278 2.4
      vertex 15.8187 23.05 0.5
    endloop
  endfacet
  facet normal -0.590106 0.394313 0.70448
    outer loop
      vertex 17.1663 19.5722 2.4
      vertex 17.4555 20.005 2.4
      vertex 15.8187 20.95 0.5
    endloop
  endfacet
  facet normal -0.589994 0.394449 0.704498
    outer loop
      vertex 15.666 20.7216 0.5
      vertex 17.1663 19.5722 2.4
      vertex 15.8187 20.95 0.5
    endloop
  endfacet
  facet normal -0.590536 0.393691 0.704468
    outer loop
      vertex 17.1663 19.5722 2.4
      vertex 15.666 20.7216 0.5
      vertex 17.1655 19.571 2.4
    endloop
  endfacet
  facet normal -0.138399 0.696085 0.704493
    outer loop
      vertex 14.5208 18.0441 2.4
      vertex 15.0313 18.1456 2.4
      vertex 14.2741 19.918 0.5
    endloop
  endfacet
  facet normal 0.67204 0.228147 0.704493
    outer loop
      vertex 11.9716 21.4565 0.5
      vertex 10.1464 20.9659 2.4
      vertex 12.0599 21.1964 0.5
    endloop
  endfacet
  facet normal 0.668744 0.238837 0.704087
    outer loop
      vertex 10.1464 20.9659 2.4
      vertex 11.9716 21.4565 0.5
      vertex 10.1459 20.9673 2.4
    endloop
  endfacet
  facet normal 0.696058 0.138488 0.704503
    outer loop
      vertex 10.1456 20.9687 2.4
      vertex 11.9716 21.4565 0.5
      vertex 11.918 21.7259 0.5
    endloop
  endfacet
  facet normal 0.693657 0.148641 0.704802
    outer loop
      vertex 11.9716 21.4565 0.5
      vertex 10.1456 20.9687 2.4
      vertex 10.1459 20.9673 2.4
    endloop
  endfacet
  facet normal 0.0505746 0.708044 0.704355
    outer loop
      vertex 14 19.9 0.5
      vertex 13.9986 18.01 2.4
      vertex 14 18.0099 2.4
    endloop
  endfacet
  facet normal 0.0465062 0.708186 0.704493
    outer loop
      vertex 13.9986 18.01 2.4
      vertex 14 19.9 0.5
      vertex 13.7259 19.918 0.5
    endloop
  endfacet
  facet normal 0.0464943 0.708185 0.704494
    outer loop
      vertex 13.9986 18.01 2.4
      vertex 13.7259 19.918 0.5
      vertex 13.4792 18.0441 2.4
    endloop
  endfacet
  facet normal 0.394449 0.589994 0.704498
    outer loop
      vertex 12.7216 20.334 0.5
      vertex 11.5722 18.8337 2.4
      vertex 12.95 20.1813 0.5
    endloop
  endfacet
  facet normal 0.393691 0.590536 0.704468
    outer loop
      vertex 11.5722 18.8337 2.4
      vertex 12.7216 20.334 0.5
      vertex 11.571 18.8345 2.4
    endloop
  endfacet
  facet normal 0.313902 0.636532 0.70448
    outer loop
      vertex 12.4718 18.3143 2.4
      vertex 12.95 20.1813 0.5
      vertex 12.005 18.5445 2.4
    endloop
  endfacet
  facet normal 0.590106 -0.394313 0.70448
    outer loop
      vertex 12.1813 23.05 0.5
      vertex 10.8337 24.4278 2.4
      vertex 10.5445 23.995 2.4
    endloop
  endfacet
  facet normal 0.590536 -0.393691 0.704468
    outer loop
      vertex 10.8337 24.4278 2.4
      vertex 12.334 23.2784 0.5
      vertex 10.8345 24.429 2.4
    endloop
  endfacet
  facet normal 0.589994 -0.394449 0.704498
    outer loop
      vertex 12.334 23.2784 0.5
      vertex 10.8337 24.4278 2.4
      vertex 12.1813 23.05 0.5
    endloop
  endfacet
  facet normal 0.138399 -0.696085 0.704493
    outer loop
      vertex 13.7259 24.082 0.5
      vertex 13.4792 25.9559 2.4
      vertex 12.9687 25.8544 2.4
    endloop
  endfacet
  facet normal -0.394313 -0.590106 0.70448
    outer loop
      vertex 16.4278 25.1663 2.4
      vertex 15.995 25.4555 2.4
      vertex 15.05 23.8187 0.5
    endloop
  endfacet
  facet normal -0.393691 -0.590536 0.704468
    outer loop
      vertex 16.4278 25.1663 2.4
      vertex 15.2784 23.666 0.5
      vertex 16.429 25.1655 2.4
    endloop
  endfacet
  facet normal -0.394449 -0.589994 0.704498
    outer loop
      vertex 15.2784 23.666 0.5
      vertex 16.4278 25.1663 2.4
      vertex 15.05 23.8187 0.5
    endloop
  endfacet
  facet normal -0.668744 -0.238837 0.704087
    outer loop
      vertex 17.8536 23.0341 2.4
      vertex 16.0284 22.5435 0.5
      vertex 17.8541 23.0327 2.4
    endloop
  endfacet
  facet normal -0.67204 -0.228147 0.704493
    outer loop
      vertex 16.0284 22.5435 0.5
      vertex 17.8536 23.0341 2.4
      vertex 15.9401 22.8036 0.5
    endloop
  endfacet
  facet normal -0.668744 0.238837 0.704087
    outer loop
      vertex 16.0284 21.4565 0.5
      vertex 17.8536 20.9659 2.4
      vertex 17.8541 20.9673 2.4
    endloop
  endfacet
  facet normal -0.67204 0.228147 0.704493
    outer loop
      vertex 17.8536 20.9659 2.4
      vertex 16.0284 21.4565 0.5
      vertex 15.9401 21.1964 0.5
    endloop
  endfacet
  facet normal -0.22815 0.67204 0.704493
    outer loop
      vertex 15.0341 18.1464 2.4
      vertex 15.5269 18.3137 2.4
      vertex 14.8036 20.0599 0.5
    endloop
  endfacet
  facet normal -0.228147 0.67204 0.704493
    outer loop
      vertex 14.5435 19.9716 0.5
      vertex 15.0341 18.1464 2.4
      vertex 14.8036 20.0599 0.5
    endloop
  endfacet
  facet normal -0.238837 0.668744 0.704087
    outer loop
      vertex 15.0341 18.1464 2.4
      vertex 14.5435 19.9716 0.5
      vertex 15.0327 18.1459 2.4
    endloop
  endfacet
  facet normal 0.138488 0.696058 0.704503
    outer loop
      vertex 13.4565 19.9716 0.5
      vertex 12.9687 18.1456 2.4
      vertex 13.7259 19.918 0.5
    endloop
  endfacet
  facet normal 0.148641 0.693657 0.704802
    outer loop
      vertex 12.9687 18.1456 2.4
      vertex 13.4565 19.9716 0.5
      vertex 12.9673 18.1459 2.4
    endloop
  endfacet
  facet normal 0.67204 -0.228147 0.704493
    outer loop
      vertex 10.1464 23.0341 2.4
      vertex 11.9716 22.5435 0.5
      vertex 12.0599 22.8036 0.5
    endloop
  endfacet
  facet normal 0.668744 -0.238837 0.704087
    outer loop
      vertex 11.9716 22.5435 0.5
      vertex 10.1464 23.0341 2.4
      vertex 10.1459 23.0327 2.4
    endloop
  endfacet
  facet normal 0.22815 -0.67204 0.704493
    outer loop
      vertex 13.1964 23.9401 0.5
      vertex 12.9659 25.8536 2.4
      vertex 12.4731 25.6863 2.4
    endloop
  endfacet
  facet normal 0.238837 -0.668744 0.704087
    outer loop
      vertex 12.9659 25.8536 2.4
      vertex 13.4565 24.0284 0.5
      vertex 12.9673 25.8541 2.4
    endloop
  endfacet
  facet normal 0.228147 -0.67204 0.704493
    outer loop
      vertex 13.4565 24.0284 0.5
      vertex 12.9659 25.8536 2.4
      vertex 13.1964 23.9401 0.5
    endloop
  endfacet
  facet normal -0.238837 -0.668744 0.704087
    outer loop
      vertex 14.5435 24.0284 0.5
      vertex 15.0341 25.8536 2.4
      vertex 15.0327 25.8541 2.4
    endloop
  endfacet
  facet normal -0.228147 -0.67204 0.704493
    outer loop
      vertex 15.0341 25.8536 2.4
      vertex 14.5435 24.0284 0.5
      vertex 14.8036 23.9401 0.5
    endloop
  endfacet
  facet normal -0.643956 -0.29721 0.704973
    outer loop
      vertex 17.6857 23.5282 2.4
      vertex 15.9401 22.8036 0.5
      vertex 17.6863 23.5269 2.4
    endloop
  endfacet
  facet normal -0.636621 -0.31366 0.704507
    outer loop
      vertex 15.9401 22.8036 0.5
      vertex 17.6857 23.5282 2.4
      vertex 15.8187 23.05 0.5
    endloop
  endfacet
  facet normal -0.67204 -0.22815 0.704493
    outer loop
      vertex 17.8536 23.0341 2.4
      vertex 17.6863 23.5269 2.4
      vertex 15.9401 22.8036 0.5
    endloop
  endfacet
  facet normal -0.897033 -0.441964 0
    outer loop
      vertex 39.9401 22.8036 0
      vertex 39.8187 23.05 0.5
      vertex 39.8187 23.05 0
    endloop
  endfacet
  facet normal -0.897033 -0.441964 0
    outer loop
      vertex 39.8187 23.05 0.5
      vertex 39.9401 22.8036 0
      vertex 39.9401 22.8036 0.5
    endloop
  endfacet
  facet normal -0.831322 -0.555792 0
    outer loop
      vertex 39.8187 23.05 0
      vertex 39.666 23.2784 0.5
      vertex 39.666 23.2784 0
    endloop
  endfacet
  facet normal -0.831322 -0.555792 0
    outer loop
      vertex 39.666 23.2784 0.5
      vertex 39.8187 23.05 0
      vertex 39.8187 23.05 0.5
    endloop
  endfacet
  facet normal -0.321465 -0.946921 0
    outer loop
      vertex 38.5435 24.0284 0
      vertex 38.8036 23.9401 0.5
      vertex 38.5435 24.0284 0.5
    endloop
  endfacet
  facet normal -0.321465 -0.946921 -0
    outer loop
      vertex 38.8036 23.9401 0.5
      vertex 38.5435 24.0284 0
      vertex 38.8036 23.9401 0
    endloop
  endfacet
  facet normal 0.441964 -0.897033 0
    outer loop
      vertex 36.95 23.8187 0
      vertex 37.1964 23.9401 0.5
      vertex 36.95 23.8187 0.5
    endloop
  endfacet
  facet normal 0.441964 -0.897033 0
    outer loop
      vertex 37.1964 23.9401 0.5
      vertex 36.95 23.8187 0
      vertex 37.1964 23.9401 0
    endloop
  endfacet
  facet normal 0.897033 -0.441964 0
    outer loop
      vertex 36.0599 22.8036 0.5
      vertex 36.1813 23.05 0
      vertex 36.1813 23.05 0.5
    endloop
  endfacet
  facet normal 0.897033 -0.441964 0
    outer loop
      vertex 36.1813 23.05 0
      vertex 36.0599 22.8036 0.5
      vertex 36.0599 22.8036 0
    endloop
  endfacet
  facet normal -0.997851 0.0655283 0
    outer loop
      vertex 40.082 21.7259 0
      vertex 40.1 22 0.5
      vertex 40.1 22 0
    endloop
  endfacet
  facet normal -0.997851 0.0655283 0
    outer loop
      vertex 40.1 22 0.5
      vertex 40.082 21.7259 0
      vertex 40.082 21.7259 0.5
    endloop
  endfacet
  facet normal -0.0655283 -0.997851 0
    outer loop
      vertex 38 24.1 0
      vertex 38.2741 24.082 0.5
      vertex 38 24.1 0.5
    endloop
  endfacet
  facet normal -0.0655283 -0.997851 -0
    outer loop
      vertex 38.2741 24.082 0.5
      vertex 38 24.1 0
      vertex 38.2741 24.082 0
    endloop
  endfacet
  facet normal -0.555792 -0.831322 0
    outer loop
      vertex 39.05 23.8187 0
      vertex 39.2784 23.666 0.5
      vertex 39.05 23.8187 0.5
    endloop
  endfacet
  facet normal -0.555792 -0.831322 -0
    outer loop
      vertex 39.2784 23.666 0.5
      vertex 39.05 23.8187 0
      vertex 39.2784 23.666 0
    endloop
  endfacet
  facet normal 0.997851 -0.0655283 0
    outer loop
      vertex 35.9 22 0.5
      vertex 35.918 22.2741 0
      vertex 35.918 22.2741 0.5
    endloop
  endfacet
  facet normal 0.997851 -0.0655283 0
    outer loop
      vertex 35.918 22.2741 0
      vertex 35.9 22 0.5
      vertex 35.9 22 0
    endloop
  endfacet
  facet normal 0.831322 -0.555792 0
    outer loop
      vertex 36.1813 23.05 0.5
      vertex 36.334 23.2784 0
      vertex 36.334 23.2784 0.5
    endloop
  endfacet
  facet normal 0.831322 -0.555792 0
    outer loop
      vertex 36.334 23.2784 0
      vertex 36.1813 23.05 0.5
      vertex 36.1813 23.05 0
    endloop
  endfacet
  facet normal 0.555792 -0.831322 0
    outer loop
      vertex 36.7216 23.666 0
      vertex 36.95 23.8187 0.5
      vertex 36.7216 23.666 0.5
    endloop
  endfacet
  facet normal 0.555792 -0.831322 0
    outer loop
      vertex 36.95 23.8187 0.5
      vertex 36.7216 23.666 0
      vertex 36.95 23.8187 0
    endloop
  endfacet
  facet normal 0.321465 -0.946921 0
    outer loop
      vertex 37.1964 23.9401 0
      vertex 37.4565 24.0284 0.5
      vertex 37.1964 23.9401 0.5
    endloop
  endfacet
  facet normal 0.321465 -0.946921 0
    outer loop
      vertex 37.4565 24.0284 0.5
      vertex 37.1964 23.9401 0
      vertex 37.4565 24.0284 0
    endloop
  endfacet
  facet normal -0.555792 0.831322 0
    outer loop
      vertex 39.2784 20.334 0
      vertex 39.05 20.1813 0.5
      vertex 39.2784 20.334 0.5
    endloop
  endfacet
  facet normal -0.555792 0.831322 0
    outer loop
      vertex 39.05 20.1813 0.5
      vertex 39.2784 20.334 0
      vertex 39.05 20.1813 0
    endloop
  endfacet
  facet normal -0.980776 -0.195136 0
    outer loop
      vertex 40.082 22.2741 0
      vertex 40.0284 22.5435 0.5
      vertex 40.0284 22.5435 0
    endloop
  endfacet
  facet normal -0.980776 -0.195136 0
    outer loop
      vertex 40.0284 22.5435 0.5
      vertex 40.082 22.2741 0
      vertex 40.082 22.2741 0.5
    endloop
  endfacet
  facet normal -0.946921 -0.321465 0
    outer loop
      vertex 40.0284 22.5435 0
      vertex 39.9401 22.8036 0.5
      vertex 39.9401 22.8036 0
    endloop
  endfacet
  facet normal -0.946921 -0.321465 0
    outer loop
      vertex 39.9401 22.8036 0.5
      vertex 40.0284 22.5435 0
      vertex 40.0284 22.5435 0.5
    endloop
  endfacet
  facet normal -0.659355 -0.751832 0
    outer loop
      vertex 39.2784 23.666 0
      vertex 39.4849 23.4849 0.5
      vertex 39.2784 23.666 0.5
    endloop
  endfacet
  facet normal -0.659355 -0.751832 -0
    outer loop
      vertex 39.4849 23.4849 0.5
      vertex 39.2784 23.666 0
      vertex 39.4849 23.4849 0
    endloop
  endfacet
  facet normal 0.0655283 -0.997851 0
    outer loop
      vertex 37.7259 24.082 0
      vertex 38 24.1 0.5
      vertex 37.7259 24.082 0.5
    endloop
  endfacet
  facet normal 0.0655283 -0.997851 0
    outer loop
      vertex 38 24.1 0.5
      vertex 37.7259 24.082 0
      vertex 38 24.1 0
    endloop
  endfacet
  facet normal -0.195136 -0.980776 0
    outer loop
      vertex 38.2741 24.082 0
      vertex 38.5435 24.0284 0.5
      vertex 38.2741 24.082 0.5
    endloop
  endfacet
  facet normal -0.195136 -0.980776 -0
    outer loop
      vertex 38.5435 24.0284 0.5
      vertex 38.2741 24.082 0
      vertex 38.5435 24.0284 0
    endloop
  endfacet
  facet normal -0.441964 -0.897033 0
    outer loop
      vertex 38.8036 23.9401 0
      vertex 39.05 23.8187 0.5
      vertex 38.8036 23.9401 0.5
    endloop
  endfacet
  facet normal -0.441964 -0.897033 -0
    outer loop
      vertex 39.05 23.8187 0.5
      vertex 38.8036 23.9401 0
      vertex 39.05 23.8187 0
    endloop
  endfacet
  facet normal 0.946921 -0.321465 0
    outer loop
      vertex 35.9716 22.5435 0.5
      vertex 36.0599 22.8036 0
      vertex 36.0599 22.8036 0.5
    endloop
  endfacet
  facet normal 0.946921 -0.321465 0
    outer loop
      vertex 36.0599 22.8036 0
      vertex 35.9716 22.5435 0.5
      vertex 35.9716 22.5435 0
    endloop
  endfacet
  facet normal 0.980776 -0.195136 0
    outer loop
      vertex 35.918 22.2741 0.5
      vertex 35.9716 22.5435 0
      vertex 35.9716 22.5435 0.5
    endloop
  endfacet
  facet normal 0.980776 -0.195136 0
    outer loop
      vertex 35.9716 22.5435 0
      vertex 35.918 22.2741 0.5
      vertex 35.918 22.2741 0
    endloop
  endfacet
  facet normal 0.195136 -0.980776 0
    outer loop
      vertex 37.4565 24.0284 0
      vertex 37.7259 24.082 0.5
      vertex 37.4565 24.0284 0.5
    endloop
  endfacet
  facet normal 0.195136 -0.980776 0
    outer loop
      vertex 37.7259 24.082 0.5
      vertex 37.4565 24.0284 0
      vertex 37.7259 24.082 0
    endloop
  endfacet
  facet normal 0.659355 -0.751832 0
    outer loop
      vertex 36.5151 23.4849 0
      vertex 36.7216 23.666 0.5
      vertex 36.5151 23.4849 0.5
    endloop
  endfacet
  facet normal 0.659355 -0.751832 0
    outer loop
      vertex 36.7216 23.666 0.5
      vertex 36.5151 23.4849 0
      vertex 36.7216 23.666 0
    endloop
  endfacet
  facet normal 0.751832 -0.659355 0
    outer loop
      vertex 36.334 23.2784 0.5
      vertex 36.5151 23.4849 0
      vertex 36.5151 23.4849 0.5
    endloop
  endfacet
  facet normal 0.751832 -0.659355 0
    outer loop
      vertex 36.5151 23.4849 0
      vertex 36.334 23.2784 0.5
      vertex 36.334 23.2784 0
    endloop
  endfacet
  facet normal -0.997851 -0.0655283 0
    outer loop
      vertex 40.1 22 0
      vertex 40.082 22.2741 0.5
      vertex 40.082 22.2741 0
    endloop
  endfacet
  facet normal -0.997851 -0.0655283 0
    outer loop
      vertex 40.082 22.2741 0.5
      vertex 40.1 22 0
      vertex 40.1 22 0.5
    endloop
  endfacet
  facet normal -0.980776 0.195136 0
    outer loop
      vertex 40.0284 21.4565 0
      vertex 40.082 21.7259 0.5
      vertex 40.082 21.7259 0
    endloop
  endfacet
  facet normal -0.980776 0.195136 0
    outer loop
      vertex 40.082 21.7259 0.5
      vertex 40.0284 21.4565 0
      vertex 40.0284 21.4565 0.5
    endloop
  endfacet
  facet normal -0.831322 0.555792 0
    outer loop
      vertex 39.666 20.7216 0
      vertex 39.8187 20.95 0.5
      vertex 39.8187 20.95 0
    endloop
  endfacet
  facet normal -0.831322 0.555792 0
    outer loop
      vertex 39.8187 20.95 0.5
      vertex 39.666 20.7216 0
      vertex 39.666 20.7216 0.5
    endloop
  endfacet
  facet normal -0.0655283 0.997851 0
    outer loop
      vertex 38.2741 19.918 0
      vertex 38 19.9 0.5
      vertex 38.2741 19.918 0.5
    endloop
  endfacet
  facet normal -0.0655283 0.997851 0
    outer loop
      vertex 38 19.9 0.5
      vertex 38.2741 19.918 0
      vertex 38 19.9 0
    endloop
  endfacet
  facet normal -0.195136 0.980776 0
    outer loop
      vertex 38.5435 19.9716 0
      vertex 38.2741 19.918 0.5
      vertex 38.5435 19.9716 0.5
    endloop
  endfacet
  facet normal -0.195136 0.980776 0
    outer loop
      vertex 38.2741 19.918 0.5
      vertex 38.5435 19.9716 0
      vertex 38.2741 19.918 0
    endloop
  endfacet
  facet normal -0.441964 0.897033 0
    outer loop
      vertex 39.05 20.1813 0
      vertex 38.8036 20.0599 0.5
      vertex 39.05 20.1813 0.5
    endloop
  endfacet
  facet normal -0.441964 0.897033 0
    outer loop
      vertex 38.8036 20.0599 0.5
      vertex 39.05 20.1813 0
      vertex 38.8036 20.0599 0
    endloop
  endfacet
  facet normal -0.751832 -0.659355 0
    outer loop
      vertex 39.666 23.2784 0
      vertex 39.4849 23.4849 0.5
      vertex 39.4849 23.4849 0
    endloop
  endfacet
  facet normal -0.751832 -0.659355 0
    outer loop
      vertex 39.4849 23.4849 0.5
      vertex 39.666 23.2784 0
      vertex 39.666 23.2784 0.5
    endloop
  endfacet
  facet normal -0.897033 0.441964 0
    outer loop
      vertex 39.8187 20.95 0
      vertex 39.9401 21.1964 0.5
      vertex 39.9401 21.1964 0
    endloop
  endfacet
  facet normal -0.897033 0.441964 0
    outer loop
      vertex 39.9401 21.1964 0.5
      vertex 39.8187 20.95 0
      vertex 39.8187 20.95 0.5
    endloop
  endfacet
  facet normal -0.946921 0.321465 0
    outer loop
      vertex 39.9401 21.1964 0
      vertex 40.0284 21.4565 0.5
      vertex 40.0284 21.4565 0
    endloop
  endfacet
  facet normal -0.946921 0.321465 0
    outer loop
      vertex 40.0284 21.4565 0.5
      vertex 39.9401 21.1964 0
      vertex 39.9401 21.1964 0.5
    endloop
  endfacet
  facet normal -0.751832 0.659355 0
    outer loop
      vertex 39.4849 20.5151 0
      vertex 39.666 20.7216 0.5
      vertex 39.666 20.7216 0
    endloop
  endfacet
  facet normal -0.751832 0.659355 0
    outer loop
      vertex 39.666 20.7216 0.5
      vertex 39.4849 20.5151 0
      vertex 39.4849 20.5151 0.5
    endloop
  endfacet
  facet normal 0.321465 0.946921 -0
    outer loop
      vertex 37.4565 19.9716 0
      vertex 37.1964 20.0599 0.5
      vertex 37.4565 19.9716 0.5
    endloop
  endfacet
  facet normal 0.321465 0.946921 0
    outer loop
      vertex 37.1964 20.0599 0.5
      vertex 37.4565 19.9716 0
      vertex 37.1964 20.0599 0
    endloop
  endfacet
  facet normal 0.831322 0.555792 0
    outer loop
      vertex 36.334 20.7216 0.5
      vertex 36.1813 20.95 0
      vertex 36.1813 20.95 0.5
    endloop
  endfacet
  facet normal 0.831322 0.555792 0
    outer loop
      vertex 36.1813 20.95 0
      vertex 36.334 20.7216 0.5
      vertex 36.334 20.7216 0
    endloop
  endfacet
  facet normal -0.321465 0.946921 0
    outer loop
      vertex 38.8036 20.0599 0
      vertex 38.5435 19.9716 0.5
      vertex 38.8036 20.0599 0.5
    endloop
  endfacet
  facet normal -0.321465 0.946921 0
    outer loop
      vertex 38.5435 19.9716 0.5
      vertex 38.8036 20.0599 0
      vertex 38.5435 19.9716 0
    endloop
  endfacet
  facet normal -0.659355 0.751832 0
    outer loop
      vertex 39.4849 20.5151 0
      vertex 39.2784 20.334 0.5
      vertex 39.4849 20.5151 0.5
    endloop
  endfacet
  facet normal -0.659355 0.751832 0
    outer loop
      vertex 39.2784 20.334 0.5
      vertex 39.4849 20.5151 0
      vertex 39.2784 20.334 0
    endloop
  endfacet
  facet normal 0.555792 0.831322 -0
    outer loop
      vertex 36.95 20.1813 0
      vertex 36.7216 20.334 0.5
      vertex 36.95 20.1813 0.5
    endloop
  endfacet
  facet normal 0.555792 0.831322 0
    outer loop
      vertex 36.7216 20.334 0.5
      vertex 36.95 20.1813 0
      vertex 36.7216 20.334 0
    endloop
  endfacet
  facet normal 0.195136 0.980776 -0
    outer loop
      vertex 37.7259 19.918 0
      vertex 37.4565 19.9716 0.5
      vertex 37.7259 19.918 0.5
    endloop
  endfacet
  facet normal 0.195136 0.980776 0
    outer loop
      vertex 37.4565 19.9716 0.5
      vertex 37.7259 19.918 0
      vertex 37.4565 19.9716 0
    endloop
  endfacet
  facet normal 0.0655283 0.997851 -0
    outer loop
      vertex 38 19.9 0
      vertex 37.7259 19.918 0.5
      vertex 38 19.9 0.5
    endloop
  endfacet
  facet normal 0.0655283 0.997851 0
    outer loop
      vertex 37.7259 19.918 0.5
      vertex 38 19.9 0
      vertex 37.7259 19.918 0
    endloop
  endfacet
  facet normal 0.946921 0.321465 0
    outer loop
      vertex 36.0599 21.1964 0.5
      vertex 35.9716 21.4565 0
      vertex 35.9716 21.4565 0.5
    endloop
  endfacet
  facet normal 0.946921 0.321465 0
    outer loop
      vertex 35.9716 21.4565 0
      vertex 36.0599 21.1964 0.5
      vertex 36.0599 21.1964 0
    endloop
  endfacet
  facet normal 0.980776 0.195136 0
    outer loop
      vertex 35.9716 21.4565 0.5
      vertex 35.918 21.7259 0
      vertex 35.918 21.7259 0.5
    endloop
  endfacet
  facet normal 0.980776 0.195136 0
    outer loop
      vertex 35.918 21.7259 0
      vertex 35.9716 21.4565 0.5
      vertex 35.9716 21.4565 0
    endloop
  endfacet
  facet normal 0.997851 0.0655283 0
    outer loop
      vertex 35.918 21.7259 0.5
      vertex 35.9 22 0
      vertex 35.9 22 0.5
    endloop
  endfacet
  facet normal 0.997851 0.0655283 0
    outer loop
      vertex 35.9 22 0
      vertex 35.918 21.7259 0.5
      vertex 35.918 21.7259 0
    endloop
  endfacet
  facet normal 0.897033 0.441964 0
    outer loop
      vertex 36.1813 20.95 0.5
      vertex 36.0599 21.1964 0
      vertex 36.0599 21.1964 0.5
    endloop
  endfacet
  facet normal 0.897033 0.441964 0
    outer loop
      vertex 36.0599 21.1964 0
      vertex 36.1813 20.95 0.5
      vertex 36.1813 20.95 0
    endloop
  endfacet
  facet normal 0.751832 0.659355 0
    outer loop
      vertex 36.5151 20.5151 0.5
      vertex 36.334 20.7216 0
      vertex 36.334 20.7216 0.5
    endloop
  endfacet
  facet normal 0.751832 0.659355 0
    outer loop
      vertex 36.334 20.7216 0
      vertex 36.5151 20.5151 0.5
      vertex 36.5151 20.5151 0
    endloop
  endfacet
  facet normal 0.659355 0.751832 -0
    outer loop
      vertex 36.7216 20.334 0
      vertex 36.5151 20.5151 0.5
      vertex 36.7216 20.334 0.5
    endloop
  endfacet
  facet normal 0.659355 0.751832 0
    outer loop
      vertex 36.5151 20.5151 0.5
      vertex 36.7216 20.334 0
      vertex 36.5151 20.5151 0
    endloop
  endfacet
  facet normal 0.441964 0.897033 -0
    outer loop
      vertex 37.1964 20.0599 0
      vertex 36.95 20.1813 0.5
      vertex 37.1964 20.0599 0.5
    endloop
  endfacet
  facet normal 0.441964 0.897033 0
    outer loop
      vertex 36.95 20.1813 0.5
      vertex 37.1964 20.0599 0
      vertex 36.95 20.1813 0
    endloop
  endfacet
  facet normal -0.708186 -0.0465062 0.704493
    outer loop
      vertex 40.1 22 0.5
      vertex 41.99 22.0014 2.4
      vertex 40.082 22.2741 0.5
    endloop
  endfacet
  facet normal -0.708044 -0.0505746 0.704355
    outer loop
      vertex 41.99 22.0014 2.4
      vertex 40.1 22 0.5
      vertex 41.9901 22 2.4
    endloop
  endfacet
  facet normal 0.467955 -0.533587 0.704488
    outer loop
      vertex 35.1797 24.8223 2.4
      vertex 36.5151 23.4849 0.5
      vertex 36.7216 23.666 0.5
    endloop
  endfacet
  facet normal 0.450045 -0.550055 0.703491
    outer loop
      vertex 36.5151 23.4849 0.5
      vertex 35.1797 24.8223 2.4
      vertex 35.1786 24.8214 2.4
    endloop
  endfacet
  facet normal -0.533564 -0.467976 0.704491
    outer loop
      vertex 41.1655 24.429 2.4
      vertex 40.8223 24.8203 2.4
      vertex 39.666 23.2784 0.5
    endloop
  endfacet
  facet normal -0.450045 0.550055 0.703491
    outer loop
      vertex 39.4849 20.5151 0.5
      vertex 40.8203 19.1777 2.4
      vertex 40.8214 19.1786 2.4
    endloop
  endfacet
  facet normal -0.467955 0.533587 0.704488
    outer loop
      vertex 40.8203 19.1777 2.4
      vertex 39.4849 20.5151 0.5
      vertex 39.2784 20.334 0.5
    endloop
  endfacet
  facet normal 0.708044 0.0505746 0.704355
    outer loop
      vertex 34.01 21.9986 2.4
      vertex 35.9 22 0.5
      vertex 34.0099 22 2.4
    endloop
  endfacet
  facet normal 0.708186 0.0465062 0.704493
    outer loop
      vertex 35.9 22 0.5
      vertex 34.01 21.9986 2.4
      vertex 35.918 21.7259 0.5
    endloop
  endfacet
  facet normal -0.696085 -0.138399 0.704493
    outer loop
      vertex 41.9559 22.5208 2.4
      vertex 41.8544 23.0313 2.4
      vertex 40.082 22.2741 0.5
    endloop
  endfacet
  facet normal -0.533587 0.467955 0.704488
    outer loop
      vertex 39.4849 20.5151 0.5
      vertex 40.8223 19.1797 2.4
      vertex 39.666 20.7216 0.5
    endloop
  endfacet
  facet normal -0.550055 0.450045 0.703491
    outer loop
      vertex 40.8223 19.1797 2.4
      vertex 39.4849 20.5151 0.5
      vertex 40.8214 19.1786 2.4
    endloop
  endfacet
  facet normal -0.393691 0.590536 0.704468
    outer loop
      vertex 39.2784 20.334 0.5
      vertex 40.4278 18.8337 2.4
      vertex 40.429 18.8345 2.4
    endloop
  endfacet
  facet normal -0.394449 0.589994 0.704498
    outer loop
      vertex 40.4278 18.8337 2.4
      vertex 39.2784 20.334 0.5
      vertex 39.05 20.1813 0.5
    endloop
  endfacet
  facet normal 0.708185 0.0464943 0.704494
    outer loop
      vertex 34.0441 21.4792 2.4
      vertex 35.918 21.7259 0.5
      vertex 34.01 21.9986 2.4
    endloop
  endfacet
  facet normal 0.228147 0.67204 0.704493
    outer loop
      vertex 36.9659 18.1464 2.4
      vertex 37.4565 19.9716 0.5
      vertex 37.1964 20.0599 0.5
    endloop
  endfacet
  facet normal 0.238837 0.668744 0.704087
    outer loop
      vertex 37.4565 19.9716 0.5
      vertex 36.9659 18.1464 2.4
      vertex 36.9673 18.1459 2.4
    endloop
  endfacet
  facet normal 0.550055 -0.450045 0.703491
    outer loop
      vertex 35.1777 24.8203 2.4
      vertex 36.5151 23.4849 0.5
      vertex 35.1786 24.8214 2.4
    endloop
  endfacet
  facet normal 0.533587 -0.467955 0.704488
    outer loop
      vertex 36.5151 23.4849 0.5
      vertex 35.1777 24.8203 2.4
      vertex 36.334 23.2784 0.5
    endloop
  endfacet
  facet normal 0.394449 -0.589994 0.704498
    outer loop
      vertex 35.5722 25.1663 2.4
      vertex 36.7216 23.666 0.5
      vertex 36.95 23.8187 0.5
    endloop
  endfacet
  facet normal 0.393691 -0.590536 0.704468
    outer loop
      vertex 36.7216 23.666 0.5
      vertex 35.5722 25.1663 2.4
      vertex 35.571 25.1655 2.4
    endloop
  endfacet
  facet normal -0.550055 -0.450045 0.703491
    outer loop
      vertex 39.4849 23.4849 0.5
      vertex 40.8223 24.8203 2.4
      vertex 40.8214 24.8214 2.4
    endloop
  endfacet
  facet normal -0.533587 -0.467955 0.704488
    outer loop
      vertex 40.8223 24.8203 2.4
      vertex 39.4849 23.4849 0.5
      vertex 39.666 23.2784 0.5
    endloop
  endfacet
  facet normal -0.450045 -0.550055 0.703491
    outer loop
      vertex 40.8203 24.8223 2.4
      vertex 39.4849 23.4849 0.5
      vertex 40.8214 24.8214 2.4
    endloop
  endfacet
  facet normal -0.467955 -0.533587 0.704488
    outer loop
      vertex 39.4849 23.4849 0.5
      vertex 40.8203 24.8223 2.4
      vertex 39.2784 23.666 0.5
    endloop
  endfacet
  facet normal -0.708185 -0.0464943 0.704494
    outer loop
      vertex 41.99 22.0014 2.4
      vertex 41.9559 22.5208 2.4
      vertex 40.082 22.2741 0.5
    endloop
  endfacet
  facet normal -0.533564 0.467976 0.704491
    outer loop
      vertex 40.8223 19.1797 2.4
      vertex 41.1655 19.571 2.4
      vertex 39.666 20.7216 0.5
    endloop
  endfacet
  facet normal -0.696085 0.138399 0.704493
    outer loop
      vertex 41.8544 20.9687 2.4
      vertex 41.9559 21.4792 2.4
      vertex 40.082 21.7259 0.5
    endloop
  endfacet
  facet normal -0.467976 0.533564 0.704491
    outer loop
      vertex 40.429 18.8345 2.4
      vertex 40.8203 19.1777 2.4
      vertex 39.2784 20.334 0.5
    endloop
  endfacet
  facet normal -0.394313 0.590106 0.70448
    outer loop
      vertex 39.995 18.5445 2.4
      vertex 40.4278 18.8337 2.4
      vertex 39.05 20.1813 0.5
    endloop
  endfacet
  facet normal -0.313902 0.636532 0.70448
    outer loop
      vertex 39.5282 18.3143 2.4
      vertex 39.995 18.5445 2.4
      vertex 39.05 20.1813 0.5
    endloop
  endfacet
  facet normal 0.636621 0.31366 0.704507
    outer loop
      vertex 36.0599 21.1964 0.5
      vertex 34.3143 20.4718 2.4
      vertex 36.1813 20.95 0.5
    endloop
  endfacet
  facet normal 0.643956 0.29721 0.704973
    outer loop
      vertex 34.3143 20.4718 2.4
      vertex 36.0599 21.1964 0.5
      vertex 34.3137 20.4731 2.4
    endloop
  endfacet
  facet normal 0.589994 0.394449 0.704498
    outer loop
      vertex 34.8337 19.5722 2.4
      vertex 36.334 20.7216 0.5
      vertex 36.1813 20.95 0.5
    endloop
  endfacet
  facet normal 0.590536 0.393691 0.704468
    outer loop
      vertex 36.334 20.7216 0.5
      vertex 34.8337 19.5722 2.4
      vertex 34.8345 19.571 2.4
    endloop
  endfacet
  facet normal 0.467976 0.533564 0.704491
    outer loop
      vertex 35.571 18.8345 2.4
      vertex 36.7216 20.334 0.5
      vertex 35.1797 19.1777 2.4
    endloop
  endfacet
  facet normal 0.533564 -0.467976 0.704491
    outer loop
      vertex 36.334 23.2784 0.5
      vertex 35.1777 24.8203 2.4
      vertex 34.8345 24.429 2.4
    endloop
  endfacet
  facet normal 0.696085 -0.138399 0.704493
    outer loop
      vertex 35.918 22.2741 0.5
      vertex 34.1456 23.0313 2.4
      vertex 34.0441 22.5208 2.4
    endloop
  endfacet
  facet normal 0.467976 -0.533564 0.704491
    outer loop
      vertex 36.7216 23.666 0.5
      vertex 35.571 25.1655 2.4
      vertex 35.1797 24.8223 2.4
    endloop
  endfacet
  facet normal 0.394313 -0.590106 0.70448
    outer loop
      vertex 36.95 23.8187 0.5
      vertex 36.005 25.4555 2.4
      vertex 35.5722 25.1663 2.4
    endloop
  endfacet
  facet normal 0.313902 -0.636532 0.70448
    outer loop
      vertex 36.95 23.8187 0.5
      vertex 36.4718 25.6857 2.4
      vertex 36.005 25.4555 2.4
    endloop
  endfacet
  facet normal -0.467976 -0.533564 0.704491
    outer loop
      vertex 40.8203 24.8223 2.4
      vertex 40.429 25.1655 2.4
      vertex 39.2784 23.666 0.5
    endloop
  endfacet
  facet normal -0.590536 -0.393691 0.704468
    outer loop
      vertex 39.666 23.2784 0.5
      vertex 41.1663 24.4278 2.4
      vertex 41.1655 24.429 2.4
    endloop
  endfacet
  facet normal -0.589994 -0.394449 0.704498
    outer loop
      vertex 41.1663 24.4278 2.4
      vertex 39.666 23.2784 0.5
      vertex 39.8187 23.05 0.5
    endloop
  endfacet
  facet normal -0.693657 -0.148641 0.704802
    outer loop
      vertex 40.0284 22.5435 0.5
      vertex 41.8544 23.0313 2.4
      vertex 41.8541 23.0327 2.4
    endloop
  endfacet
  facet normal -0.696058 -0.138488 0.704503
    outer loop
      vertex 41.8544 23.0313 2.4
      vertex 40.0284 22.5435 0.5
      vertex 40.082 22.2741 0.5
    endloop
  endfacet
  facet normal -0.138399 -0.696085 0.704493
    outer loop
      vertex 39.0313 25.8544 2.4
      vertex 38.5208 25.9559 2.4
      vertex 38.2741 24.082 0.5
    endloop
  endfacet
  facet normal -0.67204 0.22815 0.704493
    outer loop
      vertex 41.6863 20.4731 2.4
      vertex 41.8536 20.9659 2.4
      vertex 39.9401 21.1964 0.5
    endloop
  endfacet
  facet normal -0.708044 0.0505746 0.704355
    outer loop
      vertex 40.1 22 0.5
      vertex 41.99 21.9986 2.4
      vertex 41.9901 22 2.4
    endloop
  endfacet
  facet normal -0.708186 0.0465062 0.704493
    outer loop
      vertex 41.99 21.9986 2.4
      vertex 40.1 22 0.5
      vertex 40.082 21.7259 0.5
    endloop
  endfacet
  facet normal -0.708185 0.0464943 0.704494
    outer loop
      vertex 41.9559 21.4792 2.4
      vertex 41.99 21.9986 2.4
      vertex 40.082 21.7259 0.5
    endloop
  endfacet
  facet normal -0.643956 0.29721 0.704973
    outer loop
      vertex 39.9401 21.1964 0.5
      vertex 41.6857 20.4718 2.4
      vertex 41.6863 20.4731 2.4
    endloop
  endfacet
  facet normal -0.636621 0.31366 0.704507
    outer loop
      vertex 41.6857 20.4718 2.4
      vertex 39.9401 21.1964 0.5
      vertex 39.8187 20.95 0.5
    endloop
  endfacet
  facet normal -0.696058 0.138488 0.704503
    outer loop
      vertex 40.0284 21.4565 0.5
      vertex 41.8544 20.9687 2.4
      vertex 40.082 21.7259 0.5
    endloop
  endfacet
  facet normal -0.693657 0.148641 0.704802
    outer loop
      vertex 41.8544 20.9687 2.4
      vertex 40.0284 21.4565 0.5
      vertex 41.8541 20.9673 2.4
    endloop
  endfacet
  facet normal -0.0464943 0.708185 0.704494
    outer loop
      vertex 38.5208 18.0441 2.4
      vertex 38.2741 19.918 0.5
      vertex 38.0014 18.01 2.4
    endloop
  endfacet
  facet normal -0.0465062 0.708186 0.704493
    outer loop
      vertex 38 19.9 0.5
      vertex 38.0014 18.01 2.4
      vertex 38.2741 19.918 0.5
    endloop
  endfacet
  facet normal -0.0505746 0.708044 0.704355
    outer loop
      vertex 38.0014 18.01 2.4
      vertex 38 19.9 0.5
      vertex 38 18.0099 2.4
    endloop
  endfacet
  facet normal 0.467955 0.533587 0.704488
    outer loop
      vertex 36.5151 20.5151 0.5
      vertex 35.1797 19.1777 2.4
      vertex 36.7216 20.334 0.5
    endloop
  endfacet
  facet normal 0.450045 0.550055 0.703491
    outer loop
      vertex 35.1797 19.1777 2.4
      vertex 36.5151 20.5151 0.5
      vertex 35.1786 19.1786 2.4
    endloop
  endfacet
  facet normal 0.67204 -0.22815 0.704493
    outer loop
      vertex 36.0599 22.8036 0.5
      vertex 34.3137 23.5269 2.4
      vertex 34.1464 23.0341 2.4
    endloop
  endfacet
  facet normal 0.708044 -0.0505746 0.704355
    outer loop
      vertex 35.9 22 0.5
      vertex 34.01 22.0014 2.4
      vertex 34.0099 22 2.4
    endloop
  endfacet
  facet normal 0.708186 -0.0465062 0.704493
    outer loop
      vertex 34.01 22.0014 2.4
      vertex 35.9 22 0.5
      vertex 35.918 22.2741 0.5
    endloop
  endfacet
  facet normal 0.708185 -0.0464943 0.704494
    outer loop
      vertex 35.918 22.2741 0.5
      vertex 34.0441 22.5208 2.4
      vertex 34.01 22.0014 2.4
    endloop
  endfacet
  facet normal 0.636621 -0.31366 0.704507
    outer loop
      vertex 34.3143 23.5282 2.4
      vertex 36.0599 22.8036 0.5
      vertex 36.1813 23.05 0.5
    endloop
  endfacet
  facet normal 0.643956 -0.29721 0.704973
    outer loop
      vertex 36.0599 22.8036 0.5
      vertex 34.3143 23.5282 2.4
      vertex 34.3137 23.5269 2.4
    endloop
  endfacet
  facet normal 0.693657 -0.148641 0.704802
    outer loop
      vertex 34.1456 23.0313 2.4
      vertex 35.9716 22.5435 0.5
      vertex 34.1459 23.0327 2.4
    endloop
  endfacet
  facet normal 0.696058 -0.138488 0.704503
    outer loop
      vertex 35.9716 22.5435 0.5
      vertex 34.1456 23.0313 2.4
      vertex 35.918 22.2741 0.5
    endloop
  endfacet
  facet normal 0.0464943 -0.708185 0.704494
    outer loop
      vertex 37.7259 24.082 0.5
      vertex 37.9986 25.99 2.4
      vertex 37.4792 25.9559 2.4
    endloop
  endfacet
  facet normal 0.0465062 -0.708186 0.704493
    outer loop
      vertex 38 24.1 0.5
      vertex 37.9986 25.99 2.4
      vertex 37.7259 24.082 0.5
    endloop
  endfacet
  facet normal 0.0505746 -0.708044 0.704355
    outer loop
      vertex 37.9986 25.99 2.4
      vertex 38 24.1 0.5
      vertex 38 25.9901 2.4
    endloop
  endfacet
  facet normal -0.22815 -0.67204 0.704493
    outer loop
      vertex 39.5269 25.6863 2.4
      vertex 39.0341 25.8536 2.4
      vertex 38.8036 23.9401 0.5
    endloop
  endfacet
  facet normal -0.0505746 -0.708044 0.704355
    outer loop
      vertex 38 24.1 0.5
      vertex 38.0014 25.99 2.4
      vertex 38 25.9901 2.4
    endloop
  endfacet
  facet normal -0.0465062 -0.708186 0.704493
    outer loop
      vertex 38.0014 25.99 2.4
      vertex 38 24.1 0.5
      vertex 38.2741 24.082 0.5
    endloop
  endfacet
  facet normal -0.0464943 -0.708185 0.704494
    outer loop
      vertex 38.2741 24.082 0.5
      vertex 38.5208 25.9559 2.4
      vertex 38.0014 25.99 2.4
    endloop
  endfacet
  facet normal -0.29721 -0.643956 0.704973
    outer loop
      vertex 38.8036 23.9401 0.5
      vertex 39.5282 25.6857 2.4
      vertex 39.5269 25.6863 2.4
    endloop
  endfacet
  facet normal -0.31366 -0.636621 0.704507
    outer loop
      vertex 39.5282 25.6857 2.4
      vertex 38.8036 23.9401 0.5
      vertex 39.05 23.8187 0.5
    endloop
  endfacet
  facet normal -0.148641 -0.693657 0.704802
    outer loop
      vertex 39.0313 25.8544 2.4
      vertex 38.5435 24.0284 0.5
      vertex 39.0327 25.8541 2.4
    endloop
  endfacet
  facet normal -0.138488 -0.696058 0.704503
    outer loop
      vertex 38.5435 24.0284 0.5
      vertex 39.0313 25.8544 2.4
      vertex 38.2741 24.082 0.5
    endloop
  endfacet
  facet normal -0.636532 0.313902 0.70448
    outer loop
      vertex 41.4555 20.005 2.4
      vertex 41.6857 20.4718 2.4
      vertex 39.8187 20.95 0.5
    endloop
  endfacet
  facet normal -0.148641 0.693657 0.704802
    outer loop
      vertex 38.5435 19.9716 0.5
      vertex 39.0313 18.1456 2.4
      vertex 39.0327 18.1459 2.4
    endloop
  endfacet
  facet normal -0.138488 0.696058 0.704503
    outer loop
      vertex 39.0313 18.1456 2.4
      vertex 38.5435 19.9716 0.5
      vertex 38.2741 19.918 0.5
    endloop
  endfacet
  facet normal -0.31366 0.636621 0.704507
    outer loop
      vertex 38.8036 20.0599 0.5
      vertex 39.5282 18.3143 2.4
      vertex 39.05 20.1813 0.5
    endloop
  endfacet
  facet normal -0.29721 0.643956 0.704973
    outer loop
      vertex 39.5282 18.3143 2.4
      vertex 38.8036 20.0599 0.5
      vertex 39.5269 18.3137 2.4
    endloop
  endfacet
  facet normal 0.696085 0.138399 0.704493
    outer loop
      vertex 34.1456 20.9687 2.4
      vertex 35.918 21.7259 0.5
      vertex 34.0441 21.4792 2.4
    endloop
  endfacet
  facet normal 0.67204 0.22815 0.704493
    outer loop
      vertex 34.3137 20.4731 2.4
      vertex 36.0599 21.1964 0.5
      vertex 34.1464 20.9659 2.4
    endloop
  endfacet
  facet normal 0.636532 0.313902 0.70448
    outer loop
      vertex 34.5445 20.005 2.4
      vertex 36.1813 20.95 0.5
      vertex 34.3143 20.4718 2.4
    endloop
  endfacet
  facet normal 0.590106 0.394313 0.70448
    outer loop
      vertex 34.8337 19.5722 2.4
      vertex 36.1813 20.95 0.5
      vertex 34.5445 20.005 2.4
    endloop
  endfacet
  facet normal 0.533587 0.467955 0.704488
    outer loop
      vertex 35.1777 19.1797 2.4
      vertex 36.5151 20.5151 0.5
      vertex 36.334 20.7216 0.5
    endloop
  endfacet
  facet normal 0.550055 0.450045 0.703491
    outer loop
      vertex 36.5151 20.5151 0.5
      vertex 35.1777 19.1797 2.4
      vertex 35.1786 19.1786 2.4
    endloop
  endfacet
  facet normal 0.533564 0.467976 0.704491
    outer loop
      vertex 35.1777 19.1797 2.4
      vertex 36.334 20.7216 0.5
      vertex 34.8345 19.571 2.4
    endloop
  endfacet
  facet normal 0.22815 0.67204 0.704493
    outer loop
      vertex 36.9659 18.1464 2.4
      vertex 37.1964 20.0599 0.5
      vertex 36.4731 18.3137 2.4
    endloop
  endfacet
  facet normal 0.138399 0.696085 0.704493
    outer loop
      vertex 37.4792 18.0441 2.4
      vertex 37.7259 19.918 0.5
      vertex 36.9687 18.1456 2.4
    endloop
  endfacet
  facet normal 0.31366 0.636621 0.704507
    outer loop
      vertex 36.4718 18.3143 2.4
      vertex 37.1964 20.0599 0.5
      vertex 36.95 20.1813 0.5
    endloop
  endfacet
  facet normal 0.29721 0.643956 0.704973
    outer loop
      vertex 37.1964 20.0599 0.5
      vertex 36.4718 18.3143 2.4
      vertex 36.4731 18.3137 2.4
    endloop
  endfacet
  facet normal 0.394313 0.590106 0.70448
    outer loop
      vertex 36.005 18.5445 2.4
      vertex 36.95 20.1813 0.5
      vertex 35.5722 18.8337 2.4
    endloop
  endfacet
  facet normal 0.636532 -0.313902 0.70448
    outer loop
      vertex 36.1813 23.05 0.5
      vertex 34.5445 23.995 2.4
      vertex 34.3143 23.5282 2.4
    endloop
  endfacet
  facet normal 0.138488 -0.696058 0.704503
    outer loop
      vertex 36.9687 25.8544 2.4
      vertex 37.4565 24.0284 0.5
      vertex 37.7259 24.082 0.5
    endloop
  endfacet
  facet normal 0.148641 -0.693657 0.704802
    outer loop
      vertex 37.4565 24.0284 0.5
      vertex 36.9687 25.8544 2.4
      vertex 36.9673 25.8541 2.4
    endloop
  endfacet
  facet normal 0.29721 -0.643956 0.704973
    outer loop
      vertex 36.4718 25.6857 2.4
      vertex 37.1964 23.9401 0.5
      vertex 36.4731 25.6863 2.4
    endloop
  endfacet
  facet normal 0.31366 -0.636621 0.704507
    outer loop
      vertex 37.1964 23.9401 0.5
      vertex 36.4718 25.6857 2.4
      vertex 36.95 23.8187 0.5
    endloop
  endfacet
  facet normal -0.313902 -0.636532 0.70448
    outer loop
      vertex 39.995 25.4555 2.4
      vertex 39.5282 25.6857 2.4
      vertex 39.05 23.8187 0.5
    endloop
  endfacet
  facet normal -0.636532 -0.313902 0.70448
    outer loop
      vertex 41.6857 23.5282 2.4
      vertex 41.4555 23.995 2.4
      vertex 39.8187 23.05 0.5
    endloop
  endfacet
  facet normal -0.590106 -0.394313 0.70448
    outer loop
      vertex 41.4555 23.995 2.4
      vertex 41.1663 24.4278 2.4
      vertex 39.8187 23.05 0.5
    endloop
  endfacet
  facet normal -0.590106 0.394313 0.70448
    outer loop
      vertex 41.1663 19.5722 2.4
      vertex 41.4555 20.005 2.4
      vertex 39.8187 20.95 0.5
    endloop
  endfacet
  facet normal -0.589994 0.394449 0.704498
    outer loop
      vertex 39.666 20.7216 0.5
      vertex 41.1663 19.5722 2.4
      vertex 39.8187 20.95 0.5
    endloop
  endfacet
  facet normal -0.590536 0.393691 0.704468
    outer loop
      vertex 41.1663 19.5722 2.4
      vertex 39.666 20.7216 0.5
      vertex 41.1655 19.571 2.4
    endloop
  endfacet
  facet normal -0.138399 0.696085 0.704493
    outer loop
      vertex 38.5208 18.0441 2.4
      vertex 39.0313 18.1456 2.4
      vertex 38.2741 19.918 0.5
    endloop
  endfacet
  facet normal 0.67204 0.228147 0.704493
    outer loop
      vertex 35.9716 21.4565 0.5
      vertex 34.1464 20.9659 2.4
      vertex 36.0599 21.1964 0.5
    endloop
  endfacet
  facet normal 0.668744 0.238837 0.704087
    outer loop
      vertex 34.1464 20.9659 2.4
      vertex 35.9716 21.4565 0.5
      vertex 34.1459 20.9673 2.4
    endloop
  endfacet
  facet normal 0.696058 0.138488 0.704503
    outer loop
      vertex 34.1456 20.9687 2.4
      vertex 35.9716 21.4565 0.5
      vertex 35.918 21.7259 0.5
    endloop
  endfacet
  facet normal 0.693657 0.148641 0.704802
    outer loop
      vertex 35.9716 21.4565 0.5
      vertex 34.1456 20.9687 2.4
      vertex 34.1459 20.9673 2.4
    endloop
  endfacet
  facet normal 0.0505746 0.708044 0.704355
    outer loop
      vertex 38 19.9 0.5
      vertex 37.9986 18.01 2.4
      vertex 38 18.0099 2.4
    endloop
  endfacet
  facet normal 0.0465062 0.708186 0.704493
    outer loop
      vertex 37.9986 18.01 2.4
      vertex 38 19.9 0.5
      vertex 37.7259 19.918 0.5
    endloop
  endfacet
  facet normal 0.0464943 0.708185 0.704494
    outer loop
      vertex 37.9986 18.01 2.4
      vertex 37.7259 19.918 0.5
      vertex 37.4792 18.0441 2.4
    endloop
  endfacet
  facet normal 0.394449 0.589994 0.704498
    outer loop
      vertex 36.7216 20.334 0.5
      vertex 35.5722 18.8337 2.4
      vertex 36.95 20.1813 0.5
    endloop
  endfacet
  facet normal 0.393691 0.590536 0.704468
    outer loop
      vertex 35.5722 18.8337 2.4
      vertex 36.7216 20.334 0.5
      vertex 35.571 18.8345 2.4
    endloop
  endfacet
  facet normal 0.313902 0.636532 0.70448
    outer loop
      vertex 36.4718 18.3143 2.4
      vertex 36.95 20.1813 0.5
      vertex 36.005 18.5445 2.4
    endloop
  endfacet
  facet normal 0.590106 -0.394313 0.70448
    outer loop
      vertex 36.1813 23.05 0.5
      vertex 34.8337 24.4278 2.4
      vertex 34.5445 23.995 2.4
    endloop
  endfacet
  facet normal 0.590536 -0.393691 0.704468
    outer loop
      vertex 34.8337 24.4278 2.4
      vertex 36.334 23.2784 0.5
      vertex 34.8345 24.429 2.4
    endloop
  endfacet
  facet normal 0.589994 -0.394449 0.704498
    outer loop
      vertex 36.334 23.2784 0.5
      vertex 34.8337 24.4278 2.4
      vertex 36.1813 23.05 0.5
    endloop
  endfacet
  facet normal 0.138399 -0.696085 0.704493
    outer loop
      vertex 37.7259 24.082 0.5
      vertex 37.4792 25.9559 2.4
      vertex 36.9687 25.8544 2.4
    endloop
  endfacet
  facet normal -0.394313 -0.590106 0.70448
    outer loop
      vertex 40.4278 25.1663 2.4
      vertex 39.995 25.4555 2.4
      vertex 39.05 23.8187 0.5
    endloop
  endfacet
  facet normal -0.393691 -0.590536 0.704468
    outer loop
      vertex 40.4278 25.1663 2.4
      vertex 39.2784 23.666 0.5
      vertex 40.429 25.1655 2.4
    endloop
  endfacet
  facet normal -0.394449 -0.589994 0.704498
    outer loop
      vertex 39.2784 23.666 0.5
      vertex 40.4278 25.1663 2.4
      vertex 39.05 23.8187 0.5
    endloop
  endfacet
  facet normal -0.668744 -0.238837 0.704087
    outer loop
      vertex 41.8536 23.0341 2.4
      vertex 40.0284 22.5435 0.5
      vertex 41.8541 23.0327 2.4
    endloop
  endfacet
  facet normal -0.67204 -0.228147 0.704493
    outer loop
      vertex 40.0284 22.5435 0.5
      vertex 41.8536 23.0341 2.4
      vertex 39.9401 22.8036 0.5
    endloop
  endfacet
  facet normal -0.668744 0.238837 0.704087
    outer loop
      vertex 40.0284 21.4565 0.5
      vertex 41.8536 20.9659 2.4
      vertex 41.8541 20.9673 2.4
    endloop
  endfacet
  facet normal -0.67204 0.228147 0.704493
    outer loop
      vertex 41.8536 20.9659 2.4
      vertex 40.0284 21.4565 0.5
      vertex 39.9401 21.1964 0.5
    endloop
  endfacet
  facet normal -0.22815 0.67204 0.704493
    outer loop
      vertex 39.0341 18.1464 2.4
      vertex 39.5269 18.3137 2.4
      vertex 38.8036 20.0599 0.5
    endloop
  endfacet
  facet normal -0.228147 0.67204 0.704493
    outer loop
      vertex 38.5435 19.9716 0.5
      vertex 39.0341 18.1464 2.4
      vertex 38.8036 20.0599 0.5
    endloop
  endfacet
  facet normal -0.238837 0.668744 0.704087
    outer loop
      vertex 39.0341 18.1464 2.4
      vertex 38.5435 19.9716 0.5
      vertex 39.0327 18.1459 2.4
    endloop
  endfacet
  facet normal 0.138488 0.696058 0.704503
    outer loop
      vertex 37.4565 19.9716 0.5
      vertex 36.9687 18.1456 2.4
      vertex 37.7259 19.918 0.5
    endloop
  endfacet
  facet normal 0.148641 0.693657 0.704802
    outer loop
      vertex 36.9687 18.1456 2.4
      vertex 37.4565 19.9716 0.5
      vertex 36.9673 18.1459 2.4
    endloop
  endfacet
  facet normal 0.67204 -0.228147 0.704493
    outer loop
      vertex 34.1464 23.0341 2.4
      vertex 35.9716 22.5435 0.5
      vertex 36.0599 22.8036 0.5
    endloop
  endfacet
  facet normal 0.668744 -0.238837 0.704087
    outer loop
      vertex 35.9716 22.5435 0.5
      vertex 34.1464 23.0341 2.4
      vertex 34.1459 23.0327 2.4
    endloop
  endfacet
  facet normal 0.22815 -0.67204 0.704493
    outer loop
      vertex 37.1964 23.9401 0.5
      vertex 36.9659 25.8536 2.4
      vertex 36.4731 25.6863 2.4
    endloop
  endfacet
  facet normal 0.238837 -0.668744 0.704087
    outer loop
      vertex 36.9659 25.8536 2.4
      vertex 37.4565 24.0284 0.5
      vertex 36.9673 25.8541 2.4
    endloop
  endfacet
  facet normal 0.228147 -0.67204 0.704493
    outer loop
      vertex 37.4565 24.0284 0.5
      vertex 36.9659 25.8536 2.4
      vertex 37.1964 23.9401 0.5
    endloop
  endfacet
  facet normal -0.238837 -0.668744 0.704087
    outer loop
      vertex 38.5435 24.0284 0.5
      vertex 39.0341 25.8536 2.4
      vertex 39.0327 25.8541 2.4
    endloop
  endfacet
  facet normal -0.228147 -0.67204 0.704493
    outer loop
      vertex 39.0341 25.8536 2.4
      vertex 38.5435 24.0284 0.5
      vertex 38.8036 23.9401 0.5
    endloop
  endfacet
  facet normal -0.643956 -0.29721 0.704973
    outer loop
      vertex 41.6857 23.5282 2.4
      vertex 39.9401 22.8036 0.5
      vertex 41.6863 23.5269 2.4
    endloop
  endfacet
  facet normal -0.636621 -0.31366 0.704507
    outer loop
      vertex 39.9401 22.8036 0.5
      vertex 41.6857 23.5282 2.4
      vertex 39.8187 23.05 0.5
    endloop
  endfacet
  facet normal -0.67204 -0.22815 0.704493
    outer loop
      vertex 41.8536 23.0341 2.4
      vertex 41.6863 23.5269 2.4
      vertex 39.9401 22.8036 0.5
    endloop
  endfacet
  facet normal -0.0654873 0 0.997853
    outer loop
      vertex 26 2.39999 27.4
      vertex 26.3916 0 27.4257
      vertex 26.3916 2.39999 27.4257
    endloop
  endfacet
  facet normal -0.0654873 0 0.997853
    outer loop
      vertex 26.3916 0 27.4257
      vertex 26 2.39999 27.4
      vertex 26 0 27.4
    endloop
  endfacet
  facet normal -0.751724 0 0.659478
    outer loop
      vertex 28.1213 0 28.2787
      vertex 28.3801 2.39999 28.5737
      vertex 28.1213 2.39999 28.2787
    endloop
  endfacet
  facet normal -0.751724 0 0.659478
    outer loop
      vertex 28.3801 2.39999 28.5737
      vertex 28.1213 0 28.2787
      vertex 28.3801 0 28.5737
    endloop
  endfacet
  facet normal -0.946858 0 0.321651
    outer loop
      vertex 28.7716 0 29.252
      vertex 28.8978 2.39999 29.6235
      vertex 28.7716 2.39999 29.252
    endloop
  endfacet
  facet normal -0.946858 0 0.321651
    outer loop
      vertex 28.8978 2.39999 29.6235
      vertex 28.7716 0 29.252
      vertex 28.8978 0 29.6235
    endloop
  endfacet
  facet normal 0.659478 0 0.751724
    outer loop
      vertex 23.8787 2.39999 28.2787
      vertex 24.1737 0 28.0199
      vertex 24.1737 2.39999 28.0199
    endloop
  endfacet
  facet normal 0.659478 0 0.751724
    outer loop
      vertex 24.1737 0 28.0199
      vertex 23.8787 2.39999 28.2787
      vertex 23.8787 0 28.2787
    endloop
  endfacet
  facet normal -0.321651 0 0.946858
    outer loop
      vertex 26.7765 2.39999 27.5022
      vertex 27.148 0 27.6284
      vertex 27.148 2.39999 27.6284
    endloop
  endfacet
  facet normal -0.321651 0 0.946858
    outer loop
      vertex 27.148 0 27.6284
      vertex 26.7765 2.39999 27.5022
      vertex 26.7765 0 27.5022
    endloop
  endfacet
  facet normal -0.44211 0 0.896961
    outer loop
      vertex 27.148 2.39999 27.6284
      vertex 27.5 0 27.8019
      vertex 27.5 2.39999 27.8019
    endloop
  endfacet
  facet normal -0.44211 0 0.896961
    outer loop
      vertex 27.5 0 27.8019
      vertex 27.148 2.39999 27.6284
      vertex 27.148 0 27.6284
    endloop
  endfacet
  facet normal -0.896961 0 0.44211
    outer loop
      vertex 28.5981 0 28.9
      vertex 28.7716 2.39999 29.252
      vertex 28.5981 2.39999 28.9
    endloop
  endfacet
  facet normal -0.896961 0 0.44211
    outer loop
      vertex 28.7716 2.39999 29.252
      vertex 28.5981 0 28.9
      vertex 28.7716 0 29.252
    endloop
  endfacet
  facet normal 0.321651 0 0.946858
    outer loop
      vertex 24.852 2.39999 27.6284
      vertex 25.2235 0 27.5022
      vertex 25.2235 2.39999 27.5022
    endloop
  endfacet
  facet normal 0.321651 0 0.946858
    outer loop
      vertex 25.2235 0 27.5022
      vertex 24.852 2.39999 27.6284
      vertex 24.852 0 27.6284
    endloop
  endfacet
  facet normal 0.44211 0 0.896961
    outer loop
      vertex 24.5 2.39999 27.8019
      vertex 24.852 0 27.6284
      vertex 24.852 2.39999 27.6284
    endloop
  endfacet
  facet normal 0.44211 0 0.896961
    outer loop
      vertex 24.852 0 27.6284
      vertex 24.5 2.39999 27.8019
      vertex 24.5 0 27.8019
    endloop
  endfacet
  facet normal 0.896961 -0 0.44211
    outer loop
      vertex 23.2284 0 29.252
      vertex 23.4019 2.39999 28.9
      vertex 23.2284 2.39999 29.252
    endloop
  endfacet
  facet normal 0.896961 0 0.44211
    outer loop
      vertex 23.4019 2.39999 28.9
      vertex 23.2284 0 29.252
      vertex 23.4019 0 28.9
    endloop
  endfacet
  facet normal 0.946858 -0 0.321651
    outer loop
      vertex 23.1022 0 29.6235
      vertex 23.2284 2.39999 29.252
      vertex 23.1022 2.39999 29.6235
    endloop
  endfacet
  facet normal 0.946858 0 0.321651
    outer loop
      vertex 23.2284 2.39999 29.252
      vertex 23.1022 0 29.6235
      vertex 23.2284 0 29.252
    endloop
  endfacet
  facet normal 0.997853 -0 0.0654873
    outer loop
      vertex 23 0 30.4
      vertex 23.0257 2.39999 30.0084
      vertex 23 2.39999 30.4
    endloop
  endfacet
  facet normal 0.997853 0 0.0654873
    outer loop
      vertex 23.0257 2.39999 30.0084
      vertex 23 0 30.4
      vertex 23.0257 0 30.0084
    endloop
  endfacet
  facet normal -0.19494 0 0.980815
    outer loop
      vertex 26.3916 2.39999 27.4257
      vertex 26.7765 0 27.5022
      vertex 26.7765 2.39999 27.5022
    endloop
  endfacet
  facet normal -0.19494 0 0.980815
    outer loop
      vertex 26.7765 0 27.5022
      vertex 26.3916 2.39999 27.4257
      vertex 26.3916 0 27.4257
    endloop
  endfacet
  facet normal -0.555523 0 0.831501
    outer loop
      vertex 27.5 2.39999 27.8019
      vertex 27.8263 0 28.0199
      vertex 27.8263 2.39999 28.0199
    endloop
  endfacet
  facet normal -0.555523 0 0.831501
    outer loop
      vertex 27.8263 0 28.0199
      vertex 27.5 2.39999 27.8019
      vertex 27.5 0 27.8019
    endloop
  endfacet
  facet normal -0.659478 0 0.751724
    outer loop
      vertex 27.8263 2.39999 28.0199
      vertex 28.1213 0 28.2787
      vertex 28.1213 2.39999 28.2787
    endloop
  endfacet
  facet normal -0.659478 0 0.751724
    outer loop
      vertex 28.1213 0 28.2787
      vertex 27.8263 2.39999 28.0199
      vertex 27.8263 0 28.0199
    endloop
  endfacet
  facet normal -0.831501 0 0.555523
    outer loop
      vertex 28.3801 0 28.5737
      vertex 28.5981 2.39999 28.9
      vertex 28.3801 2.39999 28.5737
    endloop
  endfacet
  facet normal -0.831501 0 0.555523
    outer loop
      vertex 28.5981 2.39999 28.9
      vertex 28.3801 0 28.5737
      vertex 28.5981 0 28.9
    endloop
  endfacet
  facet normal -0.980815 0 0.19494
    outer loop
      vertex 28.8978 0 29.6235
      vertex 28.9743 2.39999 30.0084
      vertex 28.8978 2.39999 29.6235
    endloop
  endfacet
  facet normal -0.980815 0 0.19494
    outer loop
      vertex 28.9743 2.39999 30.0084
      vertex 28.8978 0 29.6235
      vertex 28.9743 0 30.0084
    endloop
  endfacet
  facet normal -0.997853 0 0.0654873
    outer loop
      vertex 28.9743 0 30.0084
      vertex 29 2.39999 30.4
      vertex 28.9743 2.39999 30.0084
    endloop
  endfacet
  facet normal -0.997853 0 0.0654873
    outer loop
      vertex 29 2.39999 30.4
      vertex 28.9743 0 30.0084
      vertex 29 0 30.4
    endloop
  endfacet
  facet normal 0.555523 0 0.831501
    outer loop
      vertex 24.1737 2.39999 28.0199
      vertex 24.5 0 27.8019
      vertex 24.5 2.39999 27.8019
    endloop
  endfacet
  facet normal 0.555523 0 0.831501
    outer loop
      vertex 24.5 0 27.8019
      vertex 24.1737 2.39999 28.0199
      vertex 24.1737 0 28.0199
    endloop
  endfacet
  facet normal 0.19494 0 0.980815
    outer loop
      vertex 25.2235 2.39999 27.5022
      vertex 25.6084 0 27.4257
      vertex 25.6084 2.39999 27.4257
    endloop
  endfacet
  facet normal 0.19494 0 0.980815
    outer loop
      vertex 25.6084 0 27.4257
      vertex 25.2235 2.39999 27.5022
      vertex 25.2235 0 27.5022
    endloop
  endfacet
  facet normal 0.0654873 0 0.997853
    outer loop
      vertex 25.6084 2.39999 27.4257
      vertex 26 0 27.4
      vertex 26 2.39999 27.4
    endloop
  endfacet
  facet normal 0.0654873 0 0.997853
    outer loop
      vertex 26 0 27.4
      vertex 25.6084 2.39999 27.4257
      vertex 25.6084 0 27.4257
    endloop
  endfacet
  facet normal 0.831501 -0 0.555523
    outer loop
      vertex 23.4019 0 28.9
      vertex 23.6199 2.39999 28.5737
      vertex 23.4019 2.39999 28.9
    endloop
  endfacet
  facet normal 0.831501 0 0.555523
    outer loop
      vertex 23.6199 2.39999 28.5737
      vertex 23.4019 0 28.9
      vertex 23.6199 0 28.5737
    endloop
  endfacet
  facet normal 0.751724 -0 0.659478
    outer loop
      vertex 23.6199 0 28.5737
      vertex 23.8787 2.39999 28.2787
      vertex 23.6199 2.39999 28.5737
    endloop
  endfacet
  facet normal 0.751724 0 0.659478
    outer loop
      vertex 23.8787 2.39999 28.2787
      vertex 23.6199 0 28.5737
      vertex 23.8787 0 28.2787
    endloop
  endfacet
  facet normal 0.980815 -0 0.19494
    outer loop
      vertex 23.0257 0 30.0084
      vertex 23.1022 2.39999 29.6235
      vertex 23.0257 2.39999 30.0084
    endloop
  endfacet
  facet normal 0.980815 0 0.19494
    outer loop
      vertex 23.1022 2.39999 29.6235
      vertex 23.0257 0 30.0084
      vertex 23.1022 0 29.6235
    endloop
  endfacet
  facet normal 1 -0 0
    outer loop
      vertex 23 0 32.4
      vertex 23 2.39999 30.4
      vertex 23 2.39999 32.4
    endloop
  endfacet
  facet normal 1 0 0
    outer loop
      vertex 23 2.39999 30.4
      vertex 23 0 32.4
      vertex 23 0 30.4
    endloop
  endfacet
  facet normal -1 0 0
    outer loop
      vertex 29 0 30.4
      vertex 29 2.39999 32.4
      vertex 29 2.39999 30.4
    endloop
  endfacet
  facet normal -1 -0 0
    outer loop
      vertex 29 2.39999 32.4
      vertex 29 0 30.4
      vertex 29 0 32.4
    endloop
  endfacet
  facet normal -0.997853 -0.0654873 0
    outer loop
      vertex 29 22 0
      vertex 28.9743 22.3916 2.4
      vertex 28.9743 22.3916 0
    endloop
  endfacet
  facet normal -0.997853 -0.0654873 0
    outer loop
      vertex 28.9743 22.3916 2.4
      vertex 29 22 0
      vertex 29 22 2.4
    endloop
  endfacet
  facet normal 0.997853 0.0654873 0
    outer loop
      vertex 23.0257 21.6084 2.4
      vertex 23 22 0
      vertex 23 22 2.4
    endloop
  endfacet
  facet normal 0.997853 0.0654873 0
    outer loop
      vertex 23 22 0
      vertex 23.0257 21.6084 2.4
      vertex 23.0257 21.6084 0
    endloop
  endfacet
  facet normal 0.0654873 -0.997853 0
    outer loop
      vertex 25.6084 24.9743 0
      vertex 26 25 2.4
      vertex 25.6084 24.9743 2.4
    endloop
  endfacet
  facet normal 0.0654873 -0.997853 0
    outer loop
      vertex 26 25 2.4
      vertex 25.6084 24.9743 0
      vertex 26 25 0
    endloop
  endfacet
  facet normal -0.0654873 0.997853 0
    outer loop
      vertex 26.3916 19.0257 0
      vertex 26 19 2.4
      vertex 26.3916 19.0257 2.4
    endloop
  endfacet
  facet normal -0.0654873 0.997853 0
    outer loop
      vertex 26 19 2.4
      vertex 26.3916 19.0257 0
      vertex 26 19 0
    endloop
  endfacet
  facet normal 0.659478 0.751724 -0
    outer loop
      vertex 24.1737 19.6199 0
      vertex 23.8787 19.8787 2.4
      vertex 24.1737 19.6199 2.4
    endloop
  endfacet
  facet normal 0.659478 0.751724 0
    outer loop
      vertex 23.8787 19.8787 2.4
      vertex 24.1737 19.6199 0
      vertex 23.8787 19.8787 0
    endloop
  endfacet
  facet normal -0.659478 -0.751724 0
    outer loop
      vertex 27.8263 24.3801 0
      vertex 28.1213 24.1213 2.4
      vertex 27.8263 24.3801 2.4
    endloop
  endfacet
  facet normal -0.659478 -0.751724 -0
    outer loop
      vertex 28.1213 24.1213 2.4
      vertex 27.8263 24.3801 0
      vertex 28.1213 24.1213 0
    endloop
  endfacet
  facet normal 0.751724 -0.659478 0
    outer loop
      vertex 23.6199 23.8263 2.4
      vertex 23.8787 24.1213 0
      vertex 23.8787 24.1213 2.4
    endloop
  endfacet
  facet normal 0.751724 -0.659478 0
    outer loop
      vertex 23.8787 24.1213 0
      vertex 23.6199 23.8263 2.4
      vertex 23.6199 23.8263 0
    endloop
  endfacet
  facet normal 0.442211 -0.896911 0
    outer loop
      vertex 24.5 24.5981 0
      vertex 24.8519 24.7716 2.4
      vertex 24.5 24.5981 2.4
    endloop
  endfacet
  facet normal 0.442211 -0.896911 0
    outer loop
      vertex 24.8519 24.7716 2.4
      vertex 24.5 24.5981 0
      vertex 24.8519 24.7716 0
    endloop
  endfacet
  facet normal -0.751724 0.659478 0
    outer loop
      vertex 28.1213 19.8787 0
      vertex 28.3801 20.1737 2.4
      vertex 28.3801 20.1737 0
    endloop
  endfacet
  facet normal -0.751724 0.659478 0
    outer loop
      vertex 28.3801 20.1737 2.4
      vertex 28.1213 19.8787 0
      vertex 28.1213 19.8787 2.4
    endloop
  endfacet
  facet normal 0.896911 0.442211 0
    outer loop
      vertex 23.4019 20.5 2.4
      vertex 23.2284 20.8519 0
      vertex 23.2284 20.8519 2.4
    endloop
  endfacet
  facet normal 0.896911 0.442211 0
    outer loop
      vertex 23.2284 20.8519 0
      vertex 23.4019 20.5 2.4
      vertex 23.4019 20.5 0
    endloop
  endfacet
  facet normal -0.896961 -0.44211 0
    outer loop
      vertex 28.7716 23.148 0
      vertex 28.5981 23.5 2.4
      vertex 28.5981 23.5 0
    endloop
  endfacet
  facet normal -0.896961 -0.44211 0
    outer loop
      vertex 28.5981 23.5 2.4
      vertex 28.7716 23.148 0
      vertex 28.7716 23.148 2.4
    endloop
  endfacet
  facet normal -0.980815 -0.19494 0
    outer loop
      vertex 28.9743 22.3916 0
      vertex 28.8978 22.7765 2.4
      vertex 28.8978 22.7765 0
    endloop
  endfacet
  facet normal -0.980815 -0.19494 0
    outer loop
      vertex 28.8978 22.7765 2.4
      vertex 28.9743 22.3916 0
      vertex 28.9743 22.3916 2.4
    endloop
  endfacet
  facet normal -0.321651 -0.946858 0
    outer loop
      vertex 26.7765 24.8978 0
      vertex 27.148 24.7716 2.4
      vertex 26.7765 24.8978 2.4
    endloop
  endfacet
  facet normal -0.321651 -0.946858 -0
    outer loop
      vertex 27.148 24.7716 2.4
      vertex 26.7765 24.8978 0
      vertex 27.148 24.7716 0
    endloop
  endfacet
  facet normal -0.555523 -0.831501 0
    outer loop
      vertex 27.5 24.5981 0
      vertex 27.8263 24.3801 2.4
      vertex 27.5 24.5981 2.4
    endloop
  endfacet
  facet normal -0.555523 -0.831501 -0
    outer loop
      vertex 27.8263 24.3801 2.4
      vertex 27.5 24.5981 0
      vertex 27.8263 24.3801 0
    endloop
  endfacet
  facet normal 0.946858 -0.321651 0
    outer loop
      vertex 23.1022 22.7765 2.4
      vertex 23.2284 23.148 0
      vertex 23.2284 23.148 2.4
    endloop
  endfacet
  facet normal 0.946858 -0.321651 0
    outer loop
      vertex 23.2284 23.148 0
      vertex 23.1022 22.7765 2.4
      vertex 23.1022 22.7765 0
    endloop
  endfacet
  facet normal 0.831501 -0.555523 0
    outer loop
      vertex 23.4019 23.5 2.4
      vertex 23.6199 23.8263 0
      vertex 23.6199 23.8263 2.4
    endloop
  endfacet
  facet normal 0.831501 -0.555523 0
    outer loop
      vertex 23.6199 23.8263 0
      vertex 23.4019 23.5 2.4
      vertex 23.4019 23.5 0
    endloop
  endfacet
  facet normal 0.980815 -0.19494 0
    outer loop
      vertex 23.0257 22.3916 2.4
      vertex 23.1022 22.7765 0
      vertex 23.1022 22.7765 2.4
    endloop
  endfacet
  facet normal 0.980815 -0.19494 0
    outer loop
      vertex 23.1022 22.7765 0
      vertex 23.0257 22.3916 2.4
      vertex 23.0257 22.3916 0
    endloop
  endfacet
  facet normal 0.19494 -0.980815 0
    outer loop
      vertex 25.2235 24.8978 0
      vertex 25.6084 24.9743 2.4
      vertex 25.2235 24.8978 2.4
    endloop
  endfacet
  facet normal 0.19494 -0.980815 0
    outer loop
      vertex 25.6084 24.9743 2.4
      vertex 25.2235 24.8978 0
      vertex 25.6084 24.9743 0
    endloop
  endfacet
  facet normal -0.19494 0.980815 0
    outer loop
      vertex 26.7765 19.1022 0
      vertex 26.3916 19.0257 2.4
      vertex 26.7765 19.1022 2.4
    endloop
  endfacet
  facet normal -0.19494 0.980815 0
    outer loop
      vertex 26.3916 19.0257 2.4
      vertex 26.7765 19.1022 0
      vertex 26.3916 19.0257 0
    endloop
  endfacet
  facet normal 0.321574 0.946885 -0
    outer loop
      vertex 25.2235 19.1022 0
      vertex 24.8519 19.2284 2.4
      vertex 25.2235 19.1022 2.4
    endloop
  endfacet
  facet normal 0.321574 0.946885 0
    outer loop
      vertex 24.8519 19.2284 2.4
      vertex 25.2235 19.1022 0
      vertex 24.8519 19.2284 0
    endloop
  endfacet
  facet normal 0.555523 0.831501 -0
    outer loop
      vertex 24.5 19.4019 0
      vertex 24.1737 19.6199 2.4
      vertex 24.5 19.4019 2.4
    endloop
  endfacet
  facet normal 0.555523 0.831501 0
    outer loop
      vertex 24.1737 19.6199 2.4
      vertex 24.5 19.4019 0
      vertex 24.1737 19.6199 0
    endloop
  endfacet
  facet normal 0.19494 0.980815 -0
    outer loop
      vertex 25.6084 19.0257 0
      vertex 25.2235 19.1022 2.4
      vertex 25.6084 19.0257 2.4
    endloop
  endfacet
  facet normal 0.19494 0.980815 0
    outer loop
      vertex 25.2235 19.1022 2.4
      vertex 25.6084 19.0257 0
      vertex 25.2235 19.1022 0
    endloop
  endfacet
  facet normal 0.980815 0.19494 0
    outer loop
      vertex 23.1022 21.2235 2.4
      vertex 23.0257 21.6084 0
      vertex 23.0257 21.6084 2.4
    endloop
  endfacet
  facet normal 0.980815 0.19494 0
    outer loop
      vertex 23.0257 21.6084 0
      vertex 23.1022 21.2235 2.4
      vertex 23.1022 21.2235 0
    endloop
  endfacet
  facet normal -0.946858 -0.321651 0
    outer loop
      vertex 28.8978 22.7765 0
      vertex 28.7716 23.148 2.4
      vertex 28.7716 23.148 0
    endloop
  endfacet
  facet normal -0.946858 -0.321651 0
    outer loop
      vertex 28.7716 23.148 2.4
      vertex 28.8978 22.7765 0
      vertex 28.8978 22.7765 2.4
    endloop
  endfacet
  facet normal -0.751724 -0.659478 0
    outer loop
      vertex 28.3801 23.8263 0
      vertex 28.1213 24.1213 2.4
      vertex 28.1213 24.1213 0
    endloop
  endfacet
  facet normal -0.751724 -0.659478 0
    outer loop
      vertex 28.1213 24.1213 2.4
      vertex 28.3801 23.8263 0
      vertex 28.3801 23.8263 2.4
    endloop
  endfacet
  facet normal -0.831501 -0.555523 0
    outer loop
      vertex 28.5981 23.5 0
      vertex 28.3801 23.8263 2.4
      vertex 28.3801 23.8263 0
    endloop
  endfacet
  facet normal -0.831501 -0.555523 0
    outer loop
      vertex 28.3801 23.8263 2.4
      vertex 28.5981 23.5 0
      vertex 28.5981 23.5 2.4
    endloop
  endfacet
  facet normal -0.19494 -0.980815 0
    outer loop
      vertex 26.3916 24.9743 0
      vertex 26.7765 24.8978 2.4
      vertex 26.3916 24.9743 2.4
    endloop
  endfacet
  facet normal -0.19494 -0.980815 -0
    outer loop
      vertex 26.7765 24.8978 2.4
      vertex 26.3916 24.9743 0
      vertex 26.7765 24.8978 0
    endloop
  endfacet
  facet normal -0.0654873 -0.997853 0
    outer loop
      vertex 26 25 0
      vertex 26.3916 24.9743 2.4
      vertex 26 25 2.4
    endloop
  endfacet
  facet normal -0.0654873 -0.997853 -0
    outer loop
      vertex 26.3916 24.9743 2.4
      vertex 26 25 0
      vertex 26.3916 24.9743 0
    endloop
  endfacet
  facet normal -0.44211 -0.896961 0
    outer loop
      vertex 27.148 24.7716 0
      vertex 27.5 24.5981 2.4
      vertex 27.148 24.7716 2.4
    endloop
  endfacet
  facet normal -0.44211 -0.896961 -0
    outer loop
      vertex 27.5 24.5981 2.4
      vertex 27.148 24.7716 0
      vertex 27.5 24.5981 0
    endloop
  endfacet
  facet normal 0.896961 -0.44211 0
    outer loop
      vertex 23.2284 23.148 2.4
      vertex 23.4019 23.5 0
      vertex 23.4019 23.5 2.4
    endloop
  endfacet
  facet normal 0.896961 -0.44211 0
    outer loop
      vertex 23.4019 23.5 0
      vertex 23.2284 23.148 2.4
      vertex 23.2284 23.148 0
    endloop
  endfacet
  facet normal 0.997853 -0.0654873 0
    outer loop
      vertex 23 22 2.4
      vertex 23.0257 22.3916 0
      vertex 23.0257 22.3916 2.4
    endloop
  endfacet
  facet normal 0.997853 -0.0654873 0
    outer loop
      vertex 23.0257 22.3916 0
      vertex 23 22 2.4
      vertex 23 22 0
    endloop
  endfacet
  facet normal 0.555523 -0.831501 0
    outer loop
      vertex 24.1737 24.3801 0
      vertex 24.5 24.5981 2.4
      vertex 24.1737 24.3801 2.4
    endloop
  endfacet
  facet normal 0.555523 -0.831501 0
    outer loop
      vertex 24.5 24.5981 2.4
      vertex 24.1737 24.3801 0
      vertex 24.5 24.5981 0
    endloop
  endfacet
  facet normal 0.659478 -0.751724 0
    outer loop
      vertex 23.8787 24.1213 0
      vertex 24.1737 24.3801 2.4
      vertex 23.8787 24.1213 2.4
    endloop
  endfacet
  facet normal 0.659478 -0.751724 0
    outer loop
      vertex 24.1737 24.3801 2.4
      vertex 23.8787 24.1213 0
      vertex 24.1737 24.3801 0
    endloop
  endfacet
  facet normal 0.321574 -0.946885 0
    outer loop
      vertex 24.8519 24.7716 0
      vertex 25.2235 24.8978 2.4
      vertex 24.8519 24.7716 2.4
    endloop
  endfacet
  facet normal 0.321574 -0.946885 0
    outer loop
      vertex 25.2235 24.8978 2.4
      vertex 24.8519 24.7716 0
      vertex 25.2235 24.8978 0
    endloop
  endfacet
  facet normal -0.997853 0.0654873 0
    outer loop
      vertex 28.9743 21.6084 0
      vertex 29 22 2.4
      vertex 29 22 0
    endloop
  endfacet
  facet normal -0.997853 0.0654873 0
    outer loop
      vertex 29 22 2.4
      vertex 28.9743 21.6084 0
      vertex 28.9743 21.6084 2.4
    endloop
  endfacet
  facet normal -0.321651 0.946858 0
    outer loop
      vertex 27.148 19.2284 0
      vertex 26.7765 19.1022 2.4
      vertex 27.148 19.2284 2.4
    endloop
  endfacet
  facet normal -0.321651 0.946858 0
    outer loop
      vertex 26.7765 19.1022 2.4
      vertex 27.148 19.2284 0
      vertex 26.7765 19.1022 0
    endloop
  endfacet
  facet normal -0.555523 0.831501 0
    outer loop
      vertex 27.8263 19.6199 0
      vertex 27.5 19.4019 2.4
      vertex 27.8263 19.6199 2.4
    endloop
  endfacet
  facet normal -0.555523 0.831501 0
    outer loop
      vertex 27.5 19.4019 2.4
      vertex 27.8263 19.6199 0
      vertex 27.5 19.4019 0
    endloop
  endfacet
  facet normal -0.831501 0.555523 0
    outer loop
      vertex 28.3801 20.1737 0
      vertex 28.5981 20.5 2.4
      vertex 28.5981 20.5 0
    endloop
  endfacet
  facet normal -0.831501 0.555523 0
    outer loop
      vertex 28.5981 20.5 2.4
      vertex 28.3801 20.1737 0
      vertex 28.3801 20.1737 2.4
    endloop
  endfacet
  facet normal -0.980815 0.19494 0
    outer loop
      vertex 28.8978 21.2235 0
      vertex 28.9743 21.6084 2.4
      vertex 28.9743 21.6084 0
    endloop
  endfacet
  facet normal -0.980815 0.19494 0
    outer loop
      vertex 28.9743 21.6084 2.4
      vertex 28.8978 21.2235 0
      vertex 28.8978 21.2235 2.4
    endloop
  endfacet
  facet normal 0.442211 0.896911 -0
    outer loop
      vertex 24.8519 19.2284 0
      vertex 24.5 19.4019 2.4
      vertex 24.8519 19.2284 2.4
    endloop
  endfacet
  facet normal 0.442211 0.896911 0
    outer loop
      vertex 24.5 19.4019 2.4
      vertex 24.8519 19.2284 0
      vertex 24.5 19.4019 0
    endloop
  endfacet
  facet normal 0.0654873 0.997853 -0
    outer loop
      vertex 26 19 0
      vertex 25.6084 19.0257 2.4
      vertex 26 19 2.4
    endloop
  endfacet
  facet normal 0.0654873 0.997853 0
    outer loop
      vertex 25.6084 19.0257 2.4
      vertex 26 19 0
      vertex 25.6084 19.0257 0
    endloop
  endfacet
  facet normal 0.831501 0.555523 0
    outer loop
      vertex 23.6199 20.1737 2.4
      vertex 23.4019 20.5 0
      vertex 23.4019 20.5 2.4
    endloop
  endfacet
  facet normal 0.831501 0.555523 0
    outer loop
      vertex 23.4019 20.5 0
      vertex 23.6199 20.1737 2.4
      vertex 23.6199 20.1737 0
    endloop
  endfacet
  facet normal 0.946885 0.321574 0
    outer loop
      vertex 23.2284 20.8519 2.4
      vertex 23.1022 21.2235 0
      vertex 23.1022 21.2235 2.4
    endloop
  endfacet
  facet normal 0.946885 0.321574 0
    outer loop
      vertex 23.1022 21.2235 0
      vertex 23.2284 20.8519 2.4
      vertex 23.2284 20.8519 0
    endloop
  endfacet
  facet normal -0.44211 0.896961 0
    outer loop
      vertex 27.5 19.4019 0
      vertex 27.148 19.2284 2.4
      vertex 27.5 19.4019 2.4
    endloop
  endfacet
  facet normal -0.44211 0.896961 0
    outer loop
      vertex 27.148 19.2284 2.4
      vertex 27.5 19.4019 0
      vertex 27.148 19.2284 0
    endloop
  endfacet
  facet normal -0.659478 0.751724 0
    outer loop
      vertex 28.1213 19.8787 0
      vertex 27.8263 19.6199 2.4
      vertex 28.1213 19.8787 2.4
    endloop
  endfacet
  facet normal -0.659478 0.751724 0
    outer loop
      vertex 27.8263 19.6199 2.4
      vertex 28.1213 19.8787 0
      vertex 27.8263 19.6199 0
    endloop
  endfacet
  facet normal -0.896911 0.442211 0
    outer loop
      vertex 28.5981 20.5 0
      vertex 28.7716 20.8519 2.4
      vertex 28.7716 20.8519 0
    endloop
  endfacet
  facet normal -0.896911 0.442211 0
    outer loop
      vertex 28.7716 20.8519 2.4
      vertex 28.5981 20.5 0
      vertex 28.5981 20.5 2.4
    endloop
  endfacet
  facet normal 0.751724 0.659478 0
    outer loop
      vertex 23.8787 19.8787 2.4
      vertex 23.6199 20.1737 0
      vertex 23.6199 20.1737 2.4
    endloop
  endfacet
  facet normal 0.751724 0.659478 0
    outer loop
      vertex 23.6199 20.1737 0
      vertex 23.8787 19.8787 2.4
      vertex 23.8787 19.8787 0
    endloop
  endfacet
  facet normal -0.946885 0.321574 0
    outer loop
      vertex 28.7716 20.8519 0
      vertex 28.8978 21.2235 2.4
      vertex 28.8978 21.2235 0
    endloop
  endfacet
  facet normal -0.946885 0.321574 0
    outer loop
      vertex 28.8978 21.2235 2.4
      vertex 28.7716 20.8519 0
      vertex 28.7716 20.8519 2.4
    endloop
  endfacet
endsolid OpenSCAD_Model
